# callgrind format
version: 1
creator: callgrind-3.22.0
pid: 222689
cmd:  target/release/deps/kats-820dfbbc12d55fb8 test_kat --nocapture
part: 1


desc: I1 cache: 
desc: D1 cache: 
desc: LL cache: 

desc: Timerange: Basic block 0 - 3247618526
desc: Trigger: Program termination

positions: instr line
events: Ir
summary: 17095593087


ob=(3) ???
fl=(153) ???
fn=(706) 0x00000000048b76b0
0x48b76b0 0 468
+4 0 468
cob=(2) /usr/lib/x86_64-linux-gnu/libc.so.6
cfi=(214) ./string/../sysdeps/x86_64/multiarch/memmove-vec-unaligned-erms.S
cfn=(708) __memcpy_avx_unaligned_erms
calls=468 0x188a80 255 
* 0 104674

fn=(3266) 0x000000000483d030
0x483d030 0 1
+4 0 1
cob=(2)
cfi=(520) ./stdlib/./stdlib/cxa_finalize.c
cfn=(3242) __cxa_finalize
calls=1 0x472c0 30 
* 0 78

fn=(3306) 0x0000000004888748
0x4888748 0 1
+4 0 1
+4 0 1
+4 0 1

fn=(2008) 0x00000000048b74e0
0x48b74e0 0 4
+4 0 4
cob=(1) /usr/lib/x86_64-linux-gnu/ld-linux-x86-64.so.2
cfi=(385) ./elf/./elf/dl-open.c
cfn=(2010) _dl_find_dso_for_object
calls=4 0xcfe0 214 
* 0 124

fn=(542) 0x00000000003a2938
0x3a2938 0 1
+4 0 1
+4 0 1
+7 0 1
+3 0 1
jcnd=1/1 +4 0 
* 0 
+4 0 1
+4 0 1

fn=(772) 0x00000000048b7450
0x48b7450 0 5
+4 0 5
cob=(2)
cfi=(194) ./malloc/./malloc/malloc.c
cfn=(774) calloc
calls=5 0xae7c0 3699 
* 0 1155

fn=(2052) 0x00000000048b7700
0x48b7700 0 1
+4 0 1
cob=(1)
cfi=(46) ./elf/../elf/dl-tls.c
cfn=(2054) _dl_allocate_tls
calls=1 0x14570 626 
* 0 666

fn=(3276) 0x000000000483d294
0x483d294 0 1
+4 0 1
+4 0 1
+4 0 1

fn=(476) 0x00000000048b7720
0x48b7720 0 21
+4 0 21
cob=(1)
cfi=(11) ./elf/./elf/dl-tunables.c
cfn=(28) __tunable_get_val
calls=21 0x15c10 387 
* 0 493

fn=(514) 0x00000000048b7660
0x48b7660 0 1
+4 0 1
cob=(2)
cfi=(159) ./string/../sysdeps/x86_64/multiarch/strrchr-avx2.S
cfn=(516) __strrchr_avx2
calls=1 0x18d670 53 
* 0 29

fn=(520) 0x0000000004865000
0x4865000 0 1
+4 0 1
+4 0 1
+7 0 1
+3 0 1
jcnd=1/1 +4 0 
* 0 
+4 0 1
+4 0 1

fn=(2192) 0x00000000048b7590
0x48b7590 0 2
+4 0 2
cob=(2)
cfi=(206) ./string/../sysdeps/x86_64/multiarch/strchr-avx2.S
cfn=(2194) __strchrnul_avx2
calls=2 0x18ae20 53 
* 0 38

fn=(554) 0x00000000048b77b0
0x48b77b0 0 1
+4 0 1
cob=(1)
cfi=(48) ./elf/./elf/dl-audit.c
cfn=(556) _dl_audit_preinit
calls=1 0x1ada0 118 
* 0 5

fn=(698) 0x00000000048b7410
0x48b7410 0 5
+4 0 5
cob=(2)
cfi=(194)
cfn=(700) realloc
calls=5 0xae0c0 3407 
* 0 1282

fn=(694) 0x00000000048b7480
0x48b7480 0 48
+4 0 48
cob=(2)
cfi=(213) ./string/../sysdeps/x86_64/multiarch/memchr-avx2.S
cfn=(696) __memchr_avx2
calls=48 0x188080 61 
* 0 1784

fn=(720) 0x00000000048b7500
0x48b7500 0 52
+4 0 52
cob=(2)
cfi=(218) ./string/../sysdeps/x86_64/multiarch/strlen-avx2.S
cfn=(722) __strlen_avx2
calls=52 0x18b7c0 52 
* 0 1492

fn=(500) 0x000000000483d000
0x483d000 0 1
+4 0 1
+4 0 1
+7 0 1
+3 0 1
jcnd=1/1 +4 0 
* 0 
+4 0 1
+4 0 1

fn=(618) 0x00000000048b73f0
0x48b73f0 0 3
+4 0 3
cob=(2)
cfi=(194)
cfn=(620) malloc
calls=3 0xad670 3294 
* 0 2187

fn=(664) 0x00000000048b7680
0x48b7680 0 1
+4 0 1
cob=(2)
cfi=(206)
cfn=(666) __strchr_avx2
calls=1 0x18abe0 53 
* 0 21

fn=(736) 0x00000000048b73e0
0x48b73e0 0 14
+4 0 14
cob=(2)
cfi=(194)
cfn=(738) free
calls=14 0xadd50 3359 
* 0 1146

fn=(764) 0x00000000048b7740
0x48b7740 0 308
+4 0 308
cob=(2)
cfi=(227) ./string/../sysdeps/x86_64/multiarch/memset-vec-unaligned-erms.S
cfn=(766) __memset_avx2_unaligned_erms
calls=308 0x189480 158 
* 0 916553

fn=(3296) 0x00000000048653c0
0x48653c0 0 1
+4 0 1
cob=(2)
cfi=(520)
cfn=(3242)
calls=1 0x472c0 30 
* 0 78

fn=(1214) 0x00000000048b7600
0x48b7600 0 4
+4 0 4
cob=(2)
cfi=(303) ./string/../sysdeps/x86_64/multiarch/strcmp-avx2.S
cfn=(1216) __strncmp_avx2
calls=4 0x18c8a0 206 
* 0 103

fn=(3256) 0x00000000003a2954
0x3a2954 0 1
+4 0 1
+4 0 1
+4 0 1

ob=(2)
fl=(133) ./string/../sysdeps/x86_64/multiarch/memmove.c
fn=(414) memmove
0xb1fe0 29 2
fi=(99) ./string/../sysdeps/x86_64/multiarch/ifunc-memmove.h
+4 +28 2
+7 * 2
+7 * 2
+6 -1 2
+3 * 2
+2 +4 2
+6 * 2
+6 * 2
+2 +14 2
+3 * 2
+2 +3 2
+2 * 2
+6 +8 2
+6 * 2
jcnd=2/2 +34 +8 
* * 
+34 +8 2
+3 * 2
jcnd=2/2 0xb20d8 +3 
* * 
0xb20d8 +3 2
+6 * 2
+7 * 2
+7 * 2
+4 * 2
fe=(133)

fl=(117) ./string/../sysdeps/x86_64/multiarch/strcat.c
fn=(362) strcat
0xb3040 29 1
fi=(118) ./string/../sysdeps/x86_64/multiarch/ifunc-strcpy.h
+4 +9 1
+7 * 1
+6 +1 1
+6 -1 1
+3 * 1
+2 +1 1
+3 * 1
+2 +3 1
+2 * 1
+2 +4 1
+7 * 1
+3 * 1
+2 +3 1
+7 * 1
+3 * 1
jfi=(117)
jcnd=1/1 +26 -20 
* * 
fe=(117)
+26 -20 1

fl=(158) ./misc/./misc/init-misc.c
fn=(512) __init_misc
0x129920 30 1
+4 +1 1
+3 * 1
+2 -1 1
+1 * 1
+3 * 1
+2 * 1
+1 +1 1
+3 * 1
+3 * 1
+3 * 1
+2 +2 1
+3 * 1
+5 * 1
cob=(3)
cfi=(153)
cfn=(514)
calls=1 0x48b7660 -33 
* * 31
+5 +4 1
+4 * 1
+3 * 1
+7 * 1
+4 * 1
+3 +1 1
+7 * 1
+3 * 1
+3 +2 1
+1 * 1
+2 * 1
+1 * 1

fl=(310) ./io/../sysdeps/unix/sysv/linux/statx.c
fn=(1284) statx
0x11bf40 27 20
+4 * 20
+3 +1 20
+5 * 20
+2 * 20
+6 * 20
jcnd=5/20 +44 * 
* * 
+2 * 15
+2 +4 15
+2 * 15
jcnd=15/15 +17 +6 
* * 
+12 * 5
+3 * 5
+2 +6 20
+2 * 20
+19 -10 5
+7 * 5
+2 * 5
+3 * 5
+5 * 5
jump=5 -43 +4 
* * 

fl=(501) ./resolv/./resolv/resolv_context.c
fn=(2890) __resolv_context_freeres
0x14f200 242 1
+4 * 1
+1 * 1
+3 * 1
+2 * 1
+2 * 1
+2 * 1
+2 * 1
+1 * 1
+4 +2 1
+7 * 1
+5 +1 1
+9 +1 1
+3 * 1
jcnd=1/1 +58 +6 
* * 
+58 +6 1
+4 * 1
+1 * 1
+2 * 1
+2 * 1
+2 * 1
+2 * 1
+1 * 1

fl=(123) ./wcsmbs/../sysdeps/x86_64/multiarch/wmemset.c
fn=(378) wmemset
0xd8fe0 31 2
fi=(124) ./wcsmbs/../sysdeps/x86_64/multiarch/ifunc-wmemset.h
+4 +5 2
+7 * 2
+7 * 2
+6 * 2
+3 * 2
+2 +1 2
+6 * 2
+3 * 2
jfi=(123)
jcnd=2/2 +39 -6 
* * 
fe=(123)
+39 -6 2

fl=(132) ./string/../sysdeps/x86_64/multiarch/stpcpy.c
fn=(410) stpcpy
0xb2460 33 1
fi=(118)
+4 +5 1
+7 * 1
+6 +1 1
+6 -1 1
+3 * 1
+2 +1 1
+3 * 1
+2 +3 1
+2 * 1
+2 +4 1
+7 * 1
+3 * 1
+2 +3 1
+7 * 1
+3 * 1
jfi=(132)
jcnd=1/1 +26 -16 
* * 
fe=(132)
+26 -16 1

fl=(184) ./posix/../sysdeps/unix/sysv/linux/x86/sysconf.c
fn=(598) sysconf
0x110050 32 1
+4 * 1
+1 * 1
+3 * 1
+2 * 1
+2 * 1
+2 * 1
+1 * 1
+2 * 1
+4 * 1
+9 * 1
+4 * 1
+2 +1 1
+6 * 1
+3 * 1
fi=(185) ./posix/../sysdeps/unix/sysv/linux/x86/../sysconf.c
+6 +16 1
+6 * 1
+2 * 1
+6 * 1
+6 * 1
+3 * 1
+6 * 1
+3 * 1
+6 * 1
+2 * 1
jfi=(186) ./posix/../sysdeps/posix/sysconf.c
jcnd=1/1 0x110300 +11 
* * 
fe=(184)
+37 -12 1
+4 * 1
+9 * 1
+6 * 1
+4 * 1
+1 * 1
+2 * 1
+2 * 1
+2 * 1
+1 * 1
fi=(186)
0x11022b +23 1
+3 * 1
+6 * 1
+7 * 1
+4 * 1
+3 * 1
jump=1 0x11055c 221 
* * 
0x110300 * 1
+3 * 1
+2 * 1
+3 * 1
jcnd=1/1 0x1105f9 * 
* * 
+53 * 1
+2 * 1
jcnd=1/1 0x11022b * 
* * 
0x11055c 221 1
cfi=(187) ./misc/../sysdeps/unix/sysv/linux/getpagesize.c
cfn=(604) getpagesize
calls=1 0x11f670 27 
* * 6
+5 * 1
+2 * 1
jfi=(184)
jump=1 0x1100d0 37 
* * 
0x1105f9 60 1
+3 * 1
jcnd=1/1 0x11033d * 
* * 
fe=(184)

fl=(203) ./nptl/./nptl/libc-cleanup.c
fn=(652) __libc_cleanup_push_defer
0x98e10 24 48
+4 +1 48
+9 +2 48
+9 * 48
+4 +2 48
+7 * 48
+6 +3 48
+2 * 48
+2 +14 48
+2 * 48
+3 * 48
+3 +2 48
+9 +1 48

fn=(654) __libc_cleanup_pop_restore
0x98e60 54 48
+4 +1 48
+9 +2 48
+4 * 48
+9 +2 48
+6 +1 48
+3 * 48
+2 * 48
jcnd=48/48 +32 +11 
* * 
+32 +11 48

fl=(214)
fn=(708)
0x188a80 255 56152
+4 +1 56152
+3 +6 56152
+4 +1 56152
jcnd=4281/56152 +37 +42 
* * 
+2 +2 51871
+4 +1 51871
+4 +1 51871
jcnd=49404/51871 0x188b40 386 
* * 
+6 +3 2467
+6 +1 2467
+4 +1 2467
+6 +3 2467
+3 * 2467
+2 +30 4281
+3 +1 4281
jcnd=854/4281 +47 +36 
* * 
+2 +2 3427
+3 +1 3427
jcnd=92/3427 +72 +55 
* * 
+2 +2 3335
+3 +4 3335
jcnd=315/3335 +24 +16 
* * 
+2 +1 3020
+3 +1 3020
jcnd=173/3020 +18 +8 
* * 
+2 +1 2847
+2 +1 2847
jcnd=1827/2847 +12 +4 
* * 
+2 +1 1020
+5 +1 1020
+5 +2 1020
+2 +2 1020
-2 -2 1827
+2 +2 1827
* * 173
+1 +6 315
+4 +1 315
+2 +1 315
+4 +1 315
+2 +1 315
+1 +7 854
+4 +1 854
+6 +1 854
+4 +1 854
+6 +2 854
+10 +17 92
+5 +1 92
+3 +1 92
+3 +1 92
+5 +1 92
+1 +7 1346
+6 +1 1346
+6 +1 1346
+4 +1 1346
+5 +1 1346
+6 +1 1346
+6 +1 1346
+3 * 1346
+11 +5 49404
+7 +1 49404
+6 +5 49404
+7 +1 49404
jcnd=3511/49404 +97 +24 
* * 
+2 +2 45893
+5 +1 45893
+7 +1 45893
jcnd=1346/45893 -81 -22 
* * 
+2 +2 44547
+5 +1 44547
+5 +1 44547
+6 +1 44547
+6 +1 44547
+6 +1 44547
+6 +1 44547
+4 +1 44547
+5 +1 44547
+5 +1 44547
+5 +1 44547
+6 +1 44547
+6 +1 44547
+6 +1 44547
+6 +1 44547
+3 * 44547
+1 +4 3511
+3 +1 3511
+3 +4 3511
+3 +2 3511
+6 +4 3511
+7 +1 3511
+6 +11 3511
+4 +3 3511
+3 +2 3511
+4 +2 3511
+6 +4 3511
+3 +1 3511
jcnd=189/3511 0x188c75 +66 
* * 
+6 +9 3322
+6 +1 3322
+6 +2 3322
+3 +2 3322
+4 +1 3322
+6 +1 3322
+6 +3 3322
+3 +2 3322
+3 +2 3322
+3 +2 3322
+5 * 3322
+8 +6 3322
+4 +1 3322
+5 +1 3322
+5 +1 3322
+5 +1 3322
+4 +1 3322
+4 +1 3322
+5 +1 3322
+5 +1 3322
+5 +1 3322
+4 +1 3322
+3 +1 3322
jcnd=3121/3322 -49 -11 
* * 
-49 -11 26696
+4 +1 26696
+5 +1 26696
+5 +1 26696
+5 +1 26696
+4 +1 26696
+4 +1 26696
+5 +1 26696
+5 +1 26696
+5 +1 26696
+4 +1 26696
+3 +1 26696
jcnd=23575/26696 -49 -11 
* * 
+2 +2 3322
+5 +1 3322
+5 +1 3322
+5 +1 3322
+4 +2 3322
+4 +4 3322
+3 * 3322
+8 +13 189
+5 +1 189
+5 +2 189
+8 +1 189
+5 +1 189
+6 +2 189
+3 +2 189
+4 +2 189
+3 * 189
+4 +6 189
+5 +1 189
+5 +1 189
+5 +1 189
+4 +1 189
+4 +1 189
+5 +1 189
+5 +1 189
+5 +1 189
+4 +1 189
+4 +1 189
+3 +1 189
jcnd=189/189 -49 -11 
* * 
-49 -11 2650
+5 +1 2650
+5 +1 2650
+5 +1 2650
+4 +1 2650
+4 +1 2650
+5 +1 2650
+5 +1 2650
+5 +1 2650
+4 +1 2650
+4 +1 2650
+3 +1 2650
jcnd=2461/2650 -49 -11 
* * 
+2 +2 189
+4 +1 189
+5 +1 189
+5 +1 189
+5 +2 189
+6 +1 189
+3 * 189

fl=(95) ./string/../sysdeps/x86_64/multiarch/memrchr.c
fn=(312) memrchr
0xb2220 29 1
fi=(84) ./string/../sysdeps/x86_64/multiarch/ifunc-avx2.h
+4 +11 1
+7 * 1
+7 * 1
+6 -2 1
+2 * 1
+2 * 1
+6 * 1
jcnd=1/1 +14 +3 
* * 
fe=(95)
+2 -9 1
+3 * 1
fi=(84)
+9 +12 1
+7 * 1
+2 +1 1
+6 * 1
+3 * 1
+2 +3 1
+2 * 1
+2 +4 1
+7 * 1
+3 * 1
+2 +3 1
+3 * 1
+7 * 1
+7 * 1
+4 * 1
jfi=(95)
jump=1 -69 -23 
* * 
fe=(95)

fl=(197) ./malloc/./malloc/morecore.c
fn=(634) __glibc_morecore
0xaaa10 25 2
+4 +1 2
+7 * 2
+2 -1 2
+1 * 2
+3 +4 2
cfi=(198) ./misc/./misc/sbrk.c
cfn=(636) sbrk
calls=2 0x126ae0 +8 
* * 77
+5 +1 2
+4 * 2
+2 +4 2
+1 * 2

fl=(215) ./stdio-common/./stdio-common/isoc23_sscanf.c
fn=(714) __isoc23_sscanf
0x5fb30 24 44
+4 * 44
+1 * 44
+3 * 44
+2 * 44
+3 * 44
+2 * 44
+3 * 44
+1 * 44
+7 * 44
+7 * 44
+7 * 44
+7 * 44
+7 * 44
+2 * 44
jfi=(216) ./stdio-common/../libio/strfile.h
jcnd=44/44 +40 +64 
* * 
fi=(216)
+40 +64 44
+3 * 44
+2 * 44
+5 * 44
fe=(215)
+5 -64 44
+9 * 44
+7 * 44
fi=(216)
+2 +64 44
+7 -1 44
+11 +1 44
+3 * 44
cfi=(201) ./libio/./libio/genops.c
cfn=(644) _IO_no_init
calls=44 0x95e60 563 
* * 2068
+5 +1 44
+7 +1 44
+2 * 44
+2 * 44
+3 * 44
+3 -1 44
+7 +1 44
cfi=(217) ./libio/./libio/strops.c
cfn=(718) _IO_str_init_static_internal
calls=44 0x972d0 -54 
* * 4504
fe=(215)
+5 -60 44
+4 +1 44
+3 * 44
+3 -1 44
+7 +1 44
+5 -1 44
+7 +1 44
+7 -1 44
+10 * 44
+10 * 44
+7 +1 44
cfi=(219) ./stdio-common/./stdio-common/vfscanf-internal.c
cfn=(724) __vfscanf_internal
calls=44 0x6b830 278 
* * 77930
+5 +5 44
+7 * 44
+9 * 44
+2 * 44
+7 * 44
+1 * 44
+2 * 44
+2 * 44
+1 * 44

fl=(131) ./debug/../sysdeps/x86_64/multiarch/memmove_chk.c
fn=(406) __memmove_chk
0x137510 29 1
fi=(93) ./debug/../sysdeps/x86_64/multiarch/ifunc-memmove.h
+4 +28 1
+7 * 1
+7 * 1
+6 -1 1
+3 * 1
+2 +4 1
+6 * 1
+6 * 1
+2 +14 1
+3 * 1
+2 +3 1
+2 * 1
+6 +8 1
+6 * 1
jcnd=1/1 +34 +8 
* * 
+34 +8 1
+3 * 1
jcnd=1/1 0x137608 +3 
* * 
0x137608 +3 1
+6 * 1
+7 * 1
+7 * 1
+4 * 1
fe=(131)

fl=(208) ./libio/./libio/iogetdelim.c
fn=(670) getdelim
0x86b40 41 44
+4 * 44
+1 * 44
+3 * 44
+2 * 44
+2 * 44
+2 * 44
+2 * 44
+1 * 44
+3 * 44
+4 +6 44
+3 -6 44
+4 * 44
+4 * 44
+3 +6 44
+7 * 44
jcnd=44/44 0x86d58 +1 
* * 
+91 +7 44
+5 * 44
+6 * 44
+5 * 44
+6 +8 44
+4 * 44
+4 * 44
jcnd=1/44 0x86d70 +2 
* * 
+6 * 43
+4 * 43
+4 * 43
+6 +12 44
+4 * 44
+4 * 44
+3 +1 44
+3 * 44
jcnd=1/44 0x86e08 +2 
* * 
+6 -34 44
+3 * 44
jump=44 0x86cb6 +48 
* * 
+15 +60 48
+4 +6 48
+4 -7 48
+4 * 48
+5 +1 48
+3 +6 48
+3 -6 48
+3 * 48
jcnd=47/48 +58 +16 
* * 
+2 +4 1
+3 * 1
+4 * 1
+3 * 1
+4 * 1
+3 +2 1
cob=(3)
cfi=(153)
cfn=(698)
calls=1 0x48b7410 0 
* * 374
+5 +1 1
+4 * 1
+3 -1 1
+3 +1 1
+6 +6 1
+4 * 1
+3 +1 1
+4 * 1
+3 +2 1
+4 * 1
fi=(524) ./libio/../string/bits/string_fortified.h
+3 -88 1
+3 * 1
+3 * 1
+4 * 1
cob=(3)
cfi=(153)
cfn=(706)
calls=1 0x48b76b0 -29 
* * 32
fe=(208)
-13 +88 47
fi=(524)
+3 -88 47
+3 * 47
+3 * 47
+4 * 47
cob=(3)
cfi=(153)
cfn=(706)
calls=47 0x48b76b0 -29 
* * 961
fe=(208)
+5 +91 48
+4 -2 48
+4 +2 48
+3 * 48
jcnd=44/48 0x86df0 +4 
* * 
+6 * 4
+3 * 4
cfi=(201)
cfn=(672) __underflow
calls=4 0x950b0 269 
* * 524
+5 * 4
+3 * 4
+6 +2 4
+4 * 4
+4 -3 4
+3 +3 4
+3 -33 4
+3 * 4
+3 * 4
+3 * 4
cob=(3)
cfi=(153)
cfn=(694)
calls=4 0x48b7480 -89 
* * 129
-9 * 44
+3 * 44
+3 * 44
+3 * 44
cob=(3)
cfi=(153)
cfn=(694)
calls=44 0x48b7480 -89 
* * 1751
+5 * 48
+3 +2 48
+3 * 48
+4 * 48
+3 * 48
+4 +1 48
+10 * 48
+3 * 48
+3 * 48
jcnd=48/48 0x86c20 +9 
* * 
fi=(211) ./libio/./libio/libioP.h
+37 979 44
+7 * 44
jfi=(208)
jcnd=44/44 +49 130 
* * 
fe=(208)
+49 130 44
+4 * 44
+3 * 44
+1 * 44
+2 * 44
+2 * 44
+2 * 44
+2 * 44
+1 * 44
+5 -82 44
+4 * 44
jcnd=44/44 0x86bc8 +6 
* * 
+20 +16 1
+4 +1 1
+5 -1 1
+7 +1 1
cob=(3)
cfi=(153)
cfn=(618)
calls=1 0x48b73f0 -65 
* * 192
+5 * 1
+4 * 1
+3 +1 1
+3 * 1
jcnd=1/1 0x86bfa +8 
* * 
+97 +58 44
+4 * 44
+3 * 44
fi=(211)
+5 979 44
+3 * 44
jump=44 0x86d0a * 
* * 
fe=(208)
+9 77 1
+3 * 1
cfi=(201)
cfn=(672)
calls=1 0x950b0 269 
* * 435
+5 * 1
+3 * 1
+6 +5 1
+4 * 1
+4 * 1
+3 * 1
jump=1 0x86c0e -41 
* * 

fl=(421) ./stdio-common/./stdio-common/Xprintf_buffer_write.c
fn=(2196) __printf_buffer_write
0x60d40 27 3
+4 +1 3
+3 * 3
+2 * 3
+6 -1 3
+1 * 3
+3 * 3
+2 * 3
+2 * 3
+2 * 3
+3 * 3
+1 +4 3
+3 * 3
jcnd=1/3 0x60de0 +13 
* * 
+2 * 2
+3 * 2
+3 +2 2
+4 * 2
jump=2 +44 * 
* * 
+4 +3 2
fi=(525) ./stdio-common/../string/bits/string_fortified.h
+3 -7 2
fe=(421)
+3 +8 2
+3 * 2
fi=(525)
+4 -8 2
fe=(421)
+3 +12 2
fi=(525)
+3 -12 2
cob=(3)
cfi=(153)
cfn=(706)
calls=2 0x48b76b0 -29 
* * 30
fe=(421)
+5 +11 2
+4 * 2
+3 * 2
+4 -9 2
+3 * 2
jcnd=2/2 +74 +13 
* * 
+2 +2 2
+4 * 2
+3 * 2
jcnd=2/2 -47 +3 
* * 
+65 +11 3
+1 * 3
+2 * 3
+2 * 3
+2 * 3
+1 * 3

fl=(388) ./dlfcn/./dlfcn/dlsym.c
fn=(2032) dlsym_doit
0x98290 37 1
+4 * 1
+1 * 1
+3 * 1
+1 * 1
+3 * 1
+4 +3 1
+4 * 1
+4 * 1
+3 * 1
cfi=(390) ./elf/./elf/dl-sym.c
cfn=(2034) _dl_sym
calls=1 0x185110 194 
* * 785
+5 * 1
+4 +1 1
+4 * 1
+1 * 1

fn=(2028) dlsym@@GLIBC_2.34
0x982c0 64 1
+4 * 1
+1 * 1
+3 * 1
+2 * 1
+1 * 1
+4 +1 1
+9 * 1
+4 * 1
+7 * 1
+7 * 1
+3 * 1
jcnd=1/1 +35 -13 
* * 
+35 -13 1
+7 +16 1
+4 -20 1
+4 +1 1
+4 +3 1
+8 -5 1
+4 +5 1
cfi=(384) ./nptl/./nptl/pthread_mutex_lock.c
cfn=(2006) pthread_mutex_lock@@GLIBC_2.2.5
calls=1 0x9fff0 +25 
* * 44
+5 +2 1
+4 * 1
+7 * 1
cfi=(389) ./dlfcn/./dlfcn/dlerror.c
cfn=(2030) _dlerror_run
calls=1 0x97be0 +59 
* * 934
+5 * 1
+2 * 1
+2 * 1
+4 +2 1
+8 * 1
cfi=(386) ./nptl/./nptl/pthread_mutex_unlock.c
cfn=(2012) pthread_mutex_unlock@@GLIBC_2.2.5
calls=1 0xa1a70 367 
* * 34
+5 +13 1
+4 * 1
+9 * 1
+2 * 1
+4 * 1
+3 * 1
+1 * 1
+2 * 1
+1 * 1

fl=(219)
fn=(724)
0x6b830 278 44
+4 * 44
+1 * 44
+3 * 44
+3 * 44
+2 * 44
+2 * 44
+2 * 44
+2 * 44
+1 * 44
+7 * 44
+7 * 44
+7 * 44
+6 +10 44
+9 * 44
+4 * 44
+7 * 44
+4 * 44
+7 +1 44
fi=(223) ./stdio-common/../include/scratch_buffer.h
+3 78 44
fe=(219)
+11 289 44
fi=(223)
+7 77 44
+7 * 44
fe=(219)
+7 339 44
fi=(223)
+4 77 44
fe=(219)
+7 339 44
+7 * 44
+4 * 44
+7 * 44
+7 +6 44
+6 * 44
+2 * 44
jcnd=44/44 0x6bd60 * 
* * 
+16 +3 44
+4 * 44
+6 * 44
+8 * 44
+6 +4 44
+7 +20 44
+7 * 44
+7 -20 44
+4 +13 44
+4 -6 44
+4 +8 44
+2 * 44
+3 -8 44
+7 +8 44
+4 +5 44
+3 * 44
+7 -5 44
+7 +5 44
+7 * 44
+7 * 44
cfi=(203)
cfn=(652)
calls=44 0x98e10 24 
* * 572
+5 * 44
+7 * 44
+7 * 44
+6 +9 44
fi=(525)
+7 59 44
fe=(219)
+11 381 44
+3 * 44
+2 * 44
+6 -49 44
+10 -48 44
+3 -1 44
+3 +10 44
+10 -11 44
+10 +46 44
+11 -1 44
+11 -1 44
+11 -1 44
+11 -12 44
+11 -30 44
+7 * 44
+3 419 44
+2 * 44
-2 * 88
+2 * 88
+6 +24 132
+7 * 132
+4 +1 132
+3 * 132
jcnd=88/132 0x6baf0 3098 
* * 
+6 +3 44
+7 * 44
+3 * 44
+4 * 44
+5 * 44
+6 +7 44
+4 * 44
+6 * 44
+4 * 44
+4 * 44
+6 * 44
+4 * 44
+4 * 44
+4 +8 44
+6 -8 44
+4 +8 44
+2 * 44
+6 +8 44
+3 * 44
+6 -27 44
+7 * 44
+10 -62 44
+7 * 44
+3 * 44
+2 * 44
jcnd=44/44 0x6b9e0 +38 
* * 
-12 * 88
+7 * 88
+3 * 88
+2 * 88
jcnd=44/88 0x6b9e0 +38 
* * 
+6 3095 44
+6 * 44
+3 * 44
+3 * 44
+7 * 44
+2 * 44
jcnd=44/44 0x6bdc0 +10 
* * 
0x6baf0 +3 88
+3 223 88
+7 -17 88
+7 +17 88
+3 -1 88
+5 489 88
+4 222 88
+5 * 88
+4 489 88
+2 * 88
+3 222 88
+7 489 88
+3 * 88
jcnd=88/88 0x6bc70 -6 
* * 
0x6bc70 -6 88
fi=(220) ./stdio-common/./stdio-common/printf-parse.h
+10 55 88
+10 * 88
+2 * 88
+8 * 88
+10 * 88
+2 * 88
jfi=(219)
jump=88 +95 506 
* * 
fe=(219)
+95 506 88
+5 * 88
+3 * 88
+3 * 88
+3 * 88
jcnd=88/88 0x6c110 685 
* * 
+89 345 44
+3 * 44
jcnd=44/44 0x6b8dd +3 
* * 
+93 3105 44
+7 * 44
jcnd=44/44 +35 * 
* * 
+35 * 44
+3 * 44
cfi=(203)
cfn=(654)
calls=44 0x98e60 54 
* * 396
fi=(223)
+5 85 44
+7 * 44
+7 * 44
+3 * 44
jfi=(219)
jcnd=44/44 +7 3109 
* * 
fe=(219)
+7 3109 44
+7 * 44
+6 +17 44
+8 * 44
+6 +6 44
+4 * 44
+9 * 44
+6 * 44
+6 * 44
+4 * 44
+1 * 44
+2 * 44
+2 * 44
+2 * 44
+2 * 44
+1 * 44
0x6bfb0 660 88
+2 * 88
+6 +4 88
+5 * 88
+7 +1 88
+6 * 88
+2 * 88
+2 * 88
+3 * 88
+2 * 88
+6 +4 88
+7 +1 88
+3 * 88
+3 * 88
+3 -1 88
+4 +1 88
+3 * 88
+8 * 88
+6 * 88
+7 * 88
+7 * 88
+6 * 88
jump=88 +58 +6 
* * 
+6 +6 88
+5 * 88
+5 * 88
+6 * 88
+4 * 88
+5 * 88
+4 +3 88
+4 * 88
+3 -3 88
+4 +3 88
+3 * 88
+4 * 88
+3 * 88
jcnd=88/88 +48 +1 
* * 
+2 -3 88
+4 * 88
jcnd=88/88 -56 * 
* * 
+42 +4 88
+6 * 88
+3 * 88
+7 * 88
+3 * 88
+7 * 88
+3 * 88
+3 * 88
+4 +1 88
+4 * 88
+6 * 88
+4 * 88
+4 * 88
+3 +4 88
+3 * 88
+7 * 88
+7 -4 88
+7 * 88
+7 * 88
cfi=(201)
cfn=(728) _IO_sputbackc
calls=88 0x95fe0 -46 
* * 1936
+5 +4 88
+3 * 88
+6 * 88
+7 * 88
+3 * 88
+7 * 88
+7 * 88
+4 * 88
+7 * 88
+7 * 88
+3 * 88
jump=88 0x6d4e7 3084 
* * 
+3 * 88
+6 530 88
+6 +3 88
+3 * 88
+7 * 88
+3 * 88
+6 * 88
+7 * 88
+3 * 88
+4 * 88
+3 * 88
jump=88 0x6c30a +13 
* * 
0x6c30a +13 88
+6 * 88
+3 * 88
+6 +8 88
+7 -21 88
+3 * 88
jump=88 0x6bfb0 660 
* * 
0x6ccf6 1450 88
+4 * 88
+4 * 88
+6 * 88
+4 * 88
+4 * 88
+4 +5 88
+4 -5 88
+4 +5 88
+3 * 88
jcnd=88/88 +82 +9 
* * 
+82 +9 88
+3 * 88
+3 * 88
+4 * 88
+3 * 88
+2 * 88
+3 * 88
jcnd=34/88 0x6da5f +34 
* * 
+6 +2 54
+2 * 54
+3 260 54
+7 1466 54
+4 * 54
+4 260 54
+7 * 54
+6 +3 54
+4 * 54
+7 * 54
+3 1470 54
+4 * 54
+4 * 54
+6 * 54
+4 * 54
+4 * 54
+4 * 54
+4 +2 54
+3 * 54
+6 * 54
+7 * 54
+4 * 54
+4 * 54
+3 * 54
+3 * 54
+6 +12 54
+3 * 54
+6 +10 54
+3 * 54
jcnd=54/54 0x6daa6 1813 
* * 
+20 1813 88
+3 * 88
+6 * 88
+3 * 88
+6 +9 88
fi=(223)
+6 113 88
+3 * 88
+3 * 88
+3 * 88
fe=(219)
+3 1822 88
+5 * 88
fi=(223)
+6 113 88
+7 * 88
+7 * 88
fe=(219)
+5 1815 88
+4 * 88
jcnd=88/88 0x6d4f8 +2 
* * 
-4 * 698
+4 * 698
jcnd=698/698 0x6d4f8 +2 
* * 
+26 260 698
+7 * 698
+7 1877 698
+2 260 698
+3 * 698
+6 +3 698
+4 * 698
+7 * 698
+3 1879 698
+2 * 698
+3 * 698
+3 * 698
+3 +2 698
+3 * 698
+6 * 698
+4 * 698
+4 * 698
+6 * 698
+4 * 698
+4 * 698
+3 * 698
+4 -68 698
+3 * 698
jcnd=698/698 0x6ce58 +2 
* * 
+7 * 88
+3 * 88
+3 * 88
+3 * 88
+3 231 88
+7 1884 88
+3 * 88
+6 206 88
+7 1891 88
+3 * 88
+6 214 88
+3 * 88
+3 1892 88
+4 * 88
+6 +28 88
+4 * 88
+6 * 88
+4 * 88
+3 * 88
+7 * 88
+4 * 88
cfi=(201)
cfn=(728)
calls=88 0x95fe0 635 
* * 1936
+5 * 88
+7 * 88
+7 * 88
+7 260 88
+3 * 88
+6 +3 88
+4 * 88
+7 * 88
+3 1924 88
+8 * 88
+6 1742 88
+6 * 88
+7 1942 88
+3 * 88
+7 206 88
+7 1742 88
+2 * 88
+6 1941 88
+3 * 88
+2 * 88
jcnd=88/88 0x6daf0 +4 
* * 
+21 +7 88
+7 * 88
+7 * 88
+6 +3 88
+6 * 88
+2 * 88
+3 * 88
+6 * 88
+6 +6 88
+3 -4 88
+2 * 88
jcnd=88/88 0x6df90 +17 
* * 
+30 +18 88
+6 * 88
+3 * 88
+6 * 88
+2 * 88
+3 * 88
+7 * 88
+6 * 88
+3 * 88
+3 +9 88
+7 * 88
jump=88 0x6ba65 381 
* * 
0x6d4e7 3084 88
+3 -5 88
+6 * 88
jump=88 0x6ccf6 1450 
* * 
+8 1817 786
+7 * 786
+3 * 786
+4 * 786
+5 * 786
jcnd=698/786 0x6ce76 260 
* * 
+6 * 88
jump=88 0x6ced8 -4 
* * 
0x6da5f 1498 34
+3 * 34
jcnd=34/34 +68 1813 
* * 
+68 1813 88
+4 * 88
+4 1501 88
+4 * 88
+2 * 88
jump=88 0x6ce16 1813 
* * 
+60 1945 88
cfi=(221) ./stdlib/../stdlib/strtol.c
cfn=(730) __strtoul_internal
calls=88 0x57b00 107 
* * 23632
+5 * 88
+7 * 88
+3 * 88
jump=88 0x6cfaf +3 
* * 
0x6df90 +25 88
+2 * 88
+6 +1 88
+6 * 88
+2 * 88
jcnd=88/88 0x6cffd * 
* * 

fl=(89) ./string/../sysdeps/x86_64/multiarch/memset.c
fn=(296) memset
0xb22b0 29 2
fi=(90) ./string/../sysdeps/x86_64/multiarch/ifunc-memset.h
+4 +25 2
+7 * 2
+7 * 2
+6 * 2
+3 * 2
+2 +3 2
+6 * 2
+6 * 2
+2 +7 2
+2 * 2
+5 +9 2
+3 * 2
+2 +2 2
+2 * 2
+6 +10 2
+3 * 2
+2 +8 2
+3 * 2
+2 +3 2
+2 * 2
+7 * 2
+7 * 2
+4 * 2
fe=(89)

fl=(235) ./misc/./misc/getauxval.c
fn=(790) getauxval
0x11f020 56 4
+4 -24 4
+7 -2 4
+4 * 4
+2 +5 4
+4 * 4
+2 +7 4
+4 * 4
+3 * 4
+3 * 4
jcnd=4/4 +20 +1 
* * 
+7 * 88
+4 * 88
+4 * 88
+3 * 88
jcnd=4/88 +13 +20 
* * 
+2 +1 88
+3 * 88
jcnd=88/88 -16 -1 
* * 
+8 +19 4
+7 * 4
+7 +1 4
+2 +1 4

fl=(188) ./nptl/./nptl/pthread_self.c
fn=(606) pthread_self
0xa36d0 23 3
+4 +2 3
+9 * 3

fl=(217)
fn=(718)
0x972d0 36 44
+4 * 44
+1 * 44
+3 * 44
+2 * 44
+3 * 44
+2 * 44
+3 * 44
+2 * 44
+1 * 44
+3 +4 44
+3 * 44
+2 +1 44
+3 * 44
cob=(3)
cfi=(153)
cfn=(720)
calls=44 0x48b7500 -41 
* * 1468
+5 * 44
+5 +5 44
+2 * 44
+3 * 44
+3 * 44
+3 * 44
cfi=(201)
cfn=(684) _IO_setb
calls=44 0x95470 329 
* * 1276
+5 +5 44
+3 * 44
+3 * 44
jcnd=44/44 +80 * 
* * 
+2 -3 44
+4 +1 44
+4 +1 44
+4 +3 44
+4 +1 44
+4 +1 44
+4 +9 44
+11 +1 44
+1 * 44
+2 * 44
+2 * 44
+2 * 44
+1 * 44
+35 -14 44
+3 * 44
+3 * 44
+3 * 44
jump=44 -87 -3 
* * 

fl=(138) ./string/../sysdeps/x86_64/multiarch/mempcpy.c
fn=(428) mempcpy
0xb2100 33 1
fi=(99)
+4 +24 1
+7 * 1
+7 * 1
+6 -1 1
+3 * 1
+2 +4 1
+6 * 1
+6 * 1
+2 +14 1
+3 * 1
+2 +3 1
+2 * 1
+6 +8 1
+6 * 1
jcnd=1/1 +34 +8 
* * 
+34 +8 1
+3 * 1
jcnd=1/1 0xb21f8 +3 
* * 
0xb21f8 +3 1
+6 * 1
+7 * 1
+7 * 1
+4 * 1
fe=(138)

fl=(517) ./stdlib/./stdlib/exit.c
fn=(3218) exit
0x47ba0 137 1
+4 * 1
+1 +1 1
+5 * 1
+5 * 1
+7 -1 1
+3 +1 1
cfn=(3220) __run_exit_handlers
calls=1 0x47910 38 
* * 2190

fn=(3220)
0x47910 38 1
+4 * 1
+1 * 1
+3 * 1
+2 * 1
+2 * 1
+3 * 1
+2 * 1
+2 * 1
+1 * 1
+4 * 1
+4 * 1
+3 +2 1
+2 * 1
jcnd=1/1 0x47b65 +1 
* * 
+6 +3 1
+7 * 1
+2 * 1
+5 * 1
+4 * 1
+6 +11 1
+4 * 1
+3 +2 1
+3 * 1
+6 +38 1
+3 * 1
+6 -30 1
+4 * 1
+3 * 1
-7 * 1
+4 * 1
+3 * 1
jcnd=1/1 0x47ad8 +55 
* * 
+6 +2 1
+4 +1 1
+7 -1 1
+4 +3 1
+4 * 1
+3 * 1
+4 * 1
+4 * 1
+6 * 1
+4 * 1
jcnd=1/1 0x47a40 +33 
* * 
+73 +44 1
+7 * 1
+3 * 1
jcnd=1/1 0x47968 -49 
* * 
+32 +13 1
+2 -66 1
+7 +66 1
+2 * 1
+3 * 1
+6 +2 1
+4 * 1
jcnd=1/1 0x47b6f +1 
* * 
+6 +3 1
+3 * 1
cfi=(523) ./posix/../sysdeps/unix/sysv/linux/_exit.c
cfn=(3314) _Exit
calls=1 0xee200 27 
* * 4
+15 -29 1
+4 +1 1
+4 -2 1
+8 +3 1
+3 +3 1
+3 -3 1
+4 * 1
+9 +3 1
+2 * 1
+3 * 1
+6 +1 1
+3 * 1
+3 * 1
cob=(1)
cfi=(518) ./elf/./elf/dl-fini.c
cfn=(3230) _dl_fini
calls=1 0x5380 -82 
* * 1284
+2 +1 1
+5 * 1
+3 * 1
+4 * 1
jcnd=1/1 0x479e6 +4 
* * 
+86 +10 1
+3 * 1
+4 * 1
+3 +1 1
+3 * 1
jcnd=1/1 0x47a10 +6 
* * 
0x47b65 -79 1
cfi=(383) ./stdlib/./stdlib/cxa_thread_atexit_impl.c
cfn=(2868) __call_tls_dtors
calls=1 0x476f0 148 
* * 427
+5 * 1
jump=1 0x47937 +2 
* * 
+5 +88 1
cfi=(201)
cfn=(3308) _IO_cleanup
calls=1 0x967e0 842 
* * 396
+5 * 1
jump=1 0x47a2e +2 
* * 

fl=(94) ./debug/../sysdeps/x86_64/multiarch/memcpy_chk.c
fn=(308) __memcpy_chk
0x1373f0 29 1
fi=(93)
+4 +28 1
+7 * 1
+7 * 1
+6 -1 1
+3 * 1
+2 +4 1
+6 * 1
+6 * 1
+2 +14 1
+3 * 1
+2 +3 1
+2 * 1
+6 +8 1
+6 * 1
jcnd=1/1 +34 +8 
* * 
+34 +8 1
+3 * 1
jcnd=1/1 0x1374e8 +3 
* * 
0x1374e8 +3 1
+6 * 1
+7 * 1
+7 * 1
+4 * 1
fe=(94)

fl=(167) ./setjmp/../sysdeps/x86_64/bsd-_setjmp.S
fn=(560) _setjmp
0x44fa0 28 2
+4 +2 2
+2 +2 2
cfi=(168) ./setjmp/../sysdeps/x86_64/setjmp.S
cfn=(562) __sigsetjmp
calls=2 0x44ed0 -1 
* * 70

fl=(125) ./string/../sysdeps/x86_64/multiarch/strcpy.c
fn=(382) strcpy
0xb42c0 29 1
fi=(118)
+4 +9 1
+7 * 1
+6 +1 1
+6 -1 1
+3 * 1
+2 +1 1
+3 * 1
+2 +3 1
+2 * 1
+2 +4 1
+7 * 1
+3 * 1
+2 +3 1
+7 * 1
+3 * 1
jfi=(125)
jcnd=1/1 +26 -20 
* * 
fe=(125)
+26 -20 1

fl=(92) ./debug/../sysdeps/x86_64/multiarch/mempcpy_chk.c
fn=(304) __mempcpy_chk
0x137630 29 1
fi=(93)
+4 +28 1
+7 * 1
+7 * 1
+6 -1 1
+3 * 1
+2 +4 1
+6 * 1
+6 * 1
+2 +14 1
+3 * 1
+2 +3 1
+2 * 1
+6 +8 1
+6 * 1
jcnd=1/1 +34 +8 
* * 
+34 +8 1
+3 * 1
jcnd=1/1 0x137728 +3 
* * 
0x137728 +3 1
+6 * 1
+7 * 1
+7 * 1
+4 * 1
fe=(92)

fl=(302) ./stdlib/./stdlib/getenv.c
fn=(1212) getenv
0x487b0 24 7
+4 * 7
+1 * 7
+3 * 7
+2 * 7
+2 * 7
+2 * 7
+2 * 7
+1 * 7
+4 +1 7
+7 * 7
+3 * 7
+3 * 7
+2 * 7
+4 * 7
+3 * 7
+3 * 7
+2 +3 7
cob=(3)
cfi=(153)
cfn=(720)
calls=7 0x48b7500 -28 
* * 112
+5 +1 7
+4 -1 7
+3 +1 7
+3 * 7
jcnd=7/7 +23 +2 
* * 
+9 * 335
+5 * 335
+4 * 335
+3 * 335
jcnd=5/335 +37 +8 
* * 
+2 +2 337
+3 * 337
jcnd=333/337 -17 -2 
* * 
+2 +1 4
+3 * 4
+3 * 4
+3 * 4
cob=(3)
cfi=(153)
cfn=(1214)
calls=4 0x48b7600 -32 
* * 111
+5 * 4
+2 * 4
jcnd=2/4 -35 -3 
* * 
+2 * 2
+5 * 2
+2 +1 2
+5 +4 2
+4 * 2
+3 * 2
+1 * 2
+2 * 2
+2 * 2
+2 * 2
+2 * 2
+1 * 2
-17 * 5
+4 * 5
+3 * 5
+1 * 5
+2 * 5
+2 * 5
+2 * 5
+2 * 5
+1 * 5

fl=(212) ./io/../sysdeps/unix/sysv/linux/read_nocancel.c
fn=(692) __read_nocancel
0x11ca10 25 5
+4 +1 5
+2 * 5
+2 * 5
+6 * 5
+2 +1 5

fl=(247) ./csu/./csu/errno-loc.c
fn=(826) __errno_location
0x2a6e0 25 15
+4 +1 15
+7 * 15
+9 +1 15

fl=(408) ./nptl/./nptl/pthread_key_create.c
fn=(2128) pthread_key_create@@GLIBC_2.34
0x9e820 25 2
+4 +2 2
+7 * 2
+2 * 2
+3 +2 2
+3 +2 2
+4 * 2
-7 -2 1
+3 +2 1
+4 * 1
+2 * 3
+2 * 3
jcnd=2/3 +29 +2 
* * 
+2 -4 1
+4 * 1
+4 * 1
+7 * 1
jcnd=1/1 -28 +2 
* * 
+12 +6 2
+4 * 2
+5 * 2
+2 +4 2
+3 * 2
+4 * 2
+5 +6 2
+2 -3 2
+2 +3 2

fl=(425) ./stdio-common/./stdio-common/Xprintf_buffer_done.c
fn=(2204) __printf_buffer_done
0x606f0 25 1
+4 +1 1
+3 * 1
+2 * 1
+2 +5 1
+4 * 1
+3 +2 1
+2 * 1
+3 * 1
+4 * 1
+2 * 1
+3 * 1
+2 * 1
+3 * 1
+3 * 1
+5 * 1
+3 * 1
+2 * 1
+2 +7 1

fl=(426) ./misc/../sysdeps/unix/sysv/linux/setvmaname.c
fn=(2206) __set_vma_name
0x12a770 33 3
+4 * 3
+1 * 3
+3 * 3
+2 * 3
+2 * 3
+1 * 3
+4 +2 3
+9 * 3
+4 * 3
+6 * 3
+2 * 3
jcnd=1/3 +34 +14 
* * 
+2 +14 3
+4 * 3
+9 * 3
+2 * 3
+4 * 3
+1 * 3
+2 * 3
+2 * 3
+1 * 3
+7 * 1
+3 * 1
+3 * 1
+3 -9 1
+5 * 1
+4 * 1
+2 * 1
cob=(3)
cfi=(153)
cfn=(476)
calls=1 0x48b7720 -40 
* * 26
+5 * 1
+3 * 1
+2 * 1
jcnd=1/1 +30 +7 
* * 
+30 +7 1
+10 +1 1
jump=1 0x12a798 +1 
* * 

fl=(210) ./io/../sysdeps/unix/sysv/linux/fstat64.c
fn=(682) fstat
0x1173b0 30 1
+4 +9 1
+5 * 1
+2 * 1
+6 * 1
+2 +33 1

fl=(174) ./io/../sysdeps/unix/sysv/linux/poll.c
fn=(576) poll
0x11b4b0 27 1
+4 +2 1
+7 * 1
+2 * 1
+5 * 1
+2 * 1
+6 * 1
+2 +14 1

fl=(389)
fn=(2030)
0x97be0 113 1
+4 * 1
+1 * 1
+3 * 1
+3 * 1
+3 * 1
+2 * 1
+2 * 1
+2 * 1
+2 * 1
+1 * 1
+4 +1 1
+7 -1 1
+9 * 1
+4 * 1
+2 +1 1
+5 +1 1
+3 * 1
jcnd=1/1 +80 +6 
* * 
+80 +6 1
+7 +17 1
+4 * 1
+4 * 1
+4 * 1
cob=(1)
cfi=(50) ./elf/./elf/dl-catch.c
cfn=(154) _dl_catch_error
calls=1 0x1640 254 
* * 891
+7 +7 1
+4 -2 1
+5 -5 1
+3 +7 1
+3 * 1
jcnd=1/1 0x97d58 +6 
* * 
+85 +53 1
+4 * 1
+9 * 1
+6 * 1
+4 * 1
+1 * 1
+2 * 1
+2 * 1
+2 * 1
+2 * 1
+1 * 1
+80 -47 1
+3 * 1
jcnd=1/1 +9 +5 
* * 
+9 +5 1
+2 * 1
jump=1 0x97ce7 +42 
* * 

fl=(429) ./misc/../sysdeps/unix/sysv/linux/prctl.c
fn=(2224) prctl
0x12a590 30 1
+4 * 1
+1 * 1
+3 * 1
+4 * 1
+4 * 1
+4 * 1
+4 * 1
+4 * 1
+9 * 1
+4 * 1
+2 +2 1
+4 +2 1
+7 -2 1
+4 * 1
+4 +1 1
+4 +1 1
+4 +4 1
+4 -6 1
+4 +6 1
+4 * 1
+5 * 1
+2 * 1
+6 * 1
+2 +1 1
+4 * 1
+9 * 1
+2 * 1
+1 * 1

fl=(85) ./string/../sysdeps/x86_64/multiarch/strpbrk.c
fn=(288) strpbrk
0xb5100 29 1
fi=(526) ./string/../sysdeps/x86_64/multiarch/ifunc-sse4_2.h
+4 +7 1
+7 * 1
+7 * 1
+7 * 1
+7 * 1
fe=(85)
+4 -7 1

fl=(355) ./posix/../sysdeps/unix/sysv/linux/sched_getaffinity.c
fn=(1740) sched_getaffinity@@GLIBC_2.3.4
0x10e620 34 2
+4 * 2
+3 +1 2
+5 * 2
+5 * 2
+3 * 2
+4 * 2
+2 * 2
+6 * 2
+2 +2 2
+3 * 2
+2 -3 2
+1 +6 2
fi=(527) ./posix/../string/bits/string_fortified.h
+2 +19 2
fe=(355)
+2 -19 2
+3 * 2
fi=(527)
+4 +19 2
fe=(355)
+3 -25 2
fi=(527)
+3 +25 2
cob=(3)
cfi=(153)
cfn=(764)
calls=2 0x48b7740 -59 
* * 42
fe=(355)
+5 -17 2
+2 +3 2
+1 * 2

fl=(383)
fn=(2004) __cxa_thread_atexit_impl
0x47610 102 3
+4 * 3
+1 * 3
+3 * 3
+2 * 3
+3 +4 3
+5 -4 3
+2 * 3
+3 * 3
+2 +1 3
+3 +3 3
+5 -4 3
+1 +1 3
+9 * 3
+4 +3 3
cob=(3)
cfi=(153)
cfn=(772)
calls=3 0x48b7450 0 
* * 647
+5 +1 3
+3 * 3
+2 +3 3
+3 * 3
+3 +7 3
+7 -6 3
+4 +1 3
+7 +5 3
+8 -5 3
+4 * 3
+4 +1 3
+4 +4 3
cfi=(384)
cfn=(2006)
calls=3 0x9fff0 -40 
* * 132
+5 +3 3
+3 * 3
jcnd=3/3 +75 +4 
* * 
+14 +16 3
+9 +1 3
+8 * 3
cfi=(386)
cfn=(2012)
calls=3 0xa1a70 367 
* * 108
+5 +2 3
+5 * 3
+4 +3 3
+2 * 3
+1 * 3
+2 * 3
+2 * 3
+2 * 3
+1 * 3
+20 -18 3
+3 * 3
cob=(3)
cfi=(153)
cfn=(2008)
calls=3 0x48b74e0 0 
* * 99
+5 +4 3
+3 * 3
+2 * 3
+7 * 3
+5 * 3
jump=3 -86 +8 
* * 

fn=(2868)
0x476f0 148 2
+4 * 2
+1 * 2
+3 * 2
+2 +1 2
+7 -1 2
+1 +1 2
+5 * 2
+3 * 2
+2 * 2
+4 +6 2
+4 -2 2
+3 * 2
+4 * 2
+9 +2 2
+5 +1 2
+4 * 2
cob=(6) /home/ecuodah/Documents/ssi/hqc/hqc/target/release/deps/kats-820dfbbc12d55fb8
cfi=(405) /rustc/4a4ef493e3a1488c6e321570238084b38948f6db/library/std/src/sys/thread_local/native/lazy.rs
cfn=(3222) std::sys::thread_local::native::lazy::destroy
calls=1 0x1ffe30 -44 
* * 120
cob=(6)
cfi=(381) /rustc/4a4ef493e3a1488c6e321570238084b38948f6db/library/std/src/sys/thread_local/native/eager.rs
cfn=(2870) std::sys::thread_local::native::eager::destroy
calls=1 0x2538f0 -92 
* * 33
-29 -1 1
+4 -2 1
+3 * 1
+4 * 1
+9 +2 1
+5 +1 1
+4 * 1
cob=(6)
cfi=(381)
cfn=(2870)
calls=1 0x2538f0 -92 
* * 33
+2 +6 3
+4 * 3
+9 +1 3
+3 * 3
cob=(3)
cfi=(153)
cfn=(736)
calls=3 0x48b73e0 0 
* * 355
+5 -14 3
+5 * 3
+3 * 3
jcnd=1/3 -60 +6 
* * 
+2 +16 2
+1 * 2
+2 * 2
+1 * 2

fl=(115) ./string/../sysdeps/x86_64/multiarch/strcspn.c
fn=(358) strcspn
0xb4330 29 1
fi=(526)
+4 +7 1
+7 * 1
+7 * 1
+7 * 1
+7 * 1
fe=(115)
+4 -7 1

fl=(137) ./wcsmbs/../sysdeps/x86_64/multiarch/wcpcpy.c
fn=(424) wcpncpy
0xca320 31 1
fi=(97) ./wcsmbs/../sysdeps/x86_64/multiarch/ifunc-wcs.h
+4 +9 1
+7 * 1
+7 * 1
+6 -1 1
+2 * 1
+2 * 1
+6 * 1
jcnd=1/1 +6 +2 
* * 
+6 +2 1
+6 * 1
+3 * 1
+2 +3 1
+2 * 1
+2 +4 1
+3 * 1
+7 * 1
+7 * 1
fi=(528) ./wcsmbs/../sysdeps/x86_64/multiarch/wcpncpy.c
+4 -17 1
fe=(137)

fl=(399) ./misc/../sysdeps/unix/sysv/linux/x86_64/clone3.S
fn=(2066) clone3
0x129c40 42 1
+4 +2 1
+5 +1 1
+3 +1 1
+2 +1 1
+3 +1 1
+2 +4 1
+3 +3 1
+5 +5 1
+2 +2 1
+3 +1 1
jcnd=1/1 +22 +23 
* * 
+22 +23 1
+7 * 1
+2 * 1
+3 * 1
+4 * 1

fl=(430) ./nptl/./nptl/pthread_attr_getguardsize.c
fn=(2248) pthread_attr_getguardsize@@GLIBC_2.34
0x99f80 23 1
+4 +5 1
+4 * 1
+3 +3 1
+2 * 1

fl=(120) ./string/../sysdeps/x86_64/multiarch/strchrnul.c
fn=(370) strchrnul
0xb3130 31 1
fi=(84)
+4 +9 1
+7 * 1
+7 * 1
+6 -2 1
+2 * 1
+2 * 1
+6 * 1
jcnd=1/1 +14 +3 
* * 
fe=(120)
+2 -7 1
+3 * 1
fi=(84)
+9 +10 1
+7 * 1
+2 +1 1
+6 * 1
+3 * 1
+2 +3 1
+2 * 1
+2 +4 1
+7 * 1
+3 * 1
+2 +3 1
+3 * 1
+7 * 1
+7 * 1
+4 * 1
jfi=(120)
jump=1 -69 -21 
* * 
fe=(120)

fl=(134) ./string/../sysdeps/x86_64/multiarch/memchr.c
fn=(418) memchr
0xb15d0 29 1
fi=(135) ./string/../sysdeps/x86_64/multiarch/ifunc-evex.h
+4 +9 1
+7 * 1
+7 * 1
+6 -1 1
+2 * 1
+2 * 1
+6 * 1
jcnd=1/1 +6 +2 
* * 
+6 +2 1
+6 * 1
+3 * 1
+2 +6 1
+2 * 1
+6 -3 1
+2 * 1
+2 +9 1
+7 * 1
+2 * 1
+2 +3 1
+3 * 1
+7 * 1
+7 * 1
fe=(134)
+4 -25 1

fl=(417) ./misc/../sysdeps/unix/sysv/linux/x86_64/syscall.S
fn=(2180) syscall
0x127270 29 2
+4 +1 2
+3 +1 2
+3 +1 2
+3 +1 2
+3 +1 2
+3 +1 2
+3 +1 2
+5 +1 2
+2 +1 2
+6 +1 2
+2 +1 2

fl=(119) ./string/../sysdeps/x86_64/multiarch/strncase_l.c
fn=(366) strncasecmp_l
0xb4e10 31 1
fi=(114) ./string/../sysdeps/x86_64/multiarch/ifunc-strcasecmp.h
+4 +6 1
+7 * 1
+6 -1 1
+2 * 1
+2 * 1
+6 * 1
jcnd=1/1 +45 +2 
* * 
fe=(119)
+36 -5 1
+3 * 1
fi=(114)
+6 +7 1
+6 * 1
+6 * 1
+2 +3 1
+2 * 1
+2 +4 1
+7 * 1
+3 * 1
+2 +3 1
+6 * 1
+7 * 1
+2 * 1
jfi=(119)
jump=1 -54 -17 
* * 
fe=(119)

fl=(169) ./setjmp/./setjmp/sigjmp.c
fn=(564) __sigjmp_save
0x44f50 28 2
+4 * 2
+1 * 2
+3 * 2
+1 * 2
+3 * 2
+4 +2 2
+2 * 2
+2 -1 2
+3 +5 2
+2 * 2
+4 * 2
+1 * 2

fl=(213)
fn=(696)
0x188080 61 48
+4 +7 48
+3 +2 48
+2 +3 48
+4 +1 48
+5 +2 48
+2 +1 48
+5 +1 48
+5 +1 48
+6 +3 48
+4 +1 48
+4 +3 48
+4 +1 48
jcnd=2/48 +16 +14 
* * 
+2 +2 46
+2 +1 46
jcnd=45/46 +92 +71 
* * 
+2 +1 1
+3 +1 1
+3 +2 1
+3 * 1
+1 +7 2
+4 +5 2
+3 +7 2
+2 +1 2
jcnd=2/2 +20 +14 
* * 
+7 +7 8
+3 +1 8
+3 +1 8
+3 +1 8
+3 * 8
+1 +4 2
+2 +1 2
+1 +4 5
+4 +1 5
+4 +1 5
+3 +1 5
+3 * 5
+2 +4 9
+4 +1 9
+4 +1 9
+3 +1 9
+3 * 9
+2 +5 14
+4 +1 14
+4 +1 14
+3 +1 14
+3 * 14
+2 +10 45
+2 +1 45
+2 +1 45
+4 +2 45
+7 +10 45
+5 +1 45
+4 +3 45
+3 +1 45
jcnd=7/45 0x1881c0 +77 
* * 
+6 +2 38
+2 +1 38
jcnd=8/38 -99 -62 
* * 
+2 +2 30
+5 +1 30
+4 +1 30
+2 +1 30
jcnd=5/30 -96 -55 
* * 
+2 +2 25
+5 +1 25
+4 +1 25
+2 +1 25
jcnd=9/25 -93 -53 
* * 
+2 +2 16
+5 +1 16
+4 +1 16
+2 +1 16
jcnd=14/16 -90 -50 
* * 
+2 +4 2
+7 +1 2
+6 +3 2
+3 +1 2
+2 +1 2
+4 +1 2
+3 +5 2
+3 * 2
+8 +10 2
+5 +1 2
+5 +1 2
+5 +1 2
+5 +1 2
+4 +1 2
+4 +1 2
+4 +2 2
+4 +6 2
+2 +1 2
jcnd=2/2 +74 +47 
* * 
+26 +18 7
+2 +1 7
jcnd=3/7 +94 +52 
* * 
+2 +3 4
+3 +1 4
jcnd=2/4 0x188280 366 
* * 
+6 +4 2
+3 +1 2
jcnd=2/2 +26 +11 
* * 
+26 +11 2
+3 * 2
+3 +8 2
+4 +1 2
+2 +1 2
+2 +2 2
+4 +1 2
+2 +1 2
jcnd=1/2 +82 +46 
* * 
+2 +2 1
+4 +2 1
+4 +1 1
+3 +1 1
+5 +4 1
+4 +2 1
+3 +1 1
+3 * 1
+6 +5 3
+4 +2 3
+3 +2 3
+2 +1 3
+2 +1 3
+3 +1 3
+3 +1 3
+3 * 3
+28 +20 1
+4 +4 1
+4 +2 1
+3 +1 1
+3 * 1
+34 +21 2
+5 +1 2
+4 +1 2
+2 +1 2
+2 +2 2
+5 +1 2
+4 +3 2
+7 +1 2
+5 +3 2
+2 +1 2
jcnd=1/2 +44 +21 
* * 
+2 +4 1
+3 +1 1
+2 +2 1
+5 +1 1
+4 +2 1
+4 +1 1
+2 +1 1
+2 +1 1
+4 +1 1
+4 +1 1
+3 +2 1
+3 * 1
+6 +4 1
+4 +1 1
+4 +1 1
+3 +1 1
+3 * 1

fl=(392) ./nptl/./nptl/nptl-stack.c
fn=(2946) __nptl_deallocate_stack
0x99120 112 1
+4 * 1
+1 +1 1
+2 * 1
+5 -1 1
+3 * 1
+2 * 1
+3 * 1
+1 +1 1
+7 * 1
+8 * 1
+6 +4 1
+8 -88 1
fi=(529) ./nptl/../include/list.h
+7 +26 1
+8 * 1
+8 * 1
+4 +1 1
fe=(392)
+3 +67 1
+9 -86 1
+11 +86 1
+6 -79 1
+3 * 1
+4 * 1
fi=(529)
+7 -1 1
+7 +1 1
+7 * 1
+8 -1 1
+8 +2 1
+4 +2 1
fe=(392)
+7 +58 1
+7 -1 1
+8 -52 1
+11 +52 1
+7 * 1
+7 +1 1
+3 * 1
+2 +24 1
+2 * 1
+6 * 1
+3 * 1
+2 +1 1
+1 * 1
+2 * 1
+1 * 1

fn=(2056) __nptl_stack_list_add
0x99010 43 1
+4 +1 1
+7 * 1
+3 * 1
+4 * 1
fi=(529)
+7 -1 1
+3 * 1
+5 * 1
+5 * 1
+4 * 1
+3 +2 1
+4 +2 1
fe=(392)
+3 +5 1
+11 +1 1

fn=(2040) __pthread_get_minstack
0x99250 143 1
fi=(395) ./nptl/./nptl-stack.h
+4 -82 1
+7 * 1
+2 * 1
+7 * 1
+7 * 1
+3 * 1
+4 * 1
+3 * 1
fe=(392)
+3 +84 1
fi=(395)
+4 -84 1
fe=(392)
+3 +84 1
+8 +1 1

fl=(193) ./libio/./libio/iofopen.c
fn=(616) fopen@@GLIBC_2.2.5
0x85e60 85 1
+4 * 1
+1 * 1
+3 * 1
+2 * 1
+3 * 1
+2 * 1
+3 -20 1
+5 +20 1
+2 * 1
+1 -20 1
cob=(3)
cfi=(153)
cfn=(618)
calls=1 0x48b73f0 -65 
* * 1822
+5 +2 1
+3 * 1
+6 * 1
+3 +3 1
+7 +2 1
+2 * 1
+2 -2 1
+8 +2 1
+7 * 1
+3 * 1
+3 * 1
+8 * 1
cfi=(201)
cfn=(644)
calls=1 0x95e60 563 
* * 56
+5 +1 1
+7 +1 1
+3 -1 1
+8 +1 1
cfi=(202) ./libio/./libio/fileops.c
cfn=(648) _IO_new_file_init_internal
calls=1 0x91840 +32 
* * 102
+5 +1 1
+5 * 1
+3 * 1
+3 * 1
+3 * 1
cfi=(202)
cfn=(656) _IO_file_fopen@@GLIBC_2.2.5
calls=1 0x91bd0 213 
* * 244
+5 * 1
+3 * 1
+2 -38 1
+6 * 1
jcnd=1/1 +60 +50 
* * 
+60 +50 1
+3 * 1
+1 * 1
+2 * 1
+2 * 1
+2 * 1
+1 * 1

fl=(423) ./stdio-common/./stdio-common/_itoa.c
fn=(2200) _itoa_word
0x5eff0 169 1
+4 +3 1
+2 * 1
+7 * 1
+7 * 1
+4 +2 1
+3 * 1
jcnd=1/1 0x5f090 +9 
* * 
0x5f090 +9 1
+10 * 1
+6 * 1
+3 * 1
+3 * 1
+4 * 1
+3 * 1
+4 * 1
+4 * 1
+3 * 1
+3 * 1
+5 * 1
+2 * 1
+3 * 1
+3 * 1
+4 * 1
jcnd=1/1 -44 * 
* * 
-44 * 5
+3 * 5
+3 * 5
+4 * 5
+3 * 5
+4 * 5
+4 * 5
+3 * 5
+3 * 5
+5 * 5
+2 * 5
+3 * 5
+3 * 5
+4 * 5
jcnd=4/5 -44 * 
* * 
+2 +9 1
+3 * 1

fl=(228) ./nptl/./nptl/pthread_attr_setaffinity.c
fn=(768) pthread_attr_setaffinity_np@@GLIBC_2.32
0x9a160 29 2
+4 * 2
+1 * 2
+3 * 2
+2 * 2
+2 * 2
+1 * 2
+3 * 2
+4 +5 2
+3 * 2
+2 * 2
+3 * 2
+3 * 2
jcnd=2/2 +57 +29 
* * 
+38 +28 2
+2 +1 2
+4 * 2
+1 * 2
+2 * 2
+2 * 2
+1 * 2
+7 * 2
+3 -18 2
cfi=(229) ./nptl/./nptl/pthread_attr_extension.c
cfn=(770) __pthread_attr_extension
calls=2 0x99e50 -20 
* * 554
+5 +1 2
+2 * 2
+2 +3 2
+4 +2 2
+3 -2 2
+4 * 2
+2 +2 2
+3 * 2
cob=(3)
cfi=(153)
cfn=(698)
calls=2 0x48b7410 -51 
* * 459
+5 * 2
+3 +1 2
+3 * 2
+2 +3 2
+4 * 2
+3 +1 2
fi=(192) ./nptl/../string/bits/string_fortified.h
+4 -27 2
+3 * 2
+3 * 2
cob=(3)
cfi=(153)
cfn=(706)
calls=2 0x48b76b0 -29 
* * 28
+5 * 2
jfi=(228)
jump=2 -82 +33 
* * 
fe=(228)

fl=(411) ./nptl/./nptl/pthread_setspecific.c
fn=(2134) pthread_setspecific@@GLIBC_2.34
0xa3e00 25 2
+4 * 2
+1 * 2
+3 * 2
+2 * 2
+2 * 2
+2 * 2
+3 * 2
+1 +7 2
+9 +4 2
+3 * 2
+2 +3 2
+2 * 2
+7 * 2
+3 * 2
+4 * 2
+4 +2 2
+5 -2 2
+3 * 2
+3 * 2
+2 +4 2
+4 * 2
+4 * 2
+3 +3 2
+3 * 2
+2 +35 2
+9 +5 2
+3 +1 2
+4 -1 2
+3 -20 2
+2 +24 2
+1 * 2
+2 * 2
+2 * 2
+2 * 2
+2 * 2
+1 * 2

fl=(503) ./dlfcn/./dlfcn/libc_dlerror_result.c
fn=(2894) __libc_dlerror_result_free
0x98470 29 1
+4 * 1
+1 * 1
+3 * 1
+1 * 1
+4 +1 1
+7 * 1
+4 * 1
+3 * 1
jcnd=1/1 +37 +9 
* * 
+37 +9 1
+4 * 1
+1 * 1

fl=(225) ./io/../sysdeps/unix/sysv/linux/close_nocancel.c
fn=(754) __close_nocancel
0x11c630 25 1
+4 +1 1
+5 * 1
+2 * 1
+6 * 1
+2 +1 1

fl=(488) ./nptl/./nptl/cancellation.c
fn=(2728) __pthread_enable_asynccancel
0x98550 31 11
+4 +1 11
+9 +1 11
+6 * 11
+7 +4 11
+2 * 11
+3 +2 11
+2 * 11
+2 +3 11
+2 * 11
+4 * 11
+2 * 11
fi=(489) ./nptl/../nptl/descr.h
+2 439 11
+3 * 11
fe=(488)
+3 45 11
+3 * 11
+2 +11 11
+2 * 11

fn=(2732) __pthread_disable_asynccancel
0x985d0 63 11
+4 +3 11
+3 * 11
jcnd=11/11 +9 +5 
* * 
+2 * 11
+7 +5 11
+9 * 11
+6 * 11
+7 +3 11
+2 +2 11
+2 -2 11
+3 +2 11
+4 * 11
+2 +7 11
+3 * 11
+3 * 11
jcnd=11/11 -48 -17 
* * 

fl=(520)
fn=(3242)
0x472c0 30 3
+4 * 3
+1 +3 3
+2 * 3
+5 -3 3
+3 * 3
+2 * 3
+2 * 3
+2 * 3
+2 * 3
+3 * 3
+1 * 3
+4 +3 3
+7 * 3
+6 * 3
+6 * 3
+3 * 3
+6 +3 3
+7 * 3
+3 * 3
+6 * 3
+5 +4 3
+4 * 3
+4 * 3
+4 * 3
+5 * 3
+3 * 3
+2 * 3
jump=3 0x473b0 -4 
* * 
0x473b0 -4 3
+3 * 3
+3 * 3
+6 +57 3
+7 * 3
+3 * 3
+2 * 3
+8 +4 3
+4 * 3
+4 * 3
+4 * 3
+5 * 3
+3 * 3
jcnd=3/3 +34 -4 
* * 
+34 -4 3
+3 * 3
+3 * 3
+2 +12 3
+3 * 3
cfi=(521) ./posix/./posix/register-atfork.c
cfn=(3244) __unregister_atfork
calls=3 0x10e090 -23 
* * 60
+5 +1 3
+2 * 3
+4 * 3
+3 * 3
+6 +1 3
+4 * 3
+1 * 3
+2 * 3
+2 * 3
+2 * 3
+2 * 3
+1 * 3

fl=(523)
fn=(3314)
0xee200 27 1
+4 * 1
+7 +3 1
+5 * 1
jump=1 +9 * 
* * 

fl=(229)
fn=(770)
0x99e50 25 2
+4 +1 2
+5 * 2
jcnd=2/2 +7 -1 
* * 
+7 -1 2
+1 +3 2
+5 -3 2
+3 * 2
+1 * 2
+3 +3 2
+5 -3 2
+4 +3 2
cob=(3)
cfi=(153)
cfn=(772)
calls=2 0x48b7450 -28 
* * 518
+5 * 2
+4 +1 2
+3 * 2
+2 -2 2
+2 +5 2
+4 * 2
+1 * 2

fl=(157) ./csu/./csu/init-first.c
fn=(510) _init_first
0x2a060 46 1
+4 * 1
+1 * 1
+3 * 1
+1 * 1
+2 * 1
+4 +5 1
+7 * 1
+2 +4 1
+7 * 1
+3 * 1
+7 * 1
+4 * 1
+2 +8 1
+7 -2 1
+6 +10 1
+2 -9 1
+7 +1 1
+3 +9 1
+4 * 1
+1 * 1
+1 -1 1
cfi=(158)
cfn=(512)
calls=1 0x129920 -41 
* * 57

fl=(237) ./misc/../sysdeps/unix/sysv/linux/mmap64.c
fn=(794) mmap
0x125320 47 4
+4 +3 4
+7 * 4
+2 -3 4
+1 * 4
+3 * 4
+2 * 4
+3 * 4
+1 * 4
+3 +6 4
+3 * 4
jcnd=4/4 +67 * 
* * 
+2 +5 4
+3 * 4
+3 * 4
+5 * 4
+2 * 4
+6 * 4
+2 +2 4
+1 * 4
+2 * 4
+1 * 4
+40 -7 4
+2 * 4
+6 * 4
+3 * 4
+2 * 4
jcnd=4/4 -78 +5 
* * 

fl=(350) ./io/../sysdeps/unix/sysv/linux/lseek64.c
fn=(1644) lseek
0x11b000 28 10
+4 +12 10
+5 * 10
+2 * 10
+6 * 10
+2 +2 10

fl=(100) ./wcsmbs/../sysdeps/x86_64/multiarch/wcscat.c
fn=(390) wcscat
0xca880 31 1
fi=(97)
+4 +9 1
+7 * 1
+7 * 1
+6 -1 1
+2 * 1
+2 * 1
+6 * 1
jcnd=1/1 +6 +2 
* * 
+6 +2 1
+6 * 1
+3 * 1
+2 +3 1
+2 * 1
+2 +4 1
+3 * 1
+7 * 1
+7 * 1
fe=(100)
+4 -17 1

fn=(324) wcschr
0xca8e0 31 2
fi=(101) ./wcsmbs/../sysdeps/x86_64/multiarch/ifunc-avx2.h
+4 +9 2
+7 * 2
+7 * 2
+6 -2 2
+2 * 2
+2 * 2
+6 * 2
jcnd=2/2 +14 +3 
* * 
fi=(102) ./wcsmbs/../sysdeps/x86_64/multiarch/wcschr.c
+2 -7 2
+3 * 2
fi=(101)
+9 +10 2
+7 * 2
+2 +1 2
+6 * 2
+3 * 2
+2 +3 2
+2 * 2
+2 +4 2
+7 * 2
+3 * 2
+2 +3 2
+3 * 2
+7 * 2
+7 * 2
+4 * 2
jfi=(102)
jump=2 -69 -21 
* * 
fe=(100)

fl=(191) ./nptl/./nptl/pthread_attr_init.c
fn=(612) pthread_attr_init@@GLIBC_2.2.5
0x9a120 32 3
+4 * 3
fi=(192)
+1 +27 3
fe=(191)
+4 -27 3
+3 * 3
+1 * 3
+3 * 3
fi=(192)
+4 +27 3
+8 * 3
+3 * 3
+4 * 3
fe=(191)
+4 -13 3
cfi=(187)
cfn=(604)
calls=3 0x11f670 -19 
* * 18
+5 * 3
+2 * 3
+4 +3 3
+4 * 3
+2 * 3
+1 * 3

fl=(126) ./string/../sysdeps/x86_64/multiarch/strcasecmp_l.c
fn=(386) strcasecmp_l
0xb25d0 31 1
fi=(114)
+4 +6 1
+7 * 1
+6 -1 1
+2 * 1
+2 * 1
+6 * 1
jcnd=1/1 +45 +2 
* * 
fe=(126)
+36 -5 1
+3 * 1
fi=(114)
+6 +7 1
+6 * 1
+6 * 1
+2 +3 1
+2 * 1
+2 +4 1
+7 * 1
+3 * 1
+2 +3 1
+6 * 1
+7 * 1
+2 * 1
jfi=(126)
jump=1 -54 -17 
* * 
fe=(126)

fl=(326) ./io/../sysdeps/unix/sysv/linux/read.c
fn=(1412) read
0x11ba80 25 23
+4 +1 23
+7 * 23
+2 * 23
+2 * 23
+2 * 23
+6 * 23
+2 +1 23

fl=(366) ./io/../sysdeps/unix/sysv/linux/write.c
fn=(1870) write
0x11c590 25 11
+4 +1 11
+7 * 11
jcnd=10/11 +21 -1 
* * 
+2 * 1
+5 * 1
+2 * 1
+6 * 1
+2 +1 1
+4 -2 10
+1 * 10
+3 * 10
+4 * 10
+4 * 10
+4 * 10
+3 +1 10
cfi=(488)
cfn=(2728)
calls=10 0x98550 +5 
* * 180
+5 * 10
+4 * 10
+4 * 10
+3 * 10
+3 * 10
+5 * 10
+2 * 10
+6 * 10
+2 * 10
+3 * 10
+4 * 10
cfi=(488)
cfn=(2732)
calls=10 0x985d0 +37 
* * 150
+5 * 10
+4 +1 10
+1 * 10

fl=(507) ./nptl/./nptl/futex-internal.c
fn=(2938) __futex_abstimed_wait_cancelable64
0x98c90 138 1
+4 * 1
+1 * 1
+3 * 1
+2 * 1
+2 * 1
+3 * 1
+1 * 1
+4 -61 1
+3 * 1
+6 +3 1
+3 * 1
+2 +3 1
+3 * 1
+2 * 1
+6 +1 1
+4 * 1
+3 -27 1
+7 * 1
jfi=(508) ./nptl/../sysdeps/nptl/futex-internal.h
jcnd=1/1 0x98d40 +30 
* * 
+27 * 1
+2 +46 1
+2 * 1
+2 * 1
+3 * 1
+2 * 1
+3 * 1
+5 * 1
+4 * 1
+2 +10 1
+2 +28 1
+4 * 1
+1 * 1
+2 * 1
+2 * 1
+1 * 1
fi=(508)
+53 -54 1
+4 * 1
fe=(507)
+3 -30 1
+4 * 1
cfi=(488)
cfn=(2728)
calls=1 0x98550 -26 
* * 18
+5 * 1
+4 * 1
+3 * 1
+3 * 1
+3 * 1
+4 * 1
+6 * 1
+3 * 1
+5 * 1
+2 * 1
+3 * 1
+3 * 1
cfi=(488)
cfn=(2732)
calls=1 0x985d0 +6 
* * 15
+5 * 1
jump=1 0x98ce6 * 
* * 

fl=(497) ./nptl/./nptl/nptl_deallocate_tsd.c
fn=(2874) __nptl_deallocate_tsd
0x99290 23 1
+4 +5 1
+2 * 1
+8 * 1
+2 * 1
+6 -5 1
+1 * 1
+3 * 1
+2 * 1
+2 * 1
+2 * 1
+2 * 1
+1 * 1
+4 * 1
+8 +16 1
+9 +2 1
+7 * 1
+3 * 1
jump=1 +23 +4 
* * 
+6 * 32
+4 * 32
+7 * 32
+4 * 32
jcnd=1/32 +91 +40 
* * 
+2 +4 32
+9 +2 32
+3 * 32
jcnd=31/32 -29 -6 
* * 
+2 +4 1
+4 * 1
+7 -4 1
+3 * 1
jump=1 +24 +7 
* * 
+11 +4 32
+4 * 32
+4 * 32
+3 * 32
jcnd=1/32 -67 -10 
* * 
+2 +3 32
+3 +2 32
+3 * 32
jcnd=31/32 -19 -5 
* * 
+2 +3 1
+7 +8 1
+4 * 1
+4 * 1
+2 +4 1
+3 * 1
+3 * 1
+2 +2 1
cob=(6)
cfi=(406) /rustc/4a4ef493e3a1488c6e321570238084b38948f6db/library/std/src/sys/thread_local/guard/key.rs
cfn=(2876) std::sys::thread_local::guard::key::enable::run
calls=1 0x2537f0 -53 
* * 34
+2 * 1
jump=1 -48 -22 
* * 
+2 +8 1
+2 * 1
+8 * 1
+2 * 1
jcnd=1/1 +76 -34 
* * 
+76 -34 1
+5 * 1
+1 +51 1
+9 +1 1
+3 * 1
jcnd=1/1 +20 -5 
* * 
-12 -1 30
+9 +1 30
+3 * 30
jcnd=30/30 +20 -5 
* * 
+20 -5 31
+4 * 31
+4 * 31
jcnd=30/31 -40 +4 
* * 
+2 +14 1
+9 +2 1
+4 * 1
+1 * 1
+2 * 1
+2 * 1
+2 * 1
+2 * 1
+1 * 1

fl=(194)
fn=(956) unlink_chunk.isra.0
0xa9ad0 1608 5073
+1 +2 5073
+4 * 5073
+3 * 5073
+4 -2 5073
+3 +2 5073
+4 * 5073
+6 +3 5073
+5 +1 5073
+4 * 5073
+5 +2 5073
+4 * 5073
+2 * 5073
+4 * 5073
+2 -3 5073
+4 +6 5073
+4 +1 5073
+5 +1 5073
+7 * 5073
jcnd=691/5073 +42 +24 
* * 
+2 * 4382
+4 * 4382
+3 * 4382
jcnd=2807/4382 +33 +24 
* * 
+2 +2 1575
+4 * 1575
+2 +1 1575
+4 * 1575
+4 * 1575
+2 +3 1575
+5 * 1575
+2 +14 1575
+4 +1 1575
+4 +3 1575
+1 * 1575
-1 * 3498
+1 * 3498

fn=(1916) _int_memalign
0xad1d0 5039 1
+1 * 1
+3 * 1
+2 * 1
+2 * 1
+2 * 1
+2 * 1
+1 * 1
+4 1326 1
+3 * 1
+6 +19 1
+4 * 1
+5 * 1
+3 * 1
+3 * 1
+4 * 1
+4 * 1
+4 5052 1
+3 * 1
+6 +20 1
+5 * 1
+4 * 1
+3 * 1
cfn=(632) _int_malloc
calls=1 0xab570 3846 
* * 133
+5 +2 1
+4 * 1
+3 -2 1
+3 +2 1
+6 +5 1
+2 -2 1
+4 +2 1
+3 * 1
+3 * 1
+6 +7 1
+3 * 1
+5 * 1
+3 * 1
+3 * 1
+4 +2 1
+3 * 1
+3 * 1
+4 * 1
+6 +5 1
+4 * 1
+3 * 1
+4 * 1
+3 +3 1
+2 * 1
+6 +8 1
+7 * 1
+2 * 1
+4 * 1
+3 * 1
+4 * 1
+4 * 1
+3 * 1
+3 * 1
+4 * 1
+4 +2 1
+6 +1 1
+4 * 1
+3 * 1
+3 +1 1
+3 -1 1
+3 * 1
+4 +1 1
cfn=(952) _int_free_merge_chunk
calls=1 0xaaf90 4665 
* * 91
+5 +3 1
+4 * 1
+3 * 1
+6 * 1
+4 * 1
+2 * 1
+3 * 1
+3 * 1
+3 * 1
+6 -2 1
+3 +7 1
+4 * 1
+2 * 1
+6 +2 1
+3 * 1
+4 +1 1
+4 +1 1
+4 +1 1
+3 * 1
+6 +2 1
+3 +2 1
+4 -5 1
+4 +4 1
+4 * 1
jcnd=1/1 0xad410 +9 
* * 
+39 4720 1
+4 * 1
jcnd=1/1 0xad458 +1 
* * 
+11 +13 1
+4 -1 1
+4 +1 1
+5 * 1
+5 * 1
+4 +1 1
+4 * 1
+6 +2 1
+5 +2 1
+7 * 1
+2 +2 1
+4 * 1
+5 +3 1
+4 +1 1
+4 +2 1
+3 * 1
+4 * 1
+4 +1 1
+4 5137 1
+3 * 1
+3 * 1
cfn=(954) _int_free_maybe_consolidate
calls=1 0xaab00 4770 
* * 24
+5 +7 1
+4 * 1
+3 * 1
+1 * 1
+2 * 1
+2 * 1
+2 * 1
+2 * 1
+1 * 1
+90 -11 1
+3 -1 1
+4 +1 1
+3 * 1
+4 4714 1
+3 * 1
+2 5126 1
+4 * 1
jump=1 0xad33d 4720 
* * 
+49 4721 1
cfn=(956)
calls=1 0xa9ad0 1608 
* * 24
+5 +1 1
+3 * 1
jump=1 0xad34c +11 
* * 

fn=(1380) malloc_consolidate
0xa9bb0 4811 113
+1 +17 113
+4 -17 113
+3 * 113
+2 * 113
+2 * 113
+3 * 113
+2 +28 113
+4 -28 113
+2 * 113
+1 * 113
+4 +15 113
+7 +2 113
+4 +13 113
+2 * 113
+4 +1 113
+3 * 113
jcnd=2/113 0xa9c54 +3 
* * 
-9 -1 1017
+2 * 1017
+4 +1 1017
+3 * 1017
jcnd=210/1017 0xa9c54 +3 
* * 
+2 +62 1130
+4 * 1130
+4 * 1130
jcnd=1017/1130 -19 -63 
* * 
+2 +1 113
+4 * 113
+1 * 113
+2 * 113
+2 * 113
+2 * 113
+2 * 113
+1 * 113
+6 -31 848
+6 * 848
jcnd=489/848 0xa9d10 +1 
* * 
+6 +4 359
+4 * 359
+4 +2 359
+4 +1 359
+4 * 359
+5 +1 359
+4 * 359
+4 +2 359
+7 * 359
jcnd=347/359 +10 +5 
* * 
-28 -4 489
+4 +1 489
+4 * 489
+5 +1 489
+4 * 489
+4 +2 489
+7 * 489
jcnd=355/489 +10 +5 
* * 
+2 +1 146
+4 * 146
+4 +4 146
+3 +2 146
+4 -2 146
+4 * 146
+4 +3 146
+3 +9 146
+3 * 146
jcnd=6/146 0xa9be2 +3 
* * 
-21 -12 702
+3 +2 702
+4 -2 702
+4 * 702
+4 +3 702
+3 +9 702
+3 * 702
jcnd=205/702 0xa9be2 +3 
* * 
-3 * 6
+3 * 6
jcnd=1/6 0xa9be2 +3 
* * 
+2 * 642
+3 -56 642
+3 * 642
-3 * 212
+3 * 212
+6 +4 854
+4 * 854
+2 * 854
+3 +1 854
+3 * 854
+5 * 854
+3 * 854
+6 +8 854
+3 -3 854
+4 * 854
+4 +3 854
+4 -3 854
+4 +4 854
+4 -4 854
+3 +5 854
+4 -5 854
+3 +5 854
+3 * 854
+4 +2 854
+3 * 854
jcnd=643/854 +76 +9 
* * 
+2 +1 211
+3 +2 211
+3 -1 211
+3 +2 211
+4 * 211
+4 * 211
+3 * 211
+6 +2 211
+3 * 211
+4 * 211
+4 * 211
+4 * 211
+4 * 211
+4 * 211
cfn=(956)
calls=211 0xa9ad0 1608 
* * 4506
+5 * 211
+4 * 211
+4 * 211
+4 * 211
+4 * 211
+4 +3 211
+4 * 211
jcnd=207/211 0xa9c00 +3 
* * 
-4 * 643
+4 * 643
jcnd=641/643 0xa9c00 +3 
* * 
+6 +25 6
+3 +1 6
+4 * 6
+4 +1 6
+4 * 6
jump=6 0xa9c4c +3 
* * 
+9 -23 489
+3 +1 489
+3 * 489
+4 * 489
+4 +16 489
+4 * 489
+4 -16 489
cfn=(956)
calls=489 0xa9ad0 1608 
* * 10647
+5 * 489
+4 * 489
+4 * 489
+4 * 489
jump=489 0xa9c14 +4 
* * 

fn=(710) _int_free
0xab170 4495 4420
+1 * 4420
+3 * 4420
+2 * 4420
+2 * 4420
+3 * 4420
+1 * 4420
+4 +4 4420
+4 * 4420
+3 * 4420
+4 +6 4420
+3 * 4420
+3 * 4420
+3 * 4420
+6 +1 4420
+4 * 4420
+6 +4 4420
+4 * 4420
+6 * 4420
+3 * 4420
+6 * 4420
+3 +8 4420
+7 * 4420
+4 * 4420
+3 * 4420
jcnd=25/4420 +64 1792 
* * 
+2 -1 4395
+4 * 4395
+4 +1 4395
+7 * 4395
jcnd=3350/4395 +47 1792 
* * 
+2 +29 1045
+7 -20 1045
+7 -6 1045
+4 +6 1045
+4 * 1045
+6 +20 1045
+5 * 1045
+3 * 1045
+3 * 1045
jcnd=195/1045 0xab348 3163 
* * 
+6 1792 4225
+7 4561 4225
+3 * 4225
jcnd=3358/4225 0xab2b0 +76 
* * 
+6 +11 867
+4 * 867
+4 * 867
+4 * 867
+6 +2 867
+4 * 867
+7 * 867
+6 1992 867
+6 4593 867
+4 1992 867
+2 * 867
+6 4595 867
+7 +1 867
+3 +4 867
+3 * 867
+4 +2 867
+7 -2 867
+4 +2 867
jcnd=806/867 0xab2e0 -5 
* * 
+2 +4 61
+3 * 61
+6 +2 61
+4 * 61
+3 * 61
+4 +1 61
+4 +19 61
+3 * 61
jcnd=6/61 +23 +30 
* * 
-3 * 806
+3 * 806
jcnd=211/806 +23 +30 
* * 
+2 * 650
+4 * 650
jcnd=649/650 +17 +30 
* * 
+2 +1 1
+4 * 1
+3 * 1
+2 * 1
+6 +29 1673
+4 * 1673
+1 * 1673
+2 * 1673
+2 * 1673
+1 * 1673
+9 -21 3358
+4 * 3358
+2 +3 3358
+7 * 3358
jcnd=9/3358 +11 +18 
* * 
+2 +3 3349
+3 * 3349
jcnd=611/3349 0xab420 +1 
* * 
+6 +15 2747
+4 -12 2747
+3 +12 2747
+1 * 2747
+2 * 2747
+2 * 2747
+1 -12 2747
cfn=(952)
calls=2747 0xaaf90 +19 
* * 255094
+11 -49 806
+2 +22 806
+4 -22 806
+4 * 806
jump=806 +47 +19 
* * 
+6 +22 806
+3 * 806
+3 * 806
+4 +2 806
+3 * 806
+9 * 806
+2 * 806
+5 +1 806
+3 * 806
jcnd=806/806 0xab283 +6 
* * 
+9 -6 806
+3 * 806
jcnd=806/806 -44 +3 
* * 
+44 3163 195
+7 +4 195
+3 -4 195
+4 +2 195
+3 * 195
+4 * 195
+8 * 195
+4 +1 195
+8 +1 195
+5 4550 195
jump=195 0xab29d 4658 
* * 
0xab420 +94 611
+5 * 611
+3 * 611
+4 * 611
+6 +2 611
+3 * 611
cfn=(952)
calls=611 0xaaf90 +19 
* * 140353
+5 +3 611
+2 * 611
+2 * 611
+3 * 611
jcnd=611/611 0xab29d +9 
* * 

fn=(1912) posix_memalign
0xaf450 5786 1
+4 * 1
+1 * 1
+3 * 1
+2 * 1
+3 * 1
+2 * 1
+3 * 1
+1 * 1
+3 * 1
+4 +3 1
+7 * 1
+2 +6 1
+3 * 1
+4 * 1
+4 * 1
+3 -1 1
+3 * 1
+3 +2 1
+3 * 1
+2 * 1
+3 * 1
+2 +5 1
+3 * 1
+3 * 1
cfn=(1914) _mid_memalign.isra.0
calls=1 0xad990 3575 
* * 463
+5 * 1
+3 +8 1
+5 -6 1
+3 * 1
+2 +2 1
+4 +1 1
+2 +4 1
+4 * 1
+1 * 1
+2 * 1
+2 * 1
+1 * 1

fn=(1914)
0xad990 3575 1
+1 * 1
+3 * 1
+2 * 1
+2 * 1
+3 * 1
+1 * 1
+4 +6 1
+4 * 1
+6 +4 1
+4 * 1
jcnd=1/1 0xadad0 +5 
* * 
+11 1326 1
+3 * 1
+6 +19 1
+5 * 1
+2 * 1
+4 * 1
+2 * 1
+4 3615 1
+4 * 1
+4 * 1
+3 +2 1
+7 * 1
+2 +1 1
+7 * 1
+4 * 1
+3 * 1
+2 +1 1
+5 * 1
+4 * 1
+6 * 1
+10 +19 1
+7 * 1
jcnd=1/1 0xadb80 +2 
* * 
0xadabb +24 1
+4 * 1
+1 * 1
+2 * 1
+2 * 1
+1 * 1
+11 -72 1
+10 * 1
+3 * 1
+6 +8 1
+4 * 1
+3 * 1
jcnd=1/1 0xadce0 +45 
* * 
0xadb80 +42 1
+3 * 1
+7 * 1
+3 * 1
+3 * 1
cfn=(1916)
calls=1 0xad1d0 5039 
* * 404
+5 +1 1
+3 * 1
+2 * 1
+4 * 1
+3 * 1
fi=(195) ./malloc/./malloc/arena.c
+6 153 1
+3 * 1
jfi=(194)
jcnd=1/1 0xadabb 3662 
* * 
fe=(194)
0xadce0 3643 1
+3 * 1
jump=1 0xad9b9 1326 
* * 

fn=(704) _int_realloc
0xacf50 4914 2826
+1 * 2826
+3 * 2826
+2 * 2826
+2 * 2826
+2 * 2826
+2 * 2826
+1 * 2826
+4 +11 2826
+4 * 2826
+4 * 2826
+6 * 2826
+3 +1 2826
+7 * 2826
+3 * 2826
+3 * 2826
+3 * 2826
+6 +1 2826
+3 * 2826
+4 * 2826
+3 * 2826
+6 +6 2826
+4 * 2826
+6 +2 2826
+4 * 2826
+3 +1 2826
+4 * 2826
+3 * 2826
+4 +2 2826
+3 * 2826
+6 * 2826
+4 * 2826
+6 +3 2826
+3 * 2826
jcnd=2812/2826 +86 +10 
* * 
+2 +14 2378
+7 +53 2378
+3 * 2378
+3 -53 2378
+3 * 2378
+3 +57 2378
+4 -57 2378
+3 +57 2378
+4 * 2378
+3 -2 2378
+4 * 2378
jcnd=2358/2378 0xad0b0 +11 
* * 
+6 +2 20
+3 * 20
+4 +1 20
+5 +16 20
+4 +1 20
+4 * 20
+3 * 20
+1 * 20
+2 * 20
+2 * 20
+2 * 20
+2 * 20
+1 * 20
-21 -1 2358
+4 +1 2358
+4 * 2358
+3 * 2358
+1 * 2358
+2 * 2358
+2 * 2358
+2 * 2358
+2 * 2358
+1 * 2358
-17 * 448
+4 * 448
+3 * 448
+1 * 448
+2 * 448
+2 * 448
+2 * 448
+2 * 448
+1 * 448
+8 -79 2812
+4 * 2812
jcnd=32/2812 0xad140 +1 
* * 
+6 +12 2780
+5 * 2780
jcnd=2658/2780 0xad0e0 +2 
* * 
+6 +12 416
+4 * 416
+3 * 416
+4 * 416
cfn=(632)
calls=416 0xab570 3846 
* * 108032
+5 * 416
+3 +1 416
+3 * 416
+2 +9 416
+4 -6 416
+4 +1 416
+4 +5 416
+3 * 416
+6 +8 416
+4 -1 416
fi=(200) ./malloc/../string/bits/string_fortified.h
+4 29 416
fe=(194)
+3 4993 416
+3 * 416
+4 * 416
+3 * 416
+4 * 416
+3 * 416
fi=(200)
+5 29 416
cob=(3)
cfi=(153)
cfn=(706)
calls=416 0x48b76b0 -29 
* * 104559
fe=(194)
+5 4997 416
+5 * 416
+3 * 416
+3 * 416
cfn=(710)
calls=416 0xab170 4495 
* * 64263
+5 +2 416
jump=416 0xad007 +31 
* * 
+24 +22 2358
+3 -4 2358
+4 +3 2358
+3 +5 2358
+3 -4 2358
+4 -1 2358
+4 +1 2358
+4 +3 2358
+5 +1 2358
+5 * 2358
cfn=(710)
calls=2358 0xab170 4495 
* * 315575
+5 * 2358
jump=2358 0xad003 +4 
* * 
+8 -60 2658
+3 -1 2658
+3 * 2658
jcnd=294/2658 0xad035 +11 
* * 
+6 +5 2364
+3 * 2364
+4 * 2364
cfn=(956)
calls=2364 0xa9ad0 1608 
* * 56730
+5 +44 2364
+4 * 2364
+4 -48 2364
+3 * 2364
jump=2364 0xacfcc -10 
* * 
+61 -13 32
+3 +1 32
+4 -2 32
+3 * 32
+6 +4 32
+7 * 32
+3 * 32
+3 * 32
+4 +2 32
+3 -2 32
+3 +2 32
+4 -2 32
+4 * 32
+3 +1 32
+4 -1 32
+3 * 32
+4 +4 32
+4 -3 32
+4 +1 32
+4 +2 32
jump=32 0xad007 +71 
* * 

fn=(738)
0xadd50 3359 1624
+4 +4 1624
+3 * 1624
jcnd=2/1624 0xade30 +39 
* * 
+6 -4 1622
+1 * 1622
+3 * 1622
+2 +14 1622
+4 -14 1622
+2 * 1622
+1 * 1622
+4 +12 1622
+7 +4 1622
+4 -4 1622
+4 +4 1622
+2 * 1622
+2 +17 1622
+7 * 1622
+5 * 1622
jcnd=2/1622 0xade38 3248 
* * 
fi=(195)
+6 153 1622
+7 * 1622
+2 * 1622
jfi=(194)
jcnd=615/1622 +40 3398 
* * 
+2 -98 1007
+7 +92 1007
+8 * 1007
+3 * 1007
+3 * 1007
+7 * 1007
+4 * 1007
+3 +6 1007
fe=(194)
+3 3398 1007
+3 * 1007
+2 * 1007
cfn=(710)
calls=1007 0xab170 4495 
* * 176674
-5 * 615
+3 * 615
+2 * 615
cfn=(710)
calls=615 0xab170 4495 
* * 75337
+5 +3 1622
+4 +1 1622
+4 * 1622
+1 * 1622
+2 * 1622
+2 * 1622
+1 * 1622
+84 * 2
+8 3248 2
+7 * 2
+4 * 2
+4 * 2
jfi=(195)
jcnd=1/2 0xadd93 153 
* * 
+6 * 1
cfn=(630) tcache_init.part.0
calls=1 0xace10 -6 
* * 1299
+5 3395 1
+4 * 1
+4 * 1
jfi=(195)
jump=1 0xadd93 153 
* * 

fn=(952)
0xaaf90 4665 3359
+1 * 3359
+3 * 3359
+2 * 3359
+2 * 3359
+2 +1 3359
+4 -1 3359
+2 * 3359
+1 * 3359
+4 +5 3359
+4 * 3359
+3 * 3359
+6 * 3359
+3 * 3359
+3 * 3359
+3 +3 3359
+4 * 3359
jcnd=13/3359 0xab100 +2 
* * 
+6 +5 3359
+4 * 3359
+2 * 3359
+6 +3 3359
+3 * 3359
+4 +1 3359
+4 * 3359
+6 +1 3359
+7 * 3359
+6 1992 3359
+6 * 3359
+2 * 3359
+6 4689 3359
+4 * 3359
jcnd=3069/3359 +36 +25 
* * 
+2 +2 290
+3 +2 290
+3 -1 290
+3 +2 290
+4 * 290
+4 * 290
+3 * 290
+6 +2 290
+3 * 290
cfn=(956)
calls=290 0xa9ad0 1608 
* * 6699
+5 +18 3359
+4 * 3359
jcnd=102/3359 0xab0b0 +42 
* * 
+6 +6 3257
+6 * 3257
jcnd=587/3257 0xab0d8 +1 
* * 
+6 +4 2670
+5 +9 2670
+4 -1 2670
+4 +1 2670
+5 * 2670
+5 * 2670
+4 +1 2670
+4 * 2670
-26 -1 587
+4 -1 587
+4 +1 587
+5 * 587
+5 * 587
+4 +1 587
+4 * 587
+6 +2 3257
+4 +2 3257
+7 * 3257
jcnd=3253/3257 +53 +2 
* * 
+2 +5 3257
+4 +1 3257
+4 +2 3257
+3 * 3257
+4 * 3257
+4 +1 3257
+4 -45 3257
+4 -1 3257
+3 * 3257
+3 +1 3257
+1 * 3257
+2 * 3257
+2 * 3257
+2 * 3257
+2 * 3257
+1 -1 3257
cfn=(954)
calls=3257 0xaab00 +69 
* * 78168
-20 +1 102
+4 -1 102
+3 * 102
+3 +1 102
+1 * 102
+2 * 102
+2 * 102
+2 * 102
+2 * 102
+1 -1 102
cfn=(954)
calls=102 0xaab00 +69 
* * 71127
+8 +39 3253
+4 * 3253
+4 * 3253
jump=3253 -59 +3 
* * 
+8 +16 102
+3 +1 102
+3 * 102
+4 * 102
+4 +1 102
+4 * 102
jump=102 -62 -56 
* * 
+22 -37 587
+3 +1 587
+3 -1 587
cfn=(956)
calls=587 0xa9ad0 1608 
* * 18417
+5 +1 587
jump=587 0xab040 +11 
* * 
+29 -47 13
+4 * 13
+4 * 13
+3 -2 13
+3 * 13
jcnd=13/13 0xaafc5 +5 
* * 

fn=(632)
0xab570 3846 1935
+1 * 1935
+3 * 1935
+2 * 1935
+2 * 1935
+2 * 1935
+2 * 1935
+1 * 1935
+4 * 1935
+9 * 1935
+4 * 1935
+2 1326 1935
+3 * 1935
+6 +19 1935
+4 * 1935
+3 * 1935
+3 * 1935
+4 * 1935
jcnd=891/1935 0xab938 3887 
* * 
+6 * 1044
+4 3887 1044
+3 * 1044
+6 1794 1044
+7 3914 1044
+3 * 1044
jcnd=739/1044 0xab6d8 +63 
* * 
+6 +65 305
+3 * 305
+4 -63 305
+4 * 305
+3 * 305
+4 * 305
+4 +3 305
+4 +2 305
+3 * 305
jcnd=299/305 0xaba73 +9 
* * 
+6 +2 6
+3 * 6
+6 -6 6
+3 +9 6
+7 * 6
jcnd=1/6 0xab918 +3 
* * 
+6 +1 5
+4 * 5
+3 * 5
+4 * 5
+4 * 5
+4 +5 5
+4 * 5
+3 +1 5
+3 * 5
-10 -1 1
+4 * 1
+3 +1 1
+3 * 1
+6 +7 6
+7 -1 6
+4 * 6
+4 +1 6
+4 * 6
+3 * 6
+6 * 6
+7 * 6
+6 +5 6
+5 * 6
+7 3165 6
+4 3945 6
+3 +1 6
+3 * 6
jcnd=1/6 +73 * 
* * 
+2 * 5
jump=5 0xabae0 1985 
* * 
+71 * 1
+4 * 1
+3 * 1
jcnd=1/1 0xabae0 1985 
* * 
+32 +31 739
+7 * 739
jcnd=41/739 0xac000 +93 
* * 
+6 +62 698
+3 * 698
+4 * 698
+4 * 698
+7 * 698
jcnd=206/698 +89 +1 
* * 
+2 * 492
+3 * 492
+4 * 492
+4 * 492
+7 * 492
jcnd=491/492 +69 +1 
* * 
+2 * 1
+3 * 1
+4 * 1
+4 * 1
+7 * 1
jcnd=1/1 +49 +1 
* * 
+49 +1 698
+5 * 698
+2 * 698
jcnd=12/698 0xaba88 +1 
* * 
+6 +20 1924
+7 -1 1924
+4 -1 1924
+3 +1 1924
+4 * 1924
+4 +1 1924
+5 * 1924
jcnd=2/1924 +13 +10 
* * 
+2 -2 1922
+7 * 1922
+4 +12 1922
+5 * 1922
+5 * 1922
+8 * 1922
+3 * 1922
jcnd=297/1922 0xabc99 4257 
* * 
-21 * 2
+5 * 2
+5 * 2
+8 * 2
+3 * 2
jcnd=2/2 0xabc99 4257 
* * 
+6 -1 1625
+7 * 1625
+3 +4 1625
+4 * 1625
+4 +1 1625
+4 +2 1625
+4 * 1625
-16 -3 436
+4 * 436
+4 +1 436
+4 +2 436
+4 * 436
+6 +1 2061
+8 * 2061
+3 * 2061
+6 +2 2061
+4 +1 2061
+3 * 2061
+6 * 2061
+4 * 2061
+6 +2 2061
+3 * 2061
+4 * 2061
+3 * 2061
+6 -10 2061
+4 +12 2061
+4 * 2061
+6 +1 2061
+4 * 2061
+6 +2 2061
+3 * 2061
+6 +11 2061
+3 * 2061
jcnd=436/2061 +15 +29 
* * 
+2 * 1625
+7 * 1625
jcnd=943/1625 0xabde8 +1 
* * 
+6 +29 1621
+5 +1 1621
+4 +4 1621
+3 * 1621
+6 +29 1621
+6 * 1621
jcnd=46/1621 0xabbc8 +2 
* * 
+6 +8 1575
+3 * 1575
+4 * 1575
+6 * 1575
jcnd=492/1575 0xabe30 -8 
* * 
+6 * 1083
+3 * 1083
+4 * 1083
+6 * 1083
jcnd=1/1083 0xac050 * 
* * 
+6 * 1082
+3 * 1082
+8 * 1082
+3 * 1082
+3 * 1082
+4 +1 1082
+3 +1 1082
+3 -1 1082
+4 +4 1082
+3 * 1082
jcnd=797/1082 0xabf00 +44 
* * 
-13 -4 493
+3 +1 493
+3 -1 493
+4 +4 493
+3 * 493
jcnd=400/493 0xabf00 +44 
* * 
+6 +5 378
+4 -2 378
+4 +2 378
+4 * 378
+4 * 378
+6 +1 378
+3 * 378
jcnd=186/378 0xac07d +12 
* * 
+6 +7 192
+4 -1 192
+5 * 192
+5 * 192
+4 * 192
+4 +2 192
+4 * 192
+4 * 192
jump=192 0xabbdf +33 
* * 
+28 3929 1
+3 * 1
+9 * 1
+2 * 1
+5 * 1
+3 * 1
jcnd=1/1 0xab619 +3 
* * 
+18 * 1
+4 * 1
+4 * 1
+3 * 1
+4 * 1
+3 * 1
+3 * 1
+3 * 1
jcnd=1/1 -64 * 
* * 
+8 -42 891
+3 * 891
+6 +27 891
+7 * 891
jcnd=891/891 0xaba50 * 
* * 
+22 +66 1231
+3 +2 1231
+4 -2 1231
+4 +2 1231
+3 * 1231
jcnd=1226/1231 0xab75d +78 
* * 
+6 +2 5
+4 +1 5
+4 * 5
+6 +6 5
+7 -4 5
+6 +1 5
+4 +1 5
+4 +2 5
+3 * 5
jcnd=5/5 +7 +7 
* * 
+7 +7 5
+7 * 5
+4 * 5
+3 * 5
+6 -1 5
+4 * 5
+4 +1 5
+7 * 5
+6 +5 5
+7 * 5
+5 * 5
+4 * 5
+3 * 5
-7 * 7
+4 * 7
+3 * 7
jcnd=1/7 0xabb10 1985 
* * 
+6 +1 11
+3 * 11
jcnd=4/11 0xabb10 1985 
* * 
+6 +2 7
+3 * 7
jcnd=7/7 0xabe6c +2 
* * 
+99 -92 891
+2 * 891
+5 * 891
+6 1345 891
+5 3919 891
+4 * 891
+4 +2 891
+3 * 891
+6 +9 1190
+5 * 1190
+4 * 1190
jump=1190 0xab95e +50 
* * 
+12 4041 12
+3 * 12
cfn=(1380)
calls=12 0xa9bb0 4811 
* * 4856
+5 * 12
jump=12 0xab75d +19 
* * 
+8 +93 12
+4 +1 12
+7 -1 12
+4 +1 12
+3 * 12
jcnd=12/12 +7 -14 
* * 
+7 -14 12
+4 +19 12
+3 * 12
+2 +1 12
+4 * 12
+4 * 12
+5 * 12
+7 * 12
+3 * 12
jcnd=12/12 0xabd90 3163 
* * 
+15 1985 6
+6 * 6
+2 * 6
+2 4487 1935
+4 * 1935
+9 * 1935
+6 * 1935
+4 * 1935
+3 * 1935
+1 * 1935
+2 * 1935
+2 * 1935
+2 * 1935
+2 * 1935
+1 * 1935
+2 1985 5
+6 4020 5
+4 1985 5
+2 * 5
jcnd=5/5 -50 4487 
* * 
0xabbc8 4163 55
+3 * 55
+3 +1 55
+4 * 55
+2 * 55
+4 +1 55
+3 -1 55
+4 +57 55
+3 * 55
+6 +9 55
+5 -9 55
+2 * 55
+3 +9 55
+4 -9 55
+3 * 55
+2 * 55
+8 +1 55
+4 +1 55
+4 +1 55
+4 +1 55
+4 +6 55
+3 * 55
jcnd=55/55 0xabd50 +9 
* * 
-55 -10 1575
+3 * 1575
+6 +9 1575
+5 -9 1575
+2 * 1575
+3 +9 1575
+4 -9 1575
+3 * 1575
+2 * 1575
+8 +1 1575
+4 +1 1575
+4 +1 1575
+4 +1 1575
+4 +6 1575
+3 * 1575
jcnd=1575/1575 0xabd50 +9 
* * 
0xabc82 4070 1630
+5 * 1630
+3 * 1630
jcnd=436/1630 0xab7aa +3 
* * 
+6 4246 1194
+3 * 1194
+6 +11 1493
+4 * 1493
+7 * 1493
jcnd=795/1493 +35 +6 
* * 
+2 +2 698
+4 * 698
+3 * 698
+4 +3 698
+3 -3 698
+4 +3 698
+3 * 698
jcnd=411/698 +12 +1 
* * 
+2 +1 287
+4 * 287
jcnd=97/287 0xac524 +3 
* * 
+6 * 1396
+3 +71 1396
+6 * 1396
+3 * 1396
+3 -4 1396
+3 +1 1396
+3 +1 1396
+3 -1 1396
+5 +1 1396
+4 +1 1396
+3 * 1396
+8 +1 1396
+3 * 1396
+2 * 1396
+8 +5 1396
+3 * 1396
+2 * 1396
jcnd=345/1396 +23 +14 
* * 
-5 * 630
+3 * 630
+2 * 630
jcnd=126/630 +23 +14 
* * 
+2 * 1555
jump=1555 0xabf18 +4 
* * 
+9 +16 10239
+4 +2 10239
+2 * 10239
+6 -4 11903
+2 * 11903
jcnd=10239/11903 -14 +2 
* * 
+2 +8 1664
+4 +3 1664
+3 * 1664
jcnd=1034/1664 0xac1a8 +9 
* * 
+6 +2 630
+2 +1 630
+4 +1 630
+2 -2 630
+2 * 630
+2 * 630
+3 * 630
+8 -27 630
jump=630 -68 * 
* * 
+12 -99 1630
+4 * 1630
+3 * 1630
+5 * 1630
jcnd=1630/1630 0xabc82 4070 
* * 
+52 3163 12
+7 +4 12
+3 -4 12
+4 +2 12
+3 * 12
+4 * 12
+4 * 12
+4 * 12
+4 * 12
+4 * 12
+8 * 12
+4 +1 12
+4 * 12
+4 +1 12
+5 4070 12
+3 * 12
jcnd=12/12 0xac35a * 
* * 
+23 +29 943
+5 * 943
jcnd=503/943 0xab82b +28 
* * 
+6 +2 440
+4 -1 440
+3 * 440
jcnd=419/440 0xac3da +5 
* * 
+6 +27 21
+5 +1 21
+4 +4 21
+3 * 21
jcnd=12/21 0xaba98 +2 
* * 
+6 +29 9
+6 * 9
jcnd=9/9 0xabbc8 +2 
* * 
+24 * 492
+5 +8 492
+3 * 492
+3 * 492
+3 * 492
+4 * 492
jump=492 0xab884 +1 
* * 
+42 4008 7
+4 +1 7
+6 +1 7
+3 * 7
jcnd=7/7 +7 3159 
* * 
+7 3159 7
+4 4012 7
+4 3167 7
+4 -8 7
+4 +4 7
+7 4013 7
+4 3163 7
+4 +2 7
+4 * 7
+4 * 7
+8 * 7
+4 +1 7
+4 +2 7
+3 -2 7
+8 +1 7
+5 +1 7
jump=7 0xab9d4 4003 
* * 
+57 4218 1197
+5 -48 1197
+3 +48 1197
+4 * 1197
+4 * 1197
jump=1197 0xabbdf +3 
* * 
+8 4343 1555
+4 * 1555
+3 * 1555
jcnd=202/1555 +97 4443 
* * 
+2 +3 1353
+2 * 1353
+8 * 1353
+2 * 1353
jcnd=595/1353 0xac18d -3 
* * 
+6 -3 758
+4 * 758
+4 * 758
jcnd=7/758 +69 4443 
* * 
+2 +3 751
+2 * 751
+8 * 751
+2 * 751
jcnd=487/751 0xac18d -3 
* * 
+6 -3 264
+4 * 264
+4 * 264
jcnd=7/264 +41 4443 
* * 
+2 +3 257
+2 * 257
+8 * 257
+2 * 257
jcnd=111/257 0xac18d -3 
* * 
+6 -3 146
+3 * 146
jcnd=146/146 +18 4443 
* * 
+18 4443 362
+5 +1 362
+4 * 362
+4 +2 362
+8 * 362
+6 +3 362
+4 * 362
+3 * 362
jcnd=361/362 0xac4e8 +3 
* * 
+6 +17 1
+4 * 1
+5 * 1
+2 * 1
jcnd=1/1 0xac45f 2552 
* * 
+77 4070 41
+2 -91 41
+3 * 41
+3 * 41
+4 * 41
+3 * 41
+4 * 41
jump=41 0xab95e +1 
* * 
+61 4169 1
+3 * 1
+4 * 1
+6 * 1
+6 * 1
+8 * 1
+3 * 1
+3 * 1
+3 * 1
+4 * 1
jump=1 0xab884 +1 
* * 
+5 +23 186
+4 * 186
+4 * 186
jcnd=186/186 +29 +1 
* * 
+29 +1 186
+3 * 186
+2 +6 186
+2 +7 186
+4 -1 186
+5 * 186
+5 * 186
+4 * 186
+4 +2 186
+4 * 186
+6 +2 186
+4 +1 186
+4 * 186
+3 * 186
+4 +2 186
+4 +1 186
+4 * 186
jcnd=186/186 0xabbdf +8 
* * 
0xac18d 4343 1193
+3 +5 1193
+3 * 1193
+3 * 1193
+3 * 1193
+5 +1 1193
+5 * 1193
jump=1193 0xabd1c +4 
* * 
+5 +24 1034
+4 * 1034
+3 * 1034
+3 * 1034
+4 +3 1034
+3 * 1034
+6 +2 1034
+3 +3 1034
+3 * 1034
+4 -3 1034
+3 * 1034
+4 +3 1034
cfn=(956)
calls=1034 0xa9ad0 1608 
* * 33630
+5 +3 1034
+4 * 1034
+4 * 1034
+4 * 1034
jcnd=19/1034 0xac308 +3 
* * 
+6 +15 1015
+5 * 1015
+5 -5 1015
+4 +5 1015
+5 * 1015
+4 +1 1015
+4 * 1015
+6 +3 1015
+4 +1 1015
+5 +1 1015
+4 +3 1015
+7 * 1015
jcnd=395/1015 +7 +2 
* * 
+2 +1 620
+5 +1 620
+7 * 620
jcnd=22/620 +10 +5 
* * 
-7 * 395
+7 * 395
jcnd=3/395 +10 +5 
* * 
+2 +2 990
+4 * 990
+4 +3 990
+7 * 990
+3 * 990
+3 * 990
+3 * 990
+4 * 990
+3 * 990
+4 * 990
+4 +2 990
+3 * 990
+4 * 990
+4 +1 990
+4 1985 990
+6 4421 990
+4 1985 990
+2 * 990
jcnd=990/990 0xabaea 4487 
* * 
-58 4415 25
+7 * 25
+3 * 25
+3 * 25
+3 * 25
+4 * 25
+3 * 25
+4 * 25
+4 +2 25
+3 * 25
+4 * 25
+4 +1 25
+4 1985 25
+6 4421 25
+4 1985 25
+2 * 25
jcnd=25/25 0xabaea 4487 
* * 
-12 * 19
+6 4421 19
+4 1985 19
+2 * 19
jcnd=19/19 0xabaea 4487 
* * 
0xac308 4387 19
+7 -1 19
+6 +1 19
+3 * 19
jcnd=5/19 0xac262 1985 
* * 
+6 +1 14
+5 * 14
jump=14 0xac262 1985 
* * 
+55 4070 12
+3 3199 12
+4 -21 12
+4 +4 12
+4 * 12
+6 +8 12
+4 -4 12
+3 * 12
+4 * 12
+3 * 12
+4 +4 12
+5 +1 12
+2 * 12
+4 4248 12
jump=12 0xabaea 4487 
* * 
+78 4105 419
+4 -1 419
+3 +3 419
+5 -1 419
+5 +1 419
+4 * 419
+6 +1 419
+5 * 419
+4 * 419
+4 +1 419
+6 * 419
jcnd=78/419 +10 +6 
* * 
+2 +2 341
+4 * 341
+4 +4 341
+7 +6 341
+4 -6 341
+3 +7 341
+3 -7 341
+3 * 341
+3 * 341
+4 * 341
+3 * 341
+4 * 341
+4 +2 341
+3 * 341
+4 * 341
+4 +5 341
+3 -4 341
+3 +4 341
cfn=(640) alloc_perturb
calls=341 0xa91f0 1985 
* * 1364
-55 -7 78
+7 +6 78
+4 -6 78
+3 +7 78
+3 -7 78
+3 * 78
+3 * 78
+4 * 78
+3 * 78
+4 * 78
+4 +2 78
+3 * 78
+4 * 78
+4 +5 78
+3 -4 78
+3 +4 78
cfn=(640)
calls=78 0xa91f0 1985 
* * 312
+5 +1 419
jump=419 0xabaea 4487 
* * 
+17 2552 1
+7 +12 1
+7 -12 1
+3 * 1
+4 * 1
+3 * 1
+4 * 1
+4 +12 1
jcnd=1/1 0xac61d -11 
* * 
+84 4460 459
+3 * 459
+3 * 459
cfn=(640)
calls=459 0xa91f0 1985 
* * 1836
+5 +1 459
jump=459 0xabaea +26 
* * 
+10 -9 361
+4 * 361
+3 +2 361
+7 * 361
+3 -1 361
+5 +1 361
+3 -3 361
+3 +3 361
+3 +2 361
+4 -2 361
+4 * 361
+3 * 361
+4 * 361
+4 +2 361
+4 +3 361
+4 * 361
jump=361 -79 +1 
* * 
-4 * 97
+4 * 97
jump=97 -79 +1 
* * 
+2 4266 97
+4 +1 97
jump=97 +6 * 
* * 
+2 +2 93
+4 -2 93
+4 * 93
+3 * 93
+4 * 93
+3 * 93
-14 * 97
+4 * 97
+3 * 97
+4 * 97
+3 * 97
jcnd=93/97 -18 +2 
* * 
+2 +6 97
+4 * 97
jcnd=4/97 +14 +5 
* * 
+2 +2 93
+4 +1 93
+4 * 93
+4 +2 93
+3 +1 93
+3 * 93
+4 -1 93
+3 * 93
+4 +1 93
cfn=(956)
calls=93 0xa9ad0 1608 
* * 3069
-17 -1 4
+3 +1 4
+3 * 4
+4 -1 4
+3 * 4
+4 +1 4
cfn=(956)
calls=4 0xa9ad0 1608 
* * 132
+5 +3 97
+4 * 97
+4 * 97
+4 * 97
jcnd=93/97 0xacdb5 +3 
* * 
+6 +13 4
+5 * 4
+5 -4 4
+4 +4 4
+5 * 4
+4 +1 4
+4 * 4
+6 +3 4
+4 +1 4
+5 +1 4
+4 +1 4
+7 * 4
jcnd=4/4 +10 +5 
* * 
+10 +5 4
+7 * 4
+3 * 4
+3 * 4
+3 * 4
+4 * 4
+3 * 4
+4 * 4
+4 +2 4
+3 * 4
+4 * 4
+4 +1 4
+4 +3 4
jump=4 0xac51e 4459 
* * 
+56 2553 1
+4 +36 1
+4 * 1
+3 * 1
+4 +1 1
+4 -1 1
+4 +1 1
+4 +9 1
+3 * 1
+2 * 1
+3 * 1
jcnd=1/1 +53 +9 
* * 
+53 +9 1
+7 * 1
+3 * 1
jcnd=1/1 0xac88f +61 
* * 
0xac70e 2921 1
+8 * 1
+8 * 1
+2 +1 1
+8 +4 1
+5 +4 1
+4 * 1
+4 * 1
+4 * 1
+3 * 1
+6 +5 1
+2 -2 1
+4 +5 1
+4 -3 1
+3 * 1
+3 -3 1
+3 +2 1
+5 +1 1
+4 +1 1
+4 -1 1
+3 * 1
+4 * 1
+4 +1 1
+4 4482 1
jump=1 0xac4d3 -22 
* * 
0xac88f 2669 1
+7 * 1
+5 * 1
+4 +8 1
+6 * 1
+2 +1 1
+4 * 1
+3 * 1
+4 +13 1
+7 +2 1
+4 -2 1
+3 * 1
+6 +8 1
+4 * 1
+5 * 1
+3 * 1
+3 * 1
+4 +8 1
+3 * 1
jcnd=1/1 0xacbeb +2 
* * 
0xac953 +48 1
+7 * 1
+6 * 1
+5 * 1
jcnd=1/1 +42 +40 
* * 
+42 +40 1
+3 * 1
+3 * 1
jcnd=1/1 0xacb54 -12 
* * 
+18 +19 1
+4 * 1
+3 +3 1
+3 * 1
+3 +1 1
+4 * 1
+3 * 1
+5 * 1
+3 * 1
+3 * 1
+3 +2 1
+6 +1 1
+3 * 1
+4 * 1
+4 * 1
+4 * 1
cfi=(197)
cfn=(634)
calls=1 0xaaa10 25 
* * 33
+5 +12 1
+4 * 1
+4 * 1
+3 * 1
+4 -12 1
+3 +12 1
+6 2008 1
+7 * 1
+4 * 1
+3 * 1
+6 3882 1
+3 2873 1
+3 +3 1
+3 -1 1
+7 +1 1
+3 * 1
+3 * 1
+4 * 1
+4 +12 1
+4 -11 1
+7 +11 1
+3 * 1
jcnd=1/1 0xac70e +33 
* * 
0xacb54 2783 1
+3 -1 1
+2 * 1
jump=1 0xac9a7 +32 
* * 
+22 2017 1
+4 * 1
+7 2745 1
+7 +1 1
+3 +6 1
+4 * 1
+3 * 1
+4 -6 1
+7 +6 1
+2 * 1
+3 * 1
jcnd=1/1 0xac953 +3 
* * 
+80 -43 1
+3 * 1
+4 * 1
cfi=(197)
cfn=(634)
calls=1 0xaaa10 25 
* * 64
+5 +1 1
+4 * 1
+3 -1 1
+3 +1 1
+2 2008 1
+7 2711 1
+3 2008 1
+4 * 1
+3 * 1
+2 2712 1
+1 +3 1
+3 * 1
+6 +29 1
+7 * 1
+3 * 1
jcnd=1/1 0xacb6f 2017 
* * 
0xacdb5 4285 93
+7 -1 93
+6 +1 93
+3 * 93
+6 +1 93
+5 * 93
jump=93 0xac51e 4459 
* * 

fn=(640)
0xa91f0 1985 878
+6 * 878
+2 * 878
+2 +2 878

fn=(630)
0xace10 3242 2
+1 * 2
+3 * 2
+1 * 2
+4 +9 2
+7 * 2
+4 * 2
+3 * 2
jfi=(195)
jcnd=1/2 0xacea0 824 
* * 
+2 * 1
+2 * 1
+5 * 1
+4 * 1
+6 +1 1
+5 * 1
+3 * 1
cfn=(632)
calls=1 0xab570 3846 
* * 359
+5 +1 1
+3 * 1
+6 +8 1
+2 * 1
+2 * 1
+3 * 1
+6 +9 2
fi=(200)
+7 59 2
+4 * 2
fe=(194)
+4 3270 2
fi=(200)
+4 59 2
+7 * 2
+11 * 2
+3 * 2
+6 * 2
+2 * 2
+3 * 2
jcnd=2/2 * * 
* * 
* * 158
jcnd=156/158 * * 
* * 
fe=(194)
+3 3274 2
+4 * 2
+1 * 2
fi=(195)
+8 824 1
cfn=(2232) get_free_list
calls=1 0xa92a0 703 
* * 18
+5 * 1
+3 +1 1
+3 * 1
+2 * 1
+2 * 1
+5 * 1
cfn=(2234) arena_get2.part.0
calls=1 0xaa300 -7 
* * 1027
fe=(194)
+5 3252 1
+5 * 1
+3 * 1
+3 * 1
cfn=(632)
calls=1 0xab570 3846 
* * 132
+5 +1 1
+3 * 1
jcnd=1/1 +41 +7 
* * 
+41 +7 1
+3 * 1
jcnd=1/1 +61 +1 
* * 
+2 +8 1
+3 * 1
jcnd=1/1 0xace5d +2 
* * 
+56 -7 1
+2 * 1
+2 * 1
+3 * 1
jcnd=1/1 -66 +7 
* * 

fn=(700)
0xae0c0 3407 3332
+4 * 3332
+1 * 3332
+3 * 3332
+2 * 3332
+2 * 3332
+2 * 3332
+2 * 3332
+3 * 3332
+1 * 3332
+3 * 3332
+4 +6 3332
+7 * 3332
+6 +4 3332
+3 * 3332
jcnd=3332/3332 +37 +7 
* * 
+11 3538 4
+4 3425 4
+3 3538 4
+1 * 4
+2 * 4
+2 * 4
+2 * 4
+2 * 4
+1 3425 4
cfn=(620)
calls=4 0xad670 3294 
* * 806
+9 -1 3332
+3 * 3332
jcnd=4/3332 -29 3538 
* * 
+2 5241 3328
+4 3433 3328
+4 5242 3328
+3 * 3328
+4 * 3328
+4 -1 3328
+4 * 3328
+6 +2 3328
+6 * 3328
jcnd=3328/3328 +32 +1 
* * 
+7 3489 502
+3 +49 502
+4 * 502
+3 * 502
+1 * 502
+2 * 502
+2 * 502
+2 * 502
+2 * 502
+1 * 502
-17 * 2826
+4 * 2826
+3 * 2826
+1 * 2826
+2 * 2826
+2 * 2826
+2 * 2826
+2 * 2826
+1 * 2826
+5 5244 3328
+4 3441 3328
+3 * 3328
jcnd=2812/3328 +11 +15 
* * 
+2 +2 516
+3 +1 516
+4 * 516
jcnd=502/516 -41 +45 
* * 
+2 +12 2826
+7 * 2826
+5 * 2826
fi=(195)
+6 153 2826
+7 * 2826
+4 * 2826
jcnd=2800/2826 0xae2d0 -98 
* * 
fe=(194)
+6 3464 2826
+3 * 2826
+3 * 2826
+3 * 2826
+6 +1 2826
+4 * 2826
+6 1326 2826
+3 * 2826
+6 +19 2826
+5 * 2826
+3 * 2826
+4 * 2826
+4 * 2826
+5 * 2826
+4 3475 2826
+4 * 2826
+6 +31 2826
+7 * 2826
jcnd=26/2826 0xae300 +2 
* * 
+6 +9 2800
+2 * 2800
+5 * 2800
+5 * 2800
+6 +2 2800
+3 * 2800
+3 * 2800
+3 * 2800
+3 * 2800
+4 * 2800
cfn=(704)
calls=2800 0xacf50 4914 
* * 865430
+5 +2 2800
+4 -2 2800
+3 +2 2800
+2 * 2800
+3 * 2800
+3 * 2800
+6 +1 2800
+3 * 2800
+6 * 2800
+4 * 2800
+2 * 2800
fi=(195)
+6 153 2800
+7 * 2800
+2 * 2800
+2 -98 2800
+7 +92 2800
+8 * 2800
+3 * 2800
+3 * 2800
+7 * 2800
fe=(194)
+4 3520 2800
fi=(195)
+4 147 2800
+3 +6 2800
fe=(194)
+3 3520 2800
+3 * 2800
jcnd=2800/2800 0xae142 +18 
* * 
fi=(195)
0xae2d0 55 2800
+7 +92 2800
+8 * 2800
+3 * 2800
+3 * 2800
+7 * 2800
+4 * 2800
+3 +6 2800
+3 * 2800
jfi=(194)
jump=2800 0xae18d 3464 
* * 
fe=(194)
+10 3508 26
+3 * 26
+3 * 26
+3 * 26
+3 * 26
+4 * 26
cfn=(704)
calls=26 0xacf50 4914 
* * 7359
+5 * 26
+3 +1 26
+3 * 26
+2 * 26
+4 * 26
+2 * 26
fi=(195)
+6 153 26
+2 * 26
+4 * 26
+7 * 26
jfi=(194)
jcnd=26/26 +44 3509 
* * 
fe=(194)
+44 3509 26
+3 * 26
jcnd=26/26 0xae142 +29 
* * 

fn=(954)
0xaab00 4770 3360
+1 * 3360
+3 * 3360
+2 * 3360
+2 * 3360
+2 * 3360
+2 * 3360
+1 * 3360
+4 * 3360
+9 * 3360
+4 * 3360
+2 +6 3360
+7 * 3360
jcnd=102/3360 +41 +2 
* * 
+2 +22 3360
+4 * 3360
+9 * 3360
+6 * 3360
+4 * 3360
+1 * 3360
+2 * 3360
+2 * 3360
+2 * 3360
+2 * 3360
+1 * 3360
+6 -20 102
+3 * 102
+3 * 102
+2 * 102
jcnd=101/102 0xaada0 +1 
* * 
+6 +3 102
+7 * 102
+3 * 102
jcnd=1/102 0xaadb0 +3 
* * 
fi=(195)
+6 55 101
fe=(194)
+7 4792 101
fi=(195)
+4 55 101
+3 * 101
jcnd=101/101 0xaacd0 572 
* * 
+16 +92 101
fe=(194)
+3 4794 101
+4 * 101
+6 +1 101
fi=(195)
+7 545 101
fe=(194)
+5 4795 101
fi=(195)
+4 545 101
+3 * 101
jcnd=101/101 0xaadf6 +40 
* * 
0xaacd0 +27 101
+7 55 101
+5 * 101
jump=101 0xaab8c +92 
* * 
+35 585 101
+4 +1 101
+7 * 101
jfi=(194)
jcnd=100/101 0xaab29 4798 
* * 
+6 +5 1
+3 * 1
+4 * 1
+6 * 1
+4 * 1
+3 * 1
+6 +4 1
+5 * 1
+3 * 1
+3 +1 1
+3 * 1
+3 * 1
jfi=(194)
jcnd=1/1 0xaab29 4798 
* * 
fe=(194)
0xaada0 4779 101
cfn=(1380)
calls=101 0xa9bb0 +32 
* * 65726
+5 * 101
jump=101 0xaab5e +2 
* * 
+11 +5 1
+4 * 1
+4 * 1
+4 * 1
+7 * 1
jcnd=1/1 0xaab29 +14 
* * 
fi=(195)
+51 585 101
+4 * 101
jump=101 0xaacff * 
* * 
fe=(194)

fn=(620)
0xad670 3294 1116
+4 * 1116
+1 * 1116
+3 * 1116
+2 * 1116
+2 * 1116
+1 * 1116
+3 * 1116
+4 +7 1116
+7 * 1116
jfi=(195)
jcnd=1/1116 0xad880 264 
* * 
+6 1326 1115
+3 * 1115
+6 +19 1116
+4 * 1116
+3 * 1116
+4 * 1116
jcnd=925/1116 +14 3313 
* * 
+2 * 191
+4 3311 191
+4 * 191
+4 +2 191
+7 * 191
+5 * 191
+3 * 191
jcnd=1/191 0xad780 -65 
* * 
-15 * 925
+7 * 925
+5 * 925
+3 * 925
+6 +3 1115
+7 * 1115
jcnd=1108/1115 0xad7b8 +2 
* * 
+6 +10 1009
+7 * 1009
jcnd=502/1009 0xad800 +2 
* * 
+6 +8 507
+7 * 507
+4 * 507
+3 * 507
+6 * 507
+2 * 507
+5 * 507
+6 * 507
+6 +2 507
+3 * 507
+3 * 507
cfn=(632)
calls=507 0xab570 3846 
* * 218702
+5 +3 507
+3 * 507
+6 +8 507
+2 * 507
+4 * 507
+3 * 507
+6 +4 507
+4 * 507
+3 * 507
fi=(195)
+2 153 507
+3 * 507
+7 * 507
jfi=(194)
jcnd=4/507 +44 3351 
* * 
+2 -98 503
+7 +92 503
+8 * 503
+3 * 503
+3 * 503
+7 * 503
fe=(194)
+4 3351 503
fi=(195)
+4 147 503
+3 +6 503
fe=(194)
+3 3351 503
+3 * 503
-3 * 4
+3 * 4
+6 +3 1009
+4 * 1009
+1 * 1009
+2 * 1009
+2 * 1009
+1 * 1009
+2 3248 1
+7 * 1
+4 * 1
+6 * 1
cfn=(630)
calls=1 0xace10 -6 
* * 473
+5 +68 1
+7 * 1
+6 +1 1
+5 * 1
+3 * 1
+6 * 1
+7 +1 1
+5 * 1
+3 * 1
jcnd=1/1 0xad6d5 +8 
* * 
-8 * 1108
+5 * 1108
+3 * 1108
jcnd=1001/1108 0xad6d5 +8 
* * 
+6 3178 107
+5 * 107
+4 +4 107
+2 * 107
+6 +4 107
+3 +4 107
+3 -4 107
+4 * 107
+3 * 107
+4 +4 107
+5 +1 107
+8 3354 107
+4 * 107
+1 * 107
+2 * 107
+2 * 107
+1 * 107
+1 -26 502
+3 * 502
+7 * 502
+3 * 502
cfn=(632)
calls=502 0xab570 3846 
* * 76295
+5 +1 502
+3 * 502
+6 * 502
+4 * 502
+3 * 502
fi=(195)
+6 153 502
+3 * 502
jfi=(194)
jcnd=502/502 0xad774 3354 
* * 
+85 264 1
cfn=(624) ptmalloc_init.part.0
calls=1 0xa9d70 -2 
* * 1151
fe=(194)
+5 1326 1
+3 * 1
jcnd=1/1 0xad69a +19 
* * 

fn=(774)
0xae7c0 3699 507
+4 * 507
+1 +10 507
+3 -10 507
+3 * 507
+2 * 507
+2 * 507
+2 * 507
+2 * 507
+1 * 507
+4 +10 507
+3 * 507
+3 * 507
+3 * 507
+3 * 507
+6 * 507
+3 * 507
+3 * 507
+6 +8 507
+7 * 507
+6 +3 507
+7 * 507
+5 * 507
+6 +2 507
+7 * 507
jcnd=2/507 0xae930 +10 
* * 
+6 +3 505
+7 * 505
+4 * 505
+3 * 505
+6 * 505
+2 * 505
+5 * 505
+6 * 505
+6 +7 505
+5 +8 505
+7 -7 505
+4 * 505
+4 +7 505
+3 * 505
jcnd=2/505 +51 +14 
* * 
fi=(195)
+2 55 503
+7 +92 503
+8 * 503
+3 * 503
+3 * 503
+7 * 503
+4 * 503
fe=(194)
+3 3743 503
+4 * 503
+3 * 503
+3 * 503
+4 +11 503
+3 * 503
+3 * 503
cfn=(632)
calls=503 0xab570 +92 
* * 122855
-6 * 2
+3 * 2
+3 * 2
cfn=(632)
calls=2 0xab570 +92 
* * 269
+5 +2 505
+3 * 505
+6 * 507
+4 * 507
+3 * 507
+3 * 507
+6 * 507
fi=(195)
+4 153 507
+3 * 507
jfi=(194)
jcnd=4/507 0xaea88 3756 
* * 
+6 -98 503
+7 +92 503
+8 * 503
+3 * 503
+3 * 503
+7 * 503
+4 * 503
fe=(194)
+3 3756 503
+3 * 503
+6 +3 503
+7 * 503
+6 +9 503
+3 * 503
+6 +1 503
+4 * 503
+3 * 503
jcnd=503/503 0xae9f1 +15 
* * 
+35 -37 2
+7 +1 2
+7 +21 2
+3 * 2
+3 -21 2
+4 * 2
+4 +21 2
cfn=(632)
calls=2 0xab570 +92 
* * 217
+5 +2 2
+3 * 2
jcnd=2/2 0xae8a7 * 
* * 
0xae9c1 +81 203
+4 * 203
+1 * 203
+2 * 203
+2 * 203
+2 * 203
+2 * 203
+1 * 203
+19 -68 2
+2 * 2
+4 * 2
+3 * 2
+6 +15 505
+4 +3 505
+3 * 505
+3 * 505
+3 * 505
+2 +9 507
+6 -12 507
+4 +12 507
+2 * 507
+2 +3 507
+3 * 507
+3 * 507
+4 * 507
+3 * 507
+4 +8 507
+4 +2 507
+4 * 507
+6 +2 507
+4 * 507
jcnd=304/507 0xaeb08 +26 
* * 
+6 +5 203
+4 +2 203
+8 -2 203
+3 +3 203
+4 * 203
+6 +2 203
+4 +2 203
+4 * 203
jcnd=203/203 0xae9c1 +14 
* * 
+48 -67 4
+7 * 4
+3 * 4
+6 +3 4
+7 * 4
jcnd=2/4 0xae9e2 +10 
* * 
+6 * 2
jump=2 0xaea00 +37 
* * 
+99 +78 304
fi=(200)
+4 59 304
+2 * 304
fe=(194)
+3 3837 304
+1 * 304
+2 * 304
+2 * 304
+2 * 304
+2 * 304
fi=(200)
+1 59 304
cob=(3)
cfi=(153)
cfn=(764)
calls=304 0x48b7740 -59 
* * 917101
fe=(194)

fl=(163) ./csu/../csu/libc-start.c
fn=(536) __libc_start_main@@GLIBC_2.34
0x2a200 242 1
+4 * 1
+1 * 1
+3 * 1
+2 * 1
+3 * 1
+2 * 1
+2 * 1
+2 * 1
+3 * 1
+1 * 1
+3 * 1
+4 * 1
+4 +69 1
+3 * 1
+2 * 1
+3 +1 1
+2 * 1
+2 * 1
cfi=(164) ./stdlib/./stdlib/cxa_atexit.c
cfn=(538) __cxa_atexit
calls=1 0x471f0 67 
* * 72
+5 +25 1
+7 * 1
+2 * 1
+3 * 1
+3 * 1
+4 * 1
+6 +6 1
+7 * 1
+3 -3 1
+3 * 1
jcnd=1/1 +50 128 
* * 
+18 +10 1
+3 * 1
cob=(3)
cfi=(153)
cfn=(554)
calls=1 0x48b77b0 0 
* * 7
+5 +2 1
+3 * 1
+6 +8 1
+4 * 1
+3 * 1
+3 * 1
cfi=(166) ./csu/../sysdeps/nptl/libc_start_call_main.h
cfn=(558) (below main)
calls=1 0x2a150 29 
* * 623524
+5 128 1
+7 * 1
+3 +6 1
+7 * 1
+3 * 1
+2 +1 1
+4 * 1
+4 * 1
+3 * 1
+3 * 1
+3 * 1
cob=(3)
cfi=(153)
cfn=(542)
calls=1 0x3a2938 0 
* * 7
+2 * 1
+4 +3 1
+7 +1 1
+3 * 1
+2 +3 1
+7 * 1
+4 +1 1
+3 * 1
+4 -1 1
+4 +2 1
+2 * 1
+2 * 1
+3 * 1
+4 * 1
+4 * 1
+4 * 1
jump=1 +11 +1 
* * 
+3 * 1
+4 * 1
+4 +1 1
+4 * 1
+3 * 1
+3 * 1
cob=(6)
cfi=(162) ???
cfn=(548) 0x00000000001f0dd0
calls=1 0x1f0dd0 0 
* * 12
-10 * 1
+4 * 1
+3 * 1
+3 * 1
cob=(6)
cfi=(165) /rustc/4a4ef493e3a1488c6e321570238084b38948f6db/library/std/src/sys/args/unix.rs
cfn=(546) std::sys::args::unix::imp::ARGV_INIT_ARRAY::init_wrapper
calls=1 0x256b80 -14 
* * 4
+2 -1 2
+3 * 2
+4 * 2
jcnd=1/2 -27 * 
* * 
+2 * 1
jump=1 0x2a26b 350 
* * 

fl=(168)
fn=(562)
0x44ed0 31 2
+4 +2 2
+3 +9 2
+3 +1 2
+9 * 2
+4 +1 2
+4 +4 2
+4 +1 2
+4 +1 2
+4 +1 2
+4 +1 2
+5 +2 2
+9 * 2
+4 +2 2
+4 +1 2
+4 +1 2
+1 +2 2
+9 * 2
+4 +2 2
+4 +5 2
+12 +1 2
jcnd=2/2 +11 +17 
* * 
+11 +17 2
cfi=(169)
cfn=(564)
calls=2 +18 -57 
* * 26

fl=(181) ./signal/./signal/sigaction.c
fn=(590) sigaction
0x452e0 26 5
+4 +1 5
+3 * 5
+3 * 5
fi=(179) ./signal/../sysdeps/unix/sysv/linux/internal-signals.h
+2 +26 5
fe=(181)
+3 -26 5
+3 * 5
+2 +6 5
cfi=(182) ./signal/../sysdeps/unix/sysv/linux/libc_sigaction.c
cfn=(594) __libc_sigaction
calls=5 +76 +10 
* * 282

fl=(190) ./nptl/./nptl/pthread_getattr_np.c
fn=(610) pthread_getattr_np@@GLIBC_2.32
0x9de50 33 2
+4 * 2
+1 * 2
+3 * 2
+2 * 2
+2 * 2
+2 * 2
+2 * 2
+3 * 2
+1 * 2
+3 +4 2
+3 -4 2
+4 * 2
+9 * 2
+4 * 2
+2 +4 2
cfi=(191)
cfn=(612)
calls=2 0x9a120 -5 
* * 48
+5 * 2
+2 +1 2
+2 * 2
jcnd=2/2 +42 +5 
* * 
+2 207 2
+4 * 2
+9 * 2
+6 * 2
+4 * 2
+2 * 2
+1 * 2
+2 * 2
+2 * 2
+2 * 2
+2 * 2
+1 * 2
+5 43 2
+7 * 2
+5 * 2
+4 * 2
+3 * 2
+2 * 2
+4 * 2
fi=(192)
+6 -14 2
+6 * 2
fe=(190)
+4 +23 2
+6 -3 2
+8 * 2
+4 * 2
+4 * 2
+7 +6 2
+7 * 2
+6 +4 2
+7 * 2
+5 +3 2
+7 * 2
+3 * 2
jcnd=1/2 0x9e0a0 +23 
* * 
+6 +4 1
+7 169 1
+3 66 1
+3 +3 1
+3 -3 1
+7 169 1
+5 66 1
+5 +3 1
+5 +43 1
+3 * 1
+3 * 1
+3 * 1
+6 * 1
+3 * 1
+3 * 1
jump=1 +15 +66 
* * 
-21 * 1
+3 * 1
+3 * 1
+3 * 1
+6 * 1
+3 * 1
+3 * 1
jump=1 +15 +66 
* * 
+15 +66 2
+3 +2 2
+3 * 2
+3 * 2
+3 * 2
cob=(3)
cfi=(153)
cfn=(698)
calls=2 0x48b7410 0 
* * 459
+5 * 2
+3 +1 2
+3 * 2
+6 +7 2
+3 * 2
+3 * 2
+3 * 2
cfi=(226) ./nptl/./nptl/pthread_getaffinity.c
cfn=(762) pthread_getaffinity_np@@GLIBC_2.32
calls=2 0x9dd30 30 
* * 70
+5 +3 2
+3 * 2
+2 +2 2
+3 * 2
+3 * 2
+3 * 2
+3 * 2
+3 * 2
+3 * 2
jcnd=2/2 +69 +1 
* * 
+69 +1 2
+3 * 2
+3 * 2
+3 * 2
+4 * 2
+6 * 2
cfi=(228)
cfn=(768)
calls=2 0x9a160 29 
* * 1121
+5 +4 2
+3 -4 2
+2 +4 2
cob=(3)
cfi=(153)
cfn=(736)
calls=2 0x48b73e0 0 
* * 182
+5 +3 2
+4 * 2
+4 * 2
+3 * 2
+6 * 2
+4 * 2
+6 +2 2
+2 * 2
jcnd=2/2 0x9de88 +4 
* * 
0x9e0a0 85 1
+7 * 1
+7 * 1
+3 * 1
cfi=(193)
cfn=(616)
calls=1 0x85e60 * 
* * 2267
+5 +1 1
+3 * 1
+3 -1 1
+3 +1 1
+6 +5 1
+4 * 1
+5 * 1
+3 * 1
cfi=(150) ./resource/../sysdeps/unix/sysv/linux/getrlimit64.c
cfn=(470) getrlimit
calls=1 0x11d1e0 -53 
* * 10
+5 * 1
+3 * 1
+2 * 1
jcnd=1/1 0x9e159 +17 
* * 
+12 +74 1
+3 * 1
+6 * 1
+3 * 1
cfi=(224) ./libio/./libio/iofclose.c
cfn=(742) fclose@@GLIBC_2.2.5
calls=1 0x85290 34 
* * 479
+5 * 1
+6 * 1
+3 +4 1
+6 +2 1
+2 * 1
jcnd=1/1 0x9df45 -59 
* * 
+80 -63 1
+3 +9 1
+3 * 1
+4 * 1
+4 -14 1
+7 +17 1
+2 -17 1
+4 -1 1
+7 * 1
+3 +6 1
+2 * 1
+3 * 1
+3 +6 1
+8 +1 1
+8 +5 1
+3 * 1
+6 * 1
+7 * 1
+3 * 1
+7 * 1
+7 * 1
+3 * 1
+3 * 1
jump=1 +68 +2 
* * 
+3 +7 44
+4 * 44
+2 * 44
+4 * 44
+4 * 44
+7 * 44
cfi=(215)
cfn=(714)
calls=44 0x5fb30 24 
* * 86834
+5 * 44
+3 * 44
+2 +2 44
+7 * 44
+3 +1 44
+4 -1 44
+4 * 44
+2 +1 44
+3 * 44
jcnd=1/44 0x9e26a -27 
* * 
+2 +28 43
+3 -38 43
+4 * 43
+2 +2 44
+3 * 44
+3 * 44
+3 * 44
cfi=(207) ./stdio-common/./stdio-common/getline.c
cfn=(668) getline
calls=44 0x5f7b0 -95 
* * 8318
+5 * 44
+3 * 44
jcnd=44/44 -82 +5 
* * 
+17 +40 1
+4 * 1
+6 * 1
+3 * 1
cob=(3)
cfi=(153)
cfn=(736)
calls=1 0x48b73e0 0 
* * 87
+5 * 1
+6 * 1
+3 * 1
jump=1 0x9e0e7 +3 
* * 
+44 -59 1
+7 * 1
+7 * 1
+3 * 1
+3 * 1
+3 * 1
+3 * 1
+7 * 1
+3 * 1
+3 +2 1
+3 +30 1
+3 -2 1
+5 +12 1
+3 -10 1
+3 * 1
+4 * 1
+3 +6 1
+3 +3 1
+3 * 1
+4 -4 1
+5 * 1
jump=1 0x9e223 +22 
* * 

fl=(218)
fn=(722)
0x18b7c0 52 57
+4 +13 57
+2 +1 57
+3 +1 57
+4 +3 57
+5 +2 57
+5 +1 57
+6 +3 57
+4 +1 57
+4 +8 57
+2 +1 57
jcnd=45/57 +89 221 
* * 
+2 +1 12
+4 +5 12
+3 * 12
+16 +26 16
+4 +13 16
+2 +1 16
+2 +1 16
+2 +6 16
+3 * 16
+19 +29 5
+4 +13 5
+2 +1 5
+3 +1 5
+2 +6 5
+3 * 5
+2 +4 20
+4 +13 20
+2 +1 20
+3 +1 20
+2 +6 20
+3 * 20
+2 +7 45
+4 +15 45
+5 +6 45
+4 +1 45
+2 +1 45
jcnd=16/45 -79 118 
* * 
+2 +2 29
+5 +1 29
+4 +1 29
+2 +1 29
+2 +2 29
+5 +1 29
+4 +1 29
+2 +1 29
jcnd=5/29 -73 -86 
* * 
+2 +2 24
+5 +1 24
+4 +1 24
+2 +1 24
jcnd=20/24 -70 -66 
* * 
+2 +18 4
+3 +1 4
+4 * 4
+1 +14 4
+5 +1 4
+5 +1 4
+5 +1 4
+5 +2 4
+4 +1 4
+4 +1 4
+4 +2 4
+4 +1 4
+2 +1 4
+2 +3 4
+4 +1 4
+4 +1 4
+3 +1 4
+2 +1 4
+2 +2 4
+4 +1 4
+4 +1 4
+2 +1 4
jcnd=4/4 +63 +77 
* * 
+63 +77 4
+4 +1 4
+4 +1 4
+3 +5 4
+3 * 4

fl=(498) ./malloc/./malloc/thread-freeres.c
fn=(2884) __libc_thread_freeres
0xb0500 31 1
+4 * 1
+1 * 1
+3 +2 1
cfi=(499) ./sunrpc/./sunrpc/rpc_thread.c
cfn=(2886) __rpc_thread_destroy
calls=1 0x1779e0 -12 
* * 13
+5 +2 1
cfi=(500) ./resolv/./resolv/res-close.c
cfn=(2888) __res_thread_freeres
calls=1 0x145c60 +96 
* * 41
+5 +1 1
cfi=(502) ./string/../sysdeps/unix/sysv/linux/tls-internal.c
cfn=(2892) __glibc_tls_internal_free
calls=1 0xc8850 -12 
* * 24
+5 +1 1
cfi=(503)
cfn=(2894)
calls=1 0x98470 -8 
* * 12
+5 +5 1
+1 -1 1
cfi=(195)
cfn=(2896) __malloc_arena_thread_freeres
calls=1 0xade60 893 
* * 3780

fl=(202)
fn=(680) _IO_file_stat
0x938e0 1147 1
+4 +1 1
+3 * 1
cfi=(210)
cfn=(682)
calls=1 0x1173b0 30 
* * 6

fn=(648)
0x91840 106 1
+4 * 1
+1 * 1
+3 * 1
+1 * 1
+3 * 1
+4 +5 1
+6 -1 1
+11 +3 1
cfi=(201)
cfn=(650) _IO_link_in
calls=1 0x94980 -26 
* * 89
+5 +1 1
+7 +1 1
+4 * 1
+1 * 1

fn=(674) _IO_file_underflow@@GLIBC_2.2.5
0x92640 462 5
+4 +4 5
+2 * 5
+2 * 5
+6 -4 5
+1 * 5
+3 * 5
+2 * 5
+2 * 5
+2 * 5
+2 * 5
+1 * 5
+3 * 5
+4 +7 5
+2 * 5
+6 +6 5
+4 * 5
+4 * 5
+6 +3 5
+5 * 5
jcnd=1/5 0x92868 +3 
* * 
+6 +12 4
+5 * 4
jfi=(211)
jcnd=4/4 0x92750 1025 
* * 
fi=(211)
0x92750 1025 5
fe=(202)
+7 506 5
+3 * 5
cfi=(201)
cfn=(688) _IO_switch_to_get_mode
calls=5 0x94f50 164 
* * 130
+5 +6 5
+5 +5 5
+7 -5 5
fi=(211)
+4 1025 5
+3 * 5
fe=(202)
+5 512 5
fi=(211)
+4 1025 5
fe=(202)
+3 512 5
+4 * 5
+4 * 5
fi=(211)
+4 1026 5
+6 * 5
fe=(202)
+6 517 5
+4 * 5
+3 * 5
+3 * 5
cfn=(690) _IO_file_read
calls=5 0x938b0 1131 
* * 55
+5 +2 5
+3 * 5
+2 +16 5
+7 -9 5
+4 +9 5
+4 * 5
jcnd=5/5 +12 +2 
* * 
+12 +2 5
+4 * 5
+3 +1 5
+4 * 5
+1 * 5
+2 * 5
+2 * 5
+2 * 5
+2 * 5
+1 * 5
0x92868 -57 1
+4 * 1
+3 * 1
jcnd=1/1 +13 +5 
* * 
+13 +5 1
+3 * 1
cfi=(201)
cfn=(676) _IO_doallocbuf
calls=1 0x954d0 343 
* * 298
+5 +4 1
+2 * 1
+5 * 1
+6 * 1
jfi=(211)
jump=1 0x92750 1025 
* * 

fn=(656)
0x91bd0 213 1
+4 * 1
+1 * 1
+3 * 1
+2 * 1
+2 * 1
+2 * 1
+2 * 1
+1 * 1
+4 * 1
+9 * 1
+4 * 1
+2 +9 1
+4 * 1
+2 +2 1
+3 * 1
+3 * 1
+3 * 1
+3 * 1
+2 * 1
jcnd=1/1 0x920b0 -10 
* * 
+34 +23 1
+5 * 1
+4 * 1
+2 * 1
+6 * 1
+2 * 1
+6 * 1
+3 * 1
+2 * 1
+2 * 1
+7 * 1
+3 * 1
+4 * 1
+3 * 1
jump=1 +82 +21 
* * 
+21 357 1
+4 * 1
+9 * 1
+6 * 1
+4 * 1
+3 * 1
+1 * 1
+2 * 1
+2 * 1
+2 * 1
+2 * 1
+1 * 1
+25 -89 1
+6 +1 1
+5 +3 1
+3 -25 1
+5 * 1
+4 * 1
+2 * 1
+6 * 1
+2 * 1
+6 * 1
+3 * 1
+2 * 1
+6 * 1
+7 * 1
+3 * 1
+4 * 1
+3 * 1
jump=1 0x921df +25 
* * 
+20 * 1
+5 * 1
+4 * 1
+2 * 1
+6 * 1
+2 * 1
jcnd=1/1 0x91f48 * 
* * 
0x91e43 +34 1
+2 * 1
+3 * 1
+5 * 1
cfn=(658) _IO_file_open
calls=1 0x91ae0 -99 
* * 87
+5 * 1
+3 +3 1
+3 * 1
+6 +3 1
+4 * 1
+7 * 1
cfi=(205) ./string/../string/strstr.c
cfn=(662) __GI_strstr
calls=1 0xb5830 77 
* * 59
+5 * 1
+3 +1 1
+3 * 1
jcnd=1/1 0x91c70 +69 
* * 
0x91f48 -41 1
+2 * 1
+6 * 1
+2 * 1
+2 * 1
+2 * 1
+6 * 1
+3 * 1
jump=1 0x91e43 +34 
* * 
0x920b0 -33 1
+2 +13 1
+2 +1 1
+6 * 1
jump=1 0x91c2a +19 
* * 
0x921df +44 1
+6 -1 1
+6 +1 1
+3 * 1
jump=1 0x91d04 -25 
* * 

fn=(658)
0x91ae0 182 1
+4 * 1
+1 +3 1
+2 -3 1
+3 * 1
+2 * 1
+2 * 1
+3 * 1
+1 * 1
+3 * 1
+3 * 1
+2 * 1
+2 * 1
+4 +2 1
+4 * 1
jcnd=1/1 0x91bb0 +1 
* * 
+14 +5 1
+3 * 1
+6 +3 1
+2 * 1
+3 +3 1
+3 -4 1
+4 +1 1
+6 * 1
+5 * 1
+2 +3 1
+7 -3 1
+2 +3 1
jcnd=1/1 +54 +10 
* * 
+54 +10 1
+3 * 1
cfi=(201)
cfn=(650)
calls=1 0x94980 87 
* * 21
+5 +1 1
+3 +1 1
+4 * 1
+1 * 1
+2 * 1
+2 * 1
+1 * 1
+40 -22 1
cfi=(204) ./io/../sysdeps/unix/sysv/linux/open64_nocancel.c
cfn=(660) __open_nocancel
calls=1 0x11c8a0 28 
* * 27
+5 * 1
+3 * 1
jump=1 0x91b12 +4 
* * 

fn=(690)
0x938b0 1131 5
+4 +3 5
+4 -1 5
+3 +1 5
jcnd=5/5 +13 -1 
* * 
+13 -1 5
cfi=(212)
cfn=(692)
calls=5 0x11ca10 25 
* * 30

fn=(748) _IO_file_close_it@@GLIBC_2.2.5
0x918d0 128 1
+4 * 1
+1 * 1
+3 * 1
+2 * 1
+2 * 1
+1 * 1
+4 +2 1
+4 * 1
+4 * 1
+6 +4 1
+2 * 1
+3 +3 1
+3 -3 1
+5 -1 1
+5 * 1
+6 +6 1
+3 +3 1
+3 -3 1
cfi=(201)
cfn=(750) _IO_unsave_markers
calls=1 0x96d80 937 
* * 14
+5 +3 1
+4 * 1
+2 * 1
fi=(211)
+7 1025 1
+7 * 1
+3 * 1
+3 +1 1
+6 * 1
fe=(202)
+6 142 1
+3 * 1
cfn=(752) _IO_file_close
calls=1 0x93930 1165 
* * 9
+7 * 1
+3 +3 1
+6 * 1
+2 * 1
jcnd=1/1 +60 +8 
* * 
+60 +8 1
+2 * 1
+2 * 1
+2 * 1
+3 * 1
cfi=(201)
cfn=(684)
calls=1 0x95470 329 
* * 121
+5 +1 1
+4 +3 1
+3 -3 1
+4 * 1
+4 * 1
+4 +3 1
cfi=(201)
cfn=(744) _IO_un_link
calls=1 0x94960 53 
* * 4
+5 +5 1
+3 -4 1
+6 +1 1
+7 +3 1
+4 -2 1
+11 +3 1
+4 * 1
+3 * 1
+1 * 1
+2 * 1
+2 * 1
+1 * 1

fn=(752)
0x93930 1165 1
+4 +3 1
+3 * 1
cfi=(225)
cfn=(754)
calls=1 0x11c630 25 
* * 6

fn=(758) _IO_file_finish@@GLIBC_2.2.5
0x91a40 168 1
+4 * 1
+1 * 1
+3 * 1
+2 * 1
+1 +1 1
+4 -1 1
+3 +1 1
jcnd=1/1 +83 +6 
* * 
+83 +6 1
+3 * 1
+2 +1 1
+1 * 1
+2 * 1
+1 -1 1
cfi=(201)
cfn=(760) _IO_default_finish
calls=1 0x95f40 601 
* * 20

fl=(221)
fn=(730)
0x57b00 107 88
+4 +1 88
+7 * 88
+3 * 88
+4 * 88
cfi=(222) ./stdlib/../stdlib/strtol_l.c
cfn=(732) ____strtoul_l_internal
calls=88 +78 238 
* * 23192

fl=(160) ./libio/./libio/vtables.c
fn=(518) check_stdfiles_vtables
0x2a0d0 545 1
+4 +1 1
+7 * 1
+7 * 1
+7 * 1
jcnd=1/1 +30 +1 
* * 
+30 +1 1
+7 * 1
+7 * 1
+2 +1 1
+7 * 1
+7 * 1
+2 +2 1

fl=(232) ./nptl/./nptl/pthread_attr_destroy.c
fn=(782) pthread_attr_destroy
0x99e10 26 3
+4 +10 3
+4 * 3
+3 * 3
jcnd=1/3 +45 +8 
* * 
+2 -10 2
+1 * 2
+3 * 2
+1 * 2
+3 * 2
+4 +12 2
+3 * 2
cob=(3)
cfi=(153)
cfn=(736)
calls=2 0x48b73e0 -38 
* * 182
+5 +1 2
+4 * 2
cob=(3)
cfi=(153)
cfn=(736)
calls=2 0x48b73e0 -39 
* * 182
+5 +5 2
+4 * 2
+2 * 2
+1 * 2
+7 * 1
+2 * 1

fl=(384)
fn=(2006)
0x9fff0 77 6
+4 +3 6
+3 * 6
+2 * 6
+6 +2 6
+1 +2 6
+3 * 6
+6 -7 6
+1 * 6
+3 * 6
+1 * 6
+4 +11 6
+2 * 6
jcnd=6/6 0xa00b8 +9 
* * 
+66 +91 6
+8 +3 6
+3 +2 6
+4 +3 6
+1 -63 6
+2 +66 6
+4 * 6
+1 * 6
+75 -93 6
+6 * 6
+2 +11 6
+3 * 6
+3 * 6
+3 * 6
+6 +4 6
+8 +3 6
+3 * 6
jcnd=6/6 +48 -71 
* * 
+48 -71 6
+3 +1 6
+6 * 6
+2 * 6
+7 * 6
jcnd=4/6 +37 +3 
* * 
+2 * 2
+2 * 2
+2 * 2
+2 +1 2
+6 +84 2
+3 * 2
+2 * 2
-5 * 4
+3 * 4
+2 * 4
+6 +1 6
+7 * 6
jump=6 0xa0056 +48 
* * 
+5 -83 4
+2 * 4
+5 * 4
+4 * 4
jcnd=4/4 -34 +82 
* * 

fl=(390)
fn=(2034)
0x185110 194 1
+4 * 1
+1 * 1
+3 * 1
+2 * 1
+2 * 1
+3 * 1
+2 * 1
+1 * 1
+3 * 1
+4 * 1
+9 * 1
+4 * 1
+2 88 1
+11 +7 1
+3 * 1
jfi=(391) ./elf/./dl-sym-post.h
jcnd=1/1 0x185230 -71 
* * 
+67 +62 1
+7 +16 1
+2 -16 1
+3 * 1
+2 +5 1
+5 51 1
+4 * 1
+3 162 1
+3 * 1
+6 +6 1
+6 * 1
+2 * 1
+3 * 1
+2 * 1
+3 * 1
+3 +2 1
fi=(391)
+4 41 1
+3 * 1
+6 +12 1
+7 * 1
+6 * 1
+2 * 1
fe=(390)
+2 196 1
+4 * 1
+9 * 1
+6 * 1
+4 * 1
+1 * 1
+2 * 1
+2 * 1
+2 * 1
+1 * 1
fi=(391)
+52 24 1
+3 * 1
cob=(3)
cfi=(153)
cfn=(2008)
calls=1 0x48b74e0 -24 
* * 33
+5 * 1
+3 +1 1
+3 * 1
fe=(390)
+6 +79 1
+7 * 1
+6 +1 1
+8 * 1
+2 * 1
+7 * 1
+2 +41 1
+7 * 1
+3 * 1
+3 * 1
+3 * 1
+3 * 1
cob=(1)
cfi=(78) ./elf/./elf/dl-lookup.c
cfn=(270) _dl_lookup_symbol_x
calls=1 0xb0d0 772 
* * 683
+6 * 1
+1 * 1
+2 * 1
+3 * 1
jump=1 0x185189 +11 
* * 

fl=(226)
fn=(762)
0x9dd30 30 2
+4 * 2
+3 +3 2
+5 * 2
+6 * 2
+5 * 2
+3 * 2
+4 * 2
+2 +2 2
+5 * 2
jcnd=2/2 +11 -5 
* * 
+11 -5 2
+1 * 2
+3 +9 2
+2 * 2
+3 * 2
+3 * 2
fi=(192)
+4 +20 2
fe=(226)
+2 -29 2
fi=(192)
+3 +29 2
cob=(3)
cfi=(153)
cfn=(764)
calls=2 0x48b7740 -59 
* * 26
fe=(226)
+5 -18 2
+2 +1 2
+1 * 2

fl=(113) ./string/../sysdeps/x86_64/multiarch/strcasecmp.c
fn=(354) strcasecmp
0xb2530 31 1
fi=(114)
+4 +6 1
+7 * 1
+6 -1 1
+2 * 1
+2 * 1
+6 * 1
jcnd=1/1 +45 +2 
* * 
fe=(113)
+36 -5 1
+3 * 1
fi=(114)
+6 +7 1
+6 * 1
+6 * 1
+2 +3 1
+2 * 1
+2 +4 1
+7 * 1
+3 * 1
+2 +3 1
+6 * 1
+7 * 1
+2 * 1
jfi=(113)
jump=1 -54 -17 
* * 
fe=(113)

fl=(428) ./nptl/./nptl/pthread_setname.c
fn=(2222) pthread_setname_np@@GLIBC_2.34
0xa3aa0 32 1
+4 * 1
+1 * 1
+3 * 1
+2 +8 1
+6 -8 1
+2 * 1
+3 +6 1
+3 -6 1
+2 * 1
+3 * 1
+1 * 1
+4 * 1
+9 * 1
+4 * 1
+2 +6 1
cob=(3)
cfi=(153)
cfn=(720)
calls=1 0x48b7500 -38 
* * 16
+5 +1 1
+4 * 1
+6 +3 1
+9 * 1
jcnd=1/1 0xa3bb0 +1 
* * 
0xa3b74 +21 1
+4 * 1
+9 * 1
+2 * 1
+4 * 1
+3 * 1
+1 * 1
+2 * 1
+2 * 1
+2 * 1
+1 * 1
+30 -20 1
+3 * 1
+5 * 1
+2 * 1
cfi=(429)
cfn=(2224)
calls=1 0x12a590 -13 
* * 29
+5 * 1
+3 * 1
+2 * 1
jcnd=1/1 -80 +20 
* * 

fl=(205)
fn=(662)
0xb5830 77 1
+4 * 1
+1 * 1
+3 * 1
+2 * 1
+2 * 1
+2 * 1
+2 * 1
+1 * 1
+7 +5 1
+4 -5 1
+9 * 1
+4 * 1
+2 +5 1
+3 * 1
+6 +2 1
+4 * 1
+3 * 1
+3 * 1
cob=(3)
cfi=(153)
cfn=(664)
calls=1 0x48b7680 -84 
* * 23
+5 * 1
+3 +1 1
+3 * 1
jcnd=1/1 0xb5ab0 +1 
* * 
0xb5ab0 +1 1
+2 * 1
+6 +75 1
+4 * 1
+9 * 1
+6 * 1
+7 * 1
+3 * 1
+1 * 1
+2 * 1
+2 * 1
+2 * 1
+2 * 1
+1 * 1

fl=(83) ./string/../sysdeps/x86_64/multiarch/strnlen.c
fn=(284) strnlen
0xb5070 31 2
fi=(84)
+4 +9 2
+7 * 2
+7 * 2
+6 -2 2
+2 * 2
+2 * 2
+6 * 2
jcnd=2/2 +14 +3 
* * 
fe=(83)
+2 -7 2
+3 * 2
fi=(84)
+9 +10 2
+7 * 2
+2 +1 2
+6 * 2
+3 * 2
+2 +3 2
+2 * 2
+2 +4 2
+7 * 2
+3 * 2
+2 +3 2
+3 * 2
+7 * 2
+7 * 2
+4 * 2
jfi=(83)
jump=2 -69 -21 
* * 
fe=(83)

fl=(86) ./string/../sysdeps/x86_64/multiarch/strcmp.c
fn=(290) strcmp
0xb31c0 79 1
+4 -31 1
+7 * 1
+6 +1 1
+6 -2 1
+2 * 1
+2 * 1
+5 * 1
jcnd=1/1 +48 +2 
* * 
+48 +2 1
+3 * 1
+2 +3 1
+2 * 1
+2 +4 1
+6 * 1
+7 * 1
+2 +3 1
+7 * 1
+3 * 1
+2 +20 1

fl=(410) ./nptl/./nptl/pthread_key_delete.c
fn=(2132) pthread_key_delete@@GLIBC_2.34
0x9e880 25 1
+4 +3 1
+6 * 1
+2 +2 1
+2 * 1
+7 * 1
+4 * 1
+3 * 1
+3 +2 1
+3 * 1
+2 +1 1
+2 * 1
+3 * 1
+5 * 1
+2 +3 1
+2 +4 1

fl=(222)
fn=(732)
0x57b60 238 88
+4 * 88
+1 * 88
+3 * 88
+2 * 88
+2 +54 88
+3 -54 88
+2 +19 88
+3 -19 88
+2 * 88
+1 * 88
+4 * 88
+4 +14 88
+4 -14 88
+2 * 88
+4 * 88
+4 +26 88
+2 * 88
+6 +31 88
+3 * 88
+6 * 88
+3 * 88
+6 +9 88
+4 * 88
+4 * 88
+4 * 88
+3 * 88
+5 * 88
jcnd=88/88 +24 +2 
* * 
+24 +2 88
+3 * 88
+6 +5 88
+4 * 88
+6 -1 88
+7 +6 88
+4 * 88
+6 +4 88
+4 * 88
jcnd=54/88 0x57dd2 +2 
* * 
+6 +15 34
+2 * 34
jcnd=34/34 0x57d48 +7 
* * 
+28 +55 34
+2 * 34
+7 * 34
+4 +1 34
+7 * 34
+4 * 34
+3 +4 34
+4 +56 34
+3 * 34
+6 * 34
+2 * 34
+6 * 34
+7 +26 34
+7 +1 34
+3 -84 34
+2 -1 34
+3 +96 34
+3 * 34
jump=34 +48 -36 
* * 
-18 -12 54
+7 +1 54
+3 -84 54
+2 -1 54
+3 +96 54
+3 * 54
jump=54 +48 -36 
* * 
+8 -5 752
+3 * 752
jcnd=752/752 +7 +5 
* * 
+7 +5 752
+4 +1 752
+3 * 752
+3 * 752
+3 -41 752
+4 * 752
+4 +2 752
+3 * 752
+2 * 752
+2 * 752
jcnd=88/752 +74 +44 
* * 
+2 +2 752
+3 * 752
+3 * 752
jcnd=667/752 +26 +28 
* * 
+2 +7 85
+3 * 85
+6 +17 85
+6 * 85
+2 +1 85
+4 * 85
+3 +3 85
+3 * 85
+2 * 85
-5 * 667
+3 * 667
+2 * 667
+2 +3 752
+3 * 752
jcnd=752/752 -82 * 
* * 
+30 +11 88
+3 * 88
+6 +5 88
+4 * 88
+3 * 88
+2 +1 88
+3 +12 88
+3 * 88
+6 +11 88
+3 * 88
+3 * 88
+3 * 88
+2 * 88
+4 +22 88
+4 * 88
+3 * 88
+1 * 88
+2 * 88
+2 * 88
+2 * 88
+2 * 88
+1 * 88
+42 342 34
+3 * 34
+6 +48 34
+3 258 34
+3 387 34
+3 * 34
jump=34 0x57c1f +3 
* * 
0x57dd2 -65 54
+6 * 54
+6 * 54
+5 * 54
+7 * 54
+4 * 54
+3 * 54
+6 +5 54
+4 * 54
jcnd=54/54 0x58016 +5 
* * 
+33 +63 54
+7 +1 54
+3 * 54
+3 -1 54
+4 +1 54
+7 * 54
+4 * 54
+3 +4 54
+5 * 54
jump=54 0x57c56 +82 
* * 
0x58016 -63 54
+2 * 54
jcnd=54/54 +45 * 
* * 
+45 * 54
+5 * 54
+5 * 54
jump=54 0x57e1c +58 
* * 

fl=(238) ./misc/../sysdeps/unix/syscall-template.S
fn=(796) mprotect
0x125c40 117 4
+4 * 4
+5 * 4
+2 * 4
+6 * 4
+2 +5 4

fn=(804) gettid
0x12b380 91 2
+4 * 2
+5 * 2
+2 +2 2

fn=(2238) munmap
0x125d70 117 4
+4 * 4
+5 * 4
+2 * 4
+6 * 4
+2 +5 4

fn=(2904) madvise
0x1250e0 117 1
+4 * 1
+5 * 1
+2 * 1
+6 * 1
+2 +5 1

fl=(108) ./string/../sysdeps/x86_64/multiarch/stpncpy.c
fn=(344) stpncpy
0xb24d0 31 1
fi=(109) ./string/../sysdeps/x86_64/multiarch/ifunc-strncpy.h
+4 +4 1
+7 * 1
+7 * 1
+6 * 1
+3 * 1
+2 +1 1
+6 * 1
+3 * 1
+2 +3 1
+2 * 1
+2 +4 1
+7 * 1
+3 * 1
+2 +3 1
+3 * 1
+7 * 1
+7 * 1
fe=(108)
+4 -15 1

fl=(204)
fn=(660)
0x11c8a0 28 1
+4 * 1
+1 +3 1
+3 -3 1
+3 * 1
+4 * 1
+4 * 1
+9 * 1
+4 * 1
+2 +3 1
+4 * 1
+2 * 1
+2 * 1
+2 * 1
+5 * 1
+2 +8 1
+2 * 1
+5 * 1
+3 * 1
+5 * 1
+2 * 1
+6 * 1
+2 +2 1
+4 * 1
+9 * 1
+2 * 1
+1 * 1

fl=(152) ./nptl/./nptl/pthread_mutex_conf.c
fn=(474) __pthread_tunables_init
0x9f610 55 1
+4 * 1
+1 +1 1
+7 * 1
+5 -1 1
+3 * 1
+1 +1 1
+4 * 1
+3 -1 1
+4 * 1
+9 * 1
+4 * 1
+2 +1 1
cob=(3)
cfi=(153)
cfn=(476)
calls=1 0x48b7720 -56 
* * 26
+5 +2 1
+7 * 1
+3 * 1
+5 * 1
cob=(3)
cfi=(153)
cfn=(476)
calls=1 0x48b7720 -58 
* * 25
+5 +2 1
+7 * 1
+3 * 1
+5 * 1
cob=(3)
cfi=(153)
cfn=(476)
calls=1 0x48b7720 -60 
* * 26
+5 +2 1
+4 * 1
+9 * 1
+2 * 1
+4 * 1
+1 * 1

fl=(224)
fn=(742)
0x85290 34 1
+4 * 1
+1 * 1
+3 * 1
+2 * 1
+2 * 1
+1 * 1
+3 * 1
+4 +14 1
+2 * 1
+3 * 1
jcnd=1/1 0x85340 +1 
* * 
+24 +9 1
fi=(211)
+7 1025 1
+7 * 1
+3 * 1
+3 +1 1
+6 * 1
fe=(224)
+6 57 1
+3 * 1
+2 * 1
cfi=(202)
cfn=(758)
calls=1 0x91a40 168 
* * 34
+4 +1 1
+6 * 1
+2 * 1
+6 +13 1
+5 * 1
jfi=(211)
jcnd=1/1 +10 951 
* * 
fi=(211)
+10 951 1
+7 * 1
+3 * 1
+7 * 1
+3 +1 1
+2 * 1
+2 * 1
+7 * 1
+2 +6 1
+3 * 1
cob=(3)
cfi=(153)
cfn=(736)
calls=1 0x48b73e0 0 
* * 87
fe=(224)
+5 76 1
+4 * 1
+3 * 1
+1 * 1
+2 * 1
+2 * 1
+1 * 1
+3 -27 1
cfi=(201)
cfn=(744)
calls=1 0x94960 +4 
* * 90
+5 +2 1
+2 * 1
+3 * 1
jcnd=1/1 +70 +1 
* * 
+70 +1 1
+3 * 1
+6 +1 1
+3 * 1
cfi=(202)
cfn=(748)
calls=1 0x918d0 +75 
* * 204
fi=(211)
+5 979 1
fe=(224)
+2 53 1
fi=(211)
+3 979 1
+6 * 1
+2 * 1
+6 +1 1
+7 * 1
+7 * 1
+3 * 1
+2 * 1
+2 * 1
+2 * 1
+8 * 1
+6 * 1
jfi=(224)
jump=1 0x852c1 57 
* * 
fe=(224)

fl=(332) ./stdlib/../sysdeps/unix/sysv/linux/getrandom.c
fn=(1488) getrandom
0x48850 28 1
+4 +1 1
+7 * 1
+2 * 1
+5 * 1
+2 * 1
+6 * 1
+2 +1 1

fl=(396) ./nptl/./nptl/allocatestack.c
fn=(2184) name_stack_maps
0x9c650 587 2
+1 * 2
+3 * 2
+2 * 2
+2 * 2
+1 * 2
+4 +2 2
+7 +4 2
+7 -4 2
+9 * 2
+4 * 2
+7 * 2
+3 +4 2
+3 +2 2
+3 * 2
jcnd=1/2 +97 +1 
* * 
+2 +5 1
+7 +1 1
+4 -2 1
+6 +2 1
+7 * 1
+5 -1 1
jcnd=1/1 +52 +3 
* * 
+2 +3 1
+3 * 1
+2 * 1
cfi=(418) ./stdio-common/./stdio-common/snprintf.c
cfn=(2186) snprintf
calls=1 0x66370 26 
* * 564
+5 * 1
+3 * 1
+3 * 1
+3 * 1
cfi=(426)
cfn=(2206)
calls=1 0x12a770 33 
* * 59
+5 +2 1
+4 * 1
+9 * 1
+2 * 1
+4 * 1
+1 * 1
+2 * 1
+2 * 1
+1 * 1
+1 -2 1
+7 * 1
+5 * 1
jump=1 -62 * 
* * 
+2 -7 1
+4 * 1
+9 * 1
+2 +9 1
+4 -9 1
+3 * 1
+3 * 1
+2 +9 1
+1 * 1
+2 * 1
+2 * 1
+1 -9 1
cfi=(426)
cfn=(2206)
calls=1 0x12a770 33 
* * 21

fl=(104) ./debug/../sysdeps/x86_64/multiarch/memset_chk.c
fn=(332) __memset_chk
0x137750 29 1
fi=(105) ./debug/../sysdeps/x86_64/multiarch/ifunc-memset.h
+4 +25 1
+7 * 1
+7 * 1
+6 * 1
+3 * 1
+2 +3 1
+6 * 1
+6 * 1
+2 +7 1
+2 * 1
+5 +9 1
+3 * 1
+2 +2 1
+2 * 1
+6 +10 1
+3 * 1
+2 +8 1
+3 * 1
+2 +3 1
+2 * 1
+7 * 1
+7 * 1
+4 * 1
fe=(104)

fl=(107) ./wcsmbs/../sysdeps/x86_64/multiarch/wcscmp.c
fn=(340) wcscmp
0xca990 30 1
fi=(101)
+4 +10 1
+7 * 1
+7 * 1
+6 -2 1
+2 * 1
+2 * 1
+6 * 1
jcnd=1/1 +14 +3 
* * 
fe=(107)
+2 -8 1
+3 * 1
fi=(101)
+9 +11 1
+7 * 1
+2 +1 1
+6 * 1
+3 * 1
+2 +3 1
+2 * 1
+2 +4 1
+7 * 1
+3 * 1
+2 +3 1
+3 * 1
+7 * 1
+7 * 1
+4 * 1
jfi=(107)
jump=1 -69 -22 
* * 
fe=(107)

fl=(386)
fn=(2012)
0xa1a70 367 6
+4 51 6
+3 * 6
+2 * 6
+6 +1 6
+2 * 6
+2 367 6
+1 * 6
+3 * 6
+4 57 6
+2 * 6
jcnd=6/6 +99 +17 
* * 
+2 +8 6
+4 -3 6
+7 -23 6
+3 +1 6
+6 * 6
+2 * 6
+7 * 6
jcnd=4/6 +20 +3 
* * 
+2 +1 2
+6 +29 2
+1 +2 2
+2 369 2
+1 * 2
-4 70 4
+1 +2 4
+2 369 4
+1 * 4
+8 43 4
+2 * 4
+2 * 4
+3 * 4
jcnd=4/4 -19 +27 
* * 
+41 +31 6
+6 * 6
jcnd=6/6 +17 +6 
* * 
+17 +6 6
+3 * 6
+3 * 6
+3 * 6
+2 +4 6
+8 * 6
+3 * 6
jcnd=6/6 +9 +3 
* * 
+9 +3 6
+4 * 6
jcnd=6/6 0xa1a8f -22 
* * 

fl=(398) ./misc/../sysdeps/unix/sysv/linux/clone-internal.c
fn=(2064) __clone_internal
0x129b30 97 1
+4 * 1
+1 * 1
+3 * 1
+2 * 1
+3 * 1
+2 * 1
+2 * 1
+2 * 1
+3 * 1
+1 * 1
+3 * 1
+4 +2 1
+7 * 1
+5 -19 1
+6 * 1
+3 * 1
+2 +2 1
+3 * 1
+3 * 1
+5 * 1
cfi=(399)
cfn=(2066)
calls=1 0x129c40 -40 
* * 16
+5 +1 1
+3 * 1
jcnd=1/1 +24 * 
* * 
+24 * 1
+6 * 1
+2 +3 1
+10 +20 1
+5 -42 1
+4 -11 1
+4 +11 1
+3 -2 1
+4 -9 1
+3 +11 1
+3 * 1
+2 -2 1
+4 +2 1
+4 * 1
+4 * 1
+4 * 1
cfi=(400) ./misc/../sysdeps/unix/sysv/linux/x86_64/clone.S
cfn=(2068) clone
calls=1 0x129a20 -12 
* * 19
+5 +45 1
+1 * 1
+1 +1 1
+4 * 1
+1 * 1
+2 * 1
+2 * 1
+2 * 1
+2 * 1
+1 * 1

fl=(110) ./wcsmbs/../sysdeps/x86_64/multiarch/wmemchr.c
fn=(348) wmemchr
0xd8eb0 31 2
fi=(111) ./wcsmbs/../sysdeps/x86_64/multiarch/ifunc-evex.h
+4 +7 2
+7 * 2
+7 * 2
+6 -1 2
+2 * 2
+2 * 2
+6 * 2
jcnd=2/2 +6 +2 
* * 
+6 +2 2
+6 * 2
+3 * 2
+2 +6 2
+2 * 2
+6 -3 2
+2 * 2
+2 +9 2
+7 * 2
+2 * 2
+2 +3 2
+3 * 2
+7 * 2
+7 * 2
fe=(110)
+4 -23 2

fl=(149) ./ctype/./ctype/ctype-info.c
fn=(468) __ctype_init
0x3ba20 29 2
+4 +2 2
+7 * 2
+7 * 2
+4 * 2
+3 * 2
+4 * 2
+7 * 2
+4 +2 2
+4 * 2
+7 * 2
+7 * 2
+4 +2 2
+4 * 2
+7 * 2
+6 * 2
+4 +1 2

fl=(195)
fn=(2232)
0xa92a0 703 1
+1 * 1
+3 * 1
+2 * 1
+2 * 1
+1 * 1
+4 +1 1
+7 +2 1
+8 -2 1
+5 +2 1
jcnd=1/1 0xa936b -1 
* * 
0xa936b -1 1
+2 +26 1
+4 * 1
+3 * 1
+1 * 1
+2 * 1
+2 * 1
+1 * 1

fn=(2234)
0xaa300 818 1
+1 * 1
+3 * 1
+2 * 1
+2 * 1
+2 * 1
+3 * 1
+2 * 1
+3 * 1
+1 * 1
+4 +10 1
+7 +4 1
+7 -4 1
+3 * 1
+2 +2 1
+7 * 1
+3 * 1
jcnd=1/1 0xaa440 +2 
* * 
+13 +23 1
+4 * 1
+3 * 1
jcnd=1/1 0xaa4d0 +2 
* * 
0xaa428 +12 1
+4 * 1
+3 * 1
+1 * 1
+2 * 1
+2 * 1
+2 * 1
+2 * 1
+1 * 1
+7 -33 1
+7 * 1
jcnd=1/1 0xaa341 +21 
* * 
0xaa4d0 +23 1
+4 * 1
+3 * 1
+9 * 1
+2 * 1
+9 * 1
+3 * 1
jcnd=1/1 0xaa560 463 
* * 
0xaa560 463 1
+7 638 1
+7 * 1
+7 463 1
+3 * 1
+6 +7 1
+7 * 1
+2 * 1
+3 * 1
+3 * 1
+4 * 1
+3 * 1
cfn=(2236) alloc_new_heap
calls=1 0xa9fb0 -90 
* * 155
+5 * 1
+3 640 1
+3 * 1
+6 +9 1
+4 * 1
+7 * 1
fi=(194)
+3 1946 1
+7 * 1
+6 +3 1
+5 -3 1
+4 +3 1
+4 * 1
+3 -3 1
+3 * 1
jcnd=1/1 -19 +3 
* * 
-19 +3 126
+5 -3 126
+4 +3 126
+4 * 126
+3 -3 126
+3 * 126
jcnd=125/126 -19 +3 
* * 
+2 +7 1
+7 * 1
+3 * 1
+6 +2 1
+4 +3 1
fe=(195)
+7 657 1
+7 -1 1
+7 -5 1
+11 +2 1
+4 * 1
+7 * 1
+7 +5 1
+3 * 1
+2 +1 1
+3 * 1
+4 +2 1
+3 -1 1
+7 +1 1
+3 * 1
+4 * 1
+4 +2 1
+1 +1 1
+7 +4 1
+5 -4 1
+4 +1 1
+4 +3 1
+2 -2 1
+7 +2 1
+8 * 1
+6 +3 1
+7 * 1
+7 +7 1
+2 -2 1
+7 +2 1
+6 * 1
+3 * 1
+6 +2 1
+2 * 1
+5 * 1
+8 * 1
+6 -61 1
+3 * 1
jcnd=1/1 +29 +63 
* * 
+29 +63 1
+2 * 1
+6 * 1
+3 * 1
+6 +12 1
+2 * 1
+5 * 1
+6 * 1
+6 857 1
+3 * 1
jump=1 0xaa428 +8 
* * 

fn=(2236)
0xa9fb0 380 1
+1 * 1
+3 * 1
+2 * 1
+3 * 1
+2 * 1
+2 * 1
+2 * 1
+1 * 1
+4 49 1
+7 * 1
+3 * 1
jcnd=1/1 0xaa140 * 
* * 
+14 387 1
+3 * 1
+3 * 1
+2 +2 1
+3 * 1
+6 +1 1
+3 +5 1
+3 * 1
+5 +7 1
+7 +2 1
+3 -9 1
+3 +9 1
+3 -9 1
+3 * 1
+5 * 1
+4 * 1
+4 +7 1
+3 * 1
jcnd=1/1 0xaa0c3 +12 
* * 
+59 +39 1
+5 * 1
+3 * 1
+3 * 1
cfi=(238)
cfn=(796)
calls=1 0x125c40 117 
* * 6
+5 * 1
+2 * 1
+6 +7 1
+7 * 1
+3 * 1
+3 * 1
cfi=(426)
cfn=(2206)
calls=1 0x12a770 33 
* * 21
fi=(194)
+5 2008 1
+7 * 1
+4 * 1
+3 * 1
fe=(195)
+6 453 1
+5 +2 1
+4 -2 1
+5 +3 1
+1 +2 1
+4 * 1
+3 * 1
+1 * 1
+2 * 1
+2 * 1
+2 * 1
+2 * 1
+1 * 1
+15 -44 1
+2 * 1
+4 * 1
+3 * 1
+6 * 1
+3 * 1
+2 * 1
cfi=(237)
cfn=(794)
calls=1 0x125320 47 
* * 26
+5 * 1
+3 +1 1
+4 * 1
+6 +2 1
+5 +1 1
+3 * 1
+3 * 1
+3 * 1
+3 * 1
+4 +5 1
+4 -3 1
+3 * 1
+3 * 1
jcnd=1/1 0xaa180 +1 
* * 
+9 +4 1
+3 * 1
+3 * 1
+3 * 1
cfi=(238)
cfn=(2238)
calls=1 0x125d70 117 
* * 6
+5 * 1
jump=1 0xaa056 +17 
* * 
+33 49 1
+5 +6 1
+6 * 1
jump=1 0xa9fdc 387 
* * 
+53 421 1
+3 * 1
+4 * 1
cfi=(238)
cfn=(2238)
calls=1 0x125d70 117 
* * 6
+5 * 1
+4 * 1
jump=1 0xaa111 +3 
* * 

fn=(2896)
0xade60 893 1
+4 * 1
+1 * 1
+3 * 1
+2 * 1
+2 * 1
+2 * 1
+2 * 1
+1 * 1
fi=(194)
+4 3213 1
+7 +2 1
+7 -2 1
+5 +2 1
+4 +2 1
+3 * 1
+6 +4 1
+7 * 1
+7 * 1
+9 +4 1
+4 +2 1
+3 * 1
+3 * 1
-6 * 63
+3 * 63
+3 * 63
jcnd=54/63 0xadf48 -2 
* * 
+6 * 10
+4 +3 10
+2 * 10
-2 * 14
+2 * 14
+6 +3 24
+3 3371 24
+7 +2 24
+4 3233 24
+4 * 24
+3 * 24
+3 3375 24
+4 -4 24
+4 +4 24
+3 * 24
jcnd=24/24 0xadfe0 +17 
* * 
+77 +26 24
+4 3227 24
+3 * 24
+3 * 24
jcnd=14/24 0xadec0 +3 
* * 
+6 -2 64
+4 * 64
+4 * 64
jcnd=63/64 0xadeb0 +2 
* * 
+6 +13 1
+3 * 1
cfn=(738)
calls=1 0xadd50 3359 
* * 179
+5 * 1
fe=(195)
+2 899 1
+7 * 1
+4 +1 1
+8 +2 1
+3 * 1
+2 +2 1
+2 * 1
+5 * 1
+8 * 1
+6 +3 1
+7 * 1
+3 * 1
+6 +1 1
+4 * 1
+7 * 1
+2 +2 1
+7 +1 1
+7 -1 1
+7 +3 1
+2 * 1
+6 * 1
+3 * 1
+6 +2 1
+4 * 1
+1 * 1
+2 * 1
+2 * 1
+2 * 1
+2 * 1
+1 * 1
fi=(194)
+2 3392 24
+6 * 24
jcnd=24/24 +90 3231 
* * 
fe=(195)
+2 153 24
+3 * 24
+7 * 24
jfi=(194)
jcnd=3/24 +40 3398 
* * 
+2 -98 21
+7 +92 21
+7 * 21
+8 * 21
+3 * 21
+3 * 21
+4 * 21
+3 +6 21
fi=(194)
+3 3398 21
+2 * 21
cfn=(710)
calls=21 0xab170 4495 
* * 2036
-2 * 3
+2 * 3
cfn=(710)
calls=3 0xab170 4495 
* * 279
+5 * 24
jump=24 0xadf38 +3 
* * 
+31 3231 24
+4 +17 24
+7 * 24
+4 * 24
jfi=(195)
jcnd=24/24 0xadfe8 153 
* * 
fe=(195)

fn=(624)
0xa9d70 262 1
fi=(196) ./malloc/../sysdeps/unix/sysv/linux/not-cancel.h
+1 97 1
+5 * 1
+5 * 1
fe=(195)
+7 262 1
+3 * 1
+2 * 1
+1 * 1
+4 * 1
+9 * 1
+4 * 1
+2 +5 1
fi=(196)
+7 97 1
+5 * 1
+2 * 1
fi=(194)
+4 3143 1
+4 * 1
jfi=(195)
jcnd=1/1 +80 292 
* * 
fe=(195)
+80 292 1
+7 * 1
jcnd=1/1 +9 +4 
* * 
+9 +4 1
+7 * 1
+7 * 1
fi=(194)
+4 1946 1
+4 * 1
+3 * 1
+7 * 1
+7 +3 1
+5 -3 1
+4 +3 1
+4 * 1
+3 -3 1
+3 * 1
jcnd=1/1 -19 +3 
* * 
-19 +3 126
+5 -3 126
+4 +3 126
+4 * 126
+3 -3 126
+3 * 126
jcnd=125/126 -19 +3 
* * 
+2 +11 1
fe=(195)
+7 300 1
+7 * 1
+3 * 1
fi=(194)
+5 1958 1
+10 +2 1
fe=(195)
+7 300 1
cob=(3)
cfi=(153)
cfn=(476)
calls=1 0x48b7720 0 
* * 25
+5 +1 1
+7 * 1
+3 * 1
+5 * 1
cob=(3)
cfi=(153)
cfn=(476)
calls=1 0x48b7720 0 
* * 26
+5 +1 1
+7 * 1
+3 * 1
+5 * 1
cob=(3)
cfi=(153)
cfn=(476)
calls=1 0x48b7720 0 
* * 25
+5 +1 1
+7 * 1
+3 * 1
+5 * 1
cob=(3)
cfi=(153)
cfn=(476)
calls=1 0x48b7720 0 
* * 25
+5 +1 1
+7 * 1
+3 * 1
+5 * 1
cob=(3)
cfi=(153)
cfn=(476)
calls=1 0x48b7720 0 
* * 26
+5 +1 1
+7 * 1
+3 * 1
+5 * 1
cob=(3)
cfi=(153)
cfn=(476)
calls=1 0x48b7720 0 
* * 25
+5 +1 1
+7 * 1
+3 * 1
+5 * 1
cob=(3)
cfi=(153)
cfn=(476)
calls=1 0x48b7720 0 
* * 25
+5 +2 1
+7 * 1
+3 * 1
+5 * 1
cob=(3)
cfi=(153)
cfn=(476)
calls=1 0x48b7720 0 
* * 25
+5 +1 1
+7 * 1
+3 * 1
+5 * 1
cob=(3)
cfi=(153)
cfn=(476)
calls=1 0x48b7720 0 
* * 25
+5 +1 1
+7 * 1
+3 * 1
+5 * 1
cob=(3)
cfi=(153)
cfn=(476)
calls=1 0x48b7720 0 
* * 25
+5 +3 1
+2 * 1
+7 * 1
+3 * 1
cob=(3)
cfi=(153)
cfn=(476)
calls=1 0x48b7720 0 
* * 25
+5 +1 1
+7 * 1
+3 * 1
+5 * 1
cob=(3)
cfi=(153)
cfn=(476)
calls=1 0x48b7720 0 
* * 25
+5 +2 1
+8 * 1
+2 +10 1
+4 * 1
+9 * 1
+2 * 1
+4 * 1
+1 * 1
+2 * 1
+1 * 1

fl=(187)
fn=(604)
0x11f670 27 6
+4 +1 6
+7 * 6
+4 * 6
+3 * 6
+2 +2 6

fl=(139) ./string/../sysdeps/x86_64/multiarch/strncase.c
fn=(432) strncasecmp
0xb4d70 31 1
fi=(114)
+4 +6 1
+7 * 1
+6 -1 1
+2 * 1
+2 * 1
+6 * 1
jcnd=1/1 +45 +2 
* * 
fe=(139)
+36 -5 1
+3 * 1
fi=(114)
+6 +7 1
+6 * 1
+6 * 1
+2 +3 1
+2 * 1
+2 +4 1
+7 * 1
+3 * 1
+2 +3 1
+6 * 1
+7 * 1
+2 * 1
jfi=(139)
jump=1 -54 -17 
* * 
fe=(139)

fl=(502)
fn=(2892)
0xc8850 24 1
+4 * 1
+1 * 1
+3 * 1
+1 * 1
+4 +1 1
+9 +1 1
+7 * 1
cob=(3)
cfi=(153)
cfn=(736)
calls=1 0x48b73e0 -26 
* * 6
+5 +1 1
+7 +1 1
+4 * 1
+1 -1 1
cob=(3)
cfi=(153)
cfn=(736)
calls=1 0x48b73e0 -27 
* * 6

fl=(504) ./nptl/./nptl/pthread_join.c
fn=(2932) pthread_join@@GLIBC_2.34
0x9e630 23 1
+4 +1 1
+6 * 1
+2 * 1
+2 * 1
cfi=(505) ./nptl/./nptl/pthread_join_common.c
cfn=(2934) __pthread_clockjoin_ex
calls=1 +50 +15 
* * 238

fl=(81) ./string/../sysdeps/x86/cacheinfo.c
fn=(280) __x86_cacheinfo
0xc86b0 86 1
fi=(82) ./string/../sysdeps/x86/cacheinfo.h
+4 -27 1
+7 +3 1
+7 * 1
+7 * 1
+2 +2 1
+3 +1 1
+7 -1 1
+3 * 1
+7 +7 1
+7 * 1
+7 * 1
+2 +2 1
+3 +1 1
+7 -1 1
+3 * 1
+7 +5 1
+7 * 1
+7 +2 1
+7 * 1
+7 +1 1
+7 * 1
+7 +1 1
+7 * 1
+7 +2 1
+7 * 1
jcnd=1/1 +9 +2 
* * 
+9 +2 1
+2 * 1
fe=(81)

fl=(231) ./nptl/./nptl/pthread_attr_getstack.c
fn=(780) pthread_attr_getstack@@GLIBC_2.34
0x9a070 24 2
+4 +7 2
+4 -7 2
+3 +7 2
+4 * 2
+3 * 2
+3 +7 2
+2 -3 2
+3 +3 2

fl=(283) ./string/../sysdeps/x86_64/multiarch/memcmp-avx2-movbe.S
fn=(1044) __memcmp_avx2_movbe
0x188320 73 416
+4 +7 416
+4 +1 416
jcnd=116/416 0x188600 401 
* * 
+6 +3 300
+4 +1 300
+4 +1 300
+4 +4 300
+2 +1 300
+6 +2 300
+4 +1 300
+6 +3 300
+5 +1 300
+5 +1 300
+4 +3 300
+2 +1 300
+6 +3 300
+7 +1 300
+6 +3 300
+5 +1 300
+5 +1 300
+4 +1 300
+2 +1 300
+6 +1 300
+5 +1 300
+5 +1 300
+4 +1 300
+2 +1 300
+6 +3 300
+7 +1 300
jcnd=300/300 0x188490 240 
* * 
+94 +33 30
+4 +10 30
+4 +1 30
+4 +1 30
+2 +3 30
+3 * 30
0x188490 +69 300
+5 +3 300
+3 +2 300
+4 +2 300
+4 +5 300
+5 +1 300
+4 +2 300
+6 +1 300
+5 +2 300
+6 +1 300
+5 +2 300
+6 +1 300
+5 +2 300
+4 +1 300
+4 +1 300
+4 +1 300
+4 +1 300
+2 +1 300
-60 -17 6300
+5 +1 6300
+4 +2 6300
+6 +1 6300
+5 +2 6300
+6 +1 6300
+5 +2 6300
+6 +1 6300
+5 +2 6300
+4 +1 6300
+4 +1 6300
+4 +1 6300
+4 +1 6300
+2 +1 6300
+2 +1 6600
+4 +2 6600
+3 +1 6600
jcnd=6300/6600 -69 -21 
* * 
+2 +2 300
+3 +2 300
+3 +1 300
jcnd=100/300 +99 +42 
* * 
+2 +2 200
+6 +1 200
+3 +1 200
+2 +3 200
+5 +1 200
+4 +2 200
+6 +1 200
+5 +2 200
+5 +2 200
+6 +1 200
+5 +2 200
+4 +1 200
+4 +1 200
+4 +1 200
+4 +2 200
+3 +1 200
+2 +1 200
+6 +2 200
+3 * 200
+20 +15 100
+6 +1 100
+5 +1 100
+4 +1 100
+2 +1 100
+2 +1 100
+3 * 100
0x188600 +76 116
+3 +1 116
jcnd=17/116 0x188680 +52 
* * 
+2 +5 99
+2 +1 99
+2 +1 99
+5 +1 99
+5 +1 99
+2 +3 99
+4 +1 99
+4 +1 99
+4 +1 99
+2 +3 99
+5 +1 99
jcnd=30/99 0x188400 156 
* * 
+6 +1 69
+2 +1 69
+3 * 69
+77 +31 17
+2 +1 17
+3 +1 17
+3 +1 17
+2 +2 17

fl=(106) ./string/../sysdeps/x86_64/multiarch/strrchr.c
fn=(336) rindex
0xb5130 28 1
fi=(84)
+4 +12 1
+7 * 1
+7 * 1
+6 -2 1
+2 * 1
+2 * 1
+6 * 1
jcnd=1/1 +14 +3 
* * 
fe=(106)
+2 -10 1
+3 * 1
fi=(84)
+9 +13 1
+7 * 1
+2 +1 1
+6 * 1
+3 * 1
+2 +3 1
+2 * 1
+2 +4 1
+7 * 1
+3 * 1
+2 +3 1
+3 * 1
+7 * 1
+7 * 1
+4 * 1
jfi=(106)
jump=1 -69 -24 
* * 
fe=(106)

fl=(103) ./string/../sysdeps/x86_64/multiarch/strchr.c
fn=(330) index
0xb30b0 65 1
+4 -22 1
+7 * 1
+6 +1 1
+6 -2 1
+2 * 1
+2 * 1
+5 * 1
jcnd=1/1 +32 +2 
* * 
+32 +2 1
+3 * 1
+2 +3 1
+2 * 1
+2 +4 1
+7 * 1
+3 * 1
+2 +3 1
+7 * 1
+3 * 1
+2 +11 1

fl=(159)
fn=(516)
0x18d670 53 1
+4 +1 1
+4 +1 1
+2 +2 1
+5 +1 1
+4 +4 1
+3 +1 1
+5 +1 1
+6 +3 1
+4 +2 1
+4 +1 1
+4 +1 1
+2 +1 1
jcnd=1/1 0x18d730 +84 
* * 
+33 +25 1
+4 +1 1
+4 +1 1
+5 +1 1
+2 +1 1
jcnd=1/1 +49 +26 
* * 
+49 +26 1
+3 +1 1
+5 +4 1
+3 * 1
+37 +24 1
+3 +3 1
+4 +1 1
+5 +1 1
+4 +1 1
+4 +1 1
+2 +1 1
jcnd=1/1 0x18d6c0 -67 
* * 

fl=(346) ./io/../sysdeps/unix/sysv/linux/close.c
fn=(1600) close
0x116710 26 11
+4 +1 11
+7 * 11
+2 * 11
+5 * 11
+2 * 11
+6 * 11
+2 +1 11

fl=(418)
fn=(2186)
0x66370 26 1
+4 * 1
+1 * 1
+3 * 1
+7 * 1
+7 * 1
+7 * 1
+7 * 1
+2 * 1
jcnd=1/1 +34 * 
* * 
+34 * 1
+9 * 1
+7 * 1
+2 +4 1
+4 +1 1
+3 * 1
+7 -1 1
+7 * 1
+7 * 1
+10 * 1
+10 * 1
+7 +1 1
cfi=(419) ./libio/./libio/vsnprintf.c
cfn=(2188) __vsnprintf_internal
calls=1 0x8fc50 +62 
* * 538
+5 +4 1
+7 * 1
+9 * 1
+2 * 1
+1 * 1

fl=(234) ./signal/../sysdeps/unix/syscall-template.S
fn=(788) sigaltstack
0x45b10 120 6
+4 * 6
+5 * 6
+2 * 6
+6 * 6
+2 +2 6

fl=(400)
fn=(2068)
0x129a20 52 1
+4 +2 1
+7 +1 1
+3 +1 1
+2 +3 1
+4 +1 1
+2 +3 1
+4 +2 1
+4 +4 1
+3 +3 1
+3 +1 1
+3 +1 1
+3 +1 1
+5 +1 1
+5 +5 1
+2 +2 2
+3 +1 2
+2 +1 2
jcnd=1/2 +3 +10 
* * 
+2 +2 1
+1 +8 1
+2 +3 1
+1 +1 1
+1 +1 1
cfi=(394) ./nptl/./nptl/pthread_create.c
cfn=(2182) start_thread
calls=1 0x9c720 338 
* * 17094679718

fl=(521)
fn=(3244)
0x10e090 82 3
+4 * 3
+1 +1 3
+2 * 3
+5 -1 3
+3 * 3
+1 * 3
+3 * 3
+4 +1 3
+8 * 3
fi=(522) ./posix/../malloc/dynarray-skeleton.c
+6 243 3
fe=(521)
+7 71 3
+3 * 3
jcnd=3/3 0x10e164 +38 
* * 
0x10e164 +38 3
+2 * 3
+6 * 3
+3 * 3
+2 +1 3
+4 * 3
+1 * 3

fl=(128) ./string/../sysdeps/x86_64/multiarch/strncpy.c
fn=(398) strncpy
0xb4fb0 29 1
fi=(109)
+4 +6 1
+7 * 1
+7 * 1
+6 * 1
+3 * 1
+2 +1 1
+6 * 1
+3 * 1
+2 +3 1
+2 * 1
+2 +4 1
+7 * 1
+3 * 1
+2 +3 1
+3 * 1
+7 * 1
+7 * 1
fe=(128)
+4 -17 1

fl=(87) ./wcsmbs/../sysdeps/x86_64/multiarch/wcsnlen.c
fn=(292) wcsnlen
0xcc3b0 30 1
fi=(88) ./wcsmbs/../sysdeps/x86_64/multiarch/ifunc-wcslen.h
+4 +11 1
+7 * 1
+6 -1 1
+2 * 1
+2 * 1
+5 * 1
jcnd=1/1 +38 +2 
* * 
+38 +2 1
+6 * 1
+6 * 1
+2 +3 1
+2 * 1
+2 +4 1
+7 * 1
+3 * 1
+2 +3 1
+6 * 1
+7 * 1
fe=(87)
+2 -22 1

fl=(500)
fn=(2888)
0x145c60 131 1
+4 * 1
+1 * 1
+3 * 1
+2 * 1
+2 * 1
+1 * 1
+4 +1 1
cfi=(501)
cfn=(2890)
calls=1 0x14f200 242 
* * 22
+5 +2 1
+7 * 1
+5 * 1
+5 * 1
+2 * 1
+2 +8 1
+4 * 1
+1 * 1
+2 * 1
+2 * 1
+1 * 1

fl=(198)
fn=(636)
0x126ae0 37 2
+4 * 2
+1 * 2
+3 * 2
+2 * 2
+2 * 2
+1 * 2
+3 * 2
+4 +3 2
+7 +3 2
+7 -3 2
+4 +3 2
jcnd=2/2 +42 +15 
* * 
+22 +35 1
+4 * 1
+3 * 1
+1 * 1
+2 * 1
+2 * 1
+1 * 1
+7 -20 2
+3 * 2
jcnd=1/2 0x126ba0 +1 
* * 
+2 +4 2
+3 * 2
jcnd=1/2 -28 +16 
* * 
+2 +4 1
+2 * 1
+3 * 1
+3 * 1
jcnd=1/1 +61 +8 
* * 
+61 +8 1
cfi=(199) ./misc/../sysdeps/unix/sysv/linux/brk.c
cfn=(638) brk
calls=1 0x11d7a0 -38 
* * 9
+5 * 1
+2 * 1
+2 +4 1
+4 * 1
+3 * 1
+1 * 1
+2 * 1
+2 * 1
+1 * 1
+11 -19 1
+2 * 1
cfi=(199)
cfn=(638)
calls=1 0x11d7a0 -23 
* * 9
+5 * 1
+2 * 1
+2 +4 1
+4 * 1
jump=1 0x126b35 -1 
* * 

fl=(303)
fn=(1216)
0x18c8a0 206 4
+4 +24 4
+4 +5 4
+2 +14 4
+5 +25 4
+2 +1 4
+2 +1 4
+3 +2 4
+5 +1 4
jcnd=1/4 0x18cc64 957 
* * 
+6 +4 4
+4 +4 4
+4 +2 4
+4 +2 4
+4 +3 4
+4 +2 4
+4 +1 4
jcnd=4/4 +25 +34 
* * 
+7 +11 2
+4 +10 2
+4 +1 2
+4 +3 2
+2 +4 2
+3 * 2
+1 +5 4
+2 +1 4
+5 +1 4
jcnd=2/4 -25 -25 
* * 
+2 +4 2
+2 +1 2
+3 * 2
0x18cc64 957 1
+2 +1 1
+2 +1 1
+5 +1 1
+6 +2 1
+3 +3 1
+2 +1 1
jcnd=1/1 0x18cd26 1076 
* * 
0x18cd26 1076 1
+6 +1 1
jcnd=1/1 0x18c8c1 283 
* * 

fl=(357) ./time/../sysdeps/unix/sysv/linux/clock_gettime.c
fn=(1756) clock_gettime@@GLIBC_2.17
0xec950 30 9
+4 +8 9
+7 * 9
+7 +2 9
+3 * 9
jcnd=9/9 +19 +28 
* * 
+19 +28 9
+5 * 9
+2 +1 9
+2 * 9
+2 -25 9
+2 * 9

fl=(506) ./nptl/./nptl/cleanup_compat.c
fn=(2936) _pthread_cleanup_push@@GLIBC_2.34
0x986b0 25 1
+4 +3 1
+3 +1 1
+4 +1 1
+9 * 1
+4 +2 1
+9 +1 1

fn=(2942) _pthread_cleanup_pop@@GLIBC_2.34
0x986e0 40 1
+4 +3 1
+4 * 1
+9 +4 1
+2 * 1
jcnd=1/1 +21 +2 
* * 
+21 +2 1

fl=(98) ./string/../sysdeps/x86_64/multiarch/memcmpeq.c
fn=(320) memcpy@@GLIBC_2.14
0xb1740 29 2
fi=(99)
+4 +28 2
+7 * 2
+7 * 2
+6 -1 2
+3 * 2
+2 +4 2
+6 * 2
+6 * 2
+2 +14 2
+3 * 2
+2 +3 2
+2 * 2
+6 +8 2
+6 * 2
jcnd=2/2 +34 +8 
* * 
+34 +8 2
+3 * 2
jcnd=2/2 0xb1838 +3 
* * 
0xb1838 +3 2
+6 * 2
+7 * 2
+7 * 2
+4 * 2
fe=(98)

fl=(127) ./string/../sysdeps/x86_64/multiarch/strlen.c
fn=(394) strlen
0xb4ce0 29 2
fi=(84)
+4 +11 2
+7 * 2
+7 * 2
+6 -2 2
+2 * 2
+2 * 2
+6 * 2
jcnd=2/2 +14 +3 
* * 
fe=(127)
+2 -9 2
+3 * 2
fi=(84)
+9 +12 2
+7 * 2
+2 +1 2
+6 * 2
+3 * 2
+2 +3 2
+2 * 2
+2 +4 2
+7 * 2
+3 * 2
+2 +3 2
+3 * 2
+7 * 2
+7 * 2
+4 * 2
jfi=(127)
jump=2 -69 -23 
* * 
fe=(127)

fl=(499)
fn=(2886)
0x1779e0 21 1
+4 * 1
+1 * 1
+3 * 1
+2 +1 1
+7 -1 1
+1 +1 1
+5 +2 1
+3 * 1
jcnd=1/1 0x177a80 +15 
* * 
0x177a80 +15 1
+1 * 1
+2 * 1
+1 * 1

fl=(154) ./nptl/../sysdeps/unix/sysv/linux/x86/elision-conf.c
fn=(478) __lll_elision_init
0x98890 92 1
+4 * 1
+1 +4 1
+5 -4 1
+3 * 1
+1 +4 1
+4 * 1
+3 -4 1
+4 +4 1
+7 -4 1
+9 * 1
+4 * 1
+2 +4 1
cob=(3)
cfi=(153)
cfn=(476)
calls=1 0x48b7720 -96 
* * 26
+5 +2 1
+7 * 1
+3 * 1
+5 * 1
cob=(3)
cfi=(153)
cfn=(476)
calls=1 0x48b7720 -98 
* * 26
+5 +2 1
+7 * 1
+3 * 1
+5 * 1
cob=(3)
cfi=(153)
cfn=(476)
calls=1 0x48b7720 0 
* * 26
+5 +2 1
+7 * 1
+3 * 1
+5 * 1
cob=(3)
cfi=(153)
cfn=(476)
calls=1 0x48b7720 0 
* * 26
+5 +2 1
+7 * 1
+3 * 1
+5 * 1
cob=(3)
cfi=(153)
cfn=(476)
calls=1 0x48b7720 0 
* * 26
+5 +3 1
+6 * 1
+2 * 1
+2 +1 1
+10 +1 1
+4 * 1
+9 * 1
+2 * 1
+4 * 1
+1 * 1

fl=(199)
fn=(638)
0x11d7a0 36 2
fi=(530) ./misc/../sysdeps/unix/sysv/linux/brk_call.h
+4 -12 2
+5 * 2
fe=(199)
+2 +13 2
+7 * 2
+3 +1 2
+3 * 2
+2 +6 2
+2 +1 2

fl=(420) ./stdio-common/./stdio-common/vfprintf-internal.c
fn=(2190) __printf_buffer
0x69080 600 1
+4 * 1
+1 * 1
+3 * 1
+2 * 1
+2 * 1
+3 * 1
+2 * 1
+3 * 1
+2 * 1
+3 * 1
+1 * 1
fi=(220)
+3 82 1
fe=(420)
+3 600 1
+7 * 1
fi=(220)
+7 82 1
fe=(420)
+5 600 1
+6 +27 1
+9 * 1
+4 * 1
+7 +11 1
+4 -11 1
+3 +11 1
+7 -11 1
+6 +11 1
+4 * 1
fi=(220)
+7 82 1
cob=(3)
cfi=(153)
cfn=(2192)
calls=1 0x48b7590 -82 
* * 21
fe=(420)
+5 653 1
+3 * 1
+3 +1 1
fi=(220)
+3 82 1
+7 * 1
fe=(420)
+3 654 1
+3 -1 1
cfi=(421)
cfn=(2196)
calls=1 0x60d40 27 
* * 51
+5 +2 1
+4 * 1
+2 * 1
+6 +4 1
+4 * 1
+6 +4 1
+7 * 1
+7 * 1
+3 * 1
+6 * 1
+8 * 1
+6 * 1
+8 * 1
+6 -32 1
+10 973 1
+3 642 1
+10 973 1
+3 * 1
+6 634 1
+11 +71 1
+5 * 1
+4 * 1
+2 * 1
jcnd=1/1 0x69250 * 
* * 
+37 1044 1
+4 * 1
+9 * 1
+6 * 1
+4 * 1
+1 * 1
+2 * 1
+2 * 1
+2 * 1
+2 * 1
+1 * 1
0x69250 705 1
+4 * 1
+4 -13 1
+3 +7 1
+7 +6 1
+3 * 1
+7 -14 1
+3 -4 1
+3 +18 1
+2 -10 1
+6 +10 1
+7 -7 1
+10 -4 1
+10 +11 1
+4 * 1
+7 -19 1
+10 -1 1
+10 +20 1
+4 -12 1
+2 -9 1
+10 -1 1
+10 +22 1
+3 -15 1
+2 * 1
jump=1 0x6a078 883 
* * 
0x69458 1024 1
fi=(220)
+4 82 1
fe=(420)
+5 1018 1
fi=(220)
+7 82 1
+3 * 1
cob=(3)
cfi=(153)
cfn=(2192)
calls=1 0x48b7590 -82 
* * 21
fe=(420)
+5 1028 1
+3 * 1
+3 +1 1
fi=(220)
+3 82 1
fe=(420)
+3 1029 1
+3 -1 1
cfi=(421)
cfn=(2196)
calls=1 0x60d40 27 
* * 19
+5 +3 1
+4 * 1
jcnd=1/1 0x691b0 +13 
* * 
0x69bf6 784 1
fi=(422) ./stdio-common/./stdio-common/vfprintf-process-arg.c
+3 126 1
+3 * 1
jcnd=1/1 0x69e8a +2 
* * 
+30 +75 1
+7 92 1
+3 +1 1
+10 +1 1
+10 201 1
+3 * 1
+6 -65 1
+3 * 1
jcnd=1/1 0x69ee0 * 
* * 
+22 +19 1
+4 * 1
+4 * 1
+6 * 1
+7 * 1
+3 * 1
+7 * 1
+3 * 1
+3 * 1
+3 * 1
+7 * 1
+7 * 1
+7 * 1
cfi=(423)
cfn=(2200)
calls=1 0x5eff0 +14 
* * 95
+5 +11 1
+7 * 1
+8 -11 1
+7 * 1
+7 +11 1
+3 * 1
+7 * 1
+7 * 1
+7 -5 1
+7 * 1
+3 * 1
+6 * 1
+6 * 1
+3 * 1
+6 * 1
+2 * 1
jcnd=1/1 0x6a4f0 +26 
* * 
0x69d7f +25 1
+3 * 1
+3 * 1
+2 * 1
+2 * 1
jcnd=1/1 0x6a548 +1 
* * 
+9 +15 1
+8 * 1
+3 -4 1
+6 * 1
+2 * 1
+6 +2 1
+6 * 1
+4 * 1
+2 +2 1
+3 * 1
+6 +7 1
+6 -2 1
+4 * 1
+3 +2 1
+3 * 1
+6 * 1
+6 +3 1
+7 * 1
jfi=(424) ./stdio-common/../include/printf_buffer.h
jcnd=1/1 0x6a910 -48 
* * 
+9 +13 1
+3 * 1
fi=(424)
+6 -61 1
+3 * 1
jfi=(422)
jcnd=1/1 +18 +70 
* * 
fi=(422)
+18 +70 1
+3 * 1
jcnd=1/1 +27 +3 
* * 
+27 +3 1
+7 * 1
jcnd=1/1 0x6a5b8 +4 
* * 
+91 128 1
+2 * 1
jcnd=1/1 0x6a698 +2 
* * 
+84 +8 1
+5 +2 1
+6 * 1
jump=1 0x69c5a +17 
* * 
fe=(420)
0x6a078 883 1
fi=(422)
+4 66 1
+10 +1 1
jfi=(420)
jump=1 0x69bf6 784 
* * 
0x6a3f0 +94 1
+7 +9 1
+7 * 1
jump=1 0x69d7f +16 
* * 
0x6a4f0 +17 1
+7 +8 1
+5 -8 1
+3 +12 1
+2 -12 1
+3 +8 1
+3 * 1
+4 * 1
+3 * 1
jump=1 0x6a3f0 -34 
* * 
+58 -8 1
+7 * 1
+6 * 1
+4 * 1
+3 * 1
+3 * 1
jump=1 0x69d92 +14 
* * 
+89 +53 1
+7 * 1
+7 * 1
+3 * 1
cfi=(421)
cfn=(2196)
calls=1 0x60d40 27 
* * 55
+5 * 1
jfi=(420)
jump=1 0x69458 1024 
* * 
0x6a698 130 1
+3 * 1
+6 +1 1
+3 * 1
+6 * 1
+2 * 1
+3 * 1
+4 * 1
+3 * 1
+3 * 1
jump=1 0x69c1a +70 
* * 
fi=(424)
0x6a910 +32 1
+2 * 1
jfi=(422)
jcnd=1/1 0x69dec +61 
* * 
fe=(420)

fl=(419)
fn=(2188)
0x8fc50 93 1
+4 * 1
+1 * 1
+3 * 1
+3 * 1
fi=(531) ./libio/../include/printf_buffer.h
+3 +31 1
fe=(419)
+5 -31 1
+3 * 1
fi=(531)
+3 +31 1
fe=(419)
+4 -31 1
+3 * 1
+1 * 1
+7 * 1
+9 * 1
+4 * 1
fi=(531)
+3 +44 1
+4 -13 1
+7 +13 1
+7 -10 1
+11 +1 1
fe=(419)
+10 -65 1
+3 * 1
+2 +3 1
+3 +30 1
+7 * 1
+3 * 1
cfi=(420)
cfn=(2190)
calls=1 0x69080 600 
* * 481
+5 -21 1
+7 * 1
+7 * 1
+2 +1 1
+3 +11 1
+3 * 1
cfi=(425)
cfn=(2204)
calls=1 0x606f0 -62 
* * 19
+5 +11 1
+4 * 1
+9 * 1
+2 * 1
+4 * 1
+1 * 1

fl=(91) ./wcsmbs/../sysdeps/x86_64/multiarch/wcslen.c
fn=(300) wcslen
0xcbb20 29 1
fi=(88)
+4 +12 1
+7 * 1
+6 -1 1
+2 * 1
+2 * 1
+5 * 1
jcnd=1/1 +38 +2 
* * 
+38 +2 1
+6 * 1
+6 * 1
+2 +3 1
+2 * 1
+2 +4 1
+7 * 1
+3 * 1
+2 +3 1
+6 * 1
+7 * 1
fe=(91)
+2 -23 1

fl=(121) ./string/../sysdeps/x86_64/multiarch/memcmp.c
fn=(374) bcmp
0xb1650 29 3
fi=(122) ./string/../sysdeps/x86_64/multiarch/ifunc-memcmp.h
+4 +5 3
+7 * 3
+7 * 3
+6 * 3
+3 * 3
+2 +1 3
+7 * 3
+2 +1 3
+3 * 3
+2 +1 3
+6 * 3
+3 * 3
+2 +3 3
+2 * 3
+2 +4 3
+7 * 3
+3 * 3
+2 +3 3
+3 * 3
+7 * 3
+7 * 3
fe=(121)
+4 -18 3
+3 * 3

fl=(136) ./string/../sysdeps/x86_64/multiarch/strspn.c
fn=(422) strspn
0xb5300 29 1
fi=(526)
+4 +7 1
+7 * 1
+7 * 1
+7 * 1
+7 * 1
fe=(136)
+4 -7 1

fl=(150)
fn=(470)
0x11d1e0 38 2
+4 * 2
+3 +1 2
+2 * 2
+2 * 2
+5 * 2
+2 * 2
+2 * 2
+6 * 2
+2 +1 2

fl=(178) ./signal/../sysdeps/posix/signal.c
fn=(584) signal
0x451a0 30 1
+4 * 1
+1 +4 1
+3 -4 1
+3 * 1
+7 * 1
+9 * 1
+4 * 1
+2 +4 1
+3 * 1
+2 * 1
+4 * 1
fi=(179)
+2 +19 1
fe=(178)
+3 -18 1
+3 * 1
fi=(180) ./signal/../sysdeps/unix/sysv/linux/sigsetops.h
+2 +67 1
fe=(178)
+5 -61 1
+7 +4 1
+7 * 1
fi=(180)
+7 +57 1
+3 +2 1
+7 -8 1
fe=(178)
+7 -52 1
+3 * 1
+3 * 1
+3 * 1
+6 +1 1
cfi=(181)
cfn=(590)
calls=1 0x452e0 -19 
* * 84
+5 * 1
+2 +3 1
+7 -3 1
+2 * 1
+2 +4 1
+4 * 1
+9 * 1
+2 * 1
+1 * 1

fl=(201)
fn=(746) __GI__IO_un_link.part.0
0x945f0 52 1
+1 * 1
+3 * 1
+2 * 1
+2 +6 1
+4 -6 1
+1 * 1
+3 +6 1
+3 -6 1
+4 * 1
+9 * 1
+4 * 1
+2 +6 1
+7 * 1
+8 * 1
+4 * 1
cfi=(203)
cfn=(652)
calls=1 0x98e10 -34 
* * 13
+5 +1 1
+7 * 1
+9 * 1
+7 * 1
+3 * 1
+2 * 1
+3 * 1
jcnd=1/1 0x948a0 * 
* * 
+50 +2 1
+2 -1 1
+7 +1 1
+3 * 1
+7 * 1
jcnd=1/1 0x94798 +2 
* * 
0x946fe +4 1
+3 * 1
jcnd=1/1 0x94888 +1 
* * 
+51 +9 1
+3 * 1
+2 +2 1
+3 * 1
jcnd=1/1 0x947b3 +1 
* * 
+92 -13 1
+7 * 1
+6 * 1
+3 * 1
jcnd=1/1 0x946fe +2 
* * 
+11 +14 1
+11 +1 1
+6 * 1
+3 * 1
jcnd=1/1 0x94863 * 
* * 
+36 +1 1
+3 * 1
cfi=(203)
cfn=(654)
calls=1 0x98e60 -25 
* * 9
+5 +3 1
+4 * 1
+9 * 1
+6 * 1
+4 * 1
+1 * 1
+2 * 1
+2 * 1
+1 * 1
+83 -4 1
+2 * 1
+6 * 1
+11 * 1
+10 * 1
jump=1 0x947eb +1 
* * 
+8 -12 1
+4 * 1
+7 * 1
jump=1 0x94734 +8 
* * 
+13 -7 1
+10 * 1
+7 * 1
jump=1 0x9467f +2 
* * 

fn=(676)
0x954d0 343 1
+4 +1 1
+5 * 1
jcnd=1/1 +7 -1 
* * 
+7 -1 1
+1 * 1
+3 * 1
+2 * 1
+2 * 1
+1 * 1
+3 * 1
+4 +3 1
+2 * 1
+2 * 1
jcnd=1/1 +12 +1 
* * 
+12 +1 1
fi=(211)
+7 1025 1
+7 * 1
+3 * 1
+3 +1 1
+6 * 1
fe=(201)
+2 347 1
+3 * 1
cfi=(209) ./libio/./libio/filedoalloc.c
cfn=(678) _IO_file_doallocate
calls=1 0x85120 78 
* * 269
+5 * 1
+3 * 1
jcnd=1/1 +44 +3 
* * 
+44 +3 1
+4 * 1
+1 * 1
+2 * 1
+2 * 1
+1 * 1

fn=(728)
0x95fe0 635 176
+4 * 176
+1 * 176
+3 * 176
+2 * 176
+1 * 176
+3 * 176
+4 +3 176
+4 * 176
+4 * 176
+2 +1 176
+4 * 176
jcnd=176/176 +64 +2 
* * 
+43 +9 176
+3 +3 176
+4 * 176
+1 * 176
+2 * 176
+1 * 176
+10 -10 176
+4 * 176
+4 +1 176
+4 +5 176
jump=176 -33 +1 
* * 

fn=(672)
0x950b0 269 5
+4 * 5
+1 * 5
+3 * 5
+2 * 5
+1 +1 5
+6 -1 5
+3 +1 5
+2 * 5
jcnd=4/5 0x95140 * 
* * 
+2 * 1
+10 +5 1
+2 * 1
+3 * 1
-5 * 4
+2 * 4
+3 * 4
+6 +3 5
+4 173 5
+4 278 5
+3 * 5
+6 +2 5
+3 * 5
+6 +6 5
+5 * 5
jcnd=5/5 +84 +5 
* * 
+14 +7 5
fi=(211)
+7 1025 5
+7 * 5
+3 * 5
+3 +1 5
+6 * 5
fe=(201)
+6 293 5
+5 * 5
+3 +1 5
+1 * 5
+2 * 5
+1 -1 5
cfi=(202)
cfn=(674)
calls=5 0x92640 462 
* * 775
+10 -23 4
+3 * 4
jcnd=4/4 0x950d2 +5 
* * 
+13 +21 5
+4 * 5
+3 * 5
jcnd=5/5 -77 +2 
* * 

fn=(760)
0x95f40 601 1
+4 * 1
+1 * 1
+3 * 1
+1 * 1
+3 * 1
+4 +2 1
+4 * 1
+3 * 1
jcnd=1/1 +7 +6 
* * 
+7 +6 1
+4 * 1
+3 * 1
jcnd=1/1 +27 +3 
* * 
+27 +3 1
+4 * 1
+3 * 1
jcnd=1/1 +15 54 
* * 
+15 54 1
+3 * 1
+2 624 1
+4 * 1
+1 * 1

fn=(644)
0x95e60 563 45
+4 * 45
+1 * 45
+3 * 45
+2 * 45
+3 * 45
+2 * 45
+3 * 45
+2 * 45
+3 * 45
+1 * 45
+3 +1 45
cfn=(646) _IO_old_init
calls=45 0x95df0 -33 
* * 1037
+5 +1 45
+8 +1 45
+3 * 45
jcnd=44/45 +69 +20 
* * 
+2 +2 1
+8 +4 1
+4 +7 1
+8 +2 1
+7 -9 1
+3 * 1
+4 * 1
+4 * 1
+4 * 1
+4 +15 1
+12 +1 1
+1 * 1
+2 * 1
+2 * 1
+2 * 1
+1 * 1
-20 -1 44
+12 +1 44
+1 * 44
+2 * 44
+2 * 44
+2 * 44
+1 * 44
+1 -2 44
+12 * 44
jump=44 -33 +1 
* * 

fn=(684)
0x95470 329 46
+4 * 46
+1 * 46
+3 * 46
+2 * 46
+3 * 46
+2 * 46
+3 * 46
+2 * 46
+3 * 46
+1 * 46
+3 +1 46
+4 * 46
+2 * 46
+3 * 46
jcnd=45/46 +6 +5 
* * 
+2 * 1
+2 * 1
jcnd=1/1 +40 +1 
* * 
+2 +5 46
+2 * 46
+3 -3 46
+4 +3 46
+3 * 46
+3 -2 46
+4 +2 46
+3 * 46
+2 +3 46
+1 * 46
+2 * 46
+2 * 46
+2 * 46
+1 * 46
+6 -7 1
cob=(3)
cfi=(153)
cfn=(736)
calls=1 0x48b73e0 0 
* * 87
+5 +4 1
+2 * 1
jump=1 -45 * 
* * 

fn=(744)
0x94960 53 2
+4 +1 2
+3 * 2
jcnd=1/2 +9 +28 
* * 
+2 +28 1
+7 * 1
cfn=(746)
calls=1 0x945f0 -30 
* * 86

fn=(750)
0x96d80 937 1
+4 * 1
+1 * 1
+3 * 1
+1 * 1
+3 * 1
+4 +2 1
+5 * 1
jcnd=1/1 +10 +5 
* * 
+10 +5 1
+4 * 1
+3 * 1
jcnd=1/1 +31 +2 
* * 
+31 +2 1
+4 * 1
+1 * 1

fn=(2058) _IO_enable_locks
0x95db0 518 1
+4 +3 1
+6 * 1
+2 * 1
+2 1044 1
+7 523 1
+10 +1 1
+3 * 1
+2 * 1
+4 +1 1
+7 1058 1
+4 524 1
+3 * 1
jcnd=1/1 -14 +1 
* * 
-14 +1 2
+7 1058 2
+4 524 2
+3 * 2
jcnd=1/2 -14 +1 
* * 
+2 +2 1

fn=(3310) _IO_flush_all
0x96100 686 1
+4 * 1
+1 * 1
+3 * 1
+2 * 1
+2 +5 1
+4 -5 1
+2 +5 1
+3 -5 1
+2 * 1
+1 * 1
+4 * 1
+9 * 1
+4 * 1
+2 +5 1
+7 * 1
+8 * 1
+4 * 1
cfi=(203)
cfn=(652)
calls=1 0x98e10 24 
* * 13
+5 +1 1
+7 * 1
+9 * 1
+7 * 1
jcnd=1/1 +11 * 
* * 
+11 * 1
+3 * 1
+6 * 1
+2 * 1
+5 * 1
+8 * 1
+7 * 1
+6 * 1
+7 +3 1
+7 * 1
+3 * 1
+6 -8 1
fi=(211)
+3 1025 1
+7 * 1
jfi=(201)
jump=1 0x96248 697 
* * 
fe=(201)
+71 708 3
+6 * 3
+2 * 3
+7 * 3
+7 * 3
+3 * 3
jcnd=3/3 0x962f0 * 
* * 
+37 +1 3
+11 -14 3
+4 * 3
+3 * 3
jcnd=1/3 0x96328 +18 
* * 
+6 +2 3
+7 +1 3
+6 * 3
+2 * 3
+7 * 3
+7 * 3
+9 * 3
+4 * 3
jcnd=3/3 +11 * 
* * 
+11 * 3
+3 * 3
+6 * 3
+2 * 3
+5 * 3
+4 * 3
+6 * 3
+7 * 3
+4 +2 3
+6 * 3
+2 * 3
+6 * 3
+4 * 3
+4 * 3
+6 * 3
jump=3 0x961f2 +8 
* * 
+50 +8 3
+2 * 3
+2 * 3
+8 * 3
+2 * 3
+3 * 3
jcnd=3/3 0x96230 +1 
* * 
+39 +5 1
+7 * 1
+6 * 1
jcnd=1/1 0x963a0 * 
* * 
+27 +1 1
+3 * 1
cfi=(203)
cfn=(654)
calls=1 0x98e60 54 
* * 9
+5 +4 1
+4 * 1
+9 * 1
+6 * 1
+4 * 1
+3 * 1
+1 * 1
+2 * 1
+2 * 1
+2 * 1
+2 * 1
+1 * 1
+36 -5 1
+2 * 1
+2 * 1
+11 * 1
+6 * 1
+3 * 1
jcnd=1/1 0x96350 +1 
* * 

fn=(646)
0x95df0 531 45
+4 +3 45
+6 -2 45
+6 +2 45
+2 +5 45
+4 -7 45
+2 +2 45
+2 +10 45
+8 -10 45
+3 +16 45
+2 -11 45
+4 -5 45
+3 +16 45
+7 -16 45
+3 +21 45
+7 -16 45
+4 * 45
+4 * 45
+4 * 45
+4 * 45
+4 +16 45
+3 * 45
jcnd=44/45 +17 +3 
* * 
+2 +1 1
+7 * 1
+8 +2 1
* * 44

fn=(650)
0x94980 87 2
+4 * 2
+1 * 2
+3 * 2
+2 * 2
+2 * 2
+1 * 2
+4 +1 2
+9 * 2
+4 * 2
+2 * 2
+2 * 2
jcnd=1/2 +38 +2 
* * 
+2 +18 2
+4 * 2
+9 * 2
+6 * 2
+4 * 2
+1 * 2
+2 * 2
+2 * 2
+1 * 2
+7 -16 1
+2 +2 1
+4 * 1
+3 * 1
+8 -2 1
+2 +2 1
+7 * 1
+3 * 1
+4 * 1
cfi=(203)
cfn=(652)
calls=1 0x98e10 -68 
* * 13
+5 +1 1
+7 * 1
+9 * 1
+7 * 1
+2 * 1
+2 * 1
+3 * 1
jcnd=1/1 0x94c18 * 
* * 
0x94a9a +10 1
+3 * 1
cfi=(203)
cfn=(654)
calls=1 0x98e60 -49 
* * 9
+5 +3 1
jump=1 0x949a4 * 
* * 
0x94b70 -11 1
+9 * 1
+7 * 1
+4 * 1
+3 * 1
+6 +2 1
+7 -2 1
+6 +3 1
+7 -3 1
+4 +2 1
+4 +3 1
+3 * 1
+2 * 1
+6 * 1
+8 +2 1
+6 -2 1
+6 +1 1
+11 +1 1
+2 * 1
+2 * 1
+11 * 1
+10 * 1
jump=1 0x94a9a +1 
* * 
+44 -9 1
+10 * 1
+7 +1 1
+7 +1 1
+6 * 1
jcnd=1/1 0x94b70 * 
* * 

fn=(688)
0x94f50 164 5
+4 * 5
+1 * 5
+3 * 5
+2 * 5
+1 * 5
+3 +1 5
+4 * 5
+4 * 5
jcnd=5/5 +52 +3 
* * 
+52 +3 5
+2 * 5
+3 * 5
+2 +4 5
+4 * 5
+4 +1 5
+4 * 5
jcnd=5/5 +6 +7 
* * 
+6 +7 5
+3 -4 5
+4 +4 5
+2 -2 5
+4 * 5
+4 +3 5
+2 +1 5
+1 * 5
+2 * 5
+1 * 5

fn=(3308)
0x967e0 842 1
+4 * 1
+1 * 1
+3 * 1
+2 * 1
+2 * 1
+2 -66 1
+4 +66 1
+2 * 1
+1 * 1
+4 * 1
+9 * 1
+4 * 1
+2 +1 1
cfn=(3310)
calls=1 0x96100 686 
* * 198
+5 -67 1
+3 * 1
+8 +67 1
+3 -67 1
+7 * 1
+4 * 1
cfi=(203)
cfn=(652)
calls=1 0x98e10 24 
* * 13
+5 +1 1
+7 * 1
+9 * 1
+7 * 1
jcnd=1/1 +11 * 
* * 
+11 * 1
+3 * 1
+6 * 1
+2 * 1
+5 * 1
+8 * 1
+7 * 1
+6 * 1
+7 +3 1
+7 * 1
+3 * 1
fi=(211)
+6 1025 1
fe=(201)
+7 785 1
+2 -1 1
+7 +1 1
+3 * 1
-12 * 2
+2 -1 2
+7 +1 2
+3 * 2
+2 * 3
+7 * 3
+7 * 3
+9 * 3
+4 * 3
jcnd=3/3 +11 * 
* * 
+11 * 3
+3 * 3
+6 * 3
+2 * 3
+5 * 3
+4 * 3
+6 * 3
+7 +7 3
+2 -7 3
+4 +7 3
+2 * 3
jcnd=1/3 0x96959 +22 
* * 
+2 +2 2
+6 * 2
+2 * 2
jcnd=2/2 +98 +20 
* * 
+98 +20 3
+10 +2 3
+3 * 3
jcnd=3/3 0x96a18 -39 
* * 
+6 +1 3
+11 -37 3
+4 * 3
+3 * 3
jcnd=2/3 0x96890 +5 
* * 
+6 +41 1
+7 * 1
+6 * 1
jcnd=1/1 0x96ad0 * 
* * 
+35 +1 1
+3 * 1
cfi=(203)
cfn=(654)
calls=1 0x98e60 54 
* * 9
+5 +33 1
+4 * 1
+9 * 1
+6 * 1
+4 * 1
+3 * 1
+1 * 1
+2 * 1
+2 * 1
+2 * 1
+2 * 1
+1 * 1
+56 -78 3
+7 +39 3
+7 * 3
+3 * 3
jcnd=3/3 +47 * 
* * 
+47 * 3
+2 * 3
+2 * 3
+8 * 3
+2 * 3
+3 * 3
jcnd=3/3 0x9696c +1 
* * 
0x96ad0 +5 1
+2 * 1
+2 * 1
+11 * 1
+6 * 1
+3 * 1
jcnd=1/1 0x969b4 +1 
* * 

fl=(227)
fn=(766)
0x189480 158 227524
+4 +1 227524
+4 * 227524
+3 +5 227524
+4 +1 227524
jcnd=310/227524 0x189560 337 
* * 
+6 +1 227214
+5 +1 227214
+4 +1 227214
jcnd=227109/227214 +34 +69 
* * 
+2 +2 105
+4 +1 105
+6 +1 105
+3 * 105
+3 +9 1103
+5 +1 1103
+5 +2 1103
+3 * 1103
+3 +53 227109
+7 +1 227109
jcnd=12001/227109 0x189540 +87 
* * 
+2 +6 215108
+4 +1 215108
+5 +12 215108
+3 +3 215108
+7 +1 215108
jcnd=1103/215108 -44 -80 
* * 
+2 +12 214005
+5 +1 214005
+5 +13 214005
+4 +1 214005
+7 +2 214005
jcnd=3/214005 +45 +18 
* * 
+2 +3 214002
+7 +3 214002
+4 +3 214002
+4 +1 214002
+5 +1 214002
+5 +1 214002
+5 +1 214002
+4 +1 214002
+3 +1 214002
jcnd=65800/214002 -26 -6 
* * 
-26 -6 196400
+4 +1 196400
+5 +1 196400
+5 +1 196400
+5 +1 196400
+4 +1 196400
+3 +1 196400
jcnd=130600/196400 -26 -6 
* * 
+2 * 214002
+4 +3 214002
+4 +1 214002
+5 +1 214002
+5 +1 214002
+5 +3 214002
+3 * 214002
-22 -6 3
+4 +1 3
+5 +1 3
+5 +1 3
+5 +3 3
+3 * 3
+10 +11 12001
+4 +1 12001
+3 +1 12001
+3 +1 12001
jcnd=12001/12001 * * 
* * 
* * 53889888
jcnd=53877887/53889888 * * 
* * 
+2 +1 12001
+3 +1 12001
+3 * 12001
+14 +7 310
+5 +9 310
+3 +1 310
jcnd=9/310 +24 +31 
* * 
+2 +5 301
+3 +1 301
+2 +1 301
+3 +1 301
jcnd=300/301 +46 +48 
* * 
+2 +1 1
+3 +1 1
+2 +1 1
jcnd=1/1 +5 +3 
* * 
+5 +3 1
+2 +17 9
+4 +1 9
+6 +1 9
+22 +23 300
+4 +1 300
+6 +5 300

fl=(322) ./io/../sysdeps/unix/sysv/linux/open64.c
fn=(1392) open
0x11b150 30 17
+4 * 17
+1 +3 17
+3 -3 17
+3 * 17
+2 * 17
+3 * 17
+1 * 17
+2 * 17
+4 * 17
+4 * 17
+9 * 17
+4 * 17
+2 +3 17
+4 * 17
+2 * 17
+2 * 17
+2 * 17
+5 * 17
+2 +8 17
+7 * 17
+2 * 17
+2 * 17
+3 * 17
+5 * 17
+5 * 17
+2 * 17
+6 * 17
jcnd=6/17 0x11b230 * 
* * 
+6 +2 17
+4 * 17
+9 * 17
+6 * 17
+4 * 17
+1 * 17
+2 * 17
+1 * 17
0x11b230 -2 6
+7 * 6
+2 * 6
+3 * 6
+5 * 6
jump=6 0x11b1b1 +2 
* * 

fl=(393) ./nptl/./nptl/pthread_attr_setstacksize.c
fn=(2042) pthread_attr_setstacksize@@GLIBC_2.34
0x9a540 30 1
+4 +8 1
fi=(532) ./nptl/../sysdeps/nptl/pthreadP.h
+5 707 1
+7 * 1
jfi=(393)
jcnd=1/1 +8 40 
* * 
fe=(393)
+8 40 1
+4 +2 1
+2 +1 1

fl=(148) ./elf/./elf/libc_early_init.c
fn=(466) __libc_early_init
0x1854d0 33 1
+4 * 1
+1 * 1
+3 * 1
+1 * 1
+2 * 1
+4 * 1
+9 * 1
+4 * 1
+2 +2 1
cfi=(149)
cfn=(468)
calls=1 0x3ba20 -6 
* * 17
+5 +3 1
fi=(151) ./elf/../sysdeps/nptl/pthread_early_init.h
+7 -5 1
+5 * 1
fe=(148)
+4 +8 1
+6 -3 1
+2 +3 1
fi=(151)
+6 -8 1
cfi=(150)
cfn=(470)
calls=1 0x11d1e0 +5 
* * 10
+5 * 1
+5 * 1
+2 * 1
+2 +1 1
+4 +4 1
+5 * 1
+3 * 1
+4 * 1
+4 * 1
+4 +7 1
fi=(533) ./elf/../nptl/nptl-stack.h
+7 +16 1
+2 * 1
+7 * 1
fi=(151)
+7 -16 1
fi=(533)
+4 +16 1
+3 * 1
fi=(151)
+4 -7 1
fi=(533)
+7 +7 1
+3 * 1
+3 * 1
fi=(151)
+3 -9 1
+3 -6 1
+8 +2 1
+3 * 1
+4 +4 1
+3 * 1
+5 * 1
+3 * 1
+4 +1 1
+7 +3 1
cfi=(152)
cfn=(474)
calls=1 0x9f610 -1 
* * 104
fe=(148)
+5 -9 1
+4 * 1
+9 * 1
+2 +2 1
+4 * 1
+1 -2 1
cfi=(154)
cfn=(478)
calls=1 0x98890 +45 
* * 169

fl=(207)
fn=(668)
0x5f7b0 27 44
+4 * 44
+3 +1 44
+5 * 44
cfi=(208)
cfn=(670)
calls=44 0x86b40 +13 
* * 8142

fl=(394)
fn=(2062) create_thread
0x9c450 236 1
+1 * 1
+3 * 1
+2 * 1
+3 * 1
+2 * 1
+2 * 1
+3 * 1
+2 * 1
+3 * 1
+1 * 1
+3 * 1
+4 +4 1
+9 * 1
+4 * 1
+4 * 1
+3 * 1
jcnd=1/1 +87 +4 
* * 
+87 +4 1
+6 * 1
+6 +3 1
+5 * 1
+7 +1 1
+3 * 1
+6 +42 1
+7 -3 1
+4 +10 1
+3 -10 1
+4 +10 1
+7 * 1
+7 -10 1
+4 * 1
+8 * 1
+11 * 1
+7 * 1
+4 * 1
+4 * 1
+4 * 1
+4 * 1
+4 +10 1
cfi=(398)
cfn=(2064)
calls=1 0x129b30 97 
* * 84
+5 +1 1
+3 * 1
+6 +5 1
+4 +6 1
+3 * 1
jcnd=1/1 +45 +12 
* * 
+45 +12 1
+6 * 1
+2 +11 1
+2 +1 1
+4 * 1
+9 * 1
+2 * 1
+4 * 1
+1 * 1
+2 * 1
+2 * 1
+2 * 1
+2 * 1
+1 * 1

fn=(2046) pthread_create@@GLIBC_2.34
0x9cbc0 626 1
+4 * 1
+1 * 1
+3 * 1
+2 * 1
+2 * 1
+2 * 1
+2 * 1
+1 * 1
+7 * 1
+7 * 1
+7 * 1
+7 * 1
+7 * 1
+9 * 1
+4 * 1
+2 +6 1
+7 * 1
jcnd=1/1 0x9d1f0 83 
* * 
+6 +13 1
+7 * 1
+4 * 1
+4 * 1
jcnd=1/1 +49 -2 
* * 
+49 -2 1
+7 -2 1
fi=(396)
+7 219 1
cfi=(187)
cfn=(604)
calls=1 0x11f670 27 
* * 6
fi=(395)
+5 61 1
fi=(396)
+2 219 1
+3 * 1
fi=(395)
+2 61 1
fi=(396)
+7 219 1
fi=(395)
+3 61 1
+7 * 1
+7 * 1
+3 * 1
+4 * 1
+3 * 1
+3 * 1
fi=(396)
+3 223 1
fi=(395)
+2 61 1
fi=(396)
+7 223 1
+6 * 1
+6 +5 1
+5 * 1
+3 * 1
+6 +10 1
+6 * 1
+6 +91 1
+7 * 1
+3 +4 1
+3 * 1
+7 -4 1
+7 +4 1
+6 +10 1
+5 * 1
+2 * 1
+3 * 1
+4 * 1
+3 * 1
+3 +4 1
+3 * 1
jfi=(394)
jcnd=1/1 +79 901 
* * 
fe=(394)
+12 897 1
+7 * 1
jcnd=1/1 +14 +4 
* * 
+14 +4 1
+4 * 1
+9 * 1
+6 * 1
+6 * 1
+7 * 1
+1 * 1
+2 * 1
+2 * 1
+2 * 1
+2 * 1
+1 * 1
+4 * 1
fi=(396)
+7 347 1
+3 * 1
+3 * 1
+4 * 1
+2 +5 1
+7 * 1
+8 * 1
+3 +1 1
+3 -2 1
+3 * 1
+2 66 1
+2 * 1
+5 * 1
+9 * 1
+6 329 1
+3 74 1
+7 329 1
+3 * 1
+6 -1 1
+3 * 1
+6 74 1
+7 * 1
+3 * 1
jcnd=1/1 0x9d4f0 +25 
* * 
0x9cfa1 477 1
+7 * 1
+3 * 1
+6 +29 1
+7 * 1
+3 * 1
+3 * 1
+3 * 1
+6 +26 1
fe=(394)
+7 755 1
fi=(396)
+3 547 1
fe=(394)
+7 674 1
fi=(396)
+4 558 1
+7 -11 1
+5 +11 1
+3 +5 1
+7 -26 1
+10 +21 1
+3 -11 1
fe=(394)
+4 677 1
+3 +12 1
fi=(396)
+5 558 1
fe=(394)
+7 683 1
fi=(396)
+7 542 1
+11 +21 1
fe=(394)
+3 +81 1
fi=(396)
+8 -97 1
fe=(394)
+7 689 1
+2 -6 1
+7 +1 1
+7 +1 1
+7 +4 1
+3 -5 1
fi=(396)
+7 545 1
fe=(394)
+11 688 1
+9 +2 1
+6 * 1
+3 * 1
+2 +4 1
+8 +1 1
+2 +8 1
+8 -8 1
+3 * 1
+2 * 1
+3 +5 1
+2 * 1
+4 +3 1
+7 -3 1
+4 -11 1
+6 +11 1
+7 +3 1
+7 * 1
+7 +5 1
+6 +1 1
+6 -1 1
+6 +1 1
+6 +4 1
+9 * 1
+4 +5 1
+9 * 1
fi=(534) ./nptl/../sysdeps/x86/nptl/tls-setup.h
+4 22 1
+8 * 1
fe=(394)
+3 730 1
+4 * 1
+6 +21 1
+7 * 1
jcnd=1/1 0x9d690 -88 
* * 
+6 +4 1
+7 * 1
+3 +2 1
+1 +10 1
fi=(401) ./nptl/../sysdeps/unix/sysv/linux/internal-signals.h
+8 81 1
+6 * 1
+2 * 1
+7 * 1
+5 * 1
fe=(394)
+7 772 1
+7 * 1
fi=(401)
+7 81 1
+3 * 1
fe=(394)
+2 780 1
+5 * 1
+3 * 1
jcnd=1/1 0x9d3d0 +11 
* * 
fi=(397) ./nptl/../sysdeps/unix/sysv/linux/internal-sigset.h
+23 34 1
fe=(394)
+7 609 1
+2 * 1
+8 * 1
+2 * 1
+6 836 1
+7 * 1
+3 * 1
+3 * 1
+3 * 1
+7 * 1
cfn=(2062)
calls=1 0x9c450 236 
* * 142
fi=(401)
+5 89 1
+6 * 1
+2 * 1
fe=(394)
+3 836 1
fi=(401)
+3 89 1
+5 * 1
+5 * 1
fe=(394)
+2 843 1
+3 * 1
+6 +40 1
+7 * 1
+6 +10 1
+12 * 1
jump=1 0x9cd05 +4 
* * 
+15 83 1
+7 * 1
+2 -2 1
+7 +2 1
fi=(535) ./nptl/../sysdeps/unix/sysv/linux/sigsetops.h
+5 -29 1
fe=(394)
+11 +27 1
+7 +1 1
+7 +1 1
cfi=(182)
cfn=(594)
calls=1 0x45340 -40 
* * 52
+5 +7 1
+7 * 1
fi=(535)
+6 +14 1
fe=(394)
+10 -14 1
fi=(535)
+2 +14 1
fe=(394)
+7 -14 1
+5 * 1
+5 * 1
+2 638 1
+7 -3 1
+7 +3 1
+3 * 1
jump=1 0x9cc10 +7 
* * 
0x9d3d0 791 1
+7 * 1
fi=(397)
+7 102 1
+5 +1 1
jump=1 0x9d170 -69 
* * 
fi=(396)
0x9d4f0 -4 1
+2 * 1
+7 * 1
+3 * 1
+6 366 1
+3 * 1
+5 * 1
+3 * 1
+5 * 1
+7 * 1
+6 * 1
+2 * 1
+3 * 1
+7 * 1
+7 * 1
cfi=(237)
cfn=(794)
calls=1 0x125320 47 
* * 26
+5 +3 1
+7 * 1
+7 * 1
+4 -3 1
+7 +3 1
+6 +5 1
+7 * 1
+2 * 1
+2 * 1
+6 +6 1
+8 * 1
+6 +5 1
+7 * 1
+8 +1 1
+3 +9 1
+3 * 1
+2 170 1
+6 * 1
+7 -4 1
+4 * 1
+7 * 1
+7 +4 1
cfi=(238)
cfn=(796)
calls=1 0x125c40 -53 
* * 6
+5 * 1
+7 * 1
+7 * 1
+2 * 1
+6 407 1
+7 +1 1
+7 +21 1
+3 -18 1
+7 -4 1
+7 +9 1
+7 * 1
+7 +3 1
+7 +7 1
+10 -18 1
+7 +3 1
+7 +18 1
cob=(3)
cfi=(153)
cfn=(2052)
calls=1 0x48b7700 0 
* * 668
+5 * 1
+7 * 1
+7 * 1
+3 * 1
jcnd=1/1 0x9d73f +13 
* * 
fe=(394)
0x9d690 663 1
+7 +89 1
cfi=(201)
cfn=(2058)
calls=1 0x95db0 518 
* * 22
+5 * 1
+7 * 1
jump=1 0x9d110 +3 
* * 
fi=(396)
0x9d73f 442 1
+2 * 1
+5 * 1
+9 * 1
+6 +3 1
+7 * 1
+7 * 1
+7 * 1
+3 * 1
+7 * 1
+7 * 1
cfi=(392)
cfn=(2056)
calls=1 0x99010 43 
* * 14
+5 +2 1
+2 * 1
+7 * 1
+7 * 1
+7 * 1
+3 * 1
+6 +7 1
+6 * 1
+2 * 1
+2 * 1
+8 * 1
+6 -88 1
+7 * 1
jump=1 0x9cfa1 477 
* * 
fe=(394)

fn=(2182)
0x9c720 338 1
+4 * 1
+1 * 1
+3 * 1
+2 * 1
+2 * 1
+1 * 1
+7 * 1
+7 * 1
+9 * 1
+4 * 1
+2 +7 1
+7 * 1
jcnd=1/1 +63 +22 
* * 
+63 +22 1
+7 * 1
+7 * 1
+7 * 1
+4 +3 1
cfi=(149)
cfn=(468)
calls=1 0x3ba20 29 
* * 17
+5 +3 1
+5 * 1
+3 * 1
cfi=(396)
cfn=(2184)
calls=1 0x9c650 587 
* * 663
+5 +4 1
fi=(427) ./nptl/../sysdeps/unix/sysv/linux/rseq-internal.h
+8 32 1
+2 * 1
+6 +8 1
fe=(394)
+12 388 1
+7 * 1
+5 * 1
+7 * 1
+5 * 1
+2 +17 1
+7 * 1
cfi=(167)
cfn=(560)
calls=1 0x44fa0 28 
* * 38
+5 * 1
+4 +14 1
+4 -14 1
+3 +18 1
+7 -4 1
+4 +4 1
+7 * 1
+2 * 1
+2 * 1
+3 * 1
+6 +3 1
+3 * 1
+2 +3 1
+7 * 1
+9 +2 1
fi=(401)
+7 89 1
+6 * 1
+2 * 1
+5 * 1
fe=(394)
+5 431 1
fi=(401)
+7 89 1
fe=(394)
+2 433 1
+1 +4 1
+8 * 1
jcnd=1/1 0x9ca90 +10 
* * 
+22 +11 1
+9 +4 1
cfi=(383)
cfn=(2868)
calls=1 0x476f0 148 
* * 184
+5 +3 1
cfi=(497)
cfn=(2874)
calls=1 0x99290 23 
* * 714
+5 +3 1
cfi=(498)
cfn=(2884)
calls=1 0xb0500 31 
* * 3879
+5 +3 1
+7 * 1
+7 * 1
+6 +31 1
+7 * 1
+8 +2 1
+8 * 1
fi=(397)
+6 102 1
fe=(394)
+7 508 1
+6 * 1
+2 * 1
fi=(397)
+2 102 1
+10 * 1
fe=(394)
+7 508 1
+7 * 1
+5 * 1
+2 +7 1
+2 * 1
+7 * 1
+5 * 1
+6 * 1
+6 +1 1
+7 * 1
+7 +1 1
+2 * 1
+4 * 1
+3 * 1
+6 +35 1
+7 * 1
+7 * 1
+2 +1 1
+7 * 1
+7 * 1
fi=(396)
+7 189 1
cfi=(187)
cfn=(604)
calls=1 0x11f670 27 
* * 6
+5 * 1
+2 +2 1
+3 * 1
+2 * 1
+3 * 1
+3 * 1
+3 +1 1
+3 * 1
+6 +1 1
+6 * 1
jcnd=1/1 0x9caf7 +1 
* * 
fe=(394)
+6 556 1
fi=(508)
+7 146 1
fe=(394)
+6 556 1
+7 * 1
+6 +17 1
+7 * 1
+7 * 1
+6 +5 1
+7 * 1
+2 * 1
cfi=(396)
cfn=(2184)
calls=1 0x9c650 +9 
* * 48
+5 * 1
jump=1 0x9ca25 +21 
* * 
0x9ca90 447 1
+7 * 1
+7 * 1
cob=(6)
cfi=(353) /rustc/4a4ef493e3a1488c6e321570238084b38948f6db/library/std/src/sys/thread/unix.rs
cfn=(2210) std::sys::thread::unix::Thread::new::thread_start
calls=1 0x257980 117 
* * 17094674039
+6 * 1
jump=1 0x9c87d +1 
* * 
fi=(396)
+83 194 1
+7 * 1
+5 * 1
+3 * 1
cfi=(238)
cfn=(2904)
calls=1 0x1250e0 -77 
* * 6
+5 * 1
jfi=(394)
jump=1 0x9c97c 556 
* * 
fe=(394)

fl=(129) ./wcsmbs/../sysdeps/x86_64/multiarch/wmemcmp.c
fn=(402) wmemcmp
0xd8f30 29 1
fi=(130) ./wcsmbs/../sysdeps/x86_64/multiarch/ifunc-memcmp.h
+4 +5 1
+7 * 1
+7 * 1
+6 * 1
+3 * 1
+2 +1 1
+7 * 1
+2 +1 1
+3 * 1
+2 +1 1
+6 * 1
+3 * 1
+2 +3 1
+2 * 1
+2 +4 1
+7 * 1
+3 * 1
+2 +3 1
+3 * 1
+7 * 1
+7 * 1
fe=(129)
+4 -18 1
+3 * 1

fl=(209)
fn=(678)
0x85120 78 1
+4 * 1
+1 * 1
+3 * 1
+2 * 1
+2 * 1
+1 * 1
+3 * 1
+7 * 1
+9 * 1
+4 * 1
+2 +6 1
+3 * 1
+2 * 1
+6 * 1
fi=(211)
+7 1025 1
+7 * 1
+3 * 1
+3 +1 1
+6 * 1
fe=(209)
+6 84 1
+7 * 1
+3 * 1
cfi=(202)
cfn=(680)
calls=1 0x938e0 1147 
* * 9
+8 * 1
+2 * 1
+2 +2 1
+6 * 1
+5 * 1
+5 * 1
+2 +11 1
+7 * 1
+5 * 1
+6 * 1
+2 +4 1
+3 * 1
cob=(3)
cfi=(153)
cfn=(618)
calls=1 0x48b73f0 0 
* * 179
+5 * 1
+3 +1 1
+3 * 1
+2 +2 1
+4 * 1
+5 * 1
+3 * 1
cfi=(201)
cfn=(684)
calls=1 0x95470 329 
* * 29
+5 +1 1
+5 +1 1
+4 * 1
+9 * 1
+6 * 1
+7 * 1
+1 * 1
+2 * 1
+2 * 1
+1 * 1

fl=(505)
fn=(2934)
0x9e670 39 1
+4 * 1
+1 * 1
+3 * 1
+2 * 1
+2 * 1
+2 * 1
+2 * 1
+1 * 1
+4 * 1
+9 * 1
+4 * 1
+2 +4 1
+3 * 1
+6 * 1
+6 * 1
+3 * 1
+2 * 1
+6 +5 1
+7 * 1
+6 * 1
+2 * 1
+3 * 1
+3 +4 1
+9 +3 1
+1 +2 1
+3 * 1
+2 +1 1
+7 * 1
+2 +16 1
+7 * 1
+2 * 1
+3 * 1
+5 * 1
+6 +10 1
+3 * 1
jcnd=1/1 0x9e768 +5 
* * 
+2 +34 1
+11 -4 1
+7 +7 1
+3 * 1
jcnd=1/1 +6 +4 
* * 
+6 +4 1
+3 * 1
cfi=(509) ./nptl/./nptl/nptl_free_tcb.c
cfn=(2944) __nptl_free_tcb
calls=1 0x993f0 25 
* * 59
+5 * 1
+2 +5 1
+1 +3 1
+4 * 1
+9 * 1
+6 * 1
+4 * 1
+1 * 1
+2 * 1
+2 * 1
+2 * 1
+2 * 1
+1 * 1
+42 -44 1
+4 * 1
+3 * 1
+7 * 1
+4 * 1
+7 * 1
cfi=(506)
cfn=(2936)
calls=1 0x986b0 -64 
* * 7
+5 +5 1
jump=1 +39 * 
* * 
+10 +8 1
+6 * 1
+3 * 1
+2 * 1
+3 * 1
cfi=(507)
cfn=(2938)
calls=1 0x98c90 +36 
* * 85
+5 +2 1
+3 * 1
+2 * 1
+3 * 1
+2 -10 2
+3 * 2
+2 * 2
jcnd=1/2 -34 +8 
* * 
+2 +17 1
+4 * 1
+2 * 1
cfi=(506)
cfn=(2942)
calls=1 0x986e0 -71 
* * 6
+5 * 1
jump=1 0x9e6f7 +7 
* * 

fl=(509)
fn=(2944)
0x993f0 25 1
+4 +2 1
+9 * 1
+2 -2 1
+1 * 1
+3 * 1
+1 * 1
+3 * 1
+4 +6 1
+7 * 1
+3 * 1
jcnd=1/1 +18 +11 
* * 
+18 +11 1
+3 +2 1
+4 * 1
+1 -2 1
cfi=(392)
cfn=(2946)
calls=1 0x99120 +70 
* * 44

fl=(164)
fn=(538)
0x471f0 67 1
+4 * 1
+1 * 1
+3 * 1
+2 * 1
+2 * 1
+2 * 1
+1 -26 1
+3 * 1
+6 +2 1
+7 * 1
+3 * 1
+3 * 1
+3 * 1
+2 * 1
+5 * 1
+4 * 1
+2 +1 1
+7 * 1
cfn=(540) __new_exitfn
calls=1 0x47000 +36 
* * 33
+5 +2 1
+3 * 1
+2 +8 1
+4 -2 1
+3 +3 1
+4 +1 1
+7 -4 1
+9 * 1
+4 +1 1
+4 +4 1
+2 * 1
+2 * 1
+3 * 1
+2 +1 1
+2 +11 1
+1 * 1
+2 * 1
+2 * 1
+2 * 1
+1 * 1

fn=(540)
0x47000 80 1
+4 +6 1
+7 * 1
+6 -6 1
+1 * 1
+3 * 1
+2 * 1
+1 +11 1
+3 * 1
+3 -10 1
+2 +10 1
+3 * 1
+3 * 1
+6 * 1
+4 +2 1
+4 * 1
jump=1 +34 * 
* * 
+34 * 1
+3 * 1
+2 -2 1
+3 +10 1
+8 -10 1
+3 * 1
+3 * 1
jcnd=1/1 +95 +32 
* * 
+38 +45 1
+7 +5 1
+3 * 1
+1 * 1
+2 -4 1
+8 +4 1
+1 * 1
+35 -18 1
+8 -1 1
+4 +12 1
jump=1 -69 +2 
* * 

fl=(166)
fn=(558)
0x2a150 29 1
+1 * 1
+3 * 1
+7 * 1
+4 +15 1
+4 -15 1
+3 * 1
+7 * 1
+9 * 1
+4 * 1
+2 +15 1
cfi=(167)
cfn=(560)
calls=1 0x44fa0 -16 
* * 38
+5 * 1
+4 +2 1
+2 * 1
+2 +5 1
+9 * 1
+4 +1 1
+9 * 1
+4 +3 1
+4 * 1
+9 +3 1
+7 * 1
+7 * 1
+3 * 1
+3 * 1
+4 * 1
cob=(6)
cfi=(162)
cfn=(566) main
calls=1 0x1f3380 -58 
* * 621261
+2 +16 1
+2 * 1
cfi=(517)
cfn=(3218)
calls=1 0x47ba0 +63 
* * 2197

fl=(182)
fn=(594)
0x45340 43 6
+4 * 6
+1 * 6
+3 * 6
+3 * 6
+7 * 6
+9 * 6
+4 * 6
+2 +5 6
+3 * 6
jcnd=2/6 0x454c0 +10 
* * 
+6 +2 4
fi=(536) ./signal/../string/bits/string_fortified.h
+3 -21 4
fe=(182)
+5 +29 4
fi=(536)
+7 -29 4
+5 * 4
fe=(182)
+5 +21 4
+7 +3 4
fi=(536)
+7 -24 4
+5 * 4
+5 * 4
fe=(182)
+7 +24 4
fi=(536)
+6 -24 4
+5 * 4
+5 * 4
fe=(182)
+7 +24 4
+7 * 4
fi=(536)
+7 -24 4
fe=(182)
+5 +29 4
+7 -5 4
+7 +5 4
+2 * 4
+3 * 4
fi=(536)
+4 -29 4
+7 * 4
+7 * 4
+7 * 4
+7 * 4
+7 * 4
fe=(182)
+7 +29 4
+6 * 4
+5 * 4
-11 * 2
+6 * 2
+5 * 2
+2 * 6
+6 * 6
+6 * 6
+2 +5 6
+3 * 6
jcnd=3/6 0x454aa +8 
* * 
+2 * 3
+2 * 3
+2 +2 3
fi=(536)
+7 -36 3
+8 * 3
+5 * 3
+5 * 3
+5 * 3
fe=(182)
+5 +36 3
fi=(536)
+3 -36 3
+5 * 3
+5 * 3
fe=(182)
+5 +38 3
fi=(536)
+7 -38 3
+5 * 3
+5 * 3
fe=(182)
+5 +38 3
+7 +1 3
fi=(536)
+7 -39 3
fe=(182)
+5 +39 3
fi=(536)
+7 -39 3
+5 * 3
+5 * 3
+5 * 3
fe=(182)
+5 +42 3
+4 * 3
+9 * 3
-13 * 3
+4 * 3
+9 * 3
+2 * 6
+1 * 6
+2 * 6
+4 -13 2
+7 * 2
+3 * 2
jcnd=2/2 0x4540d * 
* * 

fl=(206)
fn=(2194)
0x18ae20 53 2
+4 +2 2
+4 +1 2
+2 +1 2
+5 +1 2
+5 +1 2
+4 +3 2
+5 +1 2
+6 +4 2
+4 +1 2
+4 +1 2
+4 +1 2
+4 +1 2
+4 +1 2
+2 +1 2
+2 +1 2
+4 +13 2
+3 +2 2
+3 * 2

fn=(666)
0x18abe0 53 1
+4 +2 1
+4 +1 1
+2 +1 1
+5 +1 1
+5 +1 1
+4 +3 1
+5 +1 1
+6 +4 1
+4 +1 1
+4 +1 1
+4 +1 1
+4 +1 1
+4 +1 1
+2 +1 1
+6 +1 1
+4 +3 1
+4 +8 1
jcnd=1/1 +9 +8 
* * 
+9 +8 1
+2 +1 1
+3 * 1

fl=(96) ./wcsmbs/../sysdeps/x86_64/multiarch/wcsncpy.c
fn=(316) wcsncpy
0xcc350 31 1
fi=(97)
+4 +9 1
+7 * 1
+7 * 1
+6 -1 1
+2 * 1
+2 * 1
+6 * 1
jcnd=1/1 +6 +2 
* * 
+6 +2 1
+6 * 1
+3 * 1
+2 +3 1
+2 * 1
+2 +4 1
+3 * 1
+7 * 1
+7 * 1
fe=(96)
+4 -17 1

fl=(112) ./string/../sysdeps/x86_64/multiarch/strncmp.c
fn=(352) strncmp
0xb4f10 67 1
+4 -23 1
+7 * 1
+6 -1 1
+2 * 1
+2 * 1
+6 * 1
jcnd=1/1 +45 +2 
* * 
+36 +24 1
+3 * 1
+6 -22 1
+6 * 1
+6 * 1
+2 +3 1
+2 * 1
+2 +4 1
+7 * 1
+3 * 1
+2 +3 1
+6 * 1
+7 * 1
+2 * 1
jump=1 -54 +12 
* * 

fl=(116) ./wcsmbs/../sysdeps/x86_64/multiarch/wcscpy.c
fn=(360) wcscpy
0xcb8f0 60 1
+4 -17 1
+7 * 1
+6 -1 1
+2 * 1
+2 * 1
+5 * 1
jcnd=1/1 +38 +2 
* * 
+38 +2 1
+6 * 1
+6 * 1
+2 +2 1
+2 * 1
+2 +4 1
+6 * 1
+7 * 1
+2 +10 1

ob=(6)
fl=(316) /rustc/4a4ef493e3a1488c6e321570238084b38948f6db/library/alloc/src/fmt.rs
fn=(1338) alloc::fmt::format::format_inner
0x28f450 645 5
+1 * 5
+3 * 5
+2 * 5
+2 * 5
+2 * 5
+2 * 5
+1 * 5
+4 * 5
+3 * 5
+3 * 5
fi=(317) /rustc/4a4ef493e3a1488c6e321570238084b38948f6db/library/core/src/fmt/mod.rs
+3 878 5
+4 * 5
fi=(233) /rustc/4a4ef493e3a1488c6e321570238084b38948f6db/library/core/src/ptr/mod.rs
+6 1710 5
fi=(317)
+4 767 5
+2 * 5
+6 0 5
+2 0 5
+3 0 5
+3 0 5
jfi=(177) /rustc/4a4ef493e3a1488c6e321570238084b38948f6db/library/core/src/ptr/non_null.rs
jump=5 +24 660 
* 0 
+8 772 12
+3 * 12
fi=(177)
+3 660 12
fi=(233)
+3 1710 12
fi=(317)
+3 767 12
+2 * 12
jcnd=3/12 0x28f50b 0 
* * 
fi=(233)
-5 1710 11
fi=(317)
+3 767 11
+2 * 11
jcnd=2/11 0x28f50b 0 
* * 
fi=(177)
+2 660 23
fi=(317)
+3 770 23
+2 * 23
jcnd=12/23 -21 +2 
* * 
+2 +4 11
+2 * 11
+3 * 11
jcnd=11/11 +17 +8 
* * 
+17 +8 11
+3 * 11
+4 * 11
+3 +4 11
+2 * 11
+4 * 11
+2 * 11
+4 * 11
+4 * 11
+3 * 11
+4 * 11
+4 +2 11
+2 * 11
+3 * 11
+4 * 11
+4 +1 11
+3 * 11
+3 * 11
fi=(177)
+3 660 11
+3 * 11
+3 * 11
+3 * 11
jfi=(233)
jump=11 0x28f499 1710 
* * 
fi=(317)
+10 0 5
+4 0 5
+3 795 5
+2 * 5
jfi=(316)
jcnd=4/5 0x28f593 0 
* * 
+2 0 1
fi=(255) /rustc/4a4ef493e3a1488c6e321570238084b38948f6db/library/alloc/src/raw_vec/mod.rs
+3 444 1
+3 * 1
jcnd=1/1 +35 0 
* * 
-3 * 4
+3 * 4
fi=(242) /rustc/4a4ef493e3a1488c6e321570238084b38948f6db/library/alloc/src/alloc.rs
+2 93 4
cfi=(162)
cfn=(812) __rustc::__rust_no_alloc_shim_is_unstable_v2
calls=4 0x1f3640 -93 
* * 4
+6 * 4
+6 +2 4
+5 * 4
+3 * 4
cfi=(162)
cfn=(814) __rustc::__rust_alloc
calls=4 0x1f3600 -95 
* * 324
fi=(255)
+6 453 4
+3 * 4
jfi=(262) /rustc/4a4ef493e3a1488c6e321570238084b38948f6db/library/alloc/src/string.rs
jcnd=4/4 +12 +32 
* * 
+4 0 1
+5 0 1
fi=(262)
+3 485 1
+4 * 1
+4 * 1
fi=(317)
+8 236 1
+7 * 1
+4 * 1
+3 * 1
+3 * 1
cfn=(1348) core::fmt::write
calls=1 0x291bf0 1630 
* * 335
fi=(262)
-33 485 4
+4 * 4
+4 * 4
fi=(317)
+8 236 4
+7 * 4
+4 * 4
+3 * 4
+3 * 4
cfn=(1348)
calls=4 0x291bf0 1630 
* * 3170
fi=(245) /rustc/4a4ef493e3a1488c6e321570238084b38948f6db/library/core/src/result.rs
+6 1183 5
+2 * 5
fe=(316)
+2 651 5
+4 * 5
+4 * 5
+4 * 5
+3 +1 5
+3 * 5
+4 * 5
+1 * 5
+2 * 5
+2 * 5
+2 * 5
+2 * 5
+1 * 5
+1 0 4
fi=(307) /rustc/4a4ef493e3a1488c6e321570238084b38948f6db/library/core/src/intrinsics/mod.rs
+3 458 4
jfi=(255)
jcnd=4/4 0x28f519 -14 
* * 
fe=(316)

fn=(3074) alloc::fmt::format
0x2289b0 644 1
+1 * 1
+3 * 1
+2 * 1
+2 * 1
+1 * 1
fi=(317)
+1 878 1
fi=(263) /rustc/4a4ef493e3a1488c6e321570238084b38948f6db/library/core/src/option.rs
+3 1276 1
fe=(316)
+2 654 1
+4 * 1
+1 * 1
+2 * 1
+2 * 1
+1 * 1
cfn=(1338)
calls=1 0x28f450 -9 
* * 1117

fl=(376) /rustc/4a4ef493e3a1488c6e321570238084b38948f6db/library/std/src/thread/thread.rs
fn=(1970) <std::thread::thread::thread_name_string::ThreadNameString as core::convert::From<alloc::string::String>>::from
0x2462f0 22 1
+1 * 1
+3 * 1
+2 * 1
+2 * 1
+1 * 1
fi=(262)
+4 3320 1
+3 * 1
+4 * 1
fi=(281) /rustc/4a4ef493e3a1488c6e321570238084b38948f6db/library/core/src/slice/memchr.rs
+4 27 1
+4 * 1
+2 +12 1
+3 * 1
+2 -39 1
+2 0 1
+2 0 1
+9 40 1
+4 * 1
-4 * 7
+4 * 7
+6 +4 8
+3 -5 8
+3 * 8
jcnd=7/8 -16 +1 
* * 
+2 -39 1
fi=(377) /rustc/4a4ef493e3a1488c6e321570238084b38948f6db/library/alloc/src/ffi/c_str.rs
+3 264 1
+4 * 1
+2 * 1
jump=1 0x2463b5 +2 
* * 
0x2463b5 +2 1
+4 * 1
+4 * 1
+4 * 1
+4 * 1
cfn=(1976) alloc::ffi::c_str::CString::_from_vec_unchecked
calls=1 0x28f340 +74 
* * 132
fe=(376)
+6 26 1
+4 * 1
+1 * 1
+2 * 1
+2 * 1
+1 * 1

fn=(1966) std::thread::thread::Thread::new
0x25e450 93 2
+1 * 2
+3 * 2
+2 * 2
+2 * 2
+2 * 2
+2 * 2
+1 * 2
+1 * 2
+3 * 2
fi=(263)
+2 1164 2
+3 * 2
jfi=(373) /rustc/4a4ef493e3a1488c6e321570238084b38948f6db/library/alloc/src/sync.rs
jcnd=1/2 +17 2160 
* * 
fi=(347) /rustc/4a4ef493e3a1488c6e321570238084b38948f6db/library/core/src/ops/function.rs
+2 250 1
+3 * 1
cfi=(376)
cfn=(1970)
calls=1 0x2462f0 22 
* * 203
+6 * 1
+3 * 1
fi=(373)
+3 2160 1
+5 * 1
+5 * 1
cfi=(378) /rustc/4a4ef493e3a1488c6e321570238084b38948f6db/library/core/src/ptr/alignment.rs
cfn=(1984) alloc::sync::arcinner_layout_for_value_layout
calls=1 0x28f630 162 
* * 17
-10 * 1
+5 * 1
+5 * 1
cfi=(378)
cfn=(1984)
calls=1 0x28f630 162 
* * 17
+6 0 2
+3 0 2
fi=(243) /rustc/4a4ef493e3a1488c6e321570238084b38948f6db/library/std/src/alloc.rs
+3 144 2
+3 * 2
fi=(244) /rustc/4a4ef493e3a1488c6e321570238084b38948f6db/library/std/src/sys/alloc/unix.rs
+2 13 2
+4 * 2
+3 * 2
+3 * 2
+3 * 2
+2 * 2
+2 +1 2
+3 * 2
cob=(2)
cfi=(194)
cfn=(620)
calls=2 0xad670 3294 
* * 90
fi=(245)
+6 1620 2
+3 * 2
jfi=(233)
jcnd=2/2 +61 1910 
* * 
fi=(233)
+61 1910 2
+7 * 2
+8 * 2
+4 * 2
+4 * 2
+4 * 2
fe=(376)
+7 111 2
+4 * 2
+1 * 2
+2 * 2
+2 * 2
+2 * 2
+2 * 2
+1 * 2

fn=(2168) std::thread::thread::Thread::park_timeout
0x25e350 131 1
+1 * 1
+3 * 1
+2 * 1
+2 * 1
+2 * 1
+1 * 1
fi=(177)
+4 445 1
fi=(176) /rustc/4a4ef493e3a1488c6e321570238084b38948f6db/library/core/src/sync/atomic.rs
+3 4078 1
fi=(415) /rustc/4a4ef493e3a1488c6e321570238084b38948f6db/library/std/src/sys/sync/thread_parking/futex.rs
+4 71 1
+6 -71 1
+3 0 1
fi=(492) /rustc/4a4ef493e3a1488c6e321570238084b38948f6db/library/std/src/sys/pal/unix/futex.rs
+3 39 1
+5 * 1
cfi=(356) /rustc/4a4ef493e3a1488c6e321570238084b38948f6db/library/std/src/sys/pal/unix/time.rs
cfn=(1754) std::sys::pal::unix::time::Timespec::now
calls=1 0x256850 +72 
* * 27
fi=(369) /rustc/4a4ef493e3a1488c6e321570238084b38948f6db/library/core/src/num/int_macros.rs
+5 2498 1
+3 * 1
+3 +82 1
+3 * 1
+4 * 1
fi=(307)
+3 458 1
fi=(356)
+2 186 1
+3 +1 1
+6 * 1
fi=(369)
+2 2498 1
+3 * 1
+3 * 1
+6 * 1
+6 * 1
fi=(307)
+4 458 1
+3 * 1
jfi=(416) /rustc/4a4ef493e3a1488c6e321570238084b38948f6db/library/core/src/convert/num.rs
jcnd=1/1 +6 79 
* * 
fi=(416)
+6 79 1
fi=(356)
+2 208 1
+4 * 1
+4 * 1
fe=(376)
+5 -76 1
fi=(263)
+4 0 1
+4 0 1
+4 0 1
+7 0 1
+7 0 1
fi=(176)
+15 4027 1
fi=(492)
+2 44 1
+3 * 1
fi=(263)
+2 745 1
+4 * 1
+6 * 1
fi=(492)
+4 73 1
+7 * 1
+5 * 1
+3 * 1
+5 * 1
+5 * 1
+3 * 1
+2 * 1
cob=(2)
cfi=(417)
cfn=(2180)
calls=1 0x127270 -44 
* * 12
+3 +16 1
fi=(437) /rustc/4a4ef493e3a1488c6e321570238084b38948f6db/library/core/src/bool.rs
+3 -27 1
jfi=(492)
jcnd=1/1 +10 -62 
* * 
fi=(492)
+10 -62 1
fi=(176)
+2 4044 1
fe=(376)
+2 133 1
+4 * 1
+1 * 1
+2 * 1
+2 * 1
+2 * 1
+1 * 1

fl=(363) /rustc/4a4ef493e3a1488c6e321570238084b38948f6db/library/std/src/io/buffered/bufwriter.rs
fn=(1860) std::io::buffered::bufwriter::BufWriter<W>::flush_buf
0x251ed0 195 15
+1 * 15
+3 * 15
+2 * 15
+2 * 15
+2 * 15
+2 * 15
+1 * 15
+4 * 15
+4 +26 15
+3 +13 15
jfi=(233)
jcnd=8/15 0x252080 0 
* * 
+6 0 7
+3 0 7
+4 0 7
+4 0 7
+3 0 7
+7 0 7
+7 0 7
+4 0 7
+4 0 7
+4 0 7
jump=7 +43 235 
* 0 
+26 0 7
+4 221 7
+3 * 7
+4 +13 7
jcnd=7/7 0x252084 0 
* * 
+6 +1 7
fi=(275) /rustc/4a4ef493e3a1488c6e321570238084b38948f6db/library/core/src/slice/index.rs
+5 573 7
+3 * 7
+3 * 7
+4 89 7
fi=(365) /rustc/4a4ef493e3a1488c6e321570238084b38948f6db/library/std/src/sys/fd/unix.rs
+4 346 7
+5 * 7
+3 * 7
+3 * 7
cob=(2)
cfi=(366)
cfn=(1870)
calls=7 0x11c590 25 
* * 399
fi=(175) /rustc/4a4ef493e3a1488c6e321570238084b38948f6db/library/std/src/sys/pal/unix/mod.rs
+6 235 7
+4 +10 7
fe=(363)
+2 -8 7
+5 * 7
jump=7 +49 +2 
* * 
+49 +2 7
+3 * 7
+6 -23 7
+3 +34 7
jump=7 0x251f30 0 
* * 
fi=(233)
0x252080 0 8
fe=(363)
+2 234 8
jump=8 +19 +18 
* * 
+2 0 7
+3 0 7
fi=(275)
+5 919 7
+3 * 7
fe=(363)
+2 228 7
+4 +24 7
+4 * 7
+1 * 7
+2 * 7
+2 * 7
+2 * 7
+2 * 7
+1 * 7
-14 * 8
+4 * 8
+1 * 8
+2 * 8
+2 * 8
+2 * 8
+2 * 8
+1 * 8

fl=(349) /rustc/4a4ef493e3a1488c6e321570238084b38948f6db/library/std/src/thread/functions.rs
fn=(1626) std::thread::functions::available_parallelism
0x25eb10 690 2
+1 * 2
+3 * 2
+2 * 2
+2 * 2
+2 * 2
+2 * 2
+1 * 2
fi=(255)
+7 0 2
cfi=(162)
cfn=(812)
calls=2 0x1f3640 0 
* 0 2
fi=(242)
+6 95 2
+5 * 2
+5 * 2
cfi=(162)
cfn=(814)
calls=2 0x1f3600 -95 
* * 110
fi=(255)
+6 453 2
+3 * 2
fi=(256) /rustc/4a4ef493e3a1488c6e321570238084b38948f6db/library/alloc/src/vec/mod.rs
+6 967 2
+3 * 2
+11 * 2
+7 * 2
+11 * 2
fi=(321) /rustc/4a4ef493e3a1488c6e321570238084b38948f6db/library/std/src/fs.rs
+10 1692 2
+4 * 2
+7 * 2
fi=(309) /rustc/4a4ef493e3a1488c6e321570238084b38948f6db/library/std/src/sys/fs/unix.rs
+6 1245 2
fi=(233)
+4 547 2
+8 * 2
+8 * 2
+9 * 2
+7 * 2
fi=(299) /rustc/4a4ef493e3a1488c6e321570238084b38948f6db/library/std/src/sys/helpers/small_c_string.rs
+7 47 2
+5 * 2
+3 * 2
+3 * 2
cfi=(258) /rustc/4a4ef493e3a1488c6e321570238084b38948f6db/library/core/src/ffi/c_str.rs
cfn=(1202) core::ffi::c_str::CStr::from_bytes_with_nul
calls=2 0x290410 351 
* * 96
+6 * 2
+7 * 2
jcnd=2/2 +25 +1 
* * 
+25 +1 2
+7 * 2
+4 * 2
fi=(309)
+4 1346 2
cfn=(1390) std::sys::fs::unix::File::open_c
calls=2 0x253cc0 +3 
* * 198
fi=(245)
+5 835 2
+4 * 2
jcnd=2/2 +91 +1 
* * 
+91 +1 2
fi=(353)
+3 686 2
+6 * 2
fi=(321)
+7 1374 2
cfn=(1638) std::fs::buffer_capacity_required
calls=2 0x250150 -64 
* * 326
+5 0 2
+3 0 2
+2 0 2
+2 0 2
fi=(255)
+4 736 2
+7 -63 2
jcnd=2/2 +87 0 
* * 
+87 0 2
+7 0 2
fi=(321)
+7 1376 2
+3 * 2
+3 * 2
cfi=(324) /rustc/4a4ef493e3a1488c6e321570238084b38948f6db/library/std/src/io/mod.rs
cfn=(1424) std::io::default_read_to_end
calls=2 0x2504e0 409 
* * 1432
fi=(245)
+5 717 2
+2 * 2
+6 0 2
+2 0 2
fi=(537) /rustc/4a4ef493e3a1488c6e321570238084b38948f6db/library/std/src/os/fd/owned.rs
+10 216 2
cob=(2)
cfi=(346)
cfn=(1600)
calls=2 0x116710 26 
* * 16
fi=(255)
+6 597 2
fi=(256)
+7 1753 2
+7 * 2
+7 * 2
+7 0 2
+4 0 2
jfi=(352) /rustc/4a4ef493e3a1488c6e321570238084b38948f6db/library/core/src/slice/iter.rs
jump=2 +28 0 
* 0 
-4 0 2
+4 0 2
jfi=(352)
jump=2 +28 0 
* 0 
fi=(352)
+28 0 4
+3 0 4
jfi=(353)
jcnd=2/4 0x25f0e5 0 
* 0 
+6 0 2
+4 0 2
+3 0 2
+2 0 2
fi=(265) /rustc/4a4ef493e3a1488c6e321570238084b38948f6db/library/core/src/slice/iter/macros.rs
+4 384 2
fi=(353)
+5 688 2
fi=(265)
+4 384 2
-9 * 280
fi=(353)
+5 688 280
fi=(265)
+4 384 280
jfi=(275)
jcnd=2/280 +39 89 
* * 
fi=(177)
+2 1692 280
+4 * 280
fi=(265)
+3 390 280
fi=(177)
+3 1692 280
fi=(265)
+3 180 280
jcnd=280/280 -24 384 
* * 
fi=(275)
+24 -91 2
+3 * 2
+3 * 2
fi=(352)
+3 477 2
+4 * 2
fi=(177)
+3 1692 2
fi=(265)
+3 180 2
+2 384 2
+4 * 2
+3 0 2
fi=(353)
+4 689 2
fi=(265)
+5 384 2
fi=(353)
-5 689 2
fi=(265)
+5 384 2
jfi=(275)
jcnd=2/2 +27 89 
* * 
+2 +6 2
fi=(177)
+3 1692 2
+3 * 2
fi=(265)
+3 180 2
jfi=(353)
jcnd=2/2 -16 689 
* * 
fi=(275)
+16 -91 2
fi=(177)
+4 1692 2
fi=(265)
+3 180 2
jfi=(344) /rustc/4a4ef493e3a1488c6e321570238084b38948f6db/library/core/src/iter/traits/iterator.rs
jcnd=2/2 +27 0 
* * 
fi=(344)
+27 0 2
+3 0 2
+3 0 2
+3 0 2
fi=(177)
+4 1692 2
+4 * 2
fi=(265)
+3 384 2
fi=(177)
+3 1692 2
+3 * 2
+3 * 2
+2 0 2
fi=(265)
+15 384 2
fi=(353)
+5 689 2
fi=(265)
+3 384 2
jfi=(275)
jcnd=2/2 +38 89 
* * 
fi=(275)
+38 89 2
fi=(352)
+3 477 2
+3 * 2
+4 * 2
+7 * 2
fi=(353)
+4 692 2
+3 * 2
+7 * 2
+2 0 2
+10 0 2
+4 703 2
jcnd=2/2 0x25f013 -14 
* * 
0x25f013 -14 2
fi=(352)
+3 1115 2
+2 0 2
fi=(275)
+4 568 2
+3 * 2
fi=(255)
+6 444 2
+3 * 2
+2 0 2
cfi=(162)
cfn=(812)
calls=2 0x1f3640 0 
* 0 2
fi=(242)
+6 95 2
+5 * 2
+3 * 2
cfi=(162)
cfn=(814)
calls=2 0x1f3600 -95 
* * 110
fi=(255)
+6 453 2
+3 * 2
jfi=(353)
jcnd=2/2 +45 0 
* * 
+17 0 2
+4 0 2
fi=(353)
+4 688 2
+4 * 2
jfi=(256)
jcnd=2/2 0x25ed1a 0 
* * 
+16 0 2
+7 709 2
+3 * 2
+3 * 2
fi=(233)
+4 547 2
+3 * 2
cob=(2)
cfi=(214)
cfn=(708)
calls=2 0x188a80 255 
* * 60
+6 * 2
+4 805 2
+8 * 2
+3 * 2
+2 0 2
+7 0 2
+3 0 2
+7 0 2
+4 0 2
+4 805 2
jfi=(255)
jump=2 -96 0 
* * 
fi=(353)
+51 0 2
+4 0 2
+4 0 2
fi=(263)
+4 2726 2
+10 * 2
+3 * 2
+6 0 2
+4 0 2
fi=(353)
+4 713 2
+3 * 2
fi=(255)
+6 0 2
cfi=(162)
cfn=(812)
calls=2 0x1f3640 0 
* 0 2
fi=(242)
+6 95 2
+5 * 2
+5 * 2
cfi=(162)
cfn=(814)
calls=2 0x1f3600 -95 
* * 243
fi=(255)
+6 453 2
+3 * 2
+4 * 2
fi=(305) /rustc/4a4ef493e3a1488c6e321570238084b38948f6db/library/std/src/path.rs
+6 1233 2
+3 * 2
+8 * 2
fi=(255)
+4 0 2
cfi=(162)
cfn=(812)
calls=2 0x1f3640 0 
* 0 2
fi=(242)
+6 95 2
+5 * 2
+5 * 2
cfi=(162)
cfn=(814)
calls=2 0x1f3600 -95 
* * 110
fi=(255)
+6 453 2
+3 * 2
fi=(262)
+6 +32 2
+8 * 2
+4 * 2
+8 * 2
fi=(233)
+10 +62 2
+4 * 2
+10 * 2
fi=(305)
+3 304 2
+8 * 2
+6 0 2
fi=(306) /rustc/4a4ef493e3a1488c6e321570238084b38948f6db/library/std/src/sys/path/unix.rs
+4 7 2
fi=(305)
+3 1337 2
jfi=(233)
jcnd=2/2 0x25f885 547 
* * 
fi=(233)
0x25f522 805 2
fi=(242)
+7 115 2
+5 * 2
cfi=(162)
cfn=(886) __rustc::__rust_dealloc
calls=2 0x1f3610 0 
* * 174
+6 0 2
fi=(236) /rustc/4a4ef493e3a1488c6e321570238084b38948f6db/library/core/src/cmp.rs
+4 1029 2
+4 * 2
fi=(233)
+4 709 2
+4 * 2
+8 * 2
+8 * 2
+8 * 2
+8 * 2
+8 * 2
+8 * 2
+8 * 2
+8 * 2
fi=(353)
+7 177 2
+5 * 2
+2 * 2
cob=(2)
cfi=(355)
cfn=(1740)
calls=2 0x10e620 34 
* * 86
+6 * 2
+2 * 2
jfi=(312) /rust/deps/libc-0.2.178/src/unix/linux_like/linux/mod.rs
jcnd=2/2 +52 5540 
* * 
fi=(312)
+52 5540 2
+8 * 2
+8 * 2
+8 * 2
fi=(172) /rustc/4a4ef493e3a1488c6e321570238084b38948f6db/library/core/src/num/uint_macros.rs
+8 82 2
+4 * 2
+5 * 2
+8 * 2
+4 * 2
+4 * 2
+8 * 2
+4 * 2
+4 * 2
+5 * 2
+4 * 2
+4 * 2
+4 * 2
+5 * 2
+4 * 2
+8 * 2
fi=(233)
+4 709 2
fi=(172)
+5 82 2
+5 * 2
+4 * 2
+5 * 2
+4 * 2
+4 * 2
+4 * 2
+4 * 2
+5 * 2
+4 * 2
+4 * 2
+4 * 2
+5 * 2
+4 * 2
+4 * 2
+5 * 2
+4 * 2
+5 * 2
+4 * 2
+4 * 2
+4 * 2
+4 * 2
+5 * 2
+4 * 2
+4 * 2
+4 * 2
+5 * 2
+4 * 2
+4 * 2
fi=(312)
+5 5540 2
fi=(172)
+4 82 2
+4 * 2
+5 * 2
+4 * 2
+4 * 2
+4 * 2
+4 * 2
+5 * 2
+4 * 2
+4 * 2
+4 * 2
+5 * 2
+4 * 2
+4 * 2
fi=(312)
+5 5540 2
+4 * 2
+8 * 2
fi=(172)
+8 82 2
+4 * 2
+5 * 2
+4 * 2
+4 * 2
+4 * 2
+4 * 2
+5 * 2
+4 * 2
+4 * 2
+4 * 2
+5 * 2
+4 * 2
+4 * 2
+5 * 2
+4 * 2
+5 * 2
+4 * 2
+4 * 2
+4 * 2
+4 * 2
+5 * 2
+4 * 2
+4 * 2
+4 * 2
+5 * 2
+4 * 2
+4 * 2
fi=(312)
+5 5540 2
+9 * 2
fi=(172)
+8 82 2
+5 * 2
+6 * 2
+5 * 2
+5 * 2
+5 * 2
+5 * 2
+6 * 2
+5 * 2
+5 * 2
+5 * 2
+6 * 2
+5 * 2
+5 * 2
fi=(312)
+5 5540 2
+5 * 2
fi=(172)
+5 82 2
+4 * 2
+5 * 2
+4 * 2
+4 * 2
+4 * 2
+4 * 2
+5 * 2
+4 * 2
+4 * 2
+4 * 2
+5 * 2
+4 * 2
+4 * 2
fi=(312)
+5 5540 2
+4 * 2
fi=(265)
+4 180 2
+5 * 2
+5 * 2
+4 * 2
fi=(353)
+4 +5 2
+2 * 2
+6 -7 2
fi=(236)
+3 1068 2
+3 * 2
+4 * 2
fi=(353)
+2 199 2
jfi=(349)
jump=2 +26 692 
* * 
fe=(349)
+26 692 2
+7 * 2
+1 * 2
+2 * 2
+2 * 2
+2 * 2
+2 * 2
+1 * 2
fi=(233)
+1 547 2
+4 * 2
fi=(305)
+6 0 2
+4 0 2
fi=(172)
+5 2413 2
fi=(255)
+3 736 2
+7 -80 2
jcnd=2/2 0x260248 0 
* * 
fi=(239) /rustc/4a4ef493e3a1488c6e321570238084b38948f6db/library/core/src/ptr/mut_ptr.rs
+6 961 2
+4 * 2
+4 * 2
fi=(233)
+7 547 2
+3 * 2
cob=(2)
cfi=(214)
cfn=(708)
calls=2 0x188a80 255 
* * 60
fi=(270) /rustc/4a4ef493e3a1488c6e321570238084b38948f6db/library/core/src/slice/mod.rs
+6 282 2
fi=(256)
+3 2822 2
fi=(270)
+4 282 2
fi=(306)
+2 7 2
fi=(255)
+6 602 2
fi=(305)
+4 1390 2
fi=(255)
+2 736 2
+3 -80 2
fi=(233)
+6 547 2
fi=(256)
+5 2822 2
fi=(305)
+3 0 2
+4 0 2
jfi=(172)
jump=2 +22 2413 
* 0 
fi=(172)
+22 2413 2
fi=(255)
+3 736 2
+4 -80 2
fi=(233)
+6 547 2
+8 * 2
+6 * 2
fi=(256)
+8 2822 2
+4 * 2
+4 * 2
fi=(321)
+7 3529 2
+3 * 2
+3 * 2
cfi=(308) /rustc/4a4ef493e3a1488c6e321570238084b38948f6db/library/std/src/sys/fs/mod.rs
cfn=(1686) std::sys::fs::exists
calls=2 0x2542f0 159 
* * 940
fi=(353)
+6 737 2
+7 * 2
+2 * 2
+6 * 2
+7 * 2
+6 0 2
+4 741 2
cfi=(305)
cfn=(1310) std::path::PathBuf::pop
calls=2 0x25d630 1417 
* * 1652
+6 0 2
+8 0 2
fi=(255)
+4 597 2
fi=(256)
+4 1753 2
fi=(305)
+4 2734 2
+5 * 2
+3 * 2
+3 * 2
+7 * 2
cfn=(1692) std::path::Path::_starts_with
calls=2 0x25cc60 +3 
* * 2384
fi=(255)
-26 597 14
fi=(256)
+4 1753 14
fi=(305)
+4 2734 14
+5 * 14
+3 * 14
+3 * 14
+7 * 14
cfn=(1692)
calls=14 0x25cc60 +3 
* * 15934
fi=(353)
+6 744 16
+2 * 16
jfi=(233)
jcnd=2/16 0x2601e8 +61 
* * 
fi=(270)
+6 282 14
+3 * 14
fi=(306)
+2 7 14
fi=(255)
+6 602 14
fi=(305)
+4 1390 14
jfi=(255)
jcnd=14/14 +32 736 
* * 
fi=(255)
+32 736 14
+3 * 14
+10 -80 14
fi=(233)
+6 547 14
fi=(256)
+5 2822 14
fi=(305)
+3 0 14
fi=(172)
+4 2413 14
fi=(255)
+3 736 14
+4 -80 14
fi=(233)
+6 547 14
+9 * 14
fi=(256)
+8 2822 14
+4 * 14
+4 +92 14
fi=(321)
+8 1692 14
+7 * 14
+7 * 14
+6 * 14
fi=(309)
+6 1245 14
+7 1346 14
+7 * 14
fi=(299)
+7 25 14
+7 * 14
+6 -25 14
fi=(233)
+7 547 14
+3 * 14
+3 * 14
cob=(2)
cfi=(214)
cfn=(708)
calls=14 0x188a80 255 
* * 262
+6 1910 14
fi=(299)
+8 47 14
+4 * 14
+7 * 14
+3 * 14
+3 * 14
cfi=(258)
cfn=(1202)
calls=14 0x290410 351 
* * 1774
+6 * 14
+7 * 14
jcnd=14/14 +28 +1 
* * 
+28 +1 14
fi=(309)
+7 1346 14
+7 * 14
+7 * 14
cfn=(1390)
calls=14 0x253cc0 +3 
* * 1476
fi=(245)
+5 835 14
+7 * 14
jcnd=8/14 +11 +1 
* * 
+2 +2 6
fi=(353)
+7 -88 6
jfi=(351) /rustc/4a4ef493e3a1488c6e321570238084b38948f6db/library/std/src/io/error/repr_bitpacked.rs
jump=6 +68 249 
* * 
fi=(245)
+2 +87 8
+6 * 8
fi=(321)
+6 1509 8
+7 * 8
+7 * 8
+7 * 8
+4 * 8
cfn=(1716) <&std::fs::File as std::io::Read>::read_to_string
calls=8 0x270030 1380 
* * 3952
fi=(353)
+6 749 8
+3 * 8
+3 * 8
fi=(537)
+6 216 8
cob=(2)
cfi=(346)
cfn=(1600)
calls=8 0x116710 26 
* * 64
fi=(353)
+6 749 8
+3 * 8
jfi=(255)
jcnd=8/8 +96 597 
* * 
fi=(351)
+2 249 6
+3 * 6
+3 * 6
+3 * 6
+2 0 6
+3 249 6
jfi=(353)
jump=6 0x25ff50 762 
* * 
fi=(255)
+80 597 8
fi=(256)
+4 1753 8
fi=(279) /rustc/4a4ef493e3a1488c6e321570238084b38948f6db/library/core/src/profiling.rs
+4 13 8
+11 * 8
+7 * 8
+7 * 8
+7 * 8
+11 * 8
+7 * 8
+10 * 8
+7 * 8
+7 * 8
fi=(282) /rustc/4a4ef493e3a1488c6e321570238084b38948f6db/library/core/src/str/iter.rs
+9 684 8
+7 * 8
+7 * 8
cfi=(280) /rustc/4a4ef493e3a1488c6e321570238084b38948f6db/library/core/src/str/pattern.rs
cfn=(1024) <core::str::pattern::CharSearcher as core::str::pattern::Searcher>::next_match
calls=8 0x280c00 432 
* * 1120
+5 * 8
+7 * 8
+2 +4 8
+4 +1 8
fi=(278) /rustc/4a4ef493e3a1488c6e321570238084b38948f6db/library/core/src/str/traits.rs
+7 218 8
fi=(328) /rustc/4a4ef493e3a1488c6e321570238084b38948f6db/library/core/src/ptr/const_ptr.rs
+3 863 8
fi=(282)
+3 692 8
jfi=(270)
jump=8 +57 2655 
* * 
fi=(270)
+57 2655 8
+3 * 8
+4 * 8
fi=(276) /rustc/4a4ef493e3a1488c6e321570238084b38948f6db/library/core/src/slice/cmp.rs
+2 160 8
fi=(280)
+5 1040 8
+2 * 8
fi=(270)
+4 2655 8
+3 * 8
fi=(276)
+2 160 8
fi=(280)
+5 1040 8
+3 * 8
+5 * 8
+4 * 8
jfi=(277) /rustc/4a4ef493e3a1488c6e321570238084b38948f6db/library/core/src/str/mod.rs
jump=8 +4 3165 
* * 
fi=(277)
+4 3165 8
fi=(538) /rustc/4a4ef493e3a1488c6e321570238084b38948f6db/library/core/src/internal_macros.rs
+3 85 8
+4 * 8
fi=(279)
+4 -72 8
+11 * 8
+7 * 8
+7 * 8
+7 * 8
+11 * 8
+7 * 8
+10 * 8
+7 * 8
+7 * 8
fi=(282)
+9 666 8
+7 * 8
+7 * 8
cfi=(280)
cfn=(1024)
calls=8 0x280c00 432 
* * 840
+5 * 8
+7 * 8
+6 +2 8
+7 * 8
+4 +1 8
+7 +1 8
fi=(263)
+7 2726 8
+3 * 8
fi=(282)
+6 661 8
+7 * 8
+6 +4 8
+7 +1 8
+7 * 8
+7 * 8
cfi=(280)
cfn=(1024)
calls=8 0x280c00 432 
* * 712
+5 * 8
+7 * 8
jcnd=8/8 +35 -20 
* * 
+35 -20 8
+7 * 8
+6 +5 8
+7 0 8
+7 0 8
+3 0 8
+3 649 8
+6 * 8
+2 * 8
fi=(328)
+6 863 8
+7 0 8
+3 0 8
fi=(315) /rustc/4a4ef493e3a1488c6e321570238084b38948f6db/library/core/src/num/mod.rs
+3 1582 8
+6 0 8
+3 1582 8
+4 * 8
jcnd=8/8 +26 +7 
* * 
+26 +7 8
+4 * 8
+2 * 8
+2 * 8
+3 * 8
+3 * 8
+3 * 8
+4 1388 8
+2 1620 8
+3 * 8
+2 0 8
+2 0 8
+3 1622 8
fi=(313) /rustc/4a4ef493e3a1488c6e321570238084b38948f6db/library/core/src/char/methods.rs
+5 408 8
+3 +15 8
+3 * 8
fi=(315)
+4 1602 8
jcnd=8/8 0x25fe4e 0 
* * 
0x25fe4e 0 8
+3 1582 8
+3 * 8
+6 * 8
+4 * 8
jcnd=8/8 +25 +7 
* * 
+25 +7 8
+3 * 8
+2 * 8
+2 * 8
+4 * 8
+3 * 8
+3 * 8
+3 * 8
+3 * 8
+3 * 8
+4 1388 8
+2 1620 8
+3 * 8
+6 -18 8
+3 * 8
+3 * 8
+2 * 8
+2 +20 8
fi=(313)
+4 408 8
+3 +15 8
fi=(315)
+3 1602 8
-10 +20 40
fi=(313)
+4 408 40
+3 +15 40
fi=(315)
+3 1602 40
+6 +19 48
+4 +2 48
+2 * 48
+4 -3 48
+3 * 48
+3 * 48
+3 * 48
jcnd=40/48 -35 +2 
* * 
+2 0 8
+3 0 8
fi=(353)
+3 754 8
+3 * 8
+4 * 8
jcnd=8/8 0x25ff50 +8 
* * 
0x25ff50 +8 14
+4 * 14
cfi=(305)
cfn=(1310)
calls=14 0x25d630 1417 
* * 6700
+6 +1 14
+4 * 14
cfi=(305)
cfn=(1310)
calls=14 0x25d630 1417 
* * 7312
+6 * 14
+3 * 14
jfi=(255)
jump=14 0x25f970 597 
* * 
fi=(233)
0x2601e8 +42 2
fi=(255)
+4 617 2
+3 * 2
fi=(233)
+2 805 2
fi=(242)
+4 115 2
+5 * 2
cfi=(162)
cfn=(886)
calls=2 0x1f3610 0 
* * 174
fi=(233)
+6 805 2
fi=(255)
+4 617 2
+3 * 2
+4 * 2
fi=(233)
+2 805 2
fi=(242)
+4 115 2
+5 * 2
cfi=(162)
cfn=(886)
calls=2 0x1f3610 0 
* * 174
fi=(255)
+6 617 2
+3 * 2
fi=(242)
+2 115 2
+5 * 2
+4 * 2
fi=(353)
+3 0 2
cfi=(162)
cfn=(886)
calls=2 0x1f3610 0 
* 0 174
fi=(233)
+6 805 2
fi=(255)
+7 617 2
+3 * 2
jfi=(233)
jcnd=2/2 0x25f522 805 
* * 
+11 0 2
+4 658 2
+5 * 2
+6 * 2
+3 * 2
+7 * 2
cfn=(1250) alloc::raw_vec::RawVecInner<A>::reserve::do_reserve_and_handle
calls=2 0x276ab0 -14 
* * 1274
+5 -61 2
fi=(256)
+4 2933 2
+4 * 2
jfi=(239)
jump=2 0x25f8a8 961 
* * 
fe=(349)

fl=(256)
fn=(1100) <alloc::vec::Vec<T,A> as core::clone::Clone>::clone
0x229890 3683 1
+1 * 1
+3 * 1
+2 * 1
+2 * 1
+2 * 1
+2 * 1
+1 * 1
+4 * 1
+3 * 1
+4 * 1
fi=(255)
+4 444 1
+3 * 1
+2 0 1
+8 0 1
fi=(242)
+4 190 1
cfi=(162)
cfn=(812)
calls=1 0x1f3640 0 
* * 1
+6 -95 1
+5 * 1
+3 * 1
cfi=(162)
cfn=(814)
calls=1 0x1f3600 -95 
* * 55
fi=(255)
+6 453 1
+3 * 1
fe=(256)
+6 967 1
+3 * 1
+4 * 1
+4 * 1
+2 * 1
+3 0 1
fi=(177)
+6 1692 1
fi=(265)
+3 180 1
+2 0 1
+4 0 1
fi=(272) /rustc/4a4ef493e3a1488c6e321570238084b38948f6db/library/alloc/src/slice.rs
+4 432 1
+4 * 1
cfi=(262)
cfn=(972) <alloc::string::String as core::clone::Clone>::clone
calls=1 0x28fb30 2351 
* * 99
fi=(287) /rustc/4a4ef493e3a1488c6e321570238084b38948f6db/library/core/src/iter/adapters/enumerate.rs
+6 82 1
fi=(296) /rustc/4a4ef493e3a1488c6e321570238084b38948f6db/library/core/src/mem/maybe_uninit.rs
+3 564 1
+4 * 1
+5 * 1
+4 * 1
fi=(288) /rustc/4a4ef493e3a1488c6e321570238084b38948f6db/library/core/src/iter/adapters/take.rs
+6 37 1
+4 * 1
+3 * 1
+2 * 1
jfi=(256)
jump=1 +18 2106 
* * 
fe=(256)
+18 2106 1
+4 * 1
fi=(272)
+4 440 1
+4 * 1
+4 * 1
+3 * 1
+4 * 1
fe=(256)
+4 3686 1
+4 * 1
+1 * 1
+2 * 1
+2 * 1
+2 * 1
+2 * 1
+1 * 1

fl=(327) /rustc/4a4ef493e3a1488c6e321570238084b38948f6db/library/test/src/term/terminfo/parser/compiled.rs
fn=(1472) test::term::terminfo::parser::compiled::read_byte
0x218840 173 40
+1 * 40
+3 * 40
+2 * 40
+2 * 40
+2 * 40
+2 * 40
+1 * 40
+4 * 40
+3 * 40
fi=(324)
+4 3266 40
+4 * 40
+4 * 40
fi=(329) /rustc/4a4ef493e3a1488c6e321570238084b38948f6db/library/std/src/io/impls.rs
+4 16 40
+5 * 40
+3 * 40
cfi=(323) /rustc/4a4ef493e3a1488c6e321570238084b38948f6db/library/std/src/io/buffered/bufreader.rs
cfn=(1428) <std::io::buffered::bufreader::BufReader<R> as std::io::Read>::read
calls=40 0x22ac90 338 
* * 1920
fi=(324)
+2 3268 40
+2 * 40
jcnd=40/40 0x21896d * 
* * 
0x21896d * 40
+3 * 40
+2 +2 40
+4 * 40
+2 0 40
fe=(327)
+4 175 40
+2 * 40
+3 * 40
+4 * 40
jump=40 +20 +3 
* * 
+20 +3 40
+4 * 40
+1 * 40
+2 * 40
+2 * 40
+2 * 40
+2 * 40
+1 * 40

fl=(435) /rustc/4a4ef493e3a1488c6e321570238084b38948f6db/library/std/src/sys/backtrace.rs
fn=(2270) std::sys::backtrace::__rust_begin_short_backtrace
0x1ffed0 162 1
+1 * 1
+3 * 1
fi=(374) /rustc/4a4ef493e3a1488c6e321570238084b38948f6db/library/std/src/thread/lifecycle.rs
+4 -72 1
+3 * 1
+4 * 1
+4 * 1
+4 * 1
+4 * 1
cfi=(380) /rustc/4a4ef493e3a1488c6e321570238084b38948f6db/library/std/src/thread/spawnhook.rs
cfn=(2272) std::thread::spawnhook::ChildSpawnHooks::run
calls=1 0x260590 +57 
* * 538
fe=(435)
+6 +82 1
+4 * 1
+1 * 1
+10 -10 1
+1 * 1
+3 * 1
+2 * 1
+2 * 1
+2 * 1
+1 * 1
+7 * 1
+3 * 1
fi=(373)
+4 2422 1
+4 * 1
fi=(176)
+5 4112 1
+2 * 1
fi=(248) /rustc/4a4ef493e3a1488c6e321570238084b38948f6db/library/std/src/sys/sync/mutex/futex.rs
+5 32 1
fi=(176)
+6 4027 1
+7 * 1
fi=(249) /rustc/4a4ef493e3a1488c6e321570238084b38948f6db/library/std/src/panicking.rs
+4 464 1
+3 * 1
+3 * 1
+6 0 1
fi=(176)
+3 4027 1
fi=(413) /rustc/4a4ef493e3a1488c6e321570238084b38948f6db/library/std/src/sync/poison.rs
+4 123 1
fi=(245)
+2 1231 1
fi=(279)
+6 29 1
+4 * 1
fi=(263)
+8 1014 1
+4 * 1
fi=(279)
+6 29 1
+4 -16 1
+7 * 1
+7 * 1
+5 * 1
cob=(2)
cfi=(214)
cfn=(708)
calls=1 0x188a80 255 
* * 53
+6 * 1
fi=(253) /rustc/4a4ef493e3a1488c6e321570238084b38948f6db/library/test/src/lib.rs
+7 637 1
cfn=(2294) test::run_test::{{closure}}
calls=1 0x225410 -31 
* * 17094669231
fi=(413)
+5 129 1
+3 * 1
+2 0 1
fi=(176)
+10 4027 1
fi=(249)
+4 464 1
+3 * 1
+6 0 1
fi=(176)
+2 4045 1
fi=(248)
+3 90 1
+3 * 1
fi=(176)
+6 4079 1
fi=(373)
+4 2811 1
+2 0 1
+4 2854 1
cfn=(2812) alloc::sync::Arc<T,A>::drop_slow
calls=1 0x228fb0 2109 
* * 105
fe=(435)
+6 172 1
+7 * 1
+1 * 1
+2 * 1
+2 * 1
+2 * 1
+1 * 1

fl=(378)
fn=(1984)
0x28f630 162 2
+4 * 2
+5 * 2
fi=(379) /rustc/4a4ef493e3a1488c6e321570238084b38948f6db/library/core/src/alloc/layout.rs
+4 306 2
+4 * 2
+3 * 2
+3 425 2
+3 * 2
+10 96 2
+3 +6 2
+3 * 2
+2 306 2
+4 * 2
+3 * 2
+3 * 2
+3 * 2
fi=(373)
+3 +95 2
fe=(378)

fl=(249)
fn=(3176) std::panicking::take_hook
0x2616d0 182 1
+1 * 1
+3 * 1
+2 * 1
fi=(176)
+1 4027 1
+7 * 1
fe=(249)
+3 464 1
+3 * 1
+3 * 1
fi=(176)
+2 4177 1
+7 * 1
+5 * 1
+2 * 1
fi=(301) /rustc/4a4ef493e3a1488c6e321570238084b38948f6db/library/std/src/sys/sync/rwlock/futex.rs
+5 173 1
fi=(173) /rustc/4a4ef493e3a1488c6e321570238084b38948f6db/library/core/src/mem/mod.rs
+2 900 1
+4 * 1
+4 +1 1
+8 * 1
fi=(176)
+5 4079 1
fi=(301)
+5 183 1
+6 +4 1
+6 * 1
fe=(249)
+2 -91 1
+3 * 1
+5 * 1
+4 * 1
+7 * 1
+4 +92 1
+1 * 1
+2 * 1
+1 * 1

fl=(459) /home/ecuodah/.cargo/registry/src/index.crates.io-1949cf8c6b5b557f/block-buffer-0.10.4/src/lib.rs
fn=(2370) block_buffer::BlockBuffer<BlockSize,Kind>::digest_blocks
0x243ef0 138 1900
+1 * 1900
+2 * 1900
+2 * 1900
+2 * 1900
+2 * 1900
+1 * 1900
+1 * 1900
+3 * 1900
+3 * 1900
+3 +58 1900
+8 * 1900
+5 -50 1900
fi=(480) /home/ecuodah/.cargo/registry/src/index.crates.io-1949cf8c6b5b557f/block-buffer-0.10.4/src/sealed.rs
+3 17 1900
+3 * 1900
fe=(459)
+3 155 1900
fi=(460) /home/ecuodah/.rustup/toolchains/stable-x86_64-unknown-linux-gnu/lib/rustlib/src/rust/library/core/src/slice/index.rs
+2 -54 1900
fi=(455) /home/ecuodah/.rustup/toolchains/stable-x86_64-unknown-linux-gnu/lib/rustlib/src/rust/library/core/src/ptr/mod.rs
+4 547 1900
+3 * 1900
+3 * 1900
cob=(2)
cfi=(214)
cfn=(708)
calls=1900 0x188a80 255 
* * 26500
fe=(459)
+6 158 1900
+3 +18 1900
jump=1900 0x244119 +63 
* * 
0x244119 +63 1900
+7 -63 1900
+4 * 1900
+1 * 1900
+2 * 1900
+2 * 1900
+2 * 1900
+2 * 1900
+1 * 1900

fl=(258)
fn=(1202)
0x290410 351 33
+1 * 33
fi=(281)
+3 27 33
+4 * 33
jfi=(233)
jcnd=26/33 +47 2285 
* * 
+2 +12 7
+3 * 7
+6 -39 7
+2 0 7
+11 40 7
+4 * 7
-4 * 69
+4 * 69
jfi=(258)
jcnd=7/69 0x2904f3 354 
* * 
+6 +4 69
+3 -5 69
+3 * 69
jcnd=69/69 -16 +1 
* * 
fi=(233)
+7 2285 26
+4 * 26
fi=(281)
+4 71 26
+3 * 26
+2 -71 26
+4 0 26
+2 0 26
+10 0 26
+10 0 26
+2 85 26
+4 +1 26
+5 -67 26
+3 * 26
+3 * 26
+3 * 26
+3 * 26
+3 * 26
+3 +72 26
+3 * 26
+3 * 26
+3 * 26
-36 -6 67
+4 +1 67
+5 -67 67
+3 * 67
+3 * 67
+3 * 67
+3 * 67
+3 * 67
+3 +72 67
+3 * 67
+3 * 67
+3 * 67
jcnd=3/67 +69 -52 
* * 
+2 +4 90
+4 -14 90
+3 * 90
jcnd=67/90 -45 +4 
* * 
+2 * 23
jump=23 +58 -42 
* * 
+49 -41 195
+4 * 195
jfi=(258)
jcnd=26/195 +28 -40 
* * 
+2 -1 169
+3 * 169
+3 * 169
jcnd=169/169 -12 +1 
* * 
-3 * 26
+3 * 26
jcnd=26/26 -12 +1 
* * 
fe=(258)
+20 -39 26
+3 354 26
+4 * 26
+3 * 26
-7 * 7
+4 * 7
+3 * 7
+2 +3 33
+4 * 33
+4 * 33
+2 0 33
+3 362 33
+1 * 33

fl=(404) /rustc/4a4ef493e3a1488c6e321570238084b38948f6db/library/std/src/sync/mpmc/context.rs
fn=(2116) std::sync::mpmc::context::Context::new
0x25d7e0 67 1
+1 * 1
+3 * 1
+2 * 1
+2 * 1
+1 * 1
fi=(171) /rustc/4a4ef493e3a1488c6e321570238084b38948f6db/library/std/src/thread/current.rs
+4 242 1
+9 * 1
fi=(297) /rustc/4a4ef493e3a1488c6e321570238084b38948f6db/library/core/src/cell.rs
+7 555 1
fi=(171)
+3 243 1
+4 * 1
jcnd=1/1 +19 +5 
* * 
+19 +5 1
jcnd=1/1 0x25d8fe +3 
* * 
+93 0 1
fi=(491) /rustc/4a4ef493e3a1488c6e321570238084b38948f6db/library/std/src/sys/thread_local/native/mod.rs
+3 75 1
+9 * 1
fi=(373)
+7 422 1
+8 * 1
+8 * 1
+4 * 1
+3 * 1
+4 * 1
fi=(242)
+4 190 1
cfi=(162)
cfn=(812)
calls=1 0x1f3640 0 
* * 1
+6 -95 1
+5 * 1
+5 * 1
cfi=(162)
cfn=(814)
calls=1 0x1f3600 -95 
* * 55
+6 489 1
+3 * 1
fi=(246) /rustc/4a4ef493e3a1488c6e321570238084b38948f6db/library/alloc/src/boxed.rs
+2 265 1
+4 * 1
+4 * 1
+4 * 1
+4 * 1
+4 * 1
fe=(404)
+3 76 1
+4 * 1
+1 * 1
+2 * 1
+2 * 1
+1 * 1
fi=(171)
+28 251 1
+3 * 1
cfn=(2120) std::thread::current::init_current
calls=1 0x25e6a0 +38 
* * 274
+5 * 1
jump=1 0x25d874 0 
* * 
fe=(404)

fl=(492)
fn=(2792) std::sys::pal::unix::futex::futex_wake
0x256920 104 1
+1 * 1
+3 * 1
+3 +3 1
+5 * 1
+5 * 1
+5 * 1
+2 * 1
cob=(2)
cfi=(417)
cfn=(2180)
calls=1 0x127270 -78 
* * 12
+6 * 1
+3 * 1
+3 +1 1
+1 * 1

fl=(472) /home/ecuodah/.cargo/registry/src/index.crates.io-1949cf8c6b5b557f/digest-0.10.7/src/lib.rs
fn=(2428) digest::FixedOutput::finalize_fixed
0x2449b0 99 200
+2 * 200
+2 * 200
+1 * 200
+7 * 200
+3 * 200
+3 +2 200
+5 * 200
+3 * 200
cob=(2)
cfi=(214)
cfn=(708)
calls=200 0x188a80 255 
* * 11800
fi=(459)
+6 +95 200
fi=(460)
+9 -95 200
+4 * 200
+7 * 200
fi=(464) /home/ecuodah/.rustup/toolchains/stable-x86_64-unknown-linux-gnu/lib/rustlib/src/rust/library/core/src/slice/iter/macros.rs
+5 +79 200
fi=(459)
+3 +8 200
+2 * 200
cob=(2)
cfi=(227)
cfn=(766)
calls=200 0x189480 -30 
* * 2700
+6 +51 200
fi=(462) /home/ecuodah/.cargo/registry/src/index.crates.io-1949cf8c6b5b557f/sha3-0.10.8/src/macros.rs
+8 43 200
+9 +2 200
fi=(466) /home/ecuodah/.cargo/registry/src/index.crates.io-1949cf8c6b5b557f/sha3-0.10.8/src/state.rs
+8 -11 200
+4 * 200
+5 * 200
+5 * 200
+8 * 200
+5 * 200
+4 * 200
+8 * 200
+5 * 200
+8 * 200
+5 * 200
+8 * 200
fi=(457) /home/ecuodah/.rustup/toolchains/stable-x86_64-unknown-linux-gnu/lib/rustlib/src/rust/library/core/src/result.rs
+5 1718 200
fi=(466)
+8 34 200
+5 +3 200
+8 * 200
+3 * 200
cfi=(463) /home/ecuodah/.cargo/registry/src/index.crates.io-1949cf8c6b5b557f/keccak-0.1.6/src/lib.rs
cfn=(2380) keccak::p1600
calls=200 0x244f90 166 
* * 1231600
fi=(455)
+6 547 200
+4 * 200
+5 * 200
+5 * 200
+5 * 200
+4 * 200
+4 * 200
+4 * 200
fe=(472)
+3 103 200
+7 * 200
+1 * 200
+2 * 200
+2 * 200
+1 -4 200
+2 * 200
+2 * 200
+1 * 200
+7 * 200
+3 * 200
+3 +2 200
+5 * 200
+3 * 200
cob=(2)
cfi=(214)
cfn=(708)
calls=200 0x188a80 255 
* * 13000
fi=(459)
+6 +95 200
fi=(460)
+9 -95 200
+4 * 200
+7 * 200
fi=(464)
+5 +79 200
fi=(459)
+3 +8 200
+2 * 200
cob=(2)
cfi=(227)
cfn=(766)
calls=200 0x189480 -30 
* * 3400
+6 +51 200
fi=(462)
+8 43 200
+9 +2 200
fi=(466)
+8 -11 200
+4 * 200
+5 * 200
+5 * 200
+8 * 200
+5 * 200
+4 * 200
+8 * 200
+5 * 200
+8 * 200
+5 * 200
+8 * 200
+5 * 200
+5 * 200
+8 * 200
+5 * 200
+5 * 200
+8 * 200
+5 * 200
+5 * 200
+8 * 200
+5 * 200
+5 * 200
+8 * 200
fi=(457)
+5 1718 200
fi=(466)
+8 34 200
+8 +3 200
+8 * 200
+3 * 200
cfi=(463)
cfn=(2380)
calls=200 0x244f90 166 
* * 1231600
fi=(455)
+6 547 200
+4 * 200
+5 * 200
+4 * 200
fe=(472)
+3 103 200
+7 * 200
+1 * 200
+2 * 200
+2 * 200

fl=(171)
fn=(2120)
0x25e6a0 289 1
+1 * 1
+3 * 1
+2 * 1
+1 * 1
+4 +1 1
+3 * 1
+6 +1 1
+9 * 1
+7 * 1
fi=(173)
+3 901 1
fe=(171)
+7 34 1
+9 * 1
fi=(297)
+7 555 1
fi=(263)
+3 1065 1
+3 * 1
jfi=(173)
jcnd=1/1 +36 0 
* * 
fi=(173)
+36 0 1
fe=(171)
+10 294 1
+4 * 1
+4 * 1
cfi=(376)
cfn=(1966)
calls=1 0x25e450 93 
* * 105
+6 * 1
+3 * 1
+4 +4 1
cfi=(406)
cfn=(2124) std::sys::thread_local::guard::key::enable
calls=1 0x253720 9 
* * 135
fi=(176)
+5 4060 1
fi=(373)
+4 2405 1
+2 1816 1
+3 * 1
fi=(173)
+4 901 1
fe=(171)
+3 320 1
+3 * 1
+4 * 1
+1 * 1
+2 * 1
+1 * 1

fl=(336) /rust/deps/hashbrown-0.16.1/src/map.rs
fn=(2922) hashbrown::map::HashMap<K,V,S,A>::remove
0x22d4e0 2005 1
+1 * 1
+3 * 1
+2 * 1
+2 * 1
+2 * 1
+1 * 1
+3 * 1
+3 * 1
+3 258 1
+3 * 1
cfi=(334) /rustc/4a4ef493e3a1488c6e321570238084b38948f6db/library/core/src/hash/mod.rs
cfn=(1510) core::hash::BuildHasher::hash_one
calls=1 0x209010 695 
* * 146
+5 2049 1
fi=(341) /rust/deps/hashbrown-0.16.1/src/control/tag.rs
+3 48 1
+3 * 1
+4 * 1
fi=(337) /rust/deps/hashbrown-0.16.1/src/raw/mod.rs
+3 2492 1
+4 * 1
+4 * 1
+4 * 1
+5 * 1
+5 * 1
+4 * 1
+2 * 1
+4 * 1
+3 0 1
fi=(233)
+3 547 1
fi=(339) /rustc/4a4ef493e3a1488c6e321570238084b38948f6db/library/core/src/../../stdarch/crates/core_arch/src/x86/sse2.rs
+5 1563 1
+4 * 1
+4 * 1
fi=(342) /rust/deps/hashbrown-0.16.1/src/control/bitmask.rs
+5 50 1
+3 * 1
fi=(340) /rustc/4a4ef493e3a1488c6e321570238084b38948f6db/library/core/src/num/nonzero.rs
+2 641 1
fi=(337)
+5 2073 1
+3 * 1
fi=(239)
+3 1072 1
+3 * 1
+4 * 1
+3 * 1
fi=(266) /rustc/4a4ef493e3a1488c6e321570238084b38948f6db/library/test/src/types.rs
+3 192 1
fi=(307)
+4 435 1
jfi=(337)
jcnd=1/1 +61 0 
* * 
fi=(337)
+61 0 1
+3 0 1
+3 1239 1
+4 * 1
fi=(172)
+3 2413 1
fi=(337)
+4 3254 1
fi=(233)
+3 547 1
fi=(339)
+5 914 1
+4 1563 1
+4 * 1
fi=(233)
+4 547 1
fi=(339)
+6 1563 1
+4 * 1
+4 * 1
fi=(172)
+5 129 1
+5 * 1
+4 +24 1
+6 * 1
fi=(337)
+4 3297 1
+3 * 1
+2 * 1
+4 * 1
+2 +3 1
+4 * 1
+2 2634 1
+4 +1 1
+4 3305 1
fe=(336)
+4 2011 1
+4 * 1
+4 * 1
+5 * 1
+5 * 1
+5 0 1
+3 2014 1
+1 * 1
+2 * 1
+2 * 1
+2 * 1
+1 * 1

fn=(1562) hashbrown::map::HashMap<K,V,S,A>::insert
0x22cf10 1841 183
+1 * 183
+3 * 183
+2 * 183
+2 * 183
+2 * 183
+2 * 183
+1 * 183
+7 * 183
+4 * 183
+3 * 183
+3 * 183
+3 258 183
+4 * 183
+4 * 183
cfi=(334)
cfn=(1510)
calls=183 0x208e90 695 
* * 33994
+5 * 183
fi=(337)
+3 956 183
fi=(307)
+5 458 183
jfi=(336)
jcnd=7/183 0x22d1c1 0 
* * 
fi=(337)
+6 1179 183
+3 * 183
fi=(341)
+4 48 183
+3 * 183
+4 * 183
+4 * 183
+4 * 183
+5 * 183
+5 * 183
+4 * 183
+4 * 183
+4 * 183
+3 * 183
+4 * 183
+7 * 183
fi=(337)
+3 -48 183
fi=(233)
+3 547 183
fi=(339)
+6 1563 183
+4 * 183
+4 * 183
fi=(342)
+4 50 183
+2 * 183
jfi=(338) /rustc/4a4ef493e3a1488c6e321570238084b38948f6db/library/core/src/macros/mod.rs
jcnd=168/183 0x22d060 437 
* * 
fi=(337)
-23 -50 10
fi=(233)
+3 547 10
fi=(339)
+6 1563 10
+4 * 10
+4 * 10
fi=(342)
+4 50 10
+2 * 10
jfi=(338)
jcnd=10/10 0x22d060 437 
* * 
+6 -50 15
+4 0 15
+4 0 15
+4 0 15
+4 0 15
+8 0 15
+4 0 15
+4 0 15
+4 0 15
+8 0 15
fi=(340)
+4 641 15
fi=(337)
+4 1863 15
+3 * 15
fi=(239)
+3 1072 15
+3 * 15
+4 * 15
fi=(276)
+4 152 15
+5 * 15
jfi=(307)
jcnd=7/15 +40 0 
* * 
fi=(337)
+2 1179 8
+3 * 8
fi=(276)
+4 160 8
+3 * 8
+3 * 8
+3 * 8
+3 * 8
cob=(2)
cfi=(283)
cfn=(1044)
calls=8 0x188320 -87 
* * 176
+2 * 8
+3 * 8
+3 * 8
+3 * 8
fi=(307)
+2 435 8
+6 0 15
fi=(340)
+4 499 15
fi=(342)
+3 50 15
+3 * 15
+4 * 15
+4 * 15
+4 * 15
+4 * 15
+8 * 15
+4 * 15
+4 * 15
+4 * 15
+4 * 15
+8 * 15
+6 -50 15
fi=(338)
+8 437 15
+4 * 15
+4 * 15
fi=(307)
+4 -2 15
fi=(338)
-12 +2 178
+4 * 178
+4 * 178
fi=(307)
+4 -2 178
fi=(339)
+2 1563 193
fi=(342)
+4 50 193
+2 * 193
jfi=(307)
jcnd=10/193 +33 -50 
* * 
fi=(340)
+2 641 183
fi=(337)
+5 1793 183
+3 * 183
fi=(339)
+3 1563 183
+4 * 183
fi=(307)
+4 435 183
+2 * 183
jfi=(337)
jcnd=183/183 0x22d0fe 2687 
* * 
+10 0 10
+3 0 10
fi=(337)
+4 91 10
+3 * 10
+4 -1 10
+4 1844 10
jump=10 0x22cf89 0 
* * 
+87 2687 183
fi=(307)
+5 458 183
+2 * 183
jfi=(339)
jcnd=1/183 0x22d1dd 1320 
* * 
fe=(336)
+6 1847 183
+4 * 183
+7 * 183
+4 * 183
+7 * 183
+4 * 183
+3 * 183
+7 * 183
+4 * 183
fi=(341)
+7 30 183
fi=(172)
+2 2413 183
fi=(337)
+4 2631 183
+3 +3 183
+4 +1 183
+5 2499 183
+6 * 183
+3 * 183
+4 * 183
+9 * 183
+4 * 183
fi=(239)
+6 1072 183
+3 * 183
+4 * 183
fi=(233)
+4 1910 183
+7 * 183
+8 * 183
+8 * 183
+7 * 183
+7 * 183
+6 * 183
fe=(336)
+10 -61 183
+3 +3 183
+7 * 183
+1 * 183
+2 * 183
+2 * 183
+2 * 183
+2 * 183
+1 * 183
+1 0 7
fi=(337)
+4 962 7
+5 * 7
+3 * 7
+5 * 7
cfn=(1524) hashbrown::raw::RawTable<T,A>::reserve_rehash
calls=7 0x22dcf0 +37 
* * 52812
+6 * 7
jump=7 0x22cf4c 1179 
* * 
fi=(339)
+5 1320 1
+5 1563 1
fi=(340)
+4 641 1
fi=(337)
+5 1216 1
+5 * 1
jfi=(336)
jump=1 0x22d10b 1847 
* * 
fe=(336)
+96 1841 15
+1 * 15
+3 * 15
+2 * 15
+2 * 15
+2 * 15
+2 * 15
+1 * 15
+4 * 15
+2 * 15
+3 * 15
+3 258 15
+4 * 15
+4 * 15
+3 * 15
cfi=(334)
cfn=(1510)
calls=15 0x208e90 695 
* * 2534
+5 * 15
fi=(337)
+3 956 15
fi=(307)
+5 458 15
jfi=(336)
jcnd=4/15 0x22d479 0 
* * 
+6 0 15
fi=(337)
+3 1179 15
+4 * 15
fi=(341)
+4 48 15
+3 * 15
+4 * 15
+5 * 15
+4 * 15
+5 * 15
+5 * 15
+4 * 15
+4 * 15
+3 * 15
+4 * 15
+7 * 15
fi=(337)
+2 -48 15
fi=(233)
+3 547 15
fi=(339)
+6 1563 15
+4 * 15
+4 * 15
fi=(342)
+4 50 15
+2 * 15
jfi=(338)
jcnd=15/15 0x22d390 437 
* * 
fi=(338)
0x22d390 437 15
+4 * 15
fi=(307)
+4 -2 15
fi=(339)
+2 1563 15
fi=(342)
+4 50 15
+2 * 15
fi=(340)
+2 641 15
fi=(337)
+5 1793 15
+3 * 15
fi=(339)
+3 1563 15
+4 * 15
fi=(307)
+4 435 15
+2 * 15
jfi=(337)
jcnd=15/15 +77 2687 
* * 
fi=(337)
+77 2687 15
fi=(307)
+5 458 15
+2 * 15
+3 * 15
fi=(341)
+6 30 15
fi=(172)
+2 2413 15
fi=(337)
+4 2631 15
+3 +3 15
+4 +1 15
+5 2499 15
+3 * 15
+4 * 15
+9 * 15
+6 * 15
+4 * 15
fi=(239)
+6 1072 15
+4 * 15
+3 * 15
fi=(233)
+3 1910 15
+4 * 15
+4 * 15
+5 * 15
+5 * 15
+3 * 15
fe=(336)
+5 -58 15
+4 * 15
+1 * 15
+2 * 15
+2 * 15
+2 * 15
+2 * 15
+1 * 15
+1 0 4
fi=(337)
+4 962 4
+5 * 4
+3 * 4
+5 * 4
cfn=(1524)
calls=4 0x22da60 +37 
* * 6809
+6 * 4
jfi=(307)
jump=4 0x22d287 0 
* * 
fe=(336)

fl=(298) /rustc/4a4ef493e3a1488c6e321570238084b38948f6db/library/test/src/term/terminfo/mod.rs
fn=(1890) <test::term::terminfo::TerminfoTerminal<T> as std::io::Write>::flush
0x22aee0 199 9
+7 * 9
cfi=(292) /rustc/4a4ef493e3a1488c6e321570238084b38948f6db/library/std/src/io/stdio.rs
cfn=(1892) <std::io::stdio::Stdout as std::io::Write>::flush
calls=9 0x270a20 798 
* * 1149

fn=(1192) test::term::terminfo::TermInfo::from_env
0x2189e0 64 1
+1 * 1
+3 * 1
+2 * 1
+2 * 1
+2 * 1
+2 * 1
+1 * 1
+7 * 1
fi=(254) /rustc/4a4ef493e3a1488c6e321570238084b38948f6db/library/std/src/env.rs
+3 223 1
+7 * 1
+7 * 1
+5 * 1
cfn=(1194) std::env::_var
calls=1 0x252c20 +3 
* * 610
fe=(298)
+6 65 1
+7 * 1
jcnd=1/1 +66 +1 
* * 
+66 +1 1
+7 * 1
+7 * 1
+7 * 1
fi=(256)
+7 466 1
+11 * 1
+11 * 1
+11 * 1
fi=(177)
+4 1692 1
+3 * 1
+7 * 1
fi=(265)
+7 180 1
fi=(261) /rustc/4a4ef493e3a1488c6e321570238084b38948f6db/library/core/src/str/validations.rs
+6 37 1
+3 +1 1
+2 * 1
+2 -38 1
+3 0 1
jfi=(254)
jump=1 +77 260 
* 0 
fi=(254)
+77 260 1
+7 * 1
+7 * 1
+5 * 1
cfn=(1196) std::env::_var_os
calls=1 0x252ce0 +3 
* * 599
fi=(304) /rustc/4a4ef493e3a1488c6e321570238084b38948f6db/library/test/src/term/terminfo/searcher.rs
+6 18 1
+7 * 1
+10 * 1
+3 * 1
+2 -18 1
+3 0 1
+5 18 1
jfi=(254)
jump=1 +67 223 
* * 
fi=(254)
+67 223 1
+7 * 1
+7 * 1
+5 * 1
cfn=(1194)
calls=1 0x252c20 +3 
* * 652
fi=(304)
+6 22 1
+7 * 1
+7 * 1
fi=(233)
+6 805 1
+7 * 1
+8 * 1
+3 * 1
jcnd=1/1 +20 0 
* * 
+20 0 1
fi=(304)
+7 36 1
cfi=(254)
cfn=(1240) std::env::home_dir
calls=1 0x253400 643 
* * 389
+6 * 1
+10 * 1
+7 * 1
+6 -36 1
+3 0 1
+3 36 1
+7 * 1
+7 * 1
+7 * 1
fi=(305)
+7 1313 1
+7 * 1
+7 * 1
+5 * 1
cfn=(1244) std::path::PathBuf::_push
calls=1 0x25d700 +3 
* * 466
fi=(304)
+6 38 1
+7 * 1
+7 * 1
fi=(256)
+7 1033 1
+7 * 1
+2 0 1
+7 1034 1
cfi=(255)
cfn=(918) alloc::raw_vec::RawVec<T,A>::grow_one
calls=1 0x2291c0 186 
* * 128
fi=(255)
+6 597 1
fi=(239)
+7 961 1
+8 * 1
fi=(233)
+3 1910 1
+4 * 1
+5 * 1
+5 * 1
fi=(256)
+3 1039 1
+3 * 1
fi=(242)
+7 190 1
cfi=(162)
cfn=(812)
calls=1 0x1f3640 0 
* * 1
+6 * 1
+5 -95 1
+5 * 1
+5 * 1
cfi=(162)
cfn=(814)
calls=1 0x1f3600 -95 
* * 55
fi=(255)
+6 453 1
+3 * 1
+6 0 1
+3 0 1
fi=(233)
+10 547 1
+4 * 1
+10 * 1
fi=(256)
+3 1033 1
+7 * 1
jfi=(255)
jcnd=1/1 +15 597 
* * 
fi=(255)
+15 597 1
fi=(239)
+7 961 1
fi=(233)
+4 1910 1
+8 * 1
+5 * 1
fi=(256)
+9 1039 1
+4 * 1
fi=(242)
+7 190 1
cfi=(162)
cfn=(812)
calls=1 0x1f3640 0 
* * 1
+6 -95 1
+5 * 1
+5 * 1
cfi=(162)
cfn=(814)
calls=1 0x1f3600 -95 
* * 55
fi=(255)
+6 453 1
+3 * 1
fi=(272)
+6 0 1
fi=(233)
+3 547 1
+10 * 1
+4 * 1
+10 * 1
fi=(256)
+3 1033 1
+7 * 1
jfi=(239)
jcnd=1/1 +22 -72 
* * 
fi=(239)
+22 -72 1
+8 * 1
fi=(233)
+3 1910 1
+8 * 1
+5 * 1
fi=(256)
+9 1039 1
+4 * 1
fi=(242)
+7 190 1
cfi=(162)
cfn=(812)
calls=1 0x1f3640 0 
* * 1
+6 * 1
+5 -95 1
+5 * 1
+5 * 1
cfi=(162)
cfn=(814)
calls=1 0x1f3600 -95 
* * 55
fi=(255)
+6 453 1
+3 * 1
fi=(272)
+6 0 1
fi=(233)
+3 547 1
+7 * 1
+3 * 1
fi=(256)
+7 1033 1
+7 * 1
jfi=(239)
jcnd=1/1 +22 -72 
* * 
fi=(239)
+22 -72 1
+8 * 1
fi=(233)
+3 1910 1
+8 * 1
+5 * 1
fi=(256)
+9 1039 1
+4 * 1
fi=(242)
+7 190 1
cfi=(162)
cfn=(812)
calls=1 0x1f3640 0 
* * 1
+6 * 1
+5 -95 1
+5 * 1
+5 * 1
cfi=(162)
cfn=(814)
calls=1 0x1f3600 -95 
* * 55
fi=(255)
+6 453 1
+3 * 1
fi=(272)
+6 0 1
fi=(233)
+3 547 1
+7 * 1
+4 * 1
+7 * 1
fi=(256)
+3 1033 1
+7 * 1
+2 0 1
+7 1034 1
cfi=(255)
cfn=(918)
calls=1 0x2291c0 186 
* * 632
fi=(255)
+6 597 1
fi=(239)
+7 961 1
fi=(233)
+4 1910 1
+9 * 1
+5 * 1
fi=(256)
+9 1039 1
+4 * 1
fi=(304)
+7 22 1
jump=1 0x2190bc +26 
* * 
0x2190bc +26 1
fi=(239)
+7 961 1
+8 * 1
+4 * 1
fi=(304)
+4 48 1
+7 * 1
+7 * 1
+7 * 1
+7 * 1
fi=(177)
+3 1692 1
fi=(264) /rustc/4a4ef493e3a1488c6e321570238084b38948f6db/library/alloc/src/vec/into_iter.rs
+3 224 1
+6 0 1
+7 0 1
+4 0 1
+7 0 1
+6 0 1
+2 0 1
+3 0 1
+3 0 1
+3 0 1
+2 0 1
+3 0 1
+2 0 1
+3 0 1
+3 0 1
+3 0 1
+2 0 1
+3 0 1
+2 0 1
+4 0 1
+4 0 1
+4 0 1
+2 0 1
+3 0 1
+4 0 1
+6 0 1
+3 0 1
+6 0 1
+3 0 1
+6 0 1
+2 0 1
+7 0 1
+2 0 1
+7 0 1
jump=1 +40 0 
* 0 
fi=(304)
+12 66 3
fi=(242)
+7 +49 3
+5 * 3
cfi=(162)
cfn=(886)
calls=3 0x1f3610 0 
* * 280
fi=(177)
+2 1692 3
+4 * 3
fi=(264)
+4 224 3
+6 0 4
fi=(233)
+3 1710 4
+5 * 4
+6 * 4
fi=(304)
+4 48 4
+10 * 4
+3 * 4
+6 -48 4
+4 48 4
+7 * 4
+4 * 4
fi=(539) /rustc/4a4ef493e3a1488c6e321570238084b38948f6db/library/core/src/convert/mod.rs
+4 718 4
+7 * 4
fi=(321)
+7 2737 4
+7 * 4
cfi=(308)
cfn=(1270) std::sys::fs::metadata
calls=4 0x254420 111 
* * 1046
fi=(245)
+6 835 4
+7 * 4
jfi=(262)
jcnd=2/4 0x219260 2935 
* * 
+2 +2 2
fi=(351)
+7 249 2
+2 * 2
+3 * 2
+3 * 2
+4 * 2
jfi=(304)
jcnd=2/2 0x21950d 66 
* * 
fi=(262)
+85 2935 2
+10 * 2
+6 * 2
fi=(313)
+5 1845 2
+2 +72 2
+6 * 2
fi=(253)
+6 0 2
jfi=(242)
jump=2 0x219320 190 
* 0 
fi=(242)
0x219320 190 2
cfi=(162)
cfn=(812)
calls=2 0x1f3640 0 
* * 2
+6 -95 2
+5 * 2
+3 * 2
cfi=(162)
cfn=(814)
calls=2 0x1f3600 -95 
* * 104
fi=(255)
+6 453 2
+3 * 2
fi=(272)
+6 0 2
fi=(233)
+3 547 2
+3 * 2
+7 * 2
+3 * 2
cob=(2)
cfi=(214)
cfn=(708)
calls=2 0x188a80 255 
* * 32
+6 * 2
fi=(305)
+7 1313 2
+3 * 2
+3 * 2
+3 * 2
+7 * 2
cfn=(1244)
calls=2 0x25d700 +3 
* * 938
fi=(242)
+3 115 2
+5 * 2
+3 * 2
+3 * 2
cfi=(162)
cfn=(886)
calls=2 0x1f3610 0 
* * 174
fi=(305)
+6 1313 2
+3 * 2
+7 * 2
+4 * 2
cfn=(1244)
calls=2 0x25d700 +3 
* * 547
+3 * 2
fi=(539)
+7 718 2
+7 * 2
fi=(321)
+7 2737 2
+7 * 2
cfi=(308)
cfn=(1270)
calls=2 0x254420 111 
* * 546
fi=(245)
+6 835 2
+7 * 2
jfi=(298)
jcnd=1/2 0x219d5c 0 
* * 
+6 +2 1
fi=(351)
+7 249 1
+2 * 1
+3 * 1
+3 * 1
jfi=(304)
jcnd=1/1 +86 55 
* * 
fi=(304)
+86 55 1
+3 * 1
cfi=(305)
cfn=(1310)
calls=1 0x25d630 1417 
* * 386
+6 +1 1
+3 * 1
cfi=(305)
cfn=(1310)
calls=1 0x25d630 1417 
* * 338
+6 -56 1
+7 60 1
+7 * 1
+7 * 1
+7 * 1
+7 * 1
fi=(316)
+7 654 1
+7 * 1
+7 * 1
+7 * 1
cfn=(1338)
calls=1 0x28f450 -9 
* * 418
fi=(319) /rustc/4a4ef493e3a1488c6e321570238084b38948f6db/library/core/src/hint.rs
+6 -49 1
+7 * 1
+3 * 1
+7 * 1
fi=(305)
+7 1313 1
+3 * 1
cfn=(1244)
calls=1 0x25d700 +3 
* * 60
fi=(255)
+6 617 1
+3 * 1
fi=(242)
+2 115 1
+5 * 1
+3 * 1
+3 * 1
cfi=(162)
cfn=(886)
calls=1 0x1f3610 0 
* * 87
fi=(305)
+6 1313 1
+7 * 1
+7 * 1
+4 * 1
cfn=(1244)
calls=1 0x25d700 +3 
* * 55
+6 * 1
fi=(539)
+7 718 1
+7 * 1
fi=(321)
+7 2737 1
+7 * 1
cfi=(308)
cfn=(1270)
calls=1 0x254420 111 
* * 282
fi=(245)
+6 835 1
+7 * 1
+6 +2 1
fi=(351)
+7 249 1
+2 * 1
+3 * 1
+3 * 1
+4 * 1
fi=(304)
+2 66 3
fi=(255)
+7 617 3
+3 * 3
jfi=(304)
jcnd=3/3 0x219180 66 
* * 
fi=(245)
0x21963b 0 1
fi=(255)
+7 617 1
+3 * 1
fi=(242)
+2 115 1
+5 * 1
+7 * 1
cfi=(162)
cfn=(886)
calls=1 0x1f3610 0 
* * 87
fe=(298)
+6 -47 1
+7 * 1
+7 * 1
jfi=(245)
jcnd=1/1 +26 594 
* * 
fi=(245)
+26 594 1
+10 * 1
fe=(298)
+7 70 1
jfi=(245)
jcnd=1/1 0x219ea8 -70 
* * 
0x219d5c -70 1
+4 0 1
+7 0 1
+7 0 1
+4 0 1
+7 0 1
fi=(233)
+4 805 1
+4 * 1
+3 * 1
+2 0 1
+3 0 1
+4 0 1
+4 0 1
+4 0 1
fi=(255)
+10 617 1
+3 * 1
+3 * 1
+4 * 1
jfi=(233)
jump=1 +16 805 
* * 
fi=(233)
+7 805 1
+4 * 1
+3 * 1
jfi=(242)
jcnd=1/1 +27 0 
* * 
+2 * 1
fi=(255)
+4 617 1
+3 * 1
fi=(233)
+2 805 1
fi=(242)
+3 115 1
+5 * 1
cfi=(162)
cfn=(886)
calls=1 0x1f3610 0 
* * 108
+6 * 1
jfi=(233)
jump=1 -32 805 
* * 
+2 0 1
fi=(255)
+7 617 1
+3 * 1
fi=(172)
+2 1151 1
+4 * 1
fi=(242)
+4 115 1
+5 * 1
+3 * 1
cfi=(162)
cfn=(886)
calls=1 0x1f3610 0 
* * 87
fi=(263)
+6 1367 1
+10 * 1
+3 * 1
fi=(242)
+6 190 1
cfi=(162)
cfn=(812)
calls=1 0x1f3640 0 
* * 1
+6 -95 1
+5 * 1
+5 * 1
cfi=(162)
cfn=(814)
calls=1 0x1f3600 -95 
* * 5186
fi=(320) /rustc/4a4ef493e3a1488c6e321570238084b38948f6db/library/std/src/io/buffered/bufreader/buffer.rs
+6 -54 1
+3 * 1
+6 -41 1
+3 0 1
fi=(321)
+10 1692 1
+7 * 1
+10 * 1
fi=(309)
+9 1245 1
+7 * 1
+7 * 1
+7 * 1
fi=(321)
+4 1915 1
+3 * 1
cfn=(1384) std::fs::OpenOptions::_open
calls=1 0x250070 +3 
* * 233
fi=(245)
+6 2173 1
+7 * 1
jcnd=1/1 0x219efe +1 
* * 
+50 0 1
fi=(279)
+7 13 1
+5 * 1
+3 * 1
cob=(2)
cfi=(214)
cfn=(708)
calls=1 0x188a80 255 
* * 30
fe=(298)
+6 +63 1
+7 * 1
+1 * 1
+2 * 1
+2 * 1
+2 * 1
+2 * 1
+1 * 1
fi=(245)
+48 2174 1
fe=(298)
+6 104 1
+7 * 1
+11 * 1
+3 * 1
+7 * 1
+11 * 1
fi=(327)
+6 +58 1
+9 * 1
+7 * 1
+7 +1 1
+5 * 1
cfi=(323)
cfn=(1400) <std::io::buffered::bufreader::BufReader<R> as std::io::Read>::read_exact
calls=1 0x22a110 375 
* * 147
+5 * 1
fi=(245)
+3 2173 1
+3 * 1
jfi=(327)
jcnd=1/1 0x21a081 164 
* * 
fi=(327)
0x21a081 164 1
+7 +21 1
+7 -21 1
+5 +35 1
+2 * 1
+5 * 1
+6 0 1
+2 0 1
jump=1 +4 0 
* 0 
+4 0 1
+3 162 1
+9 * 1
+7 * 1
+7 +1 1
+5 * 1
cfi=(323)
cfn=(1400)
calls=1 0x22a110 375 
* * 51
+5 * 1
fi=(245)
+3 2173 1
+3 * 1
jfi=(327)
jcnd=1/1 0x21a1bb 164 
* * 
fi=(327)
0x21a1bb 164 1
+8 * 1
+3 +46 1
+6 -48 1
+9 * 1
+7 * 1
+7 +1 1
+5 * 1
cfi=(323)
cfn=(1400)
calls=1 0x22a110 375 
* * 51
+5 * 1
fi=(245)
+3 2173 1
+3 * 1
jfi=(327)
jcnd=1/1 0x21a30d 164 
* * 
fi=(327)
0x21a30d 164 1
+8 * 1
+3 +46 1
+6 -48 1
+9 * 1
+7 * 1
+7 +1 1
+5 * 1
cfi=(323)
cfn=(1400)
calls=1 0x22a110 375 
* * 51
+5 * 1
fi=(245)
+3 2173 1
+3 * 1
jfi=(327)
jcnd=1/1 0x21a40e 164 
* * 
fi=(327)
0x21a40e 164 1
+8 * 1
+3 +46 1
+2 -48 1
+9 * 1
+7 * 1
+7 +1 1
+5 * 1
cfi=(323)
cfn=(1400)
calls=1 0x22a110 375 
* * 51
fi=(245)
+5 2173 1
+3 * 1
jfi=(327)
jcnd=1/1 +80 164 
* * 
fi=(327)
+80 164 1
+8 * 1
+4 * 1
+3 +46 1
+6 -48 1
+9 * 1
+7 * 1
+7 +1 1
+5 * 1
+3 * 1
cfi=(323)
cfn=(1400)
calls=1 0x22a110 375 
* * 51
fi=(245)
+5 2173 1
+3 * 1
jfi=(327)
jcnd=1/1 0x21a602 164 
* * 
fi=(233)
0x21a5c4 805 1
fi=(242)
+7 115 1
+5 * 1
cfi=(162)
cfn=(886)
calls=1 0x1f3610 0 
* * 197
fi=(233)
+6 805 1
fi=(537)
+6 216 1
cob=(2)
cfi=(346)
cfn=(1600)
calls=1 0x116710 26 
* * 8
fi=(255)
+6 617 1
+3 * 1
fi=(242)
+6 115 1
+5 * 1
+4 * 1
+3 * 1
cfi=(162)
cfn=(886)
calls=1 0x1f3610 0 
* * 106
+6 * 1
jfi=(245)
jump=1 0x21963b 0 
* * 
fi=(327)
+5 +49 1
+8 * 1
+3 +46 1
+2 0 1
+7 223 1
+3 * 1
+6 +4 1
+4 * 1
jcnd=1/1 0x21a696 +4 
* * 
0x21a696 +4 1
+4 * 1
jcnd=1/1 0x21a72e +4 
* * 
0x21a72e +4 1
+8 * 1
jfi=(256)
jcnd=1/1 +35 466 
* * 
fi=(256)
+35 466 1
+11 * 1
+11 * 1
fi=(327)
+11 241 1
fi=(324)
+4 1243 1
+7 * 1
+7 * 1
+7 * 1
+7 * 1
+7 * 1
+7 * 1
+7 936 1
cfn=(1424)
calls=1 0x1fead0 409 
* * 954
fi=(327)
+5 184 1
+2 * 1
jfi=(245)
jcnd=1/1 0x21a848 0 
* * 
fi=(245)
0x21a848 0 1
+7 0 1
fi=(327)
+7 242 1
cfi=(262)
cfn=(1458) alloc::string::String::from_utf8
calls=1 0x229110 560 
* * 100
+5 * 1
+10 * 1
+7 * 1
+6 +1 1
+7 * 1
+4 * 1
+7 * 1
fi=(279)
+7 29 1
+11 * 1
+7 * 1
+7 * 1
+7 * 1
+7 * 1
+11 * 1
+7 * 1
+10 * 1
+7 * 1
+7 * 1
+9 * 1
+7 * 1
fi=(540) /rustc/4a4ef493e3a1488c6e321570238084b38948f6db/library/alloc/src/vec/spec_from_iter.rs
+7 +4 1
cfi=(259) /rustc/4a4ef493e3a1488c6e321570238084b38948f6db/library/alloc/src/vec/spec_from_iter_nested.rs
cfn=(860) <alloc::vec::Vec<T> as alloc::vec::spec_from_iter_nested::SpecFromIterNested<T,I>>::from_iter
calls=1 0x1fdf40 -15 
* * 646
fi=(327)
+5 249 1
+7 * 1
+4 * 1
+3 * 1
cfn=(1472)
calls=1 0x218840 -76 
* * 83
+5 -65 1
+4 * 1
jcnd=1/1 0x21a9db +65 
* * 
0x21a9db +65 1
+4 * 1
jfi=(330) /rustc/4a4ef493e3a1488c6e321570238084b38948f6db/library/core/src/iter/adapters/filter_map.rs
jcnd=1/1 0x21aa9c 24 
* * 
fi=(330)
0x21aa9c 24 1
+11 * 1
+7 * 1
+7 * 1
+7 * 1
+7 * 1
+7 * 1
+7 * 1
+11 * 1
+7 * 1
fi=(245)
+7 2156 1
cfi=(271) /rustc/4a4ef493e3a1488c6e321570238084b38948f6db/library/core/src/iter/adapters/mod.rs
cfn=(1480) core::iter::adapters::try_process
calls=1 0x209b40 152 
* * 10773
fi=(327)
+5 254 1
+8 -70 1
+6 +1 1
+7 * 1
+7 * 1
+7 * 1
+7 * 1
+7 * 1
+7 +76 1
+3 * 1
+4 * 1
+2 +1 1
+7 * 1
+4 * 1
+7 * 1
cfn=(1472)
calls=1 0x218840 -89 
* * 83
+5 -78 1
+4 * 1
jfi=(330)
jcnd=1/1 +77 24 
* * 
fi=(330)
+77 24 1
+11 * 1
+7 * 1
+4 * 1
+7 * 1
+7 * 1
+7 * 1
+7 * 1
+7 * 1
+7 * 1
+11 * 1
+7 * 1
fi=(245)
+7 2156 1
cfi=(271)
cfn=(1480)
calls=1 0x2091d0 152 
* * 14967
fi=(327)
+5 266 1
+8 -82 1
+6 +1 1
+7 * 1
+7 * 1
+7 * 1
+4 * 1
+4 * 1
+4 +92 1
+5 * 1
fi=(345) /rustc/4a4ef493e3a1488c6e321570238084b38948f6db/library/core/src/iter/adapters/map.rs
+6 69 1
+11 * 1
+4 * 1
+7 * 1
+7 * 1
+7 * 1
+7 * 1
+7 * 1
fi=(245)
+7 2156 1
cfi=(271)
cfn=(1480)
calls=1 0x20a0e0 152 
* * 31331
fi=(327)
+5 279 1
+7 * 1
+10 * 1
+3 -95 1
jcnd=1/1 0x21ae9c +1 
* * 
0x21ad90 317 1
+7 * 1
+7 * 1
+7 * 1
+7 * 1
+7 * 1
+7 * 1
+7 * 1
+7 * 1
+7 * 1
+7 * 1
+4 * 1
+4 * 1
+4 * 1
+7 * 1
+7 * 1
+7 * 1
+7 * 1
+7 * 1
+7 * 1
+7 * 1
+7 * 1
fi=(279)
+7 13 1
+5 * 1
cob=(2)
cfi=(214)
cfn=(708)
calls=1 0x188a80 255 
* * 30
+6 * 1
+7 * 1
fi=(255)
+7 617 1
+5 * 1
fi=(242)
+2 115 1
+5 * 1
+7 * 1
+4 * 1
cfi=(162)
cfn=(886)
calls=1 0x1f3610 0 
* * 87
fi=(245)
+6 966 1
+10 * 1
+7 * 1
+6 0 1
+7 0 1
fi=(279)
+7 13 1
+5 * 1
cob=(2)
cfi=(214)
cfn=(708)
calls=1 0x188a80 255 
* * 30
fi=(233)
+6 805 1
fi=(246)
+7 1886 1
+3 * 1
jfi=(233)
jcnd=1/1 0x21a5c4 805 
* * 
fi=(327)
+11 185 1
+7 * 1
+7 * 1
fi=(256)
+7 466 1
+11 * 1
+11 * 1
fi=(327)
+11 282 1
fi=(324)
+7 1243 1
+7 * 1
+7 * 1
+7 * 1
+7 * 1
+7 * 1
+2 * 1
+7 * 1
+7 936 1
+3 * 1
cfn=(1424)
calls=1 0x1fead0 409 
* * 3435
fi=(327)
+5 184 1
+2 * 1
jfi=(242)
jcnd=1/1 0x21af9e 0 
* * 
fi=(242)
0x21af9e 0 1
fi=(239)
+7 961 1
fi=(345)
+4 69 1
+7 * 1
+7 * 1
+7 * 1
+7 * 1
+11 * 1
+7 * 1
+7 * 1
+11 * 1
+7 * 1
+7 * 1
+7 * 1
+2 * 1
+7 * 1
fi=(245)
+7 2156 1
cfi=(271)
cfn=(1480)
calls=1 0x209570 152 
* * 210584
fi=(327)
+5 284 1
+8 184 1
+2 +1 1
+7 * 1
+7 * 1
+7 * 1
+7 * 1
+7 * 1
+7 312 1
fi=(255)
+7 617 1
+3 * 1
fi=(327)
+6 312 1
fi=(242)
+7 115 1
+5 * 1
cfi=(162)
cfn=(886)
calls=1 0x1f3610 0 
* * 170
+6 +85 1
jfi=(327)
jump=1 0x21ad90 317 
* * 
fe=(298)

fn=(1836) <test::term::terminfo::TerminfoTerminal<T> as std::io::Write>::write
0x22aef0 195 7
+7 * 7
cfi=(292)
cfn=(1838) <std::io::stdio::Stdout as std::io::Write>::write
calls=7 0x270a40 788 
* * 1795

fl=(331) /rustc/4a4ef493e3a1488c6e321570238084b38948f6db/library/std/src/sys/random/linux.rs
fn=(1484) std::sys::random::linux::hashmap_random_keys
0x2573d0 164 1
+1 * 1
+3 * 1
+4 +1 1
+3 * 1
+4 * 1
+4 +1 1
+5 * 1
+5 * 1
cfn=(1486) std::sys::random::linux::getrandom
calls=1 +19 -94 
* * 57
fi=(245)
+5 1718 1
+4 * 1
fe=(331)
+4 170 1
+4 * 1
+1 * 1

fn=(1486)
0x257400 72 1
+1 * 1
+3 * 1
+2 * 1
+2 * 1
+2 * 1
+2 * 1
+1 * 1
+7 * 1
+3 * 1
+3 * 1
fi=(176)
+3 4027 1
fe=(331)
+7 89 1
+2 * 1
+6 -89 1
+3 91 1
+6 -91 1
+8 0 1
+6 0 1
+3 0 1
+6 0 1
fi=(176)
+7 4027 1
fe=(331)
+7 96 1
+2 * 1
+2 * 1
+4 * 1
+3 * 1
+3 * 1
fi=(241) /rustc/4a4ef493e3a1488c6e321570238084b38948f6db/library/std/src/sys/pal/unix/weak/syscall.rs
+2 -83 1
+3 * 1
+3 * 1
+3 * 1
cob=(2)
cfi=(332)
cfn=(1488)
calls=1 0x48850 +15 
* * 8
fe=(331)
+3 +93 1
+4 * 1
fi=(275)
+2 580 1
+3 * 1
+6 101 1
+3 * 1
+3 * 1
fe=(331)
+3 -10 1
+2 * 1
jump=1 0x257823 +67 
* * 
0x257823 +67 1
+7 * 1
+1 * 1
+2 * 1
+2 * 1
+2 * 1
+2 * 1
+1 * 1

fl=(189) /rustc/4a4ef493e3a1488c6e321570238084b38948f6db/library/std/src/sys/pal/unix/stack_overflow.rs
fn=(784) std::sys::pal::unix::stack_overflow::imp::make_handler
0x255d60 250 2
+1 * 2
+3 * 2
+2 * 2
+2 * 2
+1 * 2
fi=(176)
+4 4028 2
fe=(189)
+7 251 2
+2 * 2
+6 +4 2
+3 * 2
jfi=(233)
jcnd=1/2 0x255e3c 709 
* * 
fi=(233)
+6 709 1
+3 * 1
+4 * 1
+4 * 1
+4 * 1
fe=(189)
+8 573 1
cob=(2)
cfi=(188)
cfn=(606)
calls=1 0xa36d0 23 
* * 3
+6 * 1
+4 * 1
+3 * 1
cob=(2)
cfi=(190)
cfn=(610)
calls=1 0x9de50 33 
* * 1090
+6 +1 1
+2 * 1
+6 +1 1
+8 * 1
+4 * 1
+4 +1 1
cob=(2)
cfi=(430)
cfn=(2248)
calls=1 0x99f80 23 
* * 5
+6 * 1
+3 * 1
+2 * 1
+6 +1 1
+5 * 1
fi=(230) /rustc/4a4ef493e3a1488c6e321570238084b38948f6db/library/core/src/ptr/metadata.rs
+6 133 1
fe=(189)
+8 588 1
+8 * 1
+4 * 1
+4 * 1
+4 +1 1
cob=(2)
cfi=(231)
cfn=(780)
calls=1 0x9a070 24 
* * 9
+6 * 1
+3 * 1
+2 * 1
+6 +2 1
+4 +13 1
+4 * 1
+4 +6 1
cob=(2)
cfi=(232)
cfn=(782)
calls=1 0x99e10 26 
* * 207
+6 * 1
+3 * 1
+2 * 1
+6 -6 1
+4 * 1
+3 257 1
+3 * 1
cfi=(240) /rustc/4a4ef493e3a1488c6e321570238084b38948f6db/library/std/src/sys/pal/unix/stack_overflow/thread_info.rs
cfn=(800) std::sys::pal::unix::stack_overflow::thread_info::set_current_info
calls=1 0x254790 112 
* * 209
fi=(233)
+5 709 2
+3 * 2
+4 * 2
+8 * 2
+2 * 2
fe=(189)
+4 264 2
+2 * 2
cob=(2)
cfi=(234)
cfn=(788)
calls=2 0x45b10 120 
* * 12
+6 +2 2
+4 * 2
+6 +44 2
+5 * 2
cob=(2)
cfi=(235)
cfn=(790)
calls=2 0x11f020 56 
* * 292
fi=(236)
+6 1029 2
+6 * 2
+6 * 2
fi=(176)
+4 4027 2
fe=(189)
+7 229 2
+4 -2 2
+2 * 2
+5 * 2
+5 * 2
+6 * 2
+3 * 2
cob=(2)
cfi=(237)
cfn=(794)
calls=2 0x125320 47 
* * 52
+6 +8 2
+4 * 2
+2 0 2
+3 238 2
+3 * 2
+3 * 2
+2 * 2
cob=(2)
cfi=(238)
cfn=(796)
calls=2 0x125c40 117 
* * 12
+6 +1 2
+2 * 2
fi=(239)
+2 961 2
fe=(189)
+3 269 2
+4 * 2
+7 * 2
+4 * 2
+4 +1 2
+2 * 2
cob=(2)
cfi=(234)
cfn=(788)
calls=2 0x45b10 120 
* * 12
+6 +2 2
+4 * 2
jump=2 +4 +4 
* * 
+4 +4 2
+3 * 2
+4 * 2
+1 * 2
+2 * 2
+2 * 2
+1 * 2

fn=(2832) std::sys::pal::unix::stack_overflow::imp::drop_handler
0x255800 284 2
+1 * 2
+3 * 2
+2 * 2
+2 * 2
+2 * 2
+2 * 2
+1 * 2
+7 +1 2
+3 * 2
+2 0 2
+3 310 2
+5 * 2
cob=(2)
cfi=(235)
cfn=(790)
calls=2 0x11f020 56 
* * 292
fi=(236)
+6 1029 2
+6 * 2
+6 * 2
fi=(176)
+4 4027 2
fe=(189)
+7 288 2
+11 * 2
+10 * 2
+7 * 2
+7 +10 2
+2 * 2
cob=(2)
cfi=(234)
cfn=(788)
calls=2 0x45b10 120 
* * 12
fi=(239)
+6 1072 2
fe=(189)
+3 301 2
+3 * 2
+3 * 2
+3 * 2
cob=(2)
cfi=(238)
cfn=(2238)
calls=2 0x125d70 117 
* * 12
fi=(240)
+6 126 2
cob=(2)
cfi=(247)
cfn=(826)
calls=2 0x2a6e0 25 
* * 8
+6 * 2
+3 * 2
fi=(176)
+5 4112 2
+2 * 2
fi=(248)
+8 32 2
fi=(176)
+6 4027 2
+7 * 2
fi=(249)
+4 464 2
+3 * 2
+3 * 2
+6 0 2
fi=(176)
+2 4027 2
+8 * 2
fi=(413)
+7 123 2
+2 * 2
+3 * 2
+3 0 2
+7 0 2
+6 0 2
fi=(176)
+7 4112 2
+2 * 2
fi=(240)
+9 96 2
jfi=(263)
jcnd=2/2 +49 767 
* * 
fi=(263)
+49 767 2
+7 * 2
+3 * 2
fi=(433) /rustc/4a4ef493e3a1488c6e321570238084b38948f6db/library/alloc/src/collections/btree/node.rs
+6 641 2
fi=(432) /rustc/4a4ef493e3a1488c6e321570238084b38948f6db/library/alloc/src/collections/btree/search.rs
+7 57 2
+3 * 2
+2 * 2
fi=(433)
+3 396 2
fi=(432)
+8 225 2
+3 * 2
+4 * 2
+7 0 2
fi=(177)
+2 1692 2
fi=(265)
+3 180 2
fi=(177)
-3 1692 1
fi=(265)
+3 180 1
fi=(236)
+2 2003 3
+5 * 3
+4 * 3
fi=(432)
+4 226 3
+3 * 3
+4 * 3
+4 * 3
jfi=(177)
jcnd=1/3 -29 1692 
* * 
+2 * 2
+4 * 2
+3 * 2
+2 * 2
jfi=(434) /rustc/4a4ef493e3a1488c6e321570238084b38948f6db/library/alloc/src/collections/btree/map/entry.rs
jump=2 +39 607 
* * 
fi=(434)
+39 607 2
fi=(433)
+4 731 2
+3 * 2
jfi=(495) /rustc/4a4ef493e3a1488c6e321570238084b38948f6db/library/alloc/src/collections/btree/remove.rs
jcnd=2/2 0x255b68 19 
* * 
fi=(495)
0x255b68 19 2
+4 * 2
+8 * 2
+4 * 2
+7 * 2
+4 * 2
+4 * 2
cfn=(2856) alloc::collections::btree::remove::<impl alloc::collections::btree::node::Handle<alloc::collections::btree::node::NodeRef<alloc::collections::btree::node::marker::Mut,K,V,alloc::collections::btree::node::marker::Leaf>,alloc::collections::btree::node::marker::KV>>::remove_leaf_kv
calls=2 0x275920 +7 
* * 222
fi=(434)
+5 608 2
+7 * 2
+7 +4 2
+7 +1 2
+4 * 2
jfi=(233)
jcnd=2/2 +81 805 
* * 
fi=(233)
+81 805 2
+3 * 2
+3 * 2
+3 * 2
+3 * 2
+2 * 2
fi=(242)
+2 115 2
+5 * 2
+3 * 2
+3 * 2
cfi=(162)
cfn=(886)
calls=2 0x1f3610 0 
* * 204
+6 0 2
fi=(176)
+10 4013 2
fi=(413)
+11 123 2
fi=(233)
+3 805 2
+2 * 2
+2 * 2
+4 * 2
+3 * 2
+2 0 2
+2 805 2
+6 * 2
+3 * 2
fe=(189)
+2 305 2
+7 * 2
+1 * 2
+2 * 2
+2 * 2
+2 * 2
+2 * 2
+1 * 2

fl=(280)
fn=(1766) <&str as core::str::pattern::Pattern>::is_contained_in
0x227a80 987 1
+1 * 1
+3 * 1
+2 * 1
+2 * 1
+2 * 1
+2 * 1
+1 * 1
+7 * 1
+3 +1 1
+3 * 1
+6 0 1
+3 0 1
+3 0 1
+3 0 1
+3 992 1
+3 * 1
jfi=(276)
jcnd=1/1 +53 152 
* * 
fi=(276)
+53 152 1
+2 +8 1
+3 * 1
+3 * 1
+3 * 1
cob=(2)
cfi=(283)
cfn=(1044)
calls=1 0x188320 -87 
* * 19
+6 * 1
+2 * 1
fi=(281)
+4 31 1
jfi=(280)
jump=1 0x227f8a 1012 
* * 
fe=(280)
0x227f8a 1012 1
+3 * 1
+7 * 1
+1 * 1
+2 * 1
+2 * 1
+2 * 1
+2 * 1
+1 * 1

fn=(1024)
0x229df0 432 3
+1 * 3
+3 * 3
+2 * 3
+2 * 3
+2 * 3
+2 * 3
+1 * 3
+4 * 3
+4 * 3
+4 * 3
+4 * 3
+3 * 3
+3 * 3
fi=(172)
+4 842 3
+3 * 3
+3 * 3
+2 * 3
jcnd=3/3 +9 0 
* * 
+9 0 3
+3 0 3
+3 0 3
+4 0 3
fe=(280)
+5 438 3
+6 * 3
+4 * 3
+4 * 3
+4 * 3
+6 0 3
+4 0 3
+4 0 3
+4 0 3
+3 0 3
jfi=(172)
jump=3 +11 846 
* 0 
fi=(172)
+11 846 3
+3 * 3
+3 * 3
fi=(275)
+4 89 3
fi=(281)
+4 -62 3
+4 * 3
jfi=(280)
jcnd=2/3 +53 -27 
* * 
+2 -27 1
+2 39 1
+3 * 1
+2 -39 1
+12 40 1
+4 * 1
-4 * 8
+4 * 8
+2 +4 9
+3 -5 9
+3 * 9
jcnd=8/9 -12 +1 
* * 
+2 -39 1
+3 0 1
fe=(280)
+2 439 1
+2 * 1
+2 * 1
jump=1 0x229fc2 +29 
* * 
+9 0 2
fi=(281)
+3 31 2
+3 * 2
cfn=(1462) core::slice::memchr::memchr_aligned
calls=2 0x298720 +20 
* * 181
+6 * 2
fe=(280)
+4 439 2
+2 * 2
jcnd=1/2 +30 +18 
* * 
+2 * 1
jump=1 0x229fc2 +29 
* * 
+28 +18 1
+3 * 1
+3 * 1
+4 +1 1
+3 * 1
+3 * 1
+3 * 1
+4 * 1
+3 * 1
+2 * 1
+6 0 1
fi=(275)
+4 89 1
+4 * 1
fi=(276)
+4 +71 1
+3 * 1
cob=(2)
cfi=(283)
cfn=(1044)
calls=1 0x188320 -87 
* * 10
+6 * 1
+4 * 1
fe=(280)
+2 461 1
+6 0 1
+4 462 1
+4 * 1
+4 * 1
+5 * 1
jump=1 0x229fcc 0 
* * 
0x229fc2 +6 2
+4 * 2
+2 * 2
+4 0 2
+3 472 2
+4 * 2
+1 * 2
+2 * 2
+2 * 2
+2 * 2
+2 * 2
+1 * 2
-17 0 1
+3 472 1
+4 * 1
+1 * 1
+2 * 1
+2 * 1
+2 * 1
+2 * 1
+1 * 1
0x280c00 -40 24
+1 * 24
+3 * 24
+2 * 24
+2 * 24
+2 * 24
+2 * 24
+1 * 24
+4 * 24
+4 * 24
+4 * 24
+4 * 24
+3 * 24
+3 * 24
fi=(172)
+4 842 24
+3 * 24
+3 * 24
+2 * 24
jcnd=24/24 +9 0 
* * 
+9 0 24
+3 0 24
+3 0 24
+4 0 24
fe=(280)
+5 438 24
+6 * 24
+4 * 24
+4 * 24
+4 * 24
+6 0 24
+4 0 24
+4 0 24
+4 0 24
+3 0 24
jfi=(172)
jump=24 +11 846 
* 0 
fi=(172)
+11 846 24
+3 * 24
+3 * 24
fi=(275)
+4 89 24
fi=(281)
+4 -62 24
+4 * 24
+2 -27 24
+2 39 24
+3 * 24
+2 -39 24
+12 40 24
+4 * 24
-4 * 144
+4 * 144
jfi=(280)
jcnd=16/144 +53 -40 
* * 
+2 +4 152
+3 -5 152
+3 * 152
jcnd=144/152 -12 +1 
* * 
+2 -39 8
+3 0 8
fe=(280)
+2 439 8
+2 * 8
+2 * 8
jump=8 0x280dd2 +29 
* * 
+34 0 16
+5 439 16
+2 * 16
+6 0 16
+10 457 16
+3 * 16
+3 * 16
+4 +1 16
+3 * 16
+3 * 16
+3 * 16
+4 * 16
+3 * 16
+2 * 16
+6 0 16
fi=(275)
+4 89 16
+4 * 16
fi=(276)
+4 +71 16
+3 * 16
cob=(2)
cfi=(283)
cfn=(1044)
calls=16 0x188320 -87 
* * 160
+6 * 16
+4 * 16
fe=(280)
+2 461 16
+6 0 16
+4 462 16
+4 * 16
+4 * 16
+5 * 16
jump=16 0x280ddc 0 
* * 
0x280dd2 +6 8
+4 * 8
+2 * 8
+4 0 8
+3 472 8
+4 * 8
+1 * 8
+2 * 8
+2 * 8
+2 * 8
+2 * 8
+1 * 8
-17 0 16
+3 472 16
+4 * 16
+1 * 16
+2 * 16
+2 * 16
+2 * 16
+2 * 16
+1 * 16

fl=(370) /rustc/4a4ef493e3a1488c6e321570238084b38948f6db/library/std/src/time.rs
fn=(2096) std::time::Instant::checked_add
0x25deb0 671 1
+2 * 1
fi=(369)
+3 2498 1
+3 * 1
+3 +82 1
+3 * 1
+4 * 1
+3 * 1
fi=(307)
+5 458 1
fi=(356)
+2 186 1
+3 +1 1
+6 * 1
fi=(369)
+2 2498 1
fi=(307)
+3 458 1
fi=(356)
+2 188 1
+6 0 1
fe=(370)
+2 673 1

fn=(2088) <std::time::Instant as core::ops::arith::Sub>::sub
0x27f170 470 2
+1 * 2
+3 * 2
+4 * 2
+4 * 2
+3 * 2
+4 * 2
+3 * 2
+4 * 2
+4 * 2
fi=(356)
+4 293 2
cfn=(2090) std::sys::pal::unix::time::Timespec::sub_timespec
calls=2 0x256780 148 
* * 74
+5 * 2
fi=(263)
+2 1097 2
+4 * 2
+3 * 2
+3 * 2
fe=(370)
+5 472 2
+4 * 2
+1 * 2

fn=(3060) std::time::Instant::elapsed
0x25df50 390 1
+1 * 1
+3 * 1
+1 * 1
+4 * 1
fi=(356)
+3 289 1
+5 * 1
cfn=(1754)
calls=1 0x256850 111 
* * 27
fe=(370)
+5 391 1
+3 * 1
+3 * 1
+4 * 1
+3 * 1
+4 * 1
+3 * 1
+4 * 1
+4 * 1
fi=(356)
+4 -98 1
cfn=(2090)
calls=1 0x256780 148 
* * 37
+5 * 1
fi=(263)
+2 1097 1
+4 * 1
+3 * 1
+3 * 1
fe=(370)
+5 392 1
+4 * 1
+1 * 1
+1 * 1

fl=(250) /home/ecuodah/.rustup/toolchains/stable-x86_64-unknown-linux-gnu/lib/rustlib/src/rust/library/std/src/rt.rs
fn=(832) std::rt::lang_start::{{closure}}
0x1f2010 206 1
+1 * 1
+3 * 1
cfi=(251) /home/ecuodah/.rustup/toolchains/stable-x86_64-unknown-linux-gnu/lib/rustlib/src/rust/library/std/src/sys/backtrace.rs
cfn=(834) std::sys::backtrace::__rust_begin_short_backtrace
calls=1 +12 -44 
* * 518771
+5 * 1
+2 * 1
+1 * 1

fl=(271)
fn=(990) <core::iter::adapters::GenericShunt<I,R> as core::iter::traits::iterator::Iterator>::next
0x1fdb10 173 3
+1 * 3
+3 * 3
+2 * 3
+2 * 3
+2 * 3
+2 * 3
+1 * 3
+4 * 3
+4 * 3
+3 * 3
+4 * 3
fi=(177)
+4 1692 3
fi=(265)
+3 180 3
jfi=(271)
jcnd=1/3 0x1fdc52 0 
* * 
+6 0 2
fe=(271)
+3 192 2
+4 * 2
fi=(265)
+4 -12 2
+4 * 2
+10 * 2
+4 * 2
+4 0 2
+6 185 2
fi=(344)
+3 2434 2
+4 * 2
fi=(314) /rustc/4a4ef493e3a1488c6e321570238084b38948f6db/library/std/src/sys/os_str/bytes.rs
+4 306 2
+4 * 2
+3 * 2
+3 * 2
cfi=(260) /rustc/4a4ef493e3a1488c6e321570238084b38948f6db/library/core/src/str/converts.rs
cfn=(866) core::str::converts::from_utf8
calls=2 0x298160 89 
* * 173
fi=(245)
+6 713 2
+4 * 2
+2 +1 2
fi=(255)
+4 444 2
+3 * 2
fi=(269) /rust/deps/getopts-0.2.24/src/lib.rs
+6 0 2
fi=(242)
+4 190 2
cfi=(162)
cfn=(812)
calls=2 0x1f3640 0 
* * 2
+6 -95 2
+5 * 2
+3 * 2
cfi=(162)
cfn=(814)
calls=2 0x1f3600 -95 
* * 394
fi=(255)
+6 453 2
+3 * 2
fi=(272)
+6 0 2
fi=(233)
+3 547 2
+3 * 2
+3 * 2
+3 * 2
cob=(2)
cfi=(214)
cfn=(708)
calls=2 0x188a80 255 
* * 26
fi=(273) /rustc/4a4ef493e3a1488c6e321570238084b38948f6db/library/core/src/ops/control_flow.rs
+6 116 2
+4 * 2
jcnd=2/2 0x1fdc6b 0 
* * 
fe=(271)
0x1fdc52 0 1
fi=(273)
+4 195 1
+10 * 1
+3 +3 1
jfi=(271)
jump=1 +23 -23 
* * 
+8 0 2
+4 196 2
+3 * 2
+4 * 2
fe=(271)
+4 -21 2
+4 * 2
+1 * 2
+2 * 2
+2 * 2
+2 * 2
+2 * 2
+1 * 2
-14 * 1
+4 * 1
+1 * 1
+2 * 1
+2 * 1
+2 * 1
+2 * 1
+1 * 1

fn=(1480)
0x2091d0 152 1
+1 * 1
+3 * 1
+2 * 1
+2 * 1
+2 * 1
+2 * 1
+1 * 1
+7 * 1
+3 +8 1
+3 * 1
+4 * 1
+4 * 1
+4 * 1
+4 * 1
+7 * 1
+4 * 1
+4 * 1
+4 * 1
+4 * 1
+4 * 1
fi=(491)
+4 -55 1
+9 * 1
fi=(405)
+7 -46 1
+4 * 1
fi=(297)
+6 555 1
+3 * 1
fi=(172)
+4 2376 1
fi=(173)
+4 901 1
fi=(343) /rustc/4a4ef493e3a1488c6e321570238084b38948f6db/library/std/src/collections/hash/map.rs
+3 363 1
+7 * 1
+7 * 1
+8 * 1
+8 * 1
+7 * 1
+7 * 1
fi=(236)
+7 1908 1
fi=(257) /rustc/4a4ef493e3a1488c6e321570238084b38948f6db/library/core/src/iter/range.rs
+4 772 1
+6 0 1
+4 772 1
+3 * 1
+4 * 1
+4 * 1
+4 * 1
jump=1 +58 0 
* * 
fi=(245)
+8 2174 15
+4 * 15
fe=(271)
+3 193 15
+4 * 15
fi=(336)
+4 4662 15
+7 * 15
+4 * 15
+2 * 15
cfn=(1562)
calls=15 0x22d250 1841 
* * 10642
fi=(344)
+5 0 15
fi=(236)
+3 1908 15
+4 * 15
fi=(257)
+4 772 15
jfi=(343)
jcnd=1/15 0x209491 2922 
* * 
+6 0 15
fi=(327)
+7 267 15
+4 * 15
+4 * 15
+3 * 15
+2 -99 15
+7 +1 15
+5 * 15
+4 * 15
+4 * 15
cfi=(323)
cfn=(1400)
calls=15 0x22a110 375 
* * 720
+2 * 15
fi=(245)
+3 2173 15
+3 * 15
fi=(327)
+6 170 15
+3 +99 15
+6 * 15
+2 * 15
jump=15 +53 +2 
* * 
+53 +2 15
+4 * 15
+6 * 15
fi=(255)
+4 444 15
+3 * 15
fi=(327)
+6 271 15
+5 * 15
fi=(242)
+7 -81 15
cfi=(162)
cfn=(812)
calls=15 0x1f3640 0 
* * 15
+6 -95 15
+5 * 15
+3 * 15
cfi=(162)
cfn=(814)
calls=15 0x1f3600 -95 
* * 2480
fi=(255)
+6 453 15
+3 * 15
fi=(272)
+6 0 15
fi=(233)
+3 547 15
+3 * 15
+7 * 15
+3 * 15
cob=(2)
cfi=(214)
cfn=(708)
calls=15 0x188a80 255 
* * 252
fi=(330)
+6 49 15
+10 * 15
+3 * 15
+6 * 15
+3 * 15
+3 * 15
jfi=(245)
jcnd=15/15 0x209299 2174 
* * 
fi=(343)
0x209491 2922 1
+7 * 1
+8 * 1
+7 * 1
+4 * 1
+7 * 1
+3 * 1
fe=(271)
+4 163 1
fi=(245)
+6 2168 1
+4 * 1
+7 * 1
fe=(271)
+5 165 1
+7 * 1
+1 * 1
+2 * 1
+2 * 1
+2 * 1
+2 * 1
+1 * 1
0x209570 -13 1
+1 * 1
+3 * 1
+2 * 1
+2 * 1
+2 * 1
+2 * 1
+1 * 1
+7 * 1
fi=(279)
+4 29 1
+3 * 1
+4 * 1
+4 * 1
+4 * 1
+4 * 1
+4 * 1
+4 * 1
+4 * 1
+4 * 1
+4 * 1
+4 * 1
+4 * 1
+4 * 1
+4 * 1
+4 * 1
fi=(491)
+7 +76 1
+9 * 1
+7 * 1
fi=(405)
+3 -46 1
+4 * 1
fi=(297)
+6 555 1
+3 * 1
+4 0 1
fi=(172)
+10 2376 1
fi=(173)
+4 901 1
fi=(343)
+3 363 1
+7 * 1
+7 * 1
+7 * 1
+7 * 1
+7 * 1
fi=(177)
+7 1692 1
fi=(264)
+4 351 1
+6 0 1
+7 0 1
+4 0 1
+4 0 1
jfi=(233)
jump=1 +31 1710 
* 0 
+14 0 413
fi=(287)
+4 120 413
fi=(177)
+3 1692 413
fi=(264)
+4 351 413
jfi=(271)
jcnd=1/413 0x2099f6 0 
* * 
fi=(233)
+6 1710 413
+4 * 413
fi=(541) /rustc/4a4ef493e3a1488c6e321570238084b38948f6db/library/core/src/iter/adapters/filter.rs
+7 86 413
jfi=(264)
jcnd=230/413 -28 -86 
* * 
fi=(327)
+2 294 183
+4 * 183
fi=(236)
+6 2115 183
+3 * 183
+4 * 183
fi=(276)
+4 152 183
+6 * 183
jfi=(245)
jcnd=92/183 0x209720 0 
* * 
fi=(236)
+6 2115 91
fi=(276)
+3 160 91
+3 * 91
fi=(327)
+3 294 91
+2 * 91
+7 * 91
+6 0 91
+7 294 91
+4 * 91
+3 * 91
+5 +2 91
+7 * 91
jcnd=91/91 0x209734 0 
* * 
fi=(245)
+95 0 92
fi=(327)
+3 294 92
+3 * 92
+5 +2 92
+7 * 92
+2 0 183
+4 0 183
+7 303 183
+3 * 183
fi=(256)
+4 1753 183
fi=(172)
+4 842 183
+3 * 183
+6 * 183
+3 * 183
fi=(177)
+6 1692 183
fi=(265)
+3 180 183
+6 0 183
fi=(327)
+4 303 183
fi=(265)
+4 +81 183
+3 * 183
+3 * 183
+3 0 183
fi=(327)
+10 303 183
fi=(265)
+5 +81 183
fi=(327)
-5 -81 1443
fi=(265)
+5 +81 1443
jcnd=183/1443 +18 0 
* * 
fi=(177)
+2 1692 1443
+3 * 1443
+3 * 1443
fi=(265)
+3 180 1443
jfi=(327)
jcnd=1443/1443 -16 303 
* * 
+7 0 183
fi=(255)
+4 444 183
+3 * 183
fi=(242)
+2 190 183
cfi=(162)
cfn=(812)
calls=183 0x1f3640 0 
* * 183
+6 -95 183
+5 * 183
+4 * 183
cfi=(162)
cfn=(814)
calls=183 0x1f3600 -95 
* * 35556
+6 * 183
fi=(255)
+4 453 183
+3 * 183
jcnd=183/183 +12 0 
* * 
+12 0 183
fi=(233)
+4 547 183
+3 * 183
+3 * 183
cob=(2)
cfi=(214)
cfn=(708)
calls=183 0x188a80 255 
* * 2860
fi=(256)
+6 1753 183
+3 * 183
+3 * 183
+4 * 183
fi=(172)
+4 842 183
+3 * 183
+6 * 183
+3 * 183
fi=(327)
+6 306 183
+3 * 183
+3 * 183
fi=(275)
+4 89 183
fi=(255)
+4 444 183
+3 * 183
fi=(242)
+2 190 183
cfi=(162)
cfn=(812)
calls=183 0x1f3640 0 
* * 183
+6 -95 183
+5 * 183
+3 * 183
cfi=(162)
cfn=(814)
calls=183 0x1f3600 -95 
* * 34438
fi=(255)
+6 453 183
+3 * 183
jcnd=183/183 +12 0 
* * 
+12 0 183
fi=(233)
+4 547 183
+3 * 183
+3 * 183
+3 * 183
cob=(2)
cfi=(214)
cfn=(708)
calls=183 0x188a80 255 
* * 2786
+6 * 183
+10 * 183
fi=(245)
+4 2173 183
+3 * 183
+6 0 183
+4 2174 183
+7 * 183
+7 * 183
fe=(271)
+4 193 183
+7 * 183
+7 * 183
+7 * 183
fi=(336)
+7 4662 183
+7 * 183
+7 * 183
+7 * 183
+7 * 183
cfn=(1562)
calls=183 0x22cf10 1841 
* * 105388
+5 * 183
fi=(233)
+7 805 183
+8 * 183
+3 * 183
+4 * 183
jfi=(264)
jcnd=183/183 0x209650 0 
* * 
fi=(172)
0x209951 1151 1
fi=(242)
+3 115 1
+5 * 1
+4 * 1
cfi=(162)
cfn=(886)
calls=1 0x1f3610 0 
* * 87
fi=(343)
+6 2922 1
+7 * 1
+7 * 1
+7 * 1
+7 * 1
+7 * 1
fe=(271)
+7 161 1
+10 * 1
+4 * 1
+3 * 1
+2 +2 1
+7 * 1
+7 * 1
+7 * 1
+5 * 1
+5 * 1
+4 * 1
jump=1 +33 +2 
* * 
+33 +2 1
+7 * 1
+1 * 1
+2 * 1
+2 * 1
+2 * 1
+2 * 1
+1 * 1
+1 0 1
+4 0 1
+4 0 1
fi=(255)
+4 617 1
+3 * 1
jfi=(172)
jcnd=1/1 0x209951 1151 
* * 
fe=(271)
0x209b40 152 1
+1 * 1
+3 * 1
+2 * 1
+2 * 1
+2 * 1
+2 * 1
+1 * 1
+7 * 1
+7 +8 1
+3 * 1
+4 * 1
+7 * 1
+4 * 1
+4 * 1
+7 * 1
+4 * 1
+4 * 1
fi=(491)
+4 -55 1
+9 * 1
fi=(405)
+7 -46 1
+4 * 1
+4 * 1
jfi=(242)
jcnd=1/1 0x20a047 -59 
* * 
fi=(172)
+13 2376 1
fi=(173)
+4 901 1
fi=(343)
+3 363 1
+7 * 1
+4 * 1
+8 * 1
+5 * 1
+4 * 1
fi=(236)
+4 1908 1
fi=(257)
+4 772 1
+6 0 1
+4 0 1
jfi=(327)
jump=1 0x209dad 254 
* 0 
+18 0 10
fi=(233)
+3 547 10
fi=(339)
+7 1563 10
+4 * 10
+4 * 10
fi=(342)
+4 50 10
+2 * 10
jfi=(338)
jcnd=9/10 0x209cb0 437 
* * 
+6 -50 1
+7 0 1
+7 0 1
+7 0 1
+8 0 1
+7 0 1
+7 0 1
fi=(340)
+8 641 1
fi=(337)
+4 1863 1
+3 * 1
fi=(239)
+3 1072 1
+4 * 1
fi=(276)
+3 152 1
+4 * 1
jfi=(340)
jcnd=1/1 +27 499 
* * 
fi=(340)
+27 499 1
fi=(342)
+3 50 1
+3 * 1
+2 * 1
+7 * 1
+7 * 1
+7 * 1
+8 * 1
+7 * 1
+7 * 1
+8 * 1
+2 -50 1
fi=(338)
+2 437 1
+4 * 1
fi=(307)
+7 -2 1
fi=(338)
-11 +2 9
+4 * 9
fi=(307)
+7 -2 9
fi=(339)
+2 1563 10
fi=(342)
+4 50 10
+2 * 10
fi=(340)
+2 641 10
fi=(337)
+4 1793 10
+3 * 10
fi=(339)
+3 1563 10
+4 * 10
+4 * 10
fi=(307)
+4 435 10
+2 * 10
jfi=(337)
jcnd=10/10 +77 2687 
* * 
fi=(337)
+77 2687 10
fi=(307)
+6 458 10
+2 * 10
+4 * 10
fi=(341)
+6 30 10
fi=(172)
+2 2413 10
fi=(337)
+4 2631 10
+3 +3 10
+5 +1 10
+5 2499 10
+5 * 10
+3 * 10
+4 * 10
+9 * 10
+4 * 10
fi=(239)
+5 1072 10
+4 * 10
+3 * 10
fi=(233)
+3 1910 10
+7 * 10
+4 * 10
+8 * 10
+5 * 10
+3 * 10
+6 * 10
+4 0 10
+4 0 10
fi=(236)
+3 1908 10
fi=(257)
+4 772 10
jfi=(343)
jcnd=1/10 0x209fd8 2922 
* * 
fi=(233)
-7 0 28
fi=(236)
+3 1908 28
fi=(257)
+4 772 28
fi=(327)
+6 254 38
+7 * 38
+3 * 38
+7 * 38
cfn=(1472)
calls=38 0x218840 -81 
* * 3154
+5 * 38
+7 * 38
+6 * 38
+7 * 38
jfi=(233)
jcnd=28/38 -55 0 
* * 
+2 +2 10
+7 * 10
+6 * 10
+3 * 10
+4 * 10
fi=(255)
+5 444 10
+3 * 10
fi=(327)
+2 256 10
fi=(242)
+4 -66 10
cfi=(162)
cfn=(812)
calls=10 0x1f3640 0 
* * 10
+6 -95 10
+5 * 10
+3 * 10
cfi=(162)
cfn=(814)
calls=10 0x1f3600 -95 
* * 787
fi=(255)
+6 453 10
+3 * 10
+6 0 10
fi=(233)
+3 547 10
+3 * 10
+3 * 10
+3 * 10
cob=(2)
cfi=(214)
cfn=(708)
calls=10 0x188a80 255 
* * 168
fi=(330)
+6 49 10
+10 * 10
+3 * 10
+4 * 10
+6 * 10
+3 * 10
+3 * 10
jfi=(245)
jcnd=10/10 +13 2174 
* * 
fi=(245)
+13 2174 10
+7 * 10
fe=(271)
+7 193 10
+7 * 10
+4 * 10
fi=(336)
+7 +65 10
+4 * 10
+4 * 10
+7 * 10
cfi=(334)
cfn=(1510)
calls=10 0x208e90 695 
* * 1694
+5 * 10
fi=(337)
+3 956 10
fi=(307)
+5 458 10
jfi=(337)
jcnd=3/10 +44 962 
* * 
fi=(337)
+2 1179 10
+4 * 10
fi=(341)
+4 48 10
+3 * 10
+4 * 10
+4 * 10
+4 * 10
+5 * 10
+5 * 10
+2 * 10
+2 * 10
jfi=(257)
jump=10 0x209bf0 -48 
* * 
fi=(337)
+5 962 3
+5 * 3
+4 * 3
+4 * 3
+5 * 3
cfn=(1524)
calls=3 0x22dfa0 +37 
* * 3405
+6 * 3
jump=3 -66 1179 
* * 
fi=(343)
0x209fd8 2922 1
+4 * 1
+5 * 1
+4 * 1
+4 * 1
+3 * 1
+7 * 1
fe=(271)
+7 163 1
fi=(245)
+4 2168 1
+3 * 1
+5 * 1
fe=(271)
+4 165 1
+7 * 1
+1 * 1
+2 * 1
+2 * 1
+2 * 1
+2 * 1
+1 * 1
fi=(242)
+44 0 1
fi=(333) /rustc/4a4ef493e3a1488c6e321570238084b38948f6db/library/std/src/hash/random.rs
+3 69 1
cfi=(331)
cfn=(1484)
calls=1 0x2573d0 +95 
* * 71
+6 * 1
+3 * 1
+3 * 1
fi=(173)
+4 901 1
+4 * 1
+4 * 1
jfi=(172)
jump=1 0x209ba9 2376 
* * 
fe=(271)
0x20a0e0 152 1
+1 * 1
+3 * 1
+2 * 1
+2 * 1
+2 * 1
+2 * 1
+1 * 1
+4 * 1
+3 +8 1
+4 * 1
fi=(236)
+4 1908 1
+3 * 1
fi=(257)
+3 772 1
+2 0 1
fe=(271)
+4 160 1
+3 * 1
fi=(327)
+4 279 1
+4 162 1
+6 * 1
+4 +1 1
+5 * 1
+3 * 1
cfi=(323)
cfn=(1400)
calls=1 0x22a110 375 
* * 51
fi=(245)
+2 2173 1
+3 * 1
jfi=(271)
jcnd=1/1 +62 0 
* * 
+36 -5 1
+3 * 1
+4 * 1
fe=(271)
+4 165 1
+4 * 1
+1 * 1
+2 * 1
+2 * 1
+2 * 1
+2 * 1
+1 * 1
+1 0 1
+4 0 1
fi=(327)
+4 164 1
fi=(242)
+4 +26 1
cfi=(162)
cfn=(812)
calls=1 0x1f3640 0 
* * 1
+6 -95 1
+5 * 1
+5 * 1
cfi=(162)
cfn=(814)
calls=1 0x1f3600 -95 
* * 298
fi=(255)
+6 453 1
+3 * 1
fi=(259)
+6 0 1
+3 0 1
fi=(233)
+3 1910 1
fi=(259)
+3 36 1
+8 * 1
+4 * 1
fi=(236)
+8 1908 1
+3 * 1
+4 * 1
fi=(257)
+6 772 1
jcnd=1/1 +40 0 
* * 
fi=(233)
+19 1910 412
fi=(256)
+5 3916 412
+3 2106 412
fi=(236)
+4 1908 412
fi=(257)
+3 772 412
jfi=(259)
jcnd=1/412 0x20a269 42 
* * 
+6 0 412
fi=(327)
+4 279 412
+4 162 412
+6 +1 412
+5 * 412
+4 * 412
+4 * 412
cfi=(323)
cfn=(1400)
calls=412 0x22a110 375 
* * 21012
fi=(245)
+2 2173 412
+3 * 412
fi=(327)
+2 164 412
fi=(256)
+5 3907 412
+4 * 412
jfi=(233)
jcnd=405/412 -64 1910 
* * 
fi=(255)
+2 658 7
+5 * 7
+5 * 7
+6 * 7
+4 * 7
+3 * 7
cfn=(1250)
calls=7 0x229600 -14 
* * 2851
+5 -61 7
+4 * 7
jfi=(233)
jump=7 -98 1910 
* * 
fi=(259)
+55 42 1
+4 * 1
+4 * 1
jfi=(245)
jump=1 0x20a14e 2168 
* * 
fe=(271)

fl=(461) /home/ecuodah/.cargo/registry/src/index.crates.io-1949cf8c6b5b557f/digest-0.10.7/src/core_api/wrapper.rs
fn=(2418) <digest::core_api::wrapper::CoreWrapper<T> as digest::Update>::update
0x244bd0 148 1000
+1 * 1000
+2 * 1000
+2 * 1000
+2 * 1000
+2 * 1000
+1 * 1000
+1 * 1000
+3 * 1000
+3 * 1000
+3 +1 1000
fi=(459)
+7 +47 1000
+8 * 1000
+5 -50 1000
fi=(480)
+3 17 1000
+3 * 1000
fi=(459)
+3 155 1000
fi=(460)
+2 -54 1000
fi=(455)
+3 547 1000
+3 * 1000
+3 * 1000
cob=(2)
cfi=(214)
cfn=(708)
calls=1000 0x188a80 255 
* * 12800
fi=(459)
+6 158 1000
+3 * 1000
jump=1000 0x244d3b +81 
* * 
0x244d3b +81 1000
fe=(461)
+7 -88 1000
+4 * 1000
+1 * 1000
+2 * 1000
+2 * 1000
+2 * 1000
+2 * 1000
+1 * 1000
+16 -3 1000
+1 * 1000
+2 * 1000
+2 * 1000
+2 * 1000
+2 * 1000
+1 * 1000
+1 * 1000
+3 * 1000
+3 * 1000
+3 +1 1000
fi=(459)
+7 +47 1000
+8 * 1000
+5 -50 1000
fi=(480)
+3 17 1000
+3 * 1000
fi=(459)
+3 155 1000
jcnd=400/1000 +25 +6 
* * 
fi=(460)
+2 -54 600
fi=(455)
+3 547 600
+3 * 600
+3 * 600
cob=(2)
cfi=(214)
cfn=(708)
calls=600 0x188a80 255 
* * 8200
fi=(459)
+6 158 600
+3 * 600
jump=600 0x244f78 +81 
* * 
+5 +3 400
+3 * 400
+4 * 400
jfi=(480)
jcnd=200/400 0x244e7d 0 
* * 
fi=(460)
+6 -60 200
fi=(455)
+3 547 200
+3 * 200
+3 * 200
+3 * 200
cob=(2)
cfi=(214)
cfn=(708)
calls=200 0x188a80 255 
* * 3400
fi=(457)
+6 1718 200
fi=(466)
+7 34 200
+3 * 200
+3 * 200
+4 * 200
+4 * 200
+4 * 200
fi=(457)
+3 1718 200
fi=(466)
+7 34 200
+3 * 200
fi=(457)
+4 1718 200
fi=(466)
+7 34 200
+3 * 200
fi=(457)
+4 1718 200
fi=(466)
+7 34 200
+3 * 200
fi=(457)
+4 1718 200
fi=(466)
+7 34 200
+4 * 200
+3 * 200
fi=(457)
+4 1718 200
fi=(466)
+7 34 200
+4 * 200
+3 * 200
+4 * 200
fi=(457)
+4 1718 200
fi=(466)
+7 34 200
+3 * 200
+4 * 200
fi=(457)
+4 1718 200
fi=(466)
+7 34 200
+3 * 200
fi=(457)
+4 1718 200
fi=(466)
+7 34 200
fi=(542) /home/ecuodah/.rustup/toolchains/stable-x86_64-unknown-linux-gnu/lib/rustlib/src/rust/library/core/src/ptr/const_ptr.rs
+7 863 200
fi=(466)
+3 37 200
+7 * 200
+3 * 200
cfi=(463)
cfn=(2380)
calls=200 0x244f90 166 
* * 1231600
fi=(480)
+6 -14 200
+3 * 200
jump=200 +5 -23 
* * 
+2 -23 200
+3 0 200
+10 23 200
+3 * 200
+3 * 200
+3 * 200
+4 * 200
+4 * 200
+4 * 200
fi=(542)
+3 863 200
fi=(459)
+3 169 200
+7 * 200
fi=(480)
-44 0 200
+10 23 200
+3 * 200
+3 * 200
+3 * 200
+4 * 200
+4 * 200
+4 * 200
fi=(542)
+3 863 200
fi=(459)
+3 169 200
+7 * 200
+6 0 400
+7 0 400
fi=(457)
+7 1718 400
fi=(466)
+4 34 400
+3 * 400
+4 * 400
+3 * 400
+4 * 400
fi=(457)
+4 1718 400
fi=(466)
+5 34 400
+3 * 400
fi=(457)
+3 1718 400
fi=(466)
+5 34 400
+3 * 400
+4 * 400
fi=(457)
+4 1718 400
fi=(466)
+5 34 400
+3 * 400
fi=(457)
+4 1718 400
fi=(466)
+5 34 400
+4 * 400
+3 * 400
fi=(457)
+4 1718 400
fi=(466)
+5 34 400
+4 * 400
+3 * 400
fi=(457)
+4 1718 400
fi=(466)
+5 34 400
+4 * 400
+3 * 400
fi=(457)
+4 1718 400
fi=(466)
+5 34 400
+4 * 400
+3 * 400
fi=(457)
+4 1718 400
fi=(466)
+7 34 400
+7 +3 400
fi=(476) /home/ecuodah/.rustup/toolchains/stable-x86_64-unknown-linux-gnu/lib/rustlib/src/rust/library/core/src/ptr/non_null.rs
+7 660 400
fi=(466)
+7 37 400
+3 * 400
cfi=(463)
cfn=(2380)
calls=400 +52 166 
* * 2463200
fi=(457)
0x244ec0 1718 5800
fi=(466)
+4 34 5800
+3 * 5800
+4 * 5800
+3 * 5800
+4 * 5800
fi=(457)
+4 1718 5800
fi=(466)
+5 34 5800
+3 * 5800
fi=(457)
+3 1718 5800
fi=(466)
+5 34 5800
+3 * 5800
+4 * 5800
fi=(457)
+4 1718 5800
fi=(466)
+5 34 5800
+3 * 5800
fi=(457)
+4 1718 5800
fi=(466)
+5 34 5800
+4 * 5800
+3 * 5800
fi=(457)
+4 1718 5800
fi=(466)
+5 34 5800
+4 * 5800
+3 * 5800
fi=(457)
+4 1718 5800
fi=(466)
+5 34 5800
+4 * 5800
+3 * 5800
fi=(457)
+4 1718 5800
fi=(466)
+5 34 5800
+4 * 5800
+3 * 5800
fi=(457)
+4 1718 5800
fi=(466)
+7 34 5800
+7 +3 5800
fi=(476)
+7 660 5800
fi=(466)
+7 37 5800
+3 * 5800
cfi=(463)
cfn=(2380)
calls=5800 +52 166 
* * 35716400
fi=(476)
+3 1692 6200
fi=(464)
+3 180 6200
jfi=(457)
jcnd=5800/6200 0x244ec0 1718 
* * 
+6 0 400
fi=(455)
+4 547 400
+3 * 400
+3 * 400
cob=(2)
cfi=(214)
cfn=(708)
calls=400 0x188a80 255 
* * 8800
fi=(459)
+6 239 1000
fe=(461)
+7 -88 1000
+4 * 1000
+1 * 1000
+2 * 1000
+2 * 1000
+2 * 1000
+2 * 1000
+1 * 1000

fl=(295) /rustc/4a4ef493e3a1488c6e321570238084b38948f6db/library/std/src/sync/once.rs
fn=(3200) std::sync::once::Once::call_once::{{closure}}
0x25db00 159 1
+1 * 1
+3 * 1
+1 * 1
+4 * 1
fi=(173)
+3 900 1
+3 +1 1
fi=(263)
+3 1014 1
+3 * 1
fi=(292)
+6 727 1
fi=(176)
+4 4028 1
fi=(294) /rustc/4a4ef493e3a1488c6e321570238084b38948f6db/library/std/src/sys/sync/once/futex.rs
+6 82 1
fi=(293) /rustc/4a4ef493e3a1488c6e321570238084b38948f6db/library/std/src/sync/once_lock.rs
+2 +74 1
fi=(292)
+6 733 1
+4 * 1
fi=(171)
+6 34 1
+9 * 1
fi=(297)
+7 555 1
fi=(263)
+3 1065 1
+3 * 1
fi=(176)
+2 4027 1
fi=(362) /rustc/4a4ef493e3a1488c6e321570238084b38948f6db/library/std/src/sync/reentrant_lock.rs
+7 101 1
+3 337 1
jcnd=1/1 +79 0 
* * 
+79 0 1
fi=(176)
+5 4112 1
+2 * 1
fi=(362)
+8 340 1
fi=(176)
+6 4012 1
fi=(362)
+7 0 1
fi=(543) /rustc/4a4ef493e3a1488c6e321570238084b38948f6db/library/std/src/io/buffered/linewriter.rs
+6 110 1
+8 * 1
+8 * 1
+8 * 1
fi=(297)
+4 2043 1
+8 * 1
fi=(173)
+6 901 1
fi=(292)
+11 739 1
+7 * 1
cfi=(233)
cfn=(3212) core::ptr::drop_in_place<std::io::buffered::linewriter::LineWriter<std::io::stdio::StdoutRaw>>
calls=1 0x264bf0 +66 
* * 138
+5 * 1
+4 * 1
+4 * 1
+7 * 1
fi=(173)
+7 901 1
fi=(362)
+7 425 1
+6 +1 1
fi=(176)
+2 4012 1
+11 * 1
+2 +33 1
fi=(248)
+6 90 1
+3 * 1
fi=(176)
+2 4027 1
fi=(189)
+7 202 1
cfn=(2832)
calls=1 0x255800 +82 
* * 511
fe=(295)
+5 -43 1
+4 * 1
+1 * 1
+1 * 1

fn=(1178) std::sync::once::Once::call_once_force::{{closure}}
0x25da30 219 1
+1 * 1
+3 * 1
+1 * 1
+1 * 1
fi=(173)
+3 900 1
+3 +1 1
fi=(263)
+7 1014 1
+3 * 1
fi=(255)
+2 0 1
cfi=(162)
cfn=(812)
calls=1 0x1f3640 0 
* 0 1
fi=(242)
+6 95 1
+5 * 1
+5 * 1
cfi=(162)
cfn=(814)
calls=1 0x1f3600 -95 
* * 55
fi=(255)
+6 453 1
+3 * 1
fi=(296)
+2 564 1
+3 * 1
+3 * 1
+8 * 1
+8 * 1
+4 * 1
+8 * 1
fe=(295)
+4 219 1
+4 * 1
+1 * 1
+1 * 1

fl=(240)
fn=(800)
0x254790 112 2
+1 * 2
+3 * 2
+2 * 2
+2 * 2
+2 * 2
+2 * 2
+1 * 2
+7 * 2
+3 * 2
fi=(241)
+3 12 2
+8 * 2
+2 +1 2
cob=(2)
cfi=(238)
cfn=(804)
calls=2 0x12b380 +78 
* * 8
+6 * 2
+3 * 2
jfi=(171)
jump=2 +18 194 
* * 
fi=(171)
+18 194 2
+9 * 2
fi=(297)
+7 555 2
fi=(171)
+3 195 2
+4 * 2
+4 * 2
+4 * 2
jfi=(176)
jcnd=1/2 +38 4027 
* * 
fi=(376)
+2 +52 1
+4 * 1
+3 * 1
+2 +1 1
fi=(246)
+4 836 1
+3 * 1
jfi=(242)
jcnd=1/1 0x25488a 190 
* * 
fi=(176)
+20 4027 1
+7 * 1
+9 * 1
+7 * 1
+3 * 1
fi=(171)
+6 221 1
+3 * 1
+6 * 1
+3 * 1
fi=(242)
+2 -31 1
cfi=(162)
cfn=(812)
calls=1 0x1f3640 0 
* * 1
+6 -95 1
+5 * 1
+5 * 1
cfi=(162)
cfn=(814)
calls=1 0x1f3600 -95 
* * 194
fi=(245)
+6 2173 1
+3 * 1
fi=(246)
+6 0 1
fi=(233)
+3 547 1
fi=(263)
+6 1165 1
jfi=(233)
jump=1 +84 0 
* * 
fi=(242)
+32 190 1
cfi=(162)
cfn=(812)
calls=1 0x1f3640 0 
* * 1
+6 -95 1
+5 * 1
+3 * 1
cfi=(162)
cfn=(814)
calls=1 0x1f3600 -95 
* * 52
fi=(245)
+6 2173 1
+3 * 1
fi=(246)
+6 840 1
fi=(233)
+3 547 1
+3 * 1
+3 * 1
+3 * 1
cob=(2)
cfi=(214)
cfn=(708)
calls=1 0x188a80 255 
* * 13
+6 * 1
jump=1 +5 0 
* * 
+5 0 2
fe=(240)
+4 116 2
cob=(2)
cfi=(247)
cfn=(826)
calls=2 0x2a6e0 -91 
* * 8
+6 * 2
+3 * 2
fi=(176)
+5 4112 2
+2 * 2
fi=(248)
+8 32 2
+6 -32 2
fi=(176)
+4 4027 2
+7 * 2
fi=(249)
+3 464 2
+3 * 2
+3 * 2
+6 0 2
fi=(176)
+3 4027 2
+7 * 2
fi=(413)
+7 123 2
+2 * 2
+3 * 2
+2 * 2
+3 0 2
+7 0 2
+7 0 2
fi=(176)
+7 4112 2
+2 * 2
fe=(240)
+9 96 2
jcnd=2/2 +35 -96 
* * 
+35 -96 2
fi=(431) /rustc/4a4ef493e3a1488c6e321570238084b38948f6db/library/alloc/src/collections/btree/map.rs
+3 1348 2
+7 * 2
+3 * 2
jfi=(242)
jcnd=1/2 0x254a44 0 
* * 
+6 0 1
fi=(433)
+4 641 1
+7 396 1
+4 * 1
fi=(432)
+8 225 1
+8 * 1
+4 * 1
+7 * 1
+2 0 1
fi=(177)
+9 1692 1
fi=(265)
+3 180 1
fi=(177)
-3 1692 1
fi=(265)
+3 180 1
jfi=(432)
jcnd=1/1 +45 0 
* * 
fi=(236)
+2 2003 1
+5 * 1
+4 * 1
fi=(432)
+4 226 1
+4 * 1
+3 * 1
+4 * 1
jfi=(177)
jcnd=1/1 -29 1692 
* * 
+19 0 1
fi=(433)
+3 731 1
+4 * 1
jcnd=1/1 0x254b07 962 
* * 
fi=(242)
0x254a44 0 1
+3 190 1
cfi=(162)
cfn=(812)
calls=1 0x1f3640 0 
* * 1
+6 -95 1
+5 * 1
+5 * 1
cfi=(162)
cfn=(814)
calls=1 0x1f3600 -95 
* * 191
fi=(246)
+6 549 1
+3 * 1
fi=(233)
+6 1910 1
fi=(263)
+7 1726 1
+7 * 1
fi=(433)
+11 671 1
fi=(296)
+9 564 1
+4 * 1
+4 * 1
+4 * 1
+4 * 1
+4 * 1
+4 * 1
+4 * 1
+4 * 1
+4 * 1
fi=(434)
+7 422 1
+7 0 1
fi=(176)
+10 4013 1
fi=(413)
+11 123 1
fi=(233)
+4 805 1
+3 * 1
fi=(434)
-28 0 1
fi=(176)
+10 4013 1
fi=(413)
+11 123 1
fi=(233)
+4 805 1
+3 * 1
+2 * 2
+3 * 2
+3 * 2
+6 0 2
+2 805 2
+6 * 2
+3 * 2
fe=(240)
+6 123 2
+7 * 2
+1 * 2
+2 * 2
+2 * 2
+2 * 2
+2 * 2
+1 * 2
fi=(433)
+1 962 1
+5 * 1
jcnd=1/1 +37 1827 
* * 
+37 1827 1
+3 * 1
jfi=(296)
jcnd=1/1 +74 564 
* * 
fi=(296)
+74 564 1
fi=(433)
+5 935 1
fi=(239)
+3 +26 1
+4 * 1
fi=(296)
+4 564 1
+5 * 1
+4 * 1
+5 * 1
+4 * 1
+5 * 1
+4 * 1
+5 * 1
fi=(433)
+8 940 1
fi=(434)
+8 422 1
jump=1 0x255313 * 
* * 
0x255313 * 1
+7 * 1
+7 * 1
fi=(233)
+4 805 1
jfi=(434)
jump=1 0x254aba 0 
* * 
fe=(240)

fl=(266)
fn=(2306) test::types::RunnableTest::run
0x21ca50 143 1
+1 * 1
+3 * 1
+2 * 1
+2 * 1
+1 * 1
+7 +1 1
+3 0 1
+4 0 1
+7 144 1
+4 * 1
+3 * 1
jump=1 +2 +1 
* * 
+2 +1 1
+3 * 1
+7 * 1
+1 * 1
+2 * 1
+2 * 1
+1 * 1
cfi=(253)
cfn=(2308) test::__rust_begin_short_backtrace
calls=1 0x212120 662 
* * 17094657952

fn=(896) <test::types::TestDesc as core::clone::Clone>::clone
0x2296b0 196 5
+1 * 5
+3 * 5
+2 * 5
+2 * 5
+2 * 5
+2 * 5
+1 * 5
+4 * 5
+3 * 5
+3 * 5
+10 40 5
+4 * 5
+4 * 5
+3 * 5
+3 * 5
+5 * 5
+4 * 5
+3 * 5
jcnd=1/5 +52 * 
* * 
+2 * 4
+4 * 4
jfi=(371) /rustc/4a4ef493e3a1488c6e321570238084b38948f6db/library/alloc/src/borrow.rs
jcnd=4/4 +75 -40 
* * 
+46 * 1
+4 * 1
+4 * 1
+5 * 1
+4 * 1
+3 * 1
+4 * 1
+3 * 1
jump=1 +97 201 
* * 
fi=(371)
+2 -40 4
+4 0 4
+4 198 4
+3 * 4
jfi=(266)
jcnd=4/4 +76 30 
* * 
fe=(266)
+76 30 4
+5 -30 4
+3 201 4
fi=(263)
+5 2225 4
fe=(266)
+5 196 4
+4 * 4
+4 * 4
+4 * 4
+3 * 4
+3 * 4
+3 * 4
+3 * 4
+3 * 4
+4 * 4
+4 +6 4
+5 -6 4
+4 +8 4
+5 -8 4
+4 * 4
+4 * 4
+3 * 4
+4 * 4
+4 +3 4
+4 -3 4
+3 * 4
+4 * 4
+1 * 4
+2 * 4
+2 * 4
+2 * 4
+2 * 4
+1 * 4
-99 +5 1
fi=(263)
+5 2225 1
fe=(266)
+5 196 1
+4 * 1
+4 * 1
+4 * 1
+3 * 1
+3 * 1
+3 * 1
+3 * 1
+3 * 1
+4 * 1
+4 +6 1
+5 -6 1
+4 +8 1
+5 -8 1
+4 * 1
+4 * 1
+3 * 1
+4 * 1
+4 +3 1
+4 -3 1
+3 * 1
+4 * 1
+1 * 1
+2 * 1
+2 * 1
+2 * 1
+2 * 1
+1 * 1

fn=(2974) test::types::TestDesc::padded_name
0x21cc40 213 1
+1 * 1
+3 * 1
+2 * 1
+2 * 1
+2 * 1
+2 * 1
+1 * 1
+4 * 1
+3 * 1
+3 * 1
+3 * 1
+10 49 1
+2 * 1
+4 * 1
+3 -49 1
+5 0 1
+5 0 1
+6 0 1
fi=(255)
+5 444 1
+3 * 1
fi=(242)
+2 190 1
cfi=(162)
cfn=(812)
calls=1 0x1f3640 0 
* * 1
+6 -95 1
+5 * 1
+3 * 1
cfi=(162)
cfn=(814)
calls=1 0x1f3600 -95 
* * 52
fi=(255)
+6 453 1
+3 * 1
+6 0 1
+4 0 1
fi=(233)
+4 547 1
+3 * 1
+3 * 1
cob=(2)
cfi=(214)
cfn=(708)
calls=1 0x188a80 255 
* * 13
+6 * 1
fi=(262)
+4 1014 1
+4 * 1
+4 * 1
+4 * 1
+2 * 1
fi=(172)
+4 2264 1
+3 * 1
fi=(272)
+4 511 1
jfi=(266)
jcnd=1/1 0x21cda1 217 
* * 
fe=(266)
0x21cda1 217 1
+4 * 1
jcnd=1/1 +39 0 
* * 
+39 0 1
+4 0 1
+4 0 1
+4 0 1
fi=(255)
+4 617 1
+3 * 1
jfi=(266)
jcnd=1/1 +19 224 
* * 
fe=(266)
+19 224 1
+3 * 1
+4 * 1
+1 * 1
+2 * 1
+2 * 1
+2 * 1
+2 * 1
+1 * 1

fl=(483) /home/ecuodah/Documents/ssi/hqc/hqc/src/reed_solomon.rs
fn=(2644) hqc::reed_solomon::reed_solomon_decode
0x232200 199 100
+1 * 100
+2 * 100
+2 * 100
+2 * 100
+2 * 100
+1 * 100
+7 * 100
+8 +2 100
+4 * 100
+9 * 100
+9 * 100
+9 * 100
+9 +1 100
+9 * 100
+9 +1 100
+9 * 100
+9 * 100
+9 * 100
+9 * 100
+9 * 100
+9 * 100
+9 * 100
+9 * 100
+9 * 100
+9 * 100
+9 * 100
+9 * 100
+9 * 100
+9 * 100
+9 * 100
+9 +1 100
+9 * 100
+9 * 100
+9 * 100
+9 * 100
+9 * 100
+9 +1 100
+9 * 100
+9 * 100
+9 * 100
+9 * 100
+9 * 100
fi=(455)
+9 547 100
+4 * 100
+5 * 100
+5 * 100
+9 * 100
+9 * 100
+6 * 100
+5 * 100
+7 * 100
+2 * 100
+9 * 100
+8 * 100
+9 * 100
+9 * 100
+3 * 100
+4 * 100
+2 0 100
+1 0 3000
+8 0 3000
+8 0 3000
+4 0 3000
+2 0 3000
fe=(483)
+10 59 3000
+6 * 3000
+4 * 3000
fi=(484) /home/ecuodah/Documents/ssi/hqc/hqc/src/gf.rs
+5 -28 3000
+4 * 3000
+8 +1 3000
+5 * 3000
+5 +17 3000
+4 * 3000
+5 * 3000
+5 +3 3000
+4 * 3000
+5 * 3000
+4 * 3000
+5 * 3000
+5 * 3000
+5 * 3000
+5 -3 3000
+4 * 3000
+5 * 3000
+5 +3 3000
+5 * 3000
+5 * 3000
+5 -3 3000
+4 * 3000
+5 +3 3000
+5 * 3000
+9 * 3000
+5 -17 3000
+5 * 3000
+9 +4 3000
+5 * 3000
+9 +2 3000
+5 -8 3000
+5 +19 3000
+8 * 3000
+5 * 3000
+5 * 3000
+5 * 3000
+5 * 3000
+5 * 3000
+5 * 3000
+8 * 3000
+5 * 3000
+5 * 3000
+9 * 3000
+5 * 3000
+5 * 3000
+5 * 3000
+5 * 3000
+5 * 3000
+5 * 3000
+5 -13 3000
+5 * 3000
+5 +2 3000
fe=(483)
0x2323d0 +18 12000
+6 * 12000
+4 * 12000
fi=(484)
+5 -28 12000
+4 * 12000
+8 +1 12000
+5 * 12000
+5 +17 12000
+4 * 12000
+5 * 12000
+5 +3 12000
+4 * 12000
+5 * 12000
+4 * 12000
+5 * 12000
+5 * 12000
+5 * 12000
+5 -3 12000
+4 * 12000
+5 * 12000
+5 +3 12000
+5 * 12000
+5 * 12000
+5 -3 12000
+4 * 12000
+5 +3 12000
+5 * 12000
+9 * 12000
+5 -17 12000
+5 * 12000
+9 +4 12000
+5 * 12000
+9 +2 12000
+5 -8 12000
+5 +19 12000
+8 * 12000
+5 * 12000
+5 * 12000
+5 * 12000
+5 * 12000
+5 * 12000
+5 * 12000
+8 * 12000
+5 * 12000
+5 * 12000
+9 * 12000
+5 * 12000
+5 * 12000
+5 * 12000
+5 * 12000
+5 * 12000
+5 * 12000
+5 -13 12000
+5 * 12000
+5 +2 12000
+5 -2 12000
+5 +2 12000
+5 +18 12000
+5 * 12000
+5 -18 12000
-20 -2 3000
+5 +2 3000
+5 +18 3000
+5 * 3000
+5 -18 3000
+5 +19 3000
+4 * 3000
+5 * 3000
+4 -19 3000
+5 +14 3000
+5 * 3000
+5 * 3000
+6 * 3000
+5 * 3000
+5 * 3000
+6 * 3000
+5 * 3000
+5 * 3000
+6 +5 3000
+5 +1 3000
+5 * 3000
+4 -5 3000
+5 +14 3000
+4 * 3000
+8 -14 3000
+5 * 3000
+5 +14 3000
+4 * 3000
+4 * 3000
+5 -52 3000
+4 * 3000
+5 +1 3000
+4 -1 3000
+4 * 3000
+5 * 3000
+4 * 3000
+5 +1 3000
+4 * 3000
+4 * 3000
+4 -9 3000
+4 * 3000
+5 +1 3000
+5 +8 3000
+4 -1 3000
+4 * 3000
+5 +1 3000
+4 -1 3000
+4 * 3000
+5 * 3000
+4 * 3000
fe=(483)
+5 +41 3000
+4 * 3000
+4 * 3000
+4 * 3000
+4 * 3000
+4 * 3000
jcnd=3000/3000 0x2323d0 * 
* * 
fi=(484)
0x23250f +1 12000
+4 * 12000
+5 * 12000
+4 -19 12000
+5 +14 12000
+5 * 12000
+5 * 12000
+6 * 12000
+5 * 12000
+5 * 12000
+6 * 12000
+5 * 12000
+5 * 12000
+6 +5 12000
+5 +1 12000
+5 * 12000
+4 -5 12000
+5 +14 12000
+4 * 12000
+8 -14 12000
+5 * 12000
+5 +14 12000
+4 * 12000
+4 * 12000
+5 -52 12000
+4 * 12000
+5 +1 12000
+4 -1 12000
+4 * 12000
+5 * 12000
+4 * 12000
+5 +1 12000
+4 * 12000
+4 * 12000
+4 -9 12000
+4 * 12000
+5 +1 12000
+5 +8 12000
+4 -1 12000
+4 * 12000
+5 +1 12000
+4 -1 12000
+4 * 12000
+5 * 12000
+4 * 12000
fe=(483)
+5 +41 12000
+4 * 12000
+4 * 12000
+4 * 12000
+4 * 12000
+4 * 12000
jcnd=9000/12000 0x2323d0 * 
* * 
fi=(474) /home/ecuodah/.rustup/toolchains/stable-x86_64-unknown-linux-gnu/lib/rustlib/src/rust/library/core/src/iter/range.rs
+6 772 3000
+5 * 3000
+4 * 3000
+5 * 3000
+4 * 3000
+4 * 3000
+5 * 3000
+4 * 3000
+4 * 3000
+6 0 3000
fe=(483)
+10 59 3000
+6 * 3000
fi=(484)
+5 -28 3000
+3 * 3000
+4 +1 3000
+4 +1 3000
+2 * 3000
+3 +16 3000
+3 * 3000
+3 * 3000
+3 +3 3000
+4 * 3000
+3 * 3000
+4 * 3000
+4 * 3000
+3 * 3000
+4 * 3000
+3 * 3000
+4 * 3000
+3 * 3000
+4 * 3000
+3 -3 3000
+3 * 3000
+3 * 3000
+3 +3 3000
+4 * 3000
+3 * 3000
+4 * 3000
+4 * 3000
+3 * 3000
+4 * 3000
+3 * 3000
+4 * 3000
+3 * 3000
+4 * 3000
+3 -3 3000
+3 * 3000
+3 +3 3000
+4 * 3000
+3 * 3000
+4 * 3000
+4 * 3000
+3 * 3000
+4 * 3000
+3 * 3000
+4 * 3000
+3 * 3000
+4 +7 3000
+4 -7 3000
+3 +7 3000
fe=(483)
0x232630 * 12000
+6 * 12000
fi=(484)
+5 -28 12000
+3 * 12000
+4 +1 12000
+4 +1 12000
+2 * 12000
+3 +16 12000
+3 * 12000
+3 * 12000
+3 +3 12000
+4 * 12000
+3 * 12000
+4 * 12000
+4 * 12000
+3 * 12000
+4 * 12000
+3 * 12000
+4 * 12000
+3 * 12000
+4 * 12000
+3 -3 12000
+3 * 12000
+3 * 12000
+3 +3 12000
+4 * 12000
+3 * 12000
+4 * 12000
+4 * 12000
+3 * 12000
+4 * 12000
+3 * 12000
+4 * 12000
+3 * 12000
+4 * 12000
+3 -3 12000
+3 * 12000
+3 +3 12000
+4 * 12000
+3 * 12000
+4 * 12000
+4 * 12000
+3 * 12000
+4 * 12000
+3 * 12000
+4 * 12000
+3 * 12000
+4 +7 12000
+4 -7 12000
+3 +7 12000
+4 -4 12000
+3 * 12000
+3 * 12000
+3 * 12000
+4 -20 12000
+3 * 12000
+3 +4 12000
+4 +2 12000
+3 -2 12000
+4 +2 12000
-30 +14 3000
+3 * 3000
+3 * 3000
+3 * 3000
+4 -20 3000
+3 * 3000
+3 +4 3000
+4 +2 3000
+3 -2 3000
+4 +2 3000
+3 -2 3000
+4 +2 3000
+4 * 3000
+3 +19 3000
+3 * 3000
+3 * 3000
+3 -19 3000
+3 +14 3000
+2 * 3000
+2 * 3000
+8 * 3000
+2 +5 3000
+3 +1 3000
+3 * 3000
+3 -5 3000
+4 +14 3000
+3 -14 3000
+4 * 3000
+4 +14 3000
+3 * 3000
+3 * 3000
+4 -52 3000
+8 +1 3000
+2 -1 3000
+8 * 3000
+3 * 3000
+3 +1 3000
+3 * 3000
+2 * 3000
+3 -9 3000
+3 +8 3000
+7 * 3000
+3 * 3000
fe=(483)
+4 +41 3000
fi=(484)
+3 -48 3000
+3 +8 3000
+2 -1 3000
+7 +1 3000
fe=(483)
+2 +40 3000
+3 * 3000
fi=(448) /home/ecuodah/.rustup/toolchains/stable-x86_64-unknown-linux-gnu/lib/rustlib/src/rust/library/core/src/cmp.rs
+2 1908 3000
+3 * 3000
fi=(474)
+4 772 3000
jfi=(483)
jcnd=3000/3000 0x232630 59 
* * 
fi=(484)
0x232701 39 12000
+4 +2 12000
+4 * 12000
+3 +19 12000
+3 * 12000
+3 * 12000
+3 -19 12000
+3 +14 12000
+2 * 12000
+2 * 12000
+8 * 12000
+2 +5 12000
+3 +1 12000
+3 * 12000
+3 -5 12000
+4 +14 12000
+3 -14 12000
+4 * 12000
+4 +14 12000
+3 * 12000
+3 * 12000
+4 -52 12000
+8 +1 12000
+2 -1 12000
+8 * 12000
+3 * 12000
+3 +1 12000
+3 * 12000
+2 * 12000
+3 -9 12000
+3 +8 12000
+7 * 12000
+3 * 12000
fe=(483)
+4 +41 12000
fi=(484)
+3 -48 12000
+3 +8 12000
+2 -1 12000
+7 +1 12000
fe=(483)
+2 +40 12000
+3 * 12000
fi=(448)
+2 1908 12000
+3 * 12000
fi=(474)
+4 772 12000
jfi=(483)
jcnd=9000/12000 0x232630 59 
* * 
fe=(483)
+6 61 3000
+4 * 3000
+8 * 3000
fi=(439) /home/ecuodah/.rustup/toolchains/stable-x86_64-unknown-linux-gnu/lib/rustlib/src/rust/library/core/src/num/uint_macros.rs
+8 763 3000
fi=(474)
+3 +9 3000
fi=(448)
+4 1908 3000
fi=(474)
+4 772 3000
jfi=(455)
jcnd=2900/3000 0x2323b0 0 
* * 
fe=(483)
+6 69 100
+4 * 100
+9 * 100
+4 * 100
+9 * 100
+9 +1 100
+10 +3 100
+8 +3 100
+10 * 100
+8 * 100
+9 * 100
+4 * 100
+4 * 100
+4 * 100
+4 * 100
+2 * 100
+7 * 100
+2 * 100
+12 * 100
+9 * 100
+4 * 100
+4 * 100
+9 * 100
+9 * 100
+9 * 100
fi=(474)
+9 772 100
jfi=(455)
jump=100 0x232913 0 
* * 
fi=(455)
+19 547 2900
+8 * 2900
+8 * 2900
+9 * 2900
+8 * 2900
+9 * 2900
+8 * 2900
+4 * 2900
+5 * 2900
+7 * 2900
+9 * 2900
+5 * 2900
+4 * 2900
+4 * 2900
+5 * 2900
+5 * 2900
+5 * 2900
+5 * 2900
+9 * 2900
+5 * 2900
+4 * 2900
+9 * 2900
+7 * 2900
+5 0 2900
+5 0 2900
+4 0 2900
fi=(439)
+8 763 2900
+4 * 2900
fe=(483)
+4 80 2900
cfi=(484)
cfn=(2652) hqc::gf::gf_inverse
calls=2900 0x2427d0 +5 
* * 2183700
fi=(455)
-25 -80 100
+5 0 100
+4 0 100
fi=(439)
+8 763 100
+4 * 100
fe=(483)
+4 80 100
cfi=(484)
cfn=(2652)
calls=100 0x2427d0 +5 
* * 75300
fi=(484)
+2 -49 3000
+2 * 3000
+3 +1 3000
+4 +1 3000
+3 * 3000
+2 +2 3000
+4 +14 3000
+2 * 3000
+3 * 3000
+3 +3 3000
+4 * 3000
+3 * 3000
+4 * 3000
+4 * 3000
+3 * 3000
+4 * 3000
+3 * 3000
+4 * 3000
+2 * 3000
+3 * 3000
+3 -3 3000
+3 * 3000
+4 * 3000
+4 +3 3000
+5 * 3000
+3 * 3000
+4 * 3000
+5 * 3000
+3 * 3000
+4 * 3000
+3 * 3000
+5 * 3000
+3 * 3000
+4 * 3000
+3 -3 3000
+3 * 3000
+4 +3 3000
+5 * 3000
+3 * 3000
+4 * 3000
+5 * 3000
+3 * 3000
+4 * 3000
+3 * 3000
+5 * 3000
+3 * 3000
+4 +7 3000
+3 -7 3000
+3 +7 3000
+3 -4 3000
+3 * 3000
+4 * 3000
+3 * 3000
+4 -20 3000
+3 * 3000
+4 +4 3000
+5 +2 3000
+3 -2 3000
+5 +2 3000
+4 -2 3000
+5 +2 3000
+3 +14 3000
+8 +5 3000
+3 * 3000
+4 * 3000
+3 -19 3000
+3 * 3000
+3 +14 3000
+3 * 3000
+3 * 3000
+3 +5 3000
+3 -4 3000
+4 * 3000
+4 * 3000
+3 +14 3000
+3 -9 3000
+2 * 3000
+2 +9 3000
+3 * 3000
+2 * 3000
+4 -52 3000
+7 +1 3000
+2 -1 3000
+7 * 3000
+2 * 3000
+3 +1 3000
+2 * 3000
+2 * 3000
+2 -9 3000
+3 +1 3000
+3 +7 3000
+7 +1 3000
+2 -1 3000
+7 * 3000
+2 * 3000
+3 +1 3000
+2 * 3000
+2 * 3000
+2 * 3000
fi=(448)
+3 1068 3000
+4 * 3000
+6 * 3000
+5 * 3000
+4 * 3000
+2 * 3000
+3 * 3000
+3 * 3000
+4 * 3000
+2 * 3000
+3 * 3000
+3 * 3000
+4 * 3000
+2 * 3000
+3 * 3000
+4 * 3000
+3 * 3000
+4 * 3000
+3 * 3000
+4 * 3000
+2 * 3000
+6 * 3000
+3 * 3000
+4 * 3000
+8 0 3000
+2 0 3000
+3 1908 3000
fi=(474)
+3 1169 3000
fi=(484)
+4 59 3000
+9 -28 3000
+3 * 3000
+4 +1 3000
+4 +1 3000
+2 * 3000
+3 * 3000
+4 * 3000
+4 +19 3000
+3 * 3000
+4 * 3000
+4 * 3000
+3 * 3000
+4 * 3000
+3 * 3000
+4 * 3000
+3 * 3000
+4 * 3000
+3 * 3000
+4 * 3000
+4 * 3000
+3 * 3000
+4 * 3000
+4 * 3000
+3 * 3000
+4 * 3000
+3 * 3000
+4 * 3000
+3 * 3000
+4 +7 3000
+3 -7 3000
+3 * 3000
+4 * 3000
+4 * 3000
+3 * 3000
+4 * 3000
+4 * 3000
+3 * 3000
+4 * 3000
+3 * 3000
+4 * 3000
+3 * 3000
+4 * 3000
+3 +7 3000
+3 -4 3000
+3 * 3000
+3 * 3000
+3 * 3000
+4 * 3000
+5 -14 3000
+3 * 3000
+5 * 3000
+3 * 3000
fi=(448)
0x232ae0 -41 31500
+3 1908 31500
fi=(474)
+3 1169 31500
fi=(484)
+4 59 31500
+9 -28 31500
+3 * 31500
+4 +1 31500
+4 +1 31500
+2 * 31500
+3 * 31500
+4 * 31500
+4 +19 31500
+3 * 31500
+4 * 31500
+4 * 31500
+3 * 31500
+4 * 31500
+3 * 31500
+4 * 31500
+3 * 31500
+4 * 31500
+3 * 31500
+4 * 31500
+4 * 31500
+3 * 31500
+4 * 31500
+4 * 31500
+3 * 31500
+4 * 31500
+3 * 31500
+4 * 31500
+3 * 31500
+4 +7 31500
+3 -7 31500
+3 * 31500
+4 * 31500
+4 * 31500
+3 * 31500
+4 * 31500
+4 * 31500
+3 * 31500
+4 * 31500
+3 * 31500
+4 * 31500
+3 * 31500
+4 * 31500
+3 +7 31500
+3 -4 31500
+3 * 31500
+3 * 31500
+3 * 31500
+4 * 31500
+5 -14 31500
+3 * 31500
+5 * 31500
+3 * 31500
+5 * 31500
+4 +19 31500
+2 * 31500
+4 -19 31500
-10 * 3000
+4 +19 3000
+2 * 3000
+4 -19 3000
+3 * 3000
+2 +14 3000
+2 * 3000
+8 * 3000
+2 * 3000
+3 +5 3000
+3 -4 3000
+4 * 3000
+4 +14 3000
+3 * 3000
+8 -14 3000
+4 +5 3000
+4 +9 3000
+3 * 3000
+3 * 3000
+4 -52 3000
+7 +1 3000
+2 -1 3000
+7 * 3000
+2 * 3000
+3 +1 3000
+2 * 3000
+2 * 3000
+2 -9 3000
+3 +8 3000
+7 * 3000
+7 +1 3000
+2 -1 3000
+2 * 3000
fe=(483)
+3 +65 3000
fi=(484)
+2 -72 3000
+3 +8 3000
fe=(483)
+9 +64 3000
+2 * 3000
+2 * 3000
fi=(448)
+9 1908 3000
fi=(486) /home/ecuodah/.rustup/toolchains/stable-x86_64-unknown-linux-gnu/lib/rustlib/src/rust/library/core/src/ops/range.rs
+3 563 3000
jcnd=100/3000 +11 0 
* * 
fi=(484)
0x232bb9 41 31500
+2 +14 31500
+2 * 31500
+8 * 31500
+2 * 31500
+3 +5 31500
+3 -4 31500
+4 * 31500
+4 +14 31500
+3 * 31500
+8 -14 31500
+4 +5 31500
+4 +9 31500
+3 * 31500
+3 * 31500
+4 -52 31500
+7 +1 31500
+2 -1 31500
+7 * 31500
+2 * 31500
+3 +1 31500
+2 * 31500
+2 * 31500
+2 -9 31500
+3 +8 31500
+7 * 31500
+7 +1 31500
+2 -1 31500
+2 * 31500
fe=(483)
+3 +65 31500
fi=(484)
+2 -72 31500
+3 +8 31500
fe=(483)
+9 +64 31500
+2 * 31500
+2 * 31500
fi=(448)
+9 1908 31500
fi=(486)
+3 563 31500
jcnd=2900/31500 +11 0 
* * 
+2 * 31500
+3 * 31500
jfi=(448)
jcnd=31500/31500 0x232ae0 0 
* * 
+6 0 3000
fi=(439)
+8 2413 3000
+3 * 3000
+4 * 3000
+2 * 3000
+8 -37 3000
+4 +37 3000
+2 * 3000
+2 * 3000
+5 * 3000
+3 * 3000
fe=(483)
+3 93 3000
+2 * 3000
+3 * 3000
fi=(544) /home/ecuodah/.rustup/toolchains/stable-x86_64-unknown-linux-gnu/lib/rustlib/src/rust/library/core/src/hint.rs
+3 482 3000
+8 * 3000
+8 * 3000
fe=(483)
+8 95 3000
+3 * 3000
+3 * 3000
+3 +2 3000
+4 * 3000
+9 * 3000
jfi=(486)
jcnd=100/3000 0x232f4a -97 
* * 
+6 -97 2900
+5 0 2900
+2 0 2900
+2 104 2900
+4 * 2900
+5 * 2900
+9 * 2900
+4 * 2900
+4 * 2900
+5 * 2900
+4 * 2900
+4 * 2900
+4 * 2900
+9 * 2900
+9 * 2900
+4 * 2900
+9 * 2900
+4 * 2900
+4 * 2900
+9 * 2900
+5 * 2900
+9 * 2900
+4 * 2900
+9 * 2900
+4 * 2900
+9 -3 2900
+3 * 2900
+3 * 2900
+3 * 2900
+3 * 2900
+4 * 2900
+4 +1 2900
+2 * 2900
+2 * 2900
+2 * 2900
+4 +2 2900
+2 * 2900
+3 * 2900
+4 * 2900
+8 +3 2900
+3 * 2900
+3 * 2900
+3 * 2900
+3 * 2900
+8 * 2900
+5 +1 2900
+8 * 2900
+5 0 2900
+9 0 2900
+5 111 2900
+3 * 2900
+4 * 2900
-12 0 30100
+5 111 30100
+3 * 30100
+4 * 30100
fi=(448)
+6 1908 33000
fi=(474)
+3 1169 33000
+3 * 33000
fe=(483)
+4 111 33000
fi=(484)
+9 -52 33000
+9 -28 33000
+3 * 33000
+4 +1 33000
+4 +1 33000
+3 * 33000
+3 +16 33000
+3 * 33000
+3 * 33000
+3 +3 33000
+4 * 33000
+3 * 33000
+3 * 33000
+4 * 33000
+3 * 33000
+4 * 33000
+3 * 33000
+4 * 33000
+3 * 33000
+3 * 33000
+3 -3 33000
+3 * 33000
+3 * 33000
+3 +3 33000
+4 * 33000
+3 * 33000
+4 * 33000
+4 * 33000
+3 * 33000
+4 * 33000
+3 * 33000
+4 * 33000
+3 * 33000
+4 -17 33000
+4 +17 33000
+3 -3 33000
+3 * 33000
+3 +3 33000
+4 * 33000
+3 * 33000
+4 * 33000
+4 * 33000
+3 * 33000
+4 +7 33000
+4 -7 33000
+3 * 33000
+4 * 33000
+3 * 33000
+4 * 33000
+3 +7 33000
+4 -4 33000
+3 * 33000
+3 * 33000
+3 * 33000
+4 -20 33000
+4 +4 33000
+5 +2 33000
+4 -2 33000
+5 +2 33000
+3 -2 33000
+5 +2 33000
+4 +19 33000
+3 * 33000
+4 * 33000
+3 -19 33000
+3 * 33000
+8 * 33000
+3 +14 33000
+3 * 33000
+7 * 33000
+3 * 33000
+3 +5 33000
+3 -4 33000
+4 * 33000
+3 +14 33000
+3 -9 33000
+3 * 33000
+3 -5 33000
+4 +14 33000
+3 * 33000
+3 * 33000
+4 -52 33000
+8 +1 33000
+2 -1 33000
+8 * 33000
+3 * 33000
+3 +1 33000
+2 * 33000
+2 * 33000
+3 -9 33000
+3 +8 33000
+7 * 33000
+3 * 33000
fe=(483)
+4 +93 33000
fi=(484)
+3 11 33000
+3 +8 33000
+2 -1 33000
+7 +1 33000
fe=(483)
+2 +92 33000
+3 * 33000
fi=(448)
+2 1908 33000
fi=(486)
+3 563 33000
jfi=(455)
jcnd=2900/33000 0x232880 -16 
* * 
+6 0 30100
+3 563 30100
+3 * 30100
jfi=(483)
jcnd=30100/30100 0x232da0 0 
* * 
+11 0 100
+8 0 100
fe=(483)
+2 118 100
+5 * 100
+3 * 100
+2 * 100
cob=(2)
cfi=(227)
cfn=(766)
calls=100 0x189480 +40 
* * 5000
+6 * 100
+8 +2 100
+5 * 100
+5 * 100
+6 * 100
+3 * 100
cfi=(487) /home/ecuodah/Documents/ssi/hqc/hqc/src/fft.rs
cfn=(2658) hqc::fft::fft
calls=100 0x23a1f0 +48 
* * 5248300
+6 * 100
+8 +1 100
+5 * 100
+5 * 100
+3 * 100
+3 * 100
cfi=(487)
cfn=(2680) hqc::fft::fft_retrieve_error_poly
calls=100 0x239f30 +81 
* * 376900
+6 +5 100
+10 +4 100
+3 * 100
+3 * 100
jcnd=98/100 +10 * 
* * 
+2 0 2
+8 130 2
+5 * 2
+5 * 2
+5 * 2
+8 * 2
+9 * 2
+5 * 2
+4 * 2
+9 * 2
+8 * 2
+4 * 2
+9 * 2
+4 * 2
+4 * 2
+4 * 2
+4 * 2
+8 * 2
+9 * 2
+9 * 2
+4 * 2
+4 * 2
+9 * 2
+4 +3 2
+2 * 2
+8 * 2
+5 * 2
+3 * 2
+3 * 2
+5 * 2
+8 * 2
+7 * 2
+8 * 2
+5 * 2
+4 * 2
+9 * 2
+9 0 2
fi=(474)
+1 1169 2
+4 * 2
fi=(448)
+4 1908 2
fi=(474)
+4 1169 2
+3 * 2
+4 * 2
fe=(483)
+1 136 2
+3 * 2
+8 * 2
+4 +1 2
+3 * 2
+8 0 2
fi=(448)
+8 1908 2
fi=(474)
+4 772 2
fe=(483)
0x232fbd 130 98
+5 * 98
+5 * 98
+5 * 98
+8 * 98
+9 * 98
+5 * 98
+4 * 98
+9 * 98
+8 * 98
+4 * 98
+9 * 98
+4 * 98
+4 * 98
+4 * 98
+4 * 98
+8 * 98
+9 * 98
+9 * 98
+4 * 98
+4 * 98
+9 * 98
+4 +3 98
+2 * 98
+8 * 98
+5 * 98
+3 * 98
+3 * 98
+5 * 98
+8 * 98
+7 * 98
+8 * 98
+5 * 98
+4 * 98
+9 * 98
+9 0 98
fi=(474)
+1 1169 98
+4 * 98
fi=(448)
+4 1908 98
fi=(474)
+4 1169 98
+3 * 98
+4 * 98
fe=(483)
+1 136 98
+3 * 98
+8 * 98
+4 +1 98
+3 * 98
+8 0 98
fi=(448)
+8 1908 98
fi=(474)
+4 772 98
-58 1169 1300
+4 * 1300
fi=(448)
+4 1908 1300
fi=(474)
+4 1169 1300
+3 * 1300
+4 * 1300
fe=(483)
+1 136 1300
+3 * 1300
+8 * 1300
+4 +1 1300
+3 * 1300
+8 0 1300
fi=(448)
+8 1908 1300
fi=(474)
+4 772 1300
+6 0 1400
+6 772 1400
+4 * 1400
+5 * 1400
+5 * 1400
jcnd=700/1400 0x2333e0 * 
* * 
+6 0 700
+4 0 700
+7 772 700
+4 * 700
+3 * 700
+4 * 700
+4 * 700
+3 * 700
+4 * 700
+6 * 700
+5 * 700
+5 * 700
+9 * 700
+4 * 700
+3 * 700
+8 * 700
+10 0 700
fe=(483)
+3 139 700
+3 * 700
+3 * 700
+10 * 700
+5 * 700
+5 * 700
+5 * 700
fi=(484)
+5 31 700
+4 * 700
+4 +1 700
+5 * 700
+5 +3 700
+4 * 700
+4 +14 700
+4 * 700
+5 * 700
+4 +3 700
+4 * 700
+5 * 700
+4 * 700
+5 * 700
+5 * 700
+5 * 700
+5 -3 700
+4 * 700
+5 * 700
+4 +3 700
+5 * 700
+5 * 700
+5 -3 700
+5 * 700
+6 +3 700
+5 * 700
+5 * 700
+5 -17 700
+4 +4 700
+5 * 700
+5 +2 700
+5 -8 700
+5 +19 700
+4 * 700
+5 * 700
+5 * 700
+5 * 700
+5 * 700
+5 * 700
+5 * 700
+4 * 700
+5 * 700
+5 * 700
+5 * 700
+5 * 700
+5 * 700
+5 * 700
+5 * 700
+5 * 700
+5 +3 700
+5 * 700
+6 * 700
+5 * 700
+6 * 700
+5 -16 700
+5 * 700
+5 +2 700
+5 +18 700
+5 * 700
+5 -20 700
+5 +2 700
+4 +19 700
+4 * 700
+5 * 700
+4 -19 700
+4 * 700
+5 +14 700
+5 * 700
+4 * 700
+5 * 700
+4 +5 700
+5 -4 700
+6 * 700
+5 +14 700
+5 -9 700
+5 * 700
+4 -5 700
+5 +14 700
+4 * 700
+8 * 700
+4 * 700
+4 -52 700
+4 * 700
+5 +1 700
+4 -1 700
+4 * 700
+5 * 700
+4 * 700
+5 +1 700
+4 * 700
+4 * 700
+4 -9 700
+4 * 700
+5 +1 700
+4 +7 700
+4 * 700
+5 +1 700
+4 -1 700
+4 * 700
+5 * 700
+4 * 700
+5 +1 700
+4 * 700
+8 * 700
+4 * 700
fe=(483)
+4 139 700
+9 * 700
+4 * 700
+4 * 700
+3 * 700
fi=(474)
+6 772 700
+5 * 700
+4 * 700
+5 * 700
+4 * 700
+4 * 700
+5 * 700
+4 * 700
+4 * 700
+3 * 700
jcnd=600/700 +76 * 
* * 
+2 0 1400
+5 0 1400
+8 0 1400
+7 0 1400
+5 0 1400
+8 0 1400
+4 0 1400
fi=(448)
+5 1908 1400
fi=(486)
+4 563 1400
jfi=(483)
jcnd=100/1400 0x23359f 146 
* * 
+6 0 1300
+3 563 1300
+4 * 1300
jfi=(474)
jcnd=1300/1300 0x233090 1169 
* * 
fi=(474)
+15 772 1300
+4 * 1300
+6 * 1300
+5 * 1300
+3 * 1300
jump=1300 0x2334c5 0 
* * 
fi=(484)
+14 52 4900
+3 +7 4900
+5 * 4900
+3 -4 4900
+3 * 4900
+3 * 4900
+2 * 4900
+3 -20 4900
+3 +4 4900
+4 +2 4900
+4 -2 4900
+4 +2 4900
+4 -2 4900
+4 +2 4900
+4 * 4900
+3 +19 4900
+2 * 4900
+3 * 4900
+2 -19 4900
+3 +14 4900
+3 * 4900
+8 * 4900
+3 * 4900
+2 +5 4900
+2 -4 4900
+4 * 4900
+4 +14 4900
+3 -9 4900
+2 * 4900
+2 -5 4900
+3 +14 4900
+2 * 4900
+3 * 4900
+3 -52 4900
+7 +1 4900
+2 -1 4900
+7 * 4900
+2 * 4900
+3 +1 4900
+2 * 4900
+2 * 4900
+2 -9 4900
+3 +1 4900
+3 +7 4900
+7 +1 4900
+2 -1 4900
+7 * 4900
+2 * 4900
+3 +1 4900
+2 * 4900
+2 * 4900
fe=(483)
+2 139 4900
+4 * 4900
+7 * 4900
+2 * 4900
fi=(448)
+5 1908 4900
+4 * 4900
fi=(474)
+3 772 4900
jcnd=1300/4900 0x233396 0 
* * 
+6 0 4900
+7 0 4900
fe=(483)
+5 139 4900
fi=(484)
+3 -80 4900
+9 * 4900
+4 -28 4900
+3 * 4900
+4 +18 4900
+2 * 4900
+3 * 4900
+3 * 4900
+3 * 4900
+5 +3 4900
+4 * 4900
+2 -52 4900
+3 0 4900
+4 0 4900
+4 0 4900
+3 0 4900
+3 52 4900
+4 * 4900
+3 * 4900
+4 * 4900
+4 * 4900
+3 * 4900
+4 -3 4900
+2 * 4900
+3 * 4900
+3 * 4900
+6 +3 4900
+4 * 4900
+2 -52 4900
+3 0 4900
+4 52 4900
+4 * 4900
+3 * 4900
+4 * 4900
+4 * 4900
+3 * 4900
+4 -3 4900
+2 * 4900
+3 * 4900
+5 +3 4900
+4 * 4900
+2 -52 4900
+3 0 4900
+6 52 4900
+4 * 4900
jcnd=7/4900 +5 * 
* * 
+2 -52 4893
+3 52 4893
+3 * 4893
+5 * 4893
+3 * 4893
+3 * 4893
+2 * 4893
+5 * 4893
+4 * 4893
jcnd=7/4893 0x233400 * 
* * 
-25 * 7
+3 * 7
+5 * 7
+3 * 7
+3 * 7
+2 * 7
+5 * 7
+4 * 7
+6 -52 4893
+3 0 4893
jump=4893 0x233400 52 
* 0 
fe=(483)
+5 146 100
+4 * 100
+9 * 100
+9 * 100
+2 * 100
+7 * 100
+8 * 100
+2 * 100
+2 * 100
+3 * 100
+2 * 100
+2 * 100
+3 * 100
+3 * 100
+4 * 100
+4 * 100
+4 * 100
jump=100 0x23370e +5 
* * 
+13 +7 2
+5 * 2
+5 * 2
+5 * 2
+4 +1 2
+4 * 2
+4 * 2
+5 * 2
+5 * 2
+4 * 2
+4 -1 2
+8 * 2
+4 * 2
+4 +1 2
+4 * 2
+4 -1 2
+3 * 2
+5 * 2
+4 +1 2
+6 * 2
+4 * 2
+3 -1 2
+2 * 2
+5 +1 2
+6 * 2
+4 -1 2
+3 +1 2
+3 -1 2
+3 * 2
+5 * 2
+4 +1 2
+3 * 2
+2 +1 2
+4 * 2
+8 * 2
+4 * 2
+4 * 2
+4 * 2
+5 * 2
+4 * 2
+3 * 2
+7 * 2
+2 * 2
+6 * 2
+3 * 2
+3 * 2
+6 * 2
+4 * 2
+7 * 2
+3 * 2
+3 * 2
+3 * 2
+3 * 2
+6 * 2
+3 * 2
+4 * 2
+3 * 2
+4 * 2
+3 * 2
+3 * 2
+3 * 2
+3 * 2
+3 * 2
+4 * 2
+4 +2 2
+4 * 2
fi=(448)
+3 1908 2
+4 * 2
+3 * 2
+3 * 2
fi=(474)
+4 772 2
fe=(483)
-21 157 4598
+4 * 4598
fi=(448)
+3 1908 4598
+4 * 4598
+3 * 4598
+3 * 4598
fi=(474)
+4 772 4598
jfi=(483)
jcnd=100/4598 +18 154 
* * 
fe=(483)
+2 151 4600
+5 * 4600
jcnd=2/4600 0x2335f0 +2 
* * 
+6 0 4598
+3 0 4598
jump=4598 -37 157 
* 0 
+2 154 100
+5 * 100
+9 * 100
+9 * 100
+8 * 100
+9 * 100
+8 * 100
+2 * 100
jfi=(474)
jump=100 0x23656a 0 
* * 
+16 0 1500
+8 173 1500
+4 * 1500
+8 * 1500
+4 * 1500
+5 * 1500
+4 * 1500
+4 * 1500
+3 * 1500
+10 * 1500
+3 * 1500
+4 * 1500
+3 * 1500
+3 * 1500
+2 * 1500
+5 * 1500
+4 * 1500
+3 * 1500
+3 * 1500
+4 * 1500
+3 * 1500
+3 * 1500
+2 * 1500
+4 * 1500
+3 * 1500
+3 * 1500
+4 * 1500
+3 * 1500
+3 * 1500
+2 * 1500
+5 * 1500
+4 * 1500
+3 * 1500
+3 * 1500
+4 * 1500
+3 * 1500
+3 * 1500
+4 * 1500
+3 * 1500
+3 * 1500
+2 * 1500
+5 * 1500
+4 * 1500
+3 * 1500
+3 * 1500
+3 * 1500
+4 * 1500
+3 * 1500
+3 * 1500
+4 * 1500
+3 * 1500
+3 * 1500
+2 * 1500
+4 * 1500
+3 * 1500
+3 * 1500
+4 * 1500
+3 * 1500
+3 * 1500
+3 * 1500
+4 * 1500
+3 * 1500
+3 * 1500
+4 * 1500
+3 * 1500
+3 * 1500
+4 * 1500
+3 * 1500
+3 * 1500
+3 * 1500
+4 * 1500
+3 * 1500
+3 * 1500
+3 * 1500
+4 * 1500
+3 * 1500
+3 * 1500
+4 * 1500
+3 * 1500
+3 * 1500
+3 * 1500
+4 * 1500
+3 * 1500
+3 * 1500
+4 * 1500
+3 * 1500
+3 * 1500
+3 * 1500
+4 * 1500
+3 * 1500
+3 * 1500
+3 * 1500
+4 * 1500
+3 * 1500
+3 * 1500
+4 * 1500
+3 * 1500
+3 * 1500
+3 * 1500
+4 * 1500
+3 * 1500
+3 * 1500
fi=(484)
+2 59 1500
+8 * 1500
+7 -28 1500
+3 * 1500
+8 +1 1500
+3 * 1500
+7 +1 1500
+2 * 1500
+4 * 1500
+4 +16 1500
+2 * 1500
+3 * 1500
+3 * 1500
+7 * 1500
+2 * 1500
+3 * 1500
+3 * 1500
+7 -14 1500
+3 * 1500
+7 +14 1500
+3 * 1500
+7 -14 1500
+3 * 1500
+5 +24 1500
+8 * 1500
+7 -28 1500
+3 * 1500
+8 +1 1500
+3 * 1500
+7 +1 1500
+2 * 1500
+4 +26 1500
+8 * 1500
+7 -28 1500
+3 * 1500
+8 +1 1500
+3 * 1500
+4 +1 1500
+2 * 1500
+4 * 1500
+5 +26 1500
+8 * 1500
+7 -28 1500
+3 * 1500
+5 +1 1500
+3 * 1500
+4 +1 1500
+2 * 1500
+4 * 1500
+5 +26 1500
+8 * 1500
+7 -28 1500
+3 * 1500
+5 +1 1500
+3 * 1500
+4 +1 1500
+2 * 1500
+4 +26 1500
+9 * 1500
+7 -28 1500
+2 * 1500
+3 +1 1500
+7 * 1500
+4 +1 1500
+2 * 1500
+4 * 1500
+8 +26 1500
+8 * 1500
+7 -28 1500
+3 * 1500
+4 +1 1500
+8 * 1500
+4 +1 1500
+3 * 1500
+7 * 1500
+8 +26 1500
+9 * 1500
+7 -28 1500
+3 * 1500
+4 +1 1500
+4 * 1500
+7 +1 1500
+3 * 1500
+7 * 1500
+8 +26 1500
+9 * 1500
+7 -28 1500
+3 * 1500
+4 +1 1500
+4 * 1500
+4 +1 1500
+3 * 1500
+7 * 1500
+8 +26 1500
+9 * 1500
+7 -28 1500
+2 * 1500
+3 +1 1500
+3 * 1500
+4 +1 1500
+2 * 1500
+7 * 1500
+8 +26 1500
+9 * 1500
+7 -28 1500
+3 +1 1500
+3 * 1500
+4 +1 1500
+2 * 1500
+7 * 1500
+8 +26 1500
+9 * 1500
+7 -28 1500
+3 +1 1500
+3 * 1500
+4 +1 1500
+2 * 1500
+7 * 1500
+3 * 1500
+8 +26 1500
+9 * 1500
+7 -28 1500
+2 * 1500
+3 +1 1500
+4 +1 1500
+3 * 1500
+2 * 1500
+8 +26 1500
+8 * 1500
+7 -28 1500
+3 +1 1500
+4 +1 1500
+3 * 1500
+8 * 1500
+3 * 1500
+3 * 1500
+8 +6 1500
+4 +2 1500
+5 * 1500
+8 * 1500
+7 * 1500
+5 * 1500
+8 * 1500
+7 * 1500
+5 * 1500
+8 * 1500
+7 * 1500
+5 * 1500
+5 * 1500
+7 * 1500
+5 * 1500
+5 * 1500
+7 * 1500
+5 * 1500
+3 * 1500
+7 * 1500
+5 * 1500
+4 * 1500
+7 * 1500
+5 * 1500
+4 * 1500
+7 * 1500
+5 * 1500
+4 * 1500
+7 * 1500
+5 * 1500
+3 * 1500
+7 * 1500
+5 * 1500
+3 * 1500
+7 * 1500
+5 * 1500
+4 * 1500
+7 * 1500
+5 * 1500
+3 * 1500
+7 * 1500
+5 * 1500
+4 * 1500
+7 -2 1500
+4 +2 1500
+5 * 1500
+8 * 1500
+7 * 1500
+5 * 1500
+8 * 1500
+7 * 1500
+5 * 1500
+5 * 1500
+7 * 1500
+5 * 1500
+5 * 1500
+7 * 1500
+5 * 1500
+5 * 1500
+7 * 1500
+5 * 1500
+5 * 1500
+7 * 1500
+5 * 1500
+5 * 1500
+7 * 1500
+5 * 1500
+8 * 1500
+7 * 1500
+5 * 1500
+5 * 1500
+7 * 1500
+5 * 1500
+5 * 1500
+7 * 1500
+5 * 1500
+5 * 1500
+7 * 1500
+5 * 1500
+5 * 1500
+7 * 1500
+5 * 1500
+8 * 1500
+4 * 1500
+7 * 1500
+5 * 1500
+4 * 1500
+7 -2 1500
+4 +2 1500
+5 * 1500
+5 * 1500
+4 * 1500
+7 * 1500
+5 * 1500
+5 * 1500
+4 * 1500
+7 * 1500
+5 * 1500
+5 * 1500
+4 * 1500
+7 * 1500
+5 * 1500
+4 * 1500
+3 * 1500
+7 * 1500
+5 * 1500
+5 * 1500
+4 * 1500
+7 * 1500
+5 * 1500
+5 * 1500
+4 * 1500
+7 * 1500
+5 * 1500
+7 * 1500
+3 * 1500
+7 * 1500
+5 * 1500
+7 * 1500
+3 * 1500
+7 * 1500
+5 * 1500
+7 * 1500
+3 * 1500
+7 * 1500
+5 * 1500
+7 * 1500
+3 * 1500
+7 * 1500
+5 * 1500
+8 * 1500
+4 * 1500
+7 * 1500
+5 * 1500
+8 * 1500
+4 * 1500
+7 * 1500
+5 * 1500
+3 * 1500
+7 * 1500
+5 * 1500
+8 * 1500
+4 * 1500
+7 +11 1500
+9 * 1500
+3 * 1500
+6 * 1500
+4 * 1500
+7 * 1500
+4 * 1500
+8 * 1500
+4 * 1500
+8 * 1500
+4 * 1500
+7 * 1500
+4 * 1500
+8 * 1500
+4 * 1500
+8 * 1500
+4 * 1500
+7 * 1500
+4 * 1500
+7 * 1500
+2 * 1500
+4 * 1500
+7 * 1500
+4 * 1500
+7 * 1500
+3 * 1500
+3 * 1500
+4 * 1500
+7 * 1500
+3 * 1500
+4 * 1500
+7 * 1500
+2 * 1500
+7 * 1500
+4 * 1500
+7 * 1500
+3 * 1500
+4 * 1500
+7 * 1500
+7 * 1500
+4 * 1500
+7 * 1500
+4 * 1500
+7 * 1500
+8 * 1500
+3 * 1500
+4 * 1500
+7 * 1500
+5 * 1500
+3 * 1500
+4 * 1500
+7 * 1500
+4 * 1500
+4 * 1500
+7 * 1500
+4 * 1500
+4 * 1500
+7 * 1500
+4 * 1500
+4 * 1500
+7 * 1500
+5 * 1500
+3 * 1500
+4 * 1500
+7 * 1500
+7 * 1500
+2 * 1500
+4 * 1500
+7 * 1500
+4 * 1500
+4 * 1500
+7 * 1500
+4 * 1500
+4 * 1500
+7 * 1500
+4 * 1500
+4 * 1500
+7 * 1500
+4 * 1500
+4 * 1500
+7 * 1500
+7 * 1500
+4 * 1500
+7 * 1500
+7 * 1500
+4 * 1500
+7 * 1500
+4 * 1500
+8 * 1500
+3 * 1500
+4 * 1500
+8 * 1500
+4 * 1500
+7 * 1500
+8 * 1500
+4 * 1500
+7 * 1500
+5 * 1500
+4 * 1500
+7 * 1500
+5 * 1500
+4 * 1500
+7 * 1500
+8 * 1500
+4 * 1500
+7 * 1500
+8 * 1500
+4 * 1500
+7 * 1500
+8 * 1500
+2 * 1500
+4 * 1500
+7 * 1500
+8 * 1500
+3 * 1500
+4 * 1500
+7 * 1500
+8 * 1500
+2 * 1500
+4 * 1500
+7 * 1500
+8 * 1500
+3 * 1500
+4 * 1500
+7 * 1500
+8 * 1500
+3 * 1500
+4 * 1500
+7 * 1500
+8 * 1500
+4 * 1500
+7 * 1500
+8 * 1500
+4 * 1500
+7 * 1500
+7 * 1500
+4 * 1500
+4 * 1500
+4 * 1500
+7 * 1500
+4 * 1500
+4 * 1500
+7 * 1500
+4 * 1500
+4 * 1500
+7 * 1500
+4 * 1500
+4 * 1500
+7 * 1500
+4 * 1500
+4 * 1500
+7 * 1500
+4 * 1500
+4 * 1500
+7 * 1500
+7 * 1500
+4 * 1500
+7 * 1500
+7 * 1500
+4 * 1500
+7 * 1500
+7 * 1500
+4 * 1500
+7 * 1500
+7 * 1500
+4 * 1500
+7 * 1500
+4 * 1500
+7 * 1500
+7 * 1500
+2 * 1500
+4 * 1500
+7 * 1500
+2 * 1500
+4 * 1500
+7 * 1500
+7 * 1500
+2 * 1500
+4 * 1500
+7 * 1500
+4 * 1500
+7 * 1500
+4 * 1500
+7 * 1500
+4 * 1500
+8 * 1500
+4 * 1500
+8 * 1500
+4 * 1500
+4 * 1500
+7 * 1500
+4 * 1500
+4 * 1500
+7 * 1500
+4 * 1500
+4 * 1500
+7 * 1500
+4 * 1500
+8 * 1500
+4 * 1500
+7 * 1500
+4 * 1500
+4 * 1500
+7 * 1500
+4 * 1500
+4 * 1500
+7 * 1500
+4 * 1500
+4 * 1500
+7 * 1500
+5 * 1500
+3 * 1500
+4 * 1500
+7 * 1500
+7 * 1500
+4 * 1500
+7 * 1500
+8 * 1500
+3 * 1500
+4 * 1500
+7 * 1500
+4 * 1500
+8 * 1500
+2 * 1500
+4 * 1500
+8 * 1500
+3 * 1500
+4 * 1500
+8 * 1500
+4 * 1500
+7 * 1500
+5 * 1500
+4 * 1500
+7 * 1500
+5 * 1500
+4 * 1500
+7 * 1500
+8 * 1500
+4 * 1500
+7 * 1500
+8 * 1500
+4 * 1500
+7 * 1500
+2 * 1500
+4 * 1500
+7 * 1500
+3 * 1500
+4 * 1500
+7 * 1500
+4 * 1500
+7 * 1500
+3 * 1500
+4 * 1500
+8 * 1500
+3 * 1500
+4 * 1500
+8 * 1500
+8 * 1500
+3 * 1500
+4 * 1500
+8 * 1500
+8 * 1500
+3 * 1500
+4 * 1500
+8 * 1500
+7 * 1500
+4 * 1500
+4 * 1500
+4 * 1500
+4 * 1500
+4 * 1500
+4 * 1500
+4 * 1500
+4 * 1500
+4 * 1500
+4 * 1500
+4 * 1500
+4 * 1500
+4 * 1500
+4 * 1500
+4 * 1500
+4 * 1500
+4 * 1500
+4 * 1500
+4 * 1500
+7 * 1500
+4 * 1500
+7 * 1500
+7 * 1500
+4 * 1500
+7 * 1500
+7 * 1500
+4 * 1500
+7 * 1500
+8 * 1500
+4 * 1500
+8 * 1500
+8 * 1500
+4 * 1500
+8 * 1500
+4 * 1500
+7 * 1500
+7 * 1500
+4 * 1500
+7 * 1500
+4 * 1500
+7 * 1500
+4 * 1500
+7 * 1500
+4 * 1500
+8 * 1500
+4 * 1500
+4 * 1500
+4 * 1500
+4 * 1500
+4 * 1500
+4 * 1500
+4 * 1500
+4 * 1500
+4 * 1500
+4 * 1500
+4 * 1500
+4 * 1500
+4 * 1500
+4 * 1500
+4 * 1500
+4 * 1500
+7 * 1500
+4 * 1500
+7 * 1500
+4 * 1500
+4 * 1500
+4 * 1500
+4 * 1500
+4 * 1500
+4 * 1500
+4 * 1500
+4 * 1500
+4 * 1500
+4 * 1500
+5 * 1500
+7 * 1500
+4 * 1500
+7 * 1500
+4 * 1500
+8 * 1500
+4 * 1500
+8 * 1500
+4 * 1500
+8 * 1500
+4 * 1500
+8 * 1500
+4 * 1500
+8 * 1500
+5 * 1500
+4 * 1500
+5 * 1500
+5 * 1500
+4 * 1500
+5 * 1500
+8 * 1500
+4 * 1500
+8 * 1500
+8 * 1500
+4 * 1500
+8 * 1500
+8 * 1500
+4 * 1500
+8 * 1500
+8 * 1500
+4 * 1500
+8 * 1500
+8 * 1500
+4 * 1500
+8 * 1500
+8 * 1500
+4 * 1500
+8 * 1500
+4 * 1500
+8 * 1500
+4 * 1500
+8 * 1500
+4 * 1500
+8 * 1500
+3 * 1500
+2 * 1500
+4 * 1500
+7 * 1500
+7 * 1500
+8 * 1500
+8 +3 1500
+3 * 1500
+4 * 1500
+3 * 1500
+4 * 1500
+3 +4 1500
+9 * 1500
+4 * 1500
+7 +1 1500
+2 * 1500
+3 * 1500
+3 * 1500
+2 -19 1500
+7 * 1500
+7 +14 1500
+7 * 1500
+8 * 1500
+3 +5 1500
+3 -4 1500
+4 * 1500
+3 +14 1500
+3 -14 1500
+3 +5 1500
+2 * 1500
+3 * 1500
+3 * 1500
+7 +9 1500
+3 * 1500
+3 * 1500
+3 -52 1500
+8 +1 1500
+2 -1 1500
+3 * 1500
+3 * 1500
+8 +1 1500
+2 * 1500
+2 * 1500
+3 -9 1500
+3 +8 1500
+7 * 1500
+8 +1 1500
+3 -1 1500
+2 * 1500
+3 +1 1500
+2 * 1500
+3 +22 1500
+4 * 1500
+3 +11 1500
+3 * 1500
+5 * 1500
+8 * 1500
+8 * 1500
+7 * 1500
+7 * 1500
+7 +3 1500
+2 * 1500
+3 * 1500
+3 * 1500
+3 * 1500
+2 +4 1500
+8 * 1500
+3 +1 1500
+3 * 1500
+3 * 1500
+2 -19 1500
+8 * 1500
+8 +14 1500
+8 * 1500
+8 * 1500
+3 +5 1500
+3 -4 1500
+3 * 1500
+4 +14 1500
+3 -14 1500
+4 +5 1500
+3 +9 1500
+3 * 1500
+3 * 1500
+4 -52 1500
+7 +1 1500
+2 -1 1500
+2 * 1500
+3 * 1500
+7 +1 1500
+2 * 1500
+2 * 1500
+2 -9 1500
+3 +1 1500
+3 +7 1500
+7 +1 1500
+2 -1 1500
+2 * 1500
+3 * 1500
+7 +1 1500
+2 * 1500
+2 * 1500
+2 +22 1500
+3 * 1500
+3 -10 1500
+2 * 1500
+3 * 1500
+3 +1 1500
+4 +1 1500
+3 * 1500
+2 +16 1500
+3 * 1500
+3 * 1500
+3 +3 1500
+4 * 1500
+2 * 1500
+6 * 1500
+4 * 1500
+4 * 1500
+3 * 1500
+4 * 1500
+3 * 1500
+4 * 1500
+3 * 1500
+4 * 1500
+3 -3 1500
+3 * 1500
+3 * 1500
+3 +3 1500
+4 * 1500
+2 * 1500
+4 * 1500
+4 * 1500
+3 * 1500
+4 * 1500
+3 * 1500
+4 * 1500
+3 * 1500
+4 * 1500
+3 * 1500
+3 -3 1500
+3 * 1500
+3 +3 1500
+4 * 1500
+2 * 1500
+4 * 1500
+4 * 1500
+3 * 1500
+4 * 1500
+3 * 1500
+4 * 1500
+3 * 1500
+4 * 1500
+3 +7 1500
+3 * 1500
+3 -4 1500
+3 * 1500
+4 * 1500
+3 * 1500
+3 -20 1500
+2 * 1500
+3 +4 1500
+4 +2 1500
+4 -2 1500
+4 +2 1500
+4 -2 1500
+4 +2 1500
+4 +19 1500
+3 * 1500
+2 -19 1500
+2 * 1500
+3 +14 1500
+2 * 1500
+8 * 1500
+2 * 1500
+3 +5 1500
+2 -4 1500
+4 * 1500
+4 +14 1500
+3 -9 1500
+3 * 1500
+3 -5 1500
+4 +14 1500
+3 * 1500
+3 * 1500
+3 -52 1500
+8 +1 1500
+2 -1 1500
+3 * 1500
+3 * 1500
+8 +1 1500
+2 * 1500
+2 * 1500
+3 -9 1500
+3 +1 1500
+3 +7 1500
+7 +1 1500
+2 -1 1500
+2 * 1500
+3 * 1500
+7 +1 1500
+2 * 1500
+2 * 1500
+2 * 1500
+8 +33 1500
+5 * 1500
+5 * 1500
+8 * 1500
+8 * 1500
+8 * 1500
+7 * 1500
+7 * 1500
+7 +3 1500
+2 * 1500
+3 * 1500
+3 * 1500
+3 * 1500
+3 * 1500
+2 +4 1500
+8 * 1500
+3 +1 1500
+2 * 1500
+3 * 1500
+2 -19 1500
+7 * 1500
+7 +14 1500
+7 * 1500
+8 * 1500
+2 +5 1500
+2 -4 1500
+4 * 1500
+4 +14 1500
+3 -14 1500
+4 * 1500
+8 +5 1500
+3 +9 1500
+3 * 1500
+3 * 1500
+4 -52 1500
+7 +1 1500
+2 -1 1500
+2 * 1500
+3 * 1500
+7 +1 1500
+2 * 1500
+2 * 1500
+2 -9 1500
+3 +1 1500
+3 +7 1500
+7 +1 1500
+2 -1 1500
+3 * 1500
+4 * 1500
+7 +1 1500
+3 * 1500
+3 * 1500
+3 +12 1500
+3 * 1500
+3 * 1500
+3 +1 1500
+3 +1 1500
+3 * 1500
+3 +16 1500
+2 * 1500
+3 * 1500
+3 +3 1500
+4 * 1500
+2 * 1500
+6 * 1500
+4 * 1500
+4 * 1500
+3 * 1500
+4 * 1500
+3 * 1500
+4 * 1500
+3 * 1500
+4 * 1500
+3 -3 1500
+2 * 1500
+3 * 1500
+3 +3 1500
+4 * 1500
+2 * 1500
+4 * 1500
+4 * 1500
+3 * 1500
+4 * 1500
+3 * 1500
+4 * 1500
+3 * 1500
+4 * 1500
+3 -33 1500
+3 +30 1500
+3 * 1500
+4 +3 1500
+5 * 1500
+2 * 1500
+4 * 1500
+5 * 1500
+2 * 1500
+4 * 1500
+2 * 1500
+5 * 1500
+3 * 1500
+4 * 1500
+3 * 1500
+3 +7 1500
+4 * 1500
+4 -4 1500
+3 * 1500
+3 * 1500
+3 * 1500
+3 -20 1500
+3 * 1500
+4 +4 1500
+5 +2 1500
+4 -2 1500
+5 +2 1500
+4 -2 1500
+5 +2 1500
+4 +19 1500
+3 * 1500
+3 -19 1500
+2 * 1500
+3 +14 1500
+2 * 1500
+2 * 1500
+7 * 1500
+2 +5 1500
+2 -4 1500
+4 * 1500
+3 +14 1500
+3 -9 1500
+2 * 1500
+3 -5 1500
+4 +14 1500
+3 * 1500
+2 * 1500
+3 -52 1500
+7 +1 1500
+2 -1 1500
+2 * 1500
+3 * 1500
+7 +1 1500
+2 * 1500
+2 * 1500
+2 -9 1500
+3 +1 1500
+3 +7 1500
+7 +1 1500
+2 -1 1500
+2 * 1500
+3 * 1500
+7 +1 1500
+2 * 1500
+2 * 1500
+2 * 1500
+5 +33 1500
+5 * 1500
+5 * 1500
+8 * 1500
+8 * 1500
+8 * 1500
+7 * 1500
+7 * 1500
+7 +3 1500
+2 * 1500
+3 * 1500
+3 * 1500
+3 * 1500
+3 * 1500
+2 +4 1500
+8 * 1500
+3 +1 1500
+2 * 1500
+3 -19 1500
+7 * 1500
+7 +14 1500
+7 * 1500
+8 * 1500
+2 +5 1500
+2 -4 1500
+4 * 1500
+4 +14 1500
+3 -14 1500
+4 +5 1500
+3 +9 1500
+3 * 1500
+3 * 1500
+4 -52 1500
+7 +1 1500
+2 -1 1500
+2 * 1500
+3 * 1500
+7 +1 1500
+2 * 1500
+2 * 1500
+2 -9 1500
+3 +1 1500
+3 +7 1500
+7 +1 1500
+2 -1 1500
+3 * 1500
+4 * 1500
+7 +1 1500
+3 * 1500
+3 * 1500
+3 +12 1500
+3 * 1500
+3 * 1500
+3 +1 1500
+3 +1 1500
+3 * 1500
+3 +16 1500
+2 * 1500
+3 * 1500
+3 +3 1500
+4 * 1500
+2 * 1500
+6 * 1500
+4 * 1500
+4 * 1500
+3 * 1500
+4 * 1500
+3 * 1500
+4 * 1500
+3 * 1500
+4 * 1500
+3 -3 1500
+2 * 1500
+3 * 1500
+3 +3 1500
+4 * 1500
+2 * 1500
+4 * 1500
+4 * 1500
+3 * 1500
+4 * 1500
+3 * 1500
+4 * 1500
+3 * 1500
+4 * 1500
+3 * 1500
+3 -33 1500
+3 +30 1500
+3 * 1500
+4 +3 1500
+5 * 1500
+2 * 1500
+4 * 1500
+5 * 1500
+2 * 1500
+4 * 1500
+2 * 1500
+5 * 1500
+3 * 1500
+4 * 1500
+3 +7 1500
+4 * 1500
+4 -4 1500
+3 * 1500
+3 * 1500
+3 * 1500
+3 -20 1500
+3 * 1500
+4 +4 1500
+5 +2 1500
+4 -2 1500
+5 +2 1500
+4 -2 1500
+5 +2 1500
+4 +19 1500
+3 * 1500
+3 -19 1500
+2 * 1500
+3 +14 1500
+2 * 1500
+2 * 1500
+7 * 1500
+2 +5 1500
+2 -4 1500
+4 * 1500
+3 +14 1500
+3 -9 1500
+2 * 1500
+3 -5 1500
+4 +14 1500
+3 * 1500
+2 * 1500
+3 -52 1500
+7 +1 1500
+2 -1 1500
+2 * 1500
+3 * 1500
+7 +1 1500
+2 * 1500
+2 * 1500
+2 -9 1500
+3 +1 1500
+3 +7 1500
+7 +1 1500
+2 -1 1500
+2 * 1500
+3 * 1500
+7 +1 1500
+2 * 1500
+2 * 1500
+2 * 1500
+5 +33 1500
+5 * 1500
+5 * 1500
+8 * 1500
+8 * 1500
+8 * 1500
+7 * 1500
+7 * 1500
+7 +3 1500
+2 * 1500
+3 * 1500
+3 * 1500
+3 * 1500
+3 * 1500
+2 +4 1500
+8 * 1500
+3 +1 1500
+2 * 1500
+3 -19 1500
+7 * 1500
+7 +14 1500
+7 * 1500
+8 * 1500
+2 +5 1500
+2 -4 1500
+4 * 1500
+4 +14 1500
+3 -14 1500
+4 +5 1500
+3 +9 1500
+3 * 1500
+3 * 1500
+4 -52 1500
+7 +1 1500
+2 -1 1500
+2 * 1500
+3 * 1500
+7 +1 1500
+2 * 1500
+2 * 1500
+2 -9 1500
+3 +1 1500
+3 +7 1500
+7 +1 1500
+2 -1 1500
+3 * 1500
+4 * 1500
+7 +1 1500
+3 * 1500
+3 * 1500
+3 +12 1500
+3 * 1500
+3 * 1500
+3 +1 1500
+3 +1 1500
+3 * 1500
+3 +16 1500
+2 * 1500
+3 * 1500
+3 +3 1500
+4 * 1500
+2 * 1500
+6 * 1500
+4 * 1500
+4 * 1500
+3 * 1500
+4 * 1500
+3 * 1500
+4 * 1500
+3 * 1500
+4 * 1500
+3 -3 1500
+2 * 1500
+3 * 1500
+3 +3 1500
+4 * 1500
+2 * 1500
+4 * 1500
+4 * 1500
+3 * 1500
+4 * 1500
+3 * 1500
+4 * 1500
+3 * 1500
+4 * 1500
+3 * 1500
+3 -33 1500
+3 +30 1500
+3 * 1500
+4 +3 1500
+5 * 1500
+2 * 1500
+4 * 1500
+5 * 1500
+2 * 1500
+4 * 1500
+2 * 1500
+5 * 1500
+3 * 1500
+4 * 1500
+3 +7 1500
+4 * 1500
+4 -4 1500
+3 * 1500
+3 * 1500
+3 * 1500
+3 -20 1500
+3 * 1500
+4 +4 1500
+5 +2 1500
+4 -2 1500
+5 +2 1500
+4 -2 1500
+5 +2 1500
+4 +19 1500
+3 * 1500
+3 -19 1500
+2 * 1500
+3 +14 1500
+2 * 1500
+2 * 1500
+7 * 1500
+2 +5 1500
+2 -4 1500
+4 * 1500
+3 +14 1500
+3 -9 1500
+2 * 1500
+3 -5 1500
+4 +14 1500
+3 * 1500
+2 * 1500
+3 -52 1500
+7 +1 1500
+2 -1 1500
+2 * 1500
+3 * 1500
+7 +1 1500
+2 * 1500
+2 * 1500
+2 -9 1500
+3 +1 1500
+3 +7 1500
+7 +1 1500
+2 -1 1500
+2 * 1500
+3 * 1500
+7 +1 1500
+2 * 1500
+2 * 1500
+2 * 1500
+8 +33 1500
+5 * 1500
+5 * 1500
+8 * 1500
+8 * 1500
+8 * 1500
+7 * 1500
+7 * 1500
+7 +3 1500
+2 * 1500
+3 * 1500
+3 * 1500
+3 * 1500
+3 * 1500
+2 +4 1500
+8 * 1500
+3 +1 1500
+2 * 1500
+3 -19 1500
+7 * 1500
+7 +14 1500
+7 * 1500
+8 * 1500
+2 +5 1500
+2 -4 1500
+4 * 1500
+4 +14 1500
+3 -14 1500
+4 +5 1500
+3 +9 1500
+3 * 1500
+3 * 1500
+4 -52 1500
+7 +1 1500
+2 -1 1500
+2 * 1500
+3 * 1500
+7 +1 1500
+2 * 1500
+2 * 1500
+2 -9 1500
+3 +1 1500
+3 +7 1500
+7 +1 1500
+2 -1 1500
+3 * 1500
+4 * 1500
+7 +1 1500
+3 * 1500
+3 * 1500
+3 +12 1500
+3 * 1500
+3 * 1500
+3 +1 1500
+3 +1 1500
+3 * 1500
+3 +16 1500
+2 * 1500
+3 * 1500
+3 +3 1500
+4 * 1500
+2 * 1500
+6 * 1500
+4 * 1500
+4 * 1500
+3 * 1500
+4 * 1500
+3 * 1500
+4 * 1500
+3 * 1500
+4 * 1500
+3 -3 1500
+2 * 1500
+3 * 1500
+3 +3 1500
+4 * 1500
+2 * 1500
+4 * 1500
+4 * 1500
+3 * 1500
+4 * 1500
+3 * 1500
+4 * 1500
+3 * 1500
+4 * 1500
+3 * 1500
+3 -33 1500
+3 +30 1500
+3 * 1500
+4 +3 1500
+5 * 1500
+2 * 1500
+4 * 1500
+5 * 1500
+2 * 1500
+4 * 1500
+2 * 1500
+5 * 1500
+3 * 1500
+4 * 1500
+3 +7 1500
+4 * 1500
+4 -4 1500
+3 * 1500
+3 * 1500
+3 * 1500
+3 -20 1500
+3 * 1500
+4 +4 1500
+5 +2 1500
+4 -2 1500
+5 +2 1500
+4 -2 1500
+5 +2 1500
+4 +19 1500
+3 * 1500
+3 -19 1500
+2 * 1500
+3 +14 1500
+2 * 1500
+2 * 1500
+7 * 1500
+2 +5 1500
+2 -4 1500
+4 * 1500
+3 +14 1500
+3 -9 1500
+2 * 1500
+3 -5 1500
+4 +14 1500
+3 * 1500
+2 * 1500
+3 -52 1500
+7 +1 1500
+2 -1 1500
+2 * 1500
+3 * 1500
+7 +1 1500
+2 * 1500
+2 * 1500
+2 -9 1500
+3 +1 1500
+3 +7 1500
+7 +1 1500
+2 -1 1500
+2 * 1500
+3 * 1500
+7 +1 1500
+2 * 1500
+2 * 1500
+2 * 1500
+8 +33 1500
+5 * 1500
+8 * 1500
+8 * 1500
+8 * 1500
+8 * 1500
+7 * 1500
+7 * 1500
+7 +3 1500
+2 * 1500
+3 * 1500
+3 * 1500
+3 * 1500
+3 * 1500
+2 +4 1500
+8 * 1500
+3 +1 1500
+2 * 1500
+3 -19 1500
+7 * 1500
+7 +14 1500
+7 * 1500
+8 * 1500
+2 +5 1500
+2 -4 1500
+4 * 1500
+4 +14 1500
+3 -14 1500
+4 +5 1500
+3 +9 1500
+3 * 1500
+3 * 1500
+4 -52 1500
+7 +1 1500
+2 -1 1500
+2 * 1500
+3 * 1500
+7 +1 1500
+2 * 1500
+2 * 1500
+2 -9 1500
+3 +1 1500
+3 +7 1500
+7 +1 1500
+2 -1 1500
+3 * 1500
+4 * 1500
+7 +1 1500
+3 * 1500
+3 * 1500
+3 +12 1500
+3 * 1500
+3 * 1500
+3 +1 1500
+3 +1 1500
+3 * 1500
+3 +16 1500
+2 * 1500
+3 * 1500
+3 +3 1500
+4 * 1500
+2 * 1500
+6 * 1500
+4 * 1500
+4 * 1500
+3 * 1500
+4 * 1500
+3 * 1500
+4 * 1500
+3 * 1500
+4 * 1500
+3 -3 1500
+2 * 1500
+3 * 1500
+3 +3 1500
+4 * 1500
+2 * 1500
+4 * 1500
+4 * 1500
+3 * 1500
+4 * 1500
+3 * 1500
+4 * 1500
+3 * 1500
+4 * 1500
+3 * 1500
+3 -33 1500
+3 +30 1500
+3 * 1500
+4 +3 1500
+5 * 1500
+2 * 1500
+4 * 1500
+5 * 1500
+2 * 1500
+4 * 1500
+2 * 1500
+5 * 1500
+3 * 1500
+4 * 1500
+3 +7 1500
+4 * 1500
+4 -4 1500
+3 * 1500
+3 * 1500
+3 * 1500
+3 -20 1500
+3 * 1500
+4 +4 1500
+5 +2 1500
+4 -2 1500
+5 +2 1500
+4 -2 1500
+5 +2 1500
+4 +19 1500
+3 * 1500
+3 -19 1500
+2 * 1500
+3 +14 1500
+2 * 1500
+2 * 1500
+7 * 1500
+2 +5 1500
+2 -4 1500
+4 * 1500
+3 +14 1500
+3 -9 1500
+2 * 1500
+3 -5 1500
+4 +14 1500
+3 * 1500
+2 * 1500
+3 -52 1500
+7 +1 1500
+2 -1 1500
+2 * 1500
+3 * 1500
+7 +1 1500
+2 * 1500
+2 * 1500
+2 -9 1500
+3 +1 1500
+3 +7 1500
+7 +1 1500
+2 -1 1500
+2 * 1500
+3 * 1500
+7 +1 1500
+2 * 1500
+2 * 1500
+2 * 1500
+8 +33 1500
+8 * 1500
+8 * 1500
+8 * 1500
+8 * 1500
+8 * 1500
+7 * 1500
+7 * 1500
+7 +3 1500
+2 * 1500
+3 * 1500
+3 * 1500
+3 * 1500
+3 * 1500
+2 +4 1500
+8 * 1500
+3 +1 1500
+2 * 1500
+3 -19 1500
+7 * 1500
+7 +14 1500
+7 * 1500
+8 * 1500
+2 +5 1500
+2 -4 1500
+4 * 1500
+4 +14 1500
+3 -14 1500
+4 +5 1500
+3 +9 1500
+3 * 1500
+3 * 1500
+4 -52 1500
+7 +1 1500
+2 -1 1500
+2 * 1500
+3 * 1500
+7 +1 1500
+2 * 1500
+2 * 1500
+2 -9 1500
+3 +1 1500
+3 +7 1500
+7 +1 1500
+2 -1 1500
+3 * 1500
+4 * 1500
+7 +1 1500
+3 * 1500
+3 * 1500
+3 +12 1500
+3 * 1500
+3 * 1500
+3 +1 1500
+3 +1 1500
+3 * 1500
+3 +16 1500
+2 * 1500
+3 * 1500
+3 +3 1500
+4 * 1500
+2 * 1500
+6 * 1500
+4 * 1500
+4 * 1500
+3 * 1500
+4 * 1500
+3 * 1500
+4 * 1500
+3 * 1500
+4 * 1500
+3 -3 1500
+2 * 1500
+3 * 1500
+3 +3 1500
+4 * 1500
+2 * 1500
+4 * 1500
+4 * 1500
+3 * 1500
+4 * 1500
+3 * 1500
+4 * 1500
+3 * 1500
+4 * 1500
+3 * 1500
+3 -33 1500
+3 +30 1500
+3 * 1500
+4 +3 1500
+5 * 1500
+2 * 1500
+4 * 1500
+5 * 1500
+2 * 1500
+4 * 1500
+2 * 1500
+5 * 1500
+3 * 1500
+4 * 1500
+3 +7 1500
+4 * 1500
+4 -4 1500
+3 * 1500
+3 * 1500
+3 * 1500
+3 -20 1500
+3 * 1500
+4 +4 1500
+5 +2 1500
+4 -2 1500
+5 +2 1500
+4 -2 1500
+5 +2 1500
+4 +19 1500
+3 * 1500
+3 -19 1500
+2 * 1500
+3 +14 1500
+2 * 1500
+2 * 1500
+7 * 1500
+2 +5 1500
+2 -4 1500
+4 * 1500
+3 +14 1500
+3 -9 1500
+2 * 1500
+3 -5 1500
+4 +14 1500
+3 * 1500
+2 * 1500
+3 -52 1500
+7 +1 1500
+2 -1 1500
+2 * 1500
+3 * 1500
+7 +1 1500
+2 * 1500
+2 * 1500
+2 -9 1500
+3 +1 1500
+3 +7 1500
+7 +1 1500
+2 -1 1500
+2 * 1500
+3 * 1500
+7 +1 1500
+2 * 1500
+2 * 1500
+2 * 1500
+8 +33 1500
+5 * 1500
+8 * 1500
+8 * 1500
+8 * 1500
+8 * 1500
+7 * 1500
+7 * 1500
+7 +3 1500
+2 * 1500
+3 * 1500
+3 * 1500
+3 * 1500
+3 * 1500
+2 +4 1500
+8 * 1500
+3 +1 1500
+2 * 1500
+3 -19 1500
+7 * 1500
+7 +14 1500
+7 * 1500
+8 * 1500
+2 +5 1500
+2 -4 1500
+4 * 1500
+4 +14 1500
+3 -14 1500
+4 +5 1500
+3 +9 1500
+3 * 1500
+3 * 1500
+4 -52 1500
+7 +1 1500
+2 -1 1500
+2 * 1500
+3 * 1500
+7 +1 1500
+2 * 1500
+2 * 1500
+2 -9 1500
+3 +1 1500
+3 +7 1500
+7 +1 1500
+2 -1 1500
+3 * 1500
+4 * 1500
+7 +1 1500
+3 * 1500
+3 * 1500
+3 +12 1500
+3 * 1500
+3 * 1500
+3 +1 1500
+3 +1 1500
+3 * 1500
+3 +16 1500
+2 * 1500
+3 * 1500
+3 +3 1500
+4 * 1500
+2 * 1500
+6 * 1500
+4 * 1500
+4 * 1500
+3 * 1500
+4 * 1500
+3 * 1500
+4 * 1500
+3 * 1500
+4 * 1500
+3 -3 1500
+2 * 1500
+3 * 1500
+3 +3 1500
+4 * 1500
+2 * 1500
+4 * 1500
+4 * 1500
+3 * 1500
+4 * 1500
+3 * 1500
+4 * 1500
+3 * 1500
+4 * 1500
+3 * 1500
+3 -33 1500
+3 +30 1500
+3 * 1500
+4 +3 1500
+5 * 1500
+2 * 1500
+4 * 1500
+5 * 1500
+2 * 1500
+4 * 1500
+2 * 1500
+5 * 1500
+3 * 1500
+4 * 1500
+3 +7 1500
+4 * 1500
+4 -4 1500
+3 * 1500
+3 * 1500
+3 * 1500
+3 -20 1500
+3 * 1500
+4 +4 1500
+5 +2 1500
+4 -2 1500
+5 +2 1500
+4 -2 1500
+5 +2 1500
+4 +19 1500
+3 * 1500
+3 -19 1500
+2 * 1500
+3 +14 1500
+2 * 1500
+2 * 1500
+7 * 1500
+2 +5 1500
+2 -4 1500
+4 * 1500
+3 +14 1500
+3 -9 1500
+2 * 1500
+3 -5 1500
+4 +14 1500
+3 * 1500
+2 * 1500
+3 -52 1500
+7 +1 1500
+2 -1 1500
+2 * 1500
+3 * 1500
+7 +1 1500
+2 * 1500
+2 * 1500
+2 -9 1500
+3 +1 1500
+3 +7 1500
+7 +1 1500
+2 -1 1500
+2 * 1500
+3 * 1500
+7 +1 1500
+2 * 1500
+2 * 1500
+2 * 1500
+8 +33 1500
+5 * 1500
+8 * 1500
+8 * 1500
+8 * 1500
+8 * 1500
+7 * 1500
+7 * 1500
+7 +3 1500
+2 * 1500
+3 * 1500
+3 * 1500
+3 * 1500
+3 * 1500
+2 +4 1500
+8 * 1500
+3 +1 1500
+2 * 1500
+3 -19 1500
+7 * 1500
+7 +14 1500
+7 * 1500
+8 * 1500
+2 +5 1500
+2 -4 1500
+4 * 1500
+4 +14 1500
+3 -14 1500
+4 +5 1500
+3 +9 1500
+3 * 1500
+3 * 1500
+4 -52 1500
+7 +1 1500
+2 -1 1500
+2 * 1500
+3 * 1500
+7 +1 1500
+2 * 1500
+2 * 1500
+2 -9 1500
+3 +1 1500
+3 +7 1500
+7 +1 1500
+2 -1 1500
+3 * 1500
+4 * 1500
+7 +1 1500
+3 * 1500
+3 * 1500
+3 +12 1500
+3 * 1500
+3 * 1500
+3 +1 1500
+3 +1 1500
+3 * 1500
+3 +16 1500
+2 * 1500
+3 * 1500
+3 +3 1500
+4 * 1500
+2 * 1500
+6 * 1500
+4 * 1500
+4 * 1500
+3 * 1500
+4 * 1500
+3 * 1500
+4 * 1500
+3 * 1500
+4 * 1500
+3 -3 1500
+2 * 1500
+3 * 1500
+3 +3 1500
+4 * 1500
+2 * 1500
+4 * 1500
+4 * 1500
+3 * 1500
+4 * 1500
+3 * 1500
+4 * 1500
+3 * 1500
+4 * 1500
+3 * 1500
+3 -33 1500
+3 +30 1500
+3 * 1500
+4 +3 1500
+5 * 1500
+2 * 1500
+4 * 1500
+5 * 1500
+2 * 1500
+4 * 1500
+2 * 1500
+5 * 1500
+3 * 1500
+4 * 1500
+3 +7 1500
+4 * 1500
+4 -4 1500
+3 * 1500
+3 * 1500
+3 * 1500
+3 -20 1500
+3 * 1500
+4 +4 1500
+5 +2 1500
+4 -2 1500
+5 +2 1500
+4 -2 1500
+5 +2 1500
+4 +19 1500
+3 * 1500
+3 -19 1500
+2 * 1500
+3 +14 1500
+2 * 1500
+2 * 1500
+7 * 1500
+2 +5 1500
+2 -4 1500
+4 * 1500
+3 +14 1500
+3 -9 1500
+2 * 1500
+3 -5 1500
+4 +14 1500
+3 * 1500
+2 * 1500
+3 -52 1500
+7 +1 1500
+2 -1 1500
+2 * 1500
+3 * 1500
+7 +1 1500
+2 * 1500
+2 * 1500
+2 -9 1500
+3 +1 1500
+3 +7 1500
+7 +1 1500
+2 -1 1500
+2 * 1500
+3 * 1500
+7 +1 1500
+2 * 1500
+2 * 1500
+2 * 1500
+8 +33 1500
+5 * 1500
+8 * 1500
+8 * 1500
+8 * 1500
+8 * 1500
+7 * 1500
+7 * 1500
+7 +3 1500
+2 * 1500
+3 * 1500
+3 * 1500
+3 * 1500
+3 * 1500
+2 +4 1500
+8 * 1500
+3 +1 1500
+2 * 1500
+3 -19 1500
+7 * 1500
+7 +14 1500
+7 * 1500
+8 * 1500
+2 +5 1500
+2 -4 1500
+4 * 1500
+4 +14 1500
+3 -14 1500
+4 +5 1500
+3 +9 1500
+3 * 1500
+3 * 1500
+4 -52 1500
+7 +1 1500
+2 -1 1500
+2 * 1500
+3 * 1500
+7 +1 1500
+2 * 1500
+2 * 1500
+2 -9 1500
+3 +1 1500
+3 +7 1500
+7 +1 1500
+2 -1 1500
+3 * 1500
+4 * 1500
+7 +1 1500
+3 * 1500
+3 * 1500
+3 +12 1500
+3 * 1500
+3 * 1500
+3 +1 1500
+3 +1 1500
+3 * 1500
+3 +16 1500
+2 * 1500
+3 * 1500
+3 +3 1500
+4 * 1500
+2 * 1500
+6 * 1500
+4 * 1500
+4 * 1500
+3 * 1500
+4 * 1500
+3 * 1500
+4 * 1500
+3 * 1500
+4 * 1500
+3 -3 1500
+2 * 1500
+3 * 1500
+3 +3 1500
+4 * 1500
+2 * 1500
+4 * 1500
+4 * 1500
+3 * 1500
+4 * 1500
+3 * 1500
+4 * 1500
+3 * 1500
+4 * 1500
+3 * 1500
+3 -33 1500
+3 +30 1500
+3 * 1500
+4 +3 1500
+5 * 1500
+2 * 1500
+4 * 1500
+5 * 1500
+2 * 1500
+4 * 1500
+2 * 1500
+5 * 1500
+3 * 1500
+4 * 1500
+3 +7 1500
+4 * 1500
+4 -4 1500
+3 * 1500
+3 * 1500
+3 * 1500
+3 -20 1500
+3 * 1500
+4 +4 1500
+5 +2 1500
+4 -2 1500
+5 +2 1500
+4 -2 1500
+5 +2 1500
+4 +19 1500
+3 * 1500
+3 -19 1500
+2 * 1500
+3 +14 1500
+2 * 1500
+2 * 1500
+7 * 1500
+2 +5 1500
+2 -4 1500
+4 * 1500
+3 +14 1500
+3 -9 1500
+2 * 1500
+3 -5 1500
+4 +14 1500
+3 * 1500
+2 * 1500
+3 -52 1500
+7 +1 1500
+2 -1 1500
+2 * 1500
+3 * 1500
+7 +1 1500
+2 * 1500
+2 * 1500
+2 -9 1500
+3 +1 1500
+3 +7 1500
+7 +1 1500
+2 -1 1500
+2 * 1500
+3 * 1500
+7 +1 1500
+2 * 1500
+2 * 1500
+2 * 1500
+8 +33 1500
+5 * 1500
+8 * 1500
+8 * 1500
+8 * 1500
+8 * 1500
+7 * 1500
+7 * 1500
+7 +3 1500
+2 * 1500
+3 * 1500
+3 * 1500
+3 * 1500
+3 * 1500
+2 +4 1500
+8 * 1500
+3 +1 1500
+2 * 1500
+3 -19 1500
+7 * 1500
+7 +14 1500
+7 * 1500
+8 * 1500
+2 +5 1500
+2 -4 1500
+4 * 1500
+4 +14 1500
+3 -14 1500
+4 +5 1500
+3 +9 1500
+3 * 1500
+3 * 1500
+4 -52 1500
+7 +1 1500
+2 -1 1500
+2 * 1500
+3 * 1500
+7 +1 1500
+2 * 1500
+2 * 1500
+2 -9 1500
+3 +1 1500
+3 +7 1500
+7 +1 1500
+2 -1 1500
+3 * 1500
+4 * 1500
+7 +1 1500
+3 * 1500
+3 * 1500
+3 +12 1500
+3 * 1500
+3 * 1500
+3 +1 1500
+3 +1 1500
+3 * 1500
+3 +16 1500
+2 * 1500
+3 * 1500
+3 +3 1500
+4 * 1500
+2 * 1500
+6 * 1500
+4 * 1500
+4 * 1500
+3 * 1500
+4 * 1500
+3 * 1500
+4 * 1500
+3 * 1500
+4 * 1500
+3 -3 1500
+2 * 1500
+3 * 1500
+3 +3 1500
+4 * 1500
+2 * 1500
+4 * 1500
+4 * 1500
+3 * 1500
+4 * 1500
+3 * 1500
+4 * 1500
+3 * 1500
+4 * 1500
+3 * 1500
+3 -33 1500
+3 +30 1500
+3 * 1500
+4 +3 1500
+5 * 1500
+2 * 1500
+4 * 1500
+5 * 1500
+2 * 1500
+4 * 1500
+2 * 1500
+5 * 1500
+3 * 1500
+4 * 1500
+3 +7 1500
+4 * 1500
+4 -4 1500
+3 * 1500
+3 * 1500
+3 * 1500
+3 -20 1500
+3 * 1500
+4 +4 1500
+5 +2 1500
+4 -2 1500
+5 +2 1500
+4 -2 1500
+5 +2 1500
+4 +19 1500
+3 * 1500
+3 -19 1500
+2 * 1500
+3 +14 1500
+2 * 1500
+2 * 1500
+7 * 1500
+2 +5 1500
+2 -4 1500
+4 * 1500
+3 +14 1500
+3 -9 1500
+2 * 1500
+3 -5 1500
+4 +14 1500
+3 * 1500
+2 * 1500
+3 -52 1500
+7 +1 1500
+2 -1 1500
+2 * 1500
+3 * 1500
+7 +1 1500
+2 * 1500
+2 * 1500
+2 -9 1500
+3 +1 1500
+3 +7 1500
+7 +1 1500
+2 -1 1500
+2 * 1500
+3 * 1500
+7 +1 1500
+2 * 1500
+2 * 1500
+2 * 1500
+8 +33 1500
+8 * 1500
+8 * 1500
+8 * 1500
+8 * 1500
+8 * 1500
+7 * 1500
+7 * 1500
+7 +3 1500
+2 * 1500
+3 * 1500
+3 * 1500
+3 * 1500
+3 * 1500
+2 +4 1500
+8 * 1500
+3 +1 1500
+2 * 1500
+3 -19 1500
+7 * 1500
+7 +14 1500
+7 * 1500
+8 * 1500
+2 +5 1500
+2 -4 1500
+4 * 1500
+4 +14 1500
+3 -14 1500
+4 +5 1500
+3 +9 1500
+3 * 1500
+3 * 1500
+4 -52 1500
+7 +1 1500
+2 -1 1500
+2 * 1500
+3 * 1500
+7 +1 1500
+2 * 1500
+2 * 1500
+2 -9 1500
+3 +1 1500
+3 +7 1500
+7 +1 1500
+2 -1 1500
+3 * 1500
+4 * 1500
+7 +1 1500
+3 * 1500
+3 * 1500
+3 +12 1500
+3 * 1500
+3 * 1500
+3 +1 1500
+3 +1 1500
+3 * 1500
+3 +16 1500
+2 * 1500
+3 * 1500
+3 +3 1500
+4 * 1500
+2 * 1500
+6 * 1500
+4 * 1500
+4 * 1500
+3 * 1500
+4 * 1500
+3 * 1500
+4 * 1500
+3 * 1500
+4 * 1500
+3 -3 1500
+2 * 1500
+3 * 1500
+3 +3 1500
+4 * 1500
+2 * 1500
+4 * 1500
+4 * 1500
+3 * 1500
+4 * 1500
+3 * 1500
+4 * 1500
+3 * 1500
+4 * 1500
+3 * 1500
+3 -33 1500
+3 +30 1500
+3 * 1500
+4 +3 1500
+5 * 1500
+2 * 1500
+4 * 1500
+5 * 1500
+2 * 1500
+4 * 1500
+2 * 1500
+5 * 1500
+3 * 1500
+4 * 1500
+3 +7 1500
+4 * 1500
+4 -4 1500
+3 * 1500
+3 * 1500
+3 * 1500
+3 -20 1500
+3 * 1500
+4 +4 1500
+5 +2 1500
+4 -2 1500
+5 +2 1500
+4 -2 1500
+5 +2 1500
+4 +19 1500
+3 * 1500
+3 -19 1500
+2 * 1500
+3 +14 1500
+2 * 1500
+2 * 1500
+7 * 1500
+2 +5 1500
+2 -4 1500
+4 * 1500
+3 +14 1500
+3 -9 1500
+2 * 1500
+3 -5 1500
+4 +14 1500
+3 * 1500
+2 * 1500
+3 -52 1500
+7 +1 1500
+2 -1 1500
+2 * 1500
+3 * 1500
+7 +1 1500
+2 * 1500
+2 * 1500
+2 -9 1500
+3 +1 1500
+3 +7 1500
+7 +1 1500
+2 -1 1500
+2 * 1500
+3 * 1500
+7 +1 1500
+2 * 1500
+2 * 1500
+2 * 1500
+8 +33 1500
+8 * 1500
+8 * 1500
+8 * 1500
+8 * 1500
+8 +7 1500
+8 * 1500
+7 -7 1500
+7 * 1500
+7 +3 1500
+2 * 1500
+3 * 1500
+3 * 1500
+3 * 1500
+3 * 1500
+2 -36 1500
+3 +40 1500
+3 * 1500
+3 +1 1500
+3 -19 1500
+8 +14 1500
+8 -14 1500
+8 +14 1500
+8 * 1500
+3 +5 1500
+3 -4 1500
+4 * 1500
+4 * 1500
+4 +14 1500
+3 -9 1500
+3 +9 1500
+3 * 1500
+3 * 1500
+4 -52 1500
+7 +1 1500
+2 -1 1500
+7 * 1500
+2 * 1500
+3 +1 1500
+2 * 1500
+2 * 1500
+2 -9 1500
+3 +1 1500
+3 +7 1500
+7 +1 1500
+2 -1 1500
+7 * 1500
+3 * 1500
+4 +1 1500
+3 * 1500
+3 * 1500
+3 +12 1500
+3 * 1500
+3 * 1500
+3 +1 1500
+3 +1 1500
+3 * 1500
+3 +16 1500
+2 * 1500
+3 * 1500
+3 +3 1500
+4 * 1500
+2 * 1500
+6 * 1500
+4 * 1500
+4 * 1500
+3 * 1500
+4 * 1500
+3 * 1500
+4 * 1500
+3 * 1500
+4 * 1500
+3 -3 1500
+3 * 1500
+4 * 1500
+4 +3 1500
+5 * 1500
+2 * 1500
+4 * 1500
+5 * 1500
+3 * 1500
+4 * 1500
+3 * 1500
+5 * 1500
+3 * 1500
+4 * 1500
+3 * 1500
+3 -3 1500
+3 * 1500
+4 +3 1500
+5 * 1500
+2 * 1500
+4 * 1500
+5 * 1500
+2 * 1500
+4 * 1500
+2 * 1500
+5 * 1500
+3 * 1500
+4 +7 1500
+4 -7 1500
+3 +7 1500
+4 -4 1500
+3 * 1500
+3 * 1500
+3 * 1500
+3 -20 1500
+3 * 1500
+4 +4 1500
+5 +2 1500
+4 -2 1500
+5 +2 1500
+4 -2 1500
+5 +2 1500
+4 +19 1500
+3 * 1500
+3 -19 1500
+2 * 1500
+3 +14 1500
+2 * 1500
+2 * 1500
+7 * 1500
+2 +5 1500
+2 -4 1500
+4 * 1500
+3 +14 1500
+3 -9 1500
+2 * 1500
+3 -5 1500
+4 +14 1500
+3 * 1500
+2 * 1500
+3 -52 1500
+7 +1 1500
+2 -1 1500
+7 * 1500
+2 * 1500
+3 +1 1500
+2 * 1500
+2 * 1500
+2 -9 1500
+3 +1 1500
+3 +7 1500
+7 +1 1500
+2 -1 1500
+7 * 1500
+2 * 1500
+3 +1 1500
+2 * 1500
+2 * 1500
+2 * 1500
fe=(483)
+7 177 1500
cfi=(484)
cfn=(2652)
calls=1500 0x2427d0 -92 
* * 1129500
fi=(484)
+3 31 1500
+2 * 1500
+3 +1 1500
+4 +1 1500
+3 * 1500
+2 * 1500
+8 +16 1500
+3 * 1500
+3 * 1500
+4 * 1500
+3 +3 1500
+4 * 1500
+3 * 1500
+6 * 1500
+4 * 1500
+4 * 1500
+3 * 1500
+4 * 1500
+3 * 1500
+4 * 1500
+2 * 1500
+4 * 1500
+3 -3 1500
+3 * 1500
+4 * 1500
+4 +3 1500
+5 * 1500
+3 * 1500
+4 * 1500
+5 * 1500
+3 * 1500
+4 * 1500
+3 * 1500
+5 * 1500
+3 * 1500
+4 * 1500
+3 -3 1500
+3 * 1500
+4 +3 1500
+5 * 1500
+3 * 1500
+4 * 1500
+5 * 1500
+3 * 1500
+4 * 1500
+3 * 1500
+5 * 1500
+3 * 1500
+4 * 1500
+3 +7 1500
+4 -7 1500
+3 +7 1500
+4 -4 1500
+3 * 1500
+3 * 1500
+3 * 1500
+3 -20 1500
+3 * 1500
+3 +4 1500
+4 +2 1500
+4 -2 1500
+4 +2 1500
+4 -2 1500
+4 +2 1500
+4 +19 1500
+4 * 1500
+3 -19 1500
+3 * 1500
+3 +14 1500
+3 * 1500
+7 * 1500
+3 * 1500
+2 +5 1500
+3 -4 1500
+4 * 1500
+3 +14 1500
+3 -9 1500
+2 * 1500
+3 -5 1500
+4 +14 1500
+3 * 1500
+2 * 1500
+3 -52 1500
+7 +1 1500
+2 -1 1500
+7 * 1500
+2 * 1500
+3 +1 1500
+2 * 1500
+2 * 1500
+2 -9 1500
+3 +1 1500
+3 +7 1500
+7 +1 1500
+2 -1 1500
+7 * 1500
+2 * 1500
+3 +1 1500
+2 * 1500
+2 * 1500
+2 * 1500
fi=(545) /home/ecuodah/.rustup/toolchains/stable-x86_64-unknown-linux-gnu/lib/rustlib/src/rust/library/core/src/num/int_macros.rs
+8 2137 1500
+2 * 1500
+8 * 1500
+3 * 1500
fe=(483)
+1 177 1500
+3 * 1500
+2 * 1500
+8 * 1500
+8 * 1500
+3 -4 1500
fi=(474)
+4 772 1500
jfi=(486)
jcnd=100/1500 0x2368ab 0 
* * 
+6 0 1500
+8 0 1500
fe=(483)
+8 164 1500
+8 * 1500
cfi=(484)
cfn=(2652)
calls=1500 0x2427d0 -79 
* * 1129500
+3 * 1500
+2 * 1500
+3 * 1500
+3 * 1500
+4 * 1500
+5 * 1500
+2 * 1500
+4 * 1500
+4 * 1500
+3 * 1500
+3 * 1500
+4 * 1500
+6 * 1500
+4 * 1500
+7 * 1500
+4 0 1500
fi=(484)
+1 49 1500
+2 * 1500
+3 * 1500
+3 +3 1500
+4 * 1500
+5 * 1500
+3 * 1500
+5 * 1500
+4 * 1500
+4 * 1500
+4 * 1500
+3 * 1500
+4 -3 1500
+4 +3 1500
+3 * 1500
+4 * 1500
+5 * 1500
+3 * 1500
+3 * 1500
+3 * 1500
+4 -3 1500
+2 * 1500
+3 * 1500
+3 +3 1500
+4 * 1500
+3 * 1500
+4 * 1500
+4 * 1500
+3 * 1500
+4 * 1500
+3 * 1500
+4 * 1500
+3 * 1500
+3 * 1500
+3 -3 1500
+3 * 1500
+3 +3 1500
+4 * 1500
+3 * 1500
+4 * 1500
+4 * 1500
+3 * 1500
+4 * 1500
+3 * 1500
0x2365c0 -3 21000
+2 * 21000
+3 * 21000
+3 +3 21000
+4 * 21000
+5 * 21000
+3 * 21000
+5 * 21000
+4 * 21000
+4 * 21000
+4 * 21000
+3 * 21000
+4 -3 21000
+4 +3 21000
+3 * 21000
+4 * 21000
+5 * 21000
+3 * 21000
+3 * 21000
+3 * 21000
+4 -3 21000
+2 * 21000
+3 * 21000
+3 +3 21000
+4 * 21000
+3 * 21000
+4 * 21000
+4 * 21000
+3 * 21000
+4 * 21000
+3 * 21000
+4 * 21000
+3 * 21000
+3 * 21000
+3 -3 21000
+3 * 21000
+3 +3 21000
+4 * 21000
+3 * 21000
+4 * 21000
+4 * 21000
+3 * 21000
+4 * 21000
+3 * 21000
+4 * 21000
+3 * 21000
+4 * 21000
+4 * 21000
+3 * 21000
+4 +3 21000
+4 * 21000
+3 * 21000
+3 -20 21000
+2 * 21000
+3 +4 21000
+4 +2 21000
+5 * 21000
+4 -2 21000
+4 +2 21000
+6 * 21000
-56 +11 1500
+3 * 1500
+4 * 1500
+4 * 1500
+3 * 1500
+4 +3 1500
+4 * 1500
+3 * 1500
+3 -20 1500
+2 * 1500
+3 +4 1500
+4 +2 1500
+5 * 1500
+4 -2 1500
+4 +2 1500
+6 * 1500
+4 -2 1500
+4 +2 1500
+5 * 1500
+3 * 1500
+3 * 1500
+3 +19 1500
+3 * 1500
+4 * 1500
+2 -19 1500
+2 +14 1500
+2 * 1500
+2 * 1500
+3 +5 1500
+2 -4 1500
+4 * 1500
+4 * 1500
+4 +14 1500
+3 -9 1500
+3 * 1500
+3 +9 1500
+3 * 1500
+3 * 1500
+3 -52 1500
+8 +1 1500
+2 -1 1500
+8 * 1500
+3 * 1500
+3 +1 1500
+2 * 1500
+2 * 1500
+3 -9 1500
+3 +1 1500
+3 +7 1500
+8 +1 1500
+3 -1 1500
+7 * 1500
+2 * 1500
+3 +1 1500
+2 * 1500
+3 * 1500
+2 * 1500
+4 +40 1500
+9 -28 1500
+3 * 1500
0x236696 +8 21000
+4 +2 21000
+5 * 21000
+3 * 21000
+3 * 21000
+3 +19 21000
+3 * 21000
+4 * 21000
+2 -19 21000
+2 +14 21000
+2 * 21000
+2 * 21000
+3 +5 21000
+2 -4 21000
+4 * 21000
+4 * 21000
+4 +14 21000
+3 -9 21000
+3 * 21000
+3 +9 21000
+3 * 21000
+3 * 21000
+3 -52 21000
+8 +1 21000
+2 -1 21000
+8 * 21000
+3 * 21000
+3 +1 21000
+2 * 21000
+2 * 21000
+3 -9 21000
+3 +1 21000
+3 +7 21000
+8 +1 21000
+3 -1 21000
+7 * 21000
+2 * 21000
+3 +1 21000
+2 * 21000
+3 * 21000
+2 * 21000
+4 +40 21000
+9 -28 21000
+3 * 21000
+3 +1 21000
+4 +1 21000
+3 * 21000
+3 +16 21000
+2 * 21000
+3 * 21000
+3 +3 21000
+4 * 21000
+2 * 21000
+5 * 21000
+3 * 21000
+4 * 21000
+3 * 21000
+3 * 21000
+2 * 21000
+4 * 21000
-48 -20 1500
+4 +1 1500
+3 * 1500
+3 +16 1500
+2 * 1500
+3 * 1500
+3 +3 1500
+4 * 1500
+2 * 1500
+5 * 1500
+3 * 1500
+4 * 1500
+3 * 1500
+3 * 1500
+2 * 1500
+4 * 1500
+3 * 1500
+4 * 1500
+3 -3 1500
+2 * 1500
+3 * 1500
+3 +3 1500
+4 * 1500
+2 * 1500
+3 * 1500
+4 * 1500
+3 * 1500
+3 * 1500
+2 * 1500
+4 * 1500
+3 * 1500
+4 * 1500
+2 * 1500
+3 -3 1500
+3 * 1500
+3 +3 1500
+4 * 1500
+2 * 1500
+3 * 1500
+4 * 1500
+3 * 1500
+4 * 1500
+3 * 1500
+4 * 1500
+3 * 1500
+3 +7 1500
+4 -7 1500
+3 +7 1500
+4 -4 1500
+2 * 1500
+3 * 1500
+3 * 1500
+3 -20 1500
+3 * 1500
+4 +4 1500
+5 +2 1500
+4 -2 1500
+5 +2 1500
+4 -2 1500
+5 +2 1500
0x236763 +11 21000
+4 * 21000
+3 -3 21000
+2 * 21000
+3 * 21000
+3 +3 21000
+4 * 21000
+2 * 21000
+3 * 21000
+4 * 21000
+3 * 21000
+3 * 21000
+2 * 21000
+4 * 21000
+3 * 21000
+4 * 21000
+2 * 21000
+3 -3 21000
+3 * 21000
+3 +3 21000
+4 * 21000
+2 * 21000
+3 * 21000
+4 * 21000
+3 * 21000
+4 * 21000
+3 * 21000
+4 * 21000
+3 * 21000
+3 +7 21000
+4 -7 21000
+3 +7 21000
+4 -4 21000
+2 * 21000
+3 * 21000
+3 * 21000
+3 -20 21000
+3 * 21000
+4 +4 21000
+5 +2 21000
+4 -2 21000
+5 +2 21000
+4 -2 21000
+5 +2 21000
+3 +19 21000
+3 * 21000
+4 * 21000
+3 -19 21000
+3 * 21000
+3 +14 21000
+3 * 21000
+3 * 21000
+8 * 21000
+2 +5 21000
+3 -4 21000
+4 * 21000
+4 +14 21000
+3 -9 21000
+3 * 21000
+3 -5 21000
-52 +4 1500
+3 * 1500
+4 * 1500
+3 -19 1500
+3 * 1500
+3 +14 1500
+3 * 1500
+3 * 1500
+8 * 1500
+2 +5 1500
+3 -4 1500
+4 * 1500
+4 +14 1500
+3 -9 1500
+3 * 1500
+3 -5 1500
+3 +14 1500
+3 * 1500
+3 * 1500
+3 -52 1500
+8 +1 1500
+2 -1 1500
+8 * 1500
+3 * 1500
+3 +1 1500
+3 * 1500
+2 * 1500
+3 -9 1500
+3 +8 1500
+7 * 1500
+3 * 1500
fe=(483)
+4 169 1500
fi=(484)
+3 11 1500
+3 * 1500
+7 +8 1500
+2 -1 1500
+7 +1 1500
fe=(483)
+2 169 1500
+3 * 1500
+2 * 1500
+7 * 1500
fi=(448)
+4 1908 1500
fi=(474)
+4 1169 1500
fi=(486)
+4 563 1500
fi=(484)
0x23682c 70 21000
+3 * 21000
+3 * 21000
+3 -52 21000
+8 +1 21000
+2 -1 21000
+8 * 21000
+3 * 21000
+3 +1 21000
+3 * 21000
+2 * 21000
+3 -9 21000
+3 +8 21000
+7 * 21000
+3 * 21000
fe=(483)
+4 169 21000
fi=(484)
+3 11 21000
+3 * 21000
+7 +8 21000
+2 -1 21000
+7 +1 21000
fe=(483)
+2 169 21000
+3 * 21000
+2 * 21000
+7 * 21000
fi=(448)
+4 1908 21000
fi=(474)
+4 1169 21000
fi=(486)
+4 563 21000
jfi=(483)
jcnd=1500/21000 0x233760 0 
* * 
+6 * 21000
+4 * 21000
jfi=(484)
jcnd=21000/21000 0x2365c0 49 
* * 
+11 0 100
+9 0 100
+9 0 100
+8 0 100
+8 0 100
+8 0 100
+2 0 100
+8 0 100
+2 0 100
+8 0 100
+9 0 100
+9 0 100
jfi=(483)
jump=100 0x236a1e 183 
* 0 
fe=(483)
+5 185 2
+4 * 2
+5 * 2
+5 * 2
+4 +1 2
+4 * 2
+4 -1 2
+5 * 2
+4 * 2
+4 +1 2
+4 -1 2
+3 * 2
+4 * 2
+4 +1 2
+5 * 2
+3 -1 2
+3 * 2
+4 * 2
+4 +1 2
+5 * 2
+3 -1 2
+3 * 2
+4 * 2
+4 +1 2
+6 * 2
+4 * 2
+4 * 2
+4 * 2
+5 * 2
+4 * 2
+5 * 2
+4 * 2
+4 * 2
+5 * 2
+4 * 2
+5 * 2
+3 * 2
+3 * 2
+3 * 2
+3 +1 2
+4 * 2
+5 * 2
+4 * 2
+4 * 2
+4 * 2
+5 * 2
+4 * 2
+2 * 2
+6 * 2
+2 * 2
+6 * 2
+2 * 2
+2 * 2
+6 * 2
+3 * 2
+6 * 2
+2 * 2
+2 * 2
+3 * 2
+2 * 2
+6 * 2
+2 * 2
+3 * 2
+2 * 2
+4 * 2
+3 * 2
+3 * 2
+3 -1 2
+9 0 2
+3 189 2
+4 * 2
+3 * 2
fi=(448)
+3 1908 2
fi=(474)
+4 772 2
fe=(483)
-26 186 4598
+9 0 4598
+3 189 4598
+4 * 4598
+3 * 4598
fi=(448)
+3 1908 4598
fi=(474)
+4 772 4598
jfi=(483)
jcnd=100/4598 +30 195 
* * 
fe=(483)
+2 183 4600
+8 * 4600
+9 * 4600
jcnd=2/4600 0x236900 +2 
* * 
+6 0 4598
+3 0 4598
jump=4598 -54 186 
* 0 
+2 195 100
+9 * 100
+9 * 100
+9 * 100
+9 * 100
+4 * 100
+4 * 100
+4 * 100
+6 * 100
+4 * 100
+9 * 100
+6 * 100
+4 * 100
+4 * 100
+4 * 100
+4 * 100
+9 * 100
+9 * 100
+4 * 100
+4 * 100
+9 * 100
+4 * 100
+9 * 100
+9 * 100
+4 * 100
+4 * 100
+9 * 100
+4 * 100
+9 * 100
+8 * 100
fi=(455)
+7 547 100
+8 * 100
+8 * 100
+3 2171 100
+5 * 100
+5 * 100
+5 * 100
+5 * 100
+5 * 100
+5 * 100
+5 * 100
+5 * 100
+5 * 100
+5 * 100
+5 * 100
+5 * 100
+5 * 100
+5 * 100
+5 * 100
+5 * 100
+8 * 100
+8 * 100
+8 * 100
+8 * 100
+8 * 100
+8 * 100
+8 * 100
+8 * 100
+8 * 100
+8 * 100
+8 * 100
+8 * 100
+8 * 100
+8 * 100
+8 * 100
+8 * 100
+8 * 100
+8 * 100
+8 * 100
+8 * 100
+8 * 100
+8 * 100
+8 * 100
+8 * 100
+8 * 100
+8 * 100
+8 * 100
+8 * 100
+8 * 100
fe=(483)
+8 230 100
+7 * 100
+1 * 100
+2 * 100
+2 * 100
+2 * 100
+2 * 100
+1 * 100

fn=(2582) hqc::reed_solomon::reed_solomon_encode
0x236c70 19 200
+1 * 200
+2 * 200
+2 * 200
+2 * 200
+2 * 200
+1 * 200
+7 * 200
+8 * 200
fi=(455)
+8 547 200
+3 * 200
+8 * 200
+5 * 200
+6 * 200
+8 * 200
+8 * 200
+8 * 200
+5 * 200
+8 * 200
+8 * 200
+8 * 200
+8 * 200
+6 * 200
+8 * 200
+8 * 200
+8 * 200
+8 * 200
+8 * 200
+8 * 200
+8 * 200
+5 * 200
+8 * 200
+8 * 200
+8 * 200
+8 * 200
+7 * 200
+8 * 200
+8 * 200
+8 * 200
+8 * 200
+2 * 200
+2 * 200
+2 0 200
+12 0 200
+4 0 200
+8 0 200
+7 0 200
+7 0 200
+7 0 200
+7 0 200
fe=(483)
+8 31 200
+8 * 200
+4 * 200
+2 * 200
fi=(484)
+3 +18 200
+3 * 200
+3 * 200
+2 * 200
+3 -14 200
+2 * 200
fi=(455)
-78 -35 3000
+4 0 3000
+8 0 3000
+7 0 3000
+7 0 3000
+7 0 3000
+7 0 3000
fe=(483)
+8 31 3000
+8 * 3000
+4 * 3000
+2 * 3000
fi=(484)
+3 +18 3000
+3 * 3000
+3 * 3000
+2 * 3000
+3 -14 3000
+2 * 3000
+2 * 3000
+4 * 3000
+3 +4 3000
+4 +2 3000
+5 * 3000
+5 * 3000
+3 * 3000
+7 * 3000
+5 * 3000
+5 * 3000
+3 * 3000
+4 * 3000
+5 * 3000
+5 * 3000
+3 * 3000
+7 * 3000
+5 * 3000
+5 * 3000
+3 * 3000
+4 * 3000
+5 * 3000
+5 * 3000
+3 * 3000
+4 * 3000
+5 * 3000
+5 * 3000
+3 * 3000
+4 * 3000
+5 * 3000
+5 * 3000
+3 * 3000
+4 * 3000
+5 * 3000
+5 * 3000
+3 * 3000
+4 * 3000
+5 * 3000
+5 * 3000
+3 * 3000
+4 * 3000
+5 * 3000
+5 * 3000
+3 * 3000
0x236dd0 -6 200
+4 * 200
+3 +4 200
+4 +2 200
+5 * 200
+5 * 200
+3 * 200
+7 * 200
+5 * 200
+5 * 200
+3 * 200
+4 * 200
+5 * 200
+5 * 200
+3 * 200
+7 * 200
+5 * 200
+5 * 200
+3 * 200
+4 * 200
+5 * 200
+5 * 200
+3 * 200
+4 * 200
+5 * 200
+5 * 200
+3 * 200
+4 * 200
+5 * 200
+5 * 200
+3 * 200
+4 * 200
+5 * 200
+5 * 200
+3 * 200
+4 * 200
+5 * 200
+5 * 200
+3 * 200
+4 * 200
+5 * 200
+5 * 200
+3 * 200
+7 * 200
+5 * 200
+5 * 200
+3 * 200
+4 * 200
+5 * 200
+5 * 200
+3 * 200
+4 * 200
+5 * 200
+5 * 200
+3 * 200
+7 * 200
+6 * 200
+5 * 200
+4 * 200
+8 * 200
-77 * 3000
+5 * 3000
+5 * 3000
+3 * 3000
+4 * 3000
+5 * 3000
+5 * 3000
+3 * 3000
+4 * 3000
+5 * 3000
+5 * 3000
+3 * 3000
+7 * 3000
+6 * 3000
+5 * 3000
+4 * 3000
+8 * 3000
+5 * 3000
+5 * 3000
+3 * 3000
+4 * 3000
+5 * 3000
+5 * 3000
+3 * 3000
+4 * 3000
+5 * 3000
+5 * 3000
+3 * 3000
+4 * 3000
+5 * 3000
+5 * 3000
+3 * 3000
+4 * 3000
+5 * 3000
+5 * 3000
+3 * 3000
+4 * 3000
+5 * 3000
+5 * 3000
+3 * 3000
+4 * 3000
+6 * 3000
+5 * 3000
+4 * 3000
+5 * 3000
+6 * 3000
+5 * 3000
+4 * 3000
+5 * 3000
+6 * 3000
+5 * 3000
+4 * 3000
+5 * 3000
+6 * 3000
+5 * 3000
+4 * 3000
+8 * 3000
+6 * 3000
+5 * 3000
+4 * 3000
0x236ee0 * 200
+5 * 200
+3 * 200
+4 * 200
+5 * 200
+5 * 200
+3 * 200
+4 * 200
+5 * 200
+5 * 200
+3 * 200
+4 * 200
+5 * 200
+5 * 200
+3 * 200
+4 * 200
+5 * 200
+5 * 200
+3 * 200
+4 * 200
+5 * 200
+5 * 200
+3 * 200
+4 * 200
+6 * 200
+5 * 200
+4 * 200
+5 * 200
+6 * 200
+5 * 200
+4 * 200
+5 * 200
+6 * 200
+5 * 200
+4 * 200
+5 * 200
+6 * 200
+5 * 200
+4 * 200
+8 * 200
+6 * 200
+5 * 200
+4 * 200
+8 -2 200
+4 +2 200
+5 * 200
+5 * 200
+3 * 200
+4 * 200
+5 * 200
+6 * 200
+4 * 200
+7 * 200
+6 * 200
+6 * 200
+4 * 200
+8 * 200
+5 * 200
+6 * 200
+4 * 200
-82 -2 3000
+4 +2 3000
+5 * 3000
+5 * 3000
+3 * 3000
+4 * 3000
+5 * 3000
+6 * 3000
+4 * 3000
+7 * 3000
+6 * 3000
+6 * 3000
+4 * 3000
+8 * 3000
+5 * 3000
+6 * 3000
+4 * 3000
+7 * 3000
+5 * 3000
+6 * 3000
+4 * 3000
+4 * 3000
+5 * 3000
+6 * 3000
+4 * 3000
+4 * 3000
+5 * 3000
+6 * 3000
+4 * 3000
+4 * 3000
+5 * 3000
+6 * 3000
+4 * 3000
+4 * 3000
+5 * 3000
+6 * 3000
+4 * 3000
+7 * 3000
+5 * 3000
+6 * 3000
+4 * 3000
+4 * 3000
+5 * 3000
+6 * 3000
+4 * 3000
+7 * 3000
+5 * 3000
+6 * 3000
+4 * 3000
+8 * 3000
+5 * 3000
+6 * 3000
+4 * 3000
+4 * 3000
+6 * 3000
+6 * 3000
+4 * 3000
+8 * 3000
+5 * 3000
+6 * 3000
0x237004 * 200
+5 * 200
+6 * 200
+4 * 200
+4 * 200
+5 * 200
+6 * 200
+4 * 200
+4 * 200
+5 * 200
+6 * 200
+4 * 200
+4 * 200
+5 * 200
+6 * 200
+4 * 200
+4 * 200
+5 * 200
+6 * 200
+4 * 200
+7 * 200
+5 * 200
+6 * 200
+4 * 200
+4 * 200
+5 * 200
+6 * 200
+4 * 200
+7 * 200
+5 * 200
+6 * 200
+4 * 200
+8 * 200
+5 * 200
+6 * 200
+4 * 200
+4 * 200
+6 * 200
+6 * 200
+4 * 200
+8 * 200
+5 * 200
+6 * 200
+4 * 200
+7 * 200
+5 * 200
+6 * 200
+4 * 200
+4 * 200
+5 * 200
+6 * 200
+4 * 200
+7 * 200
+5 * 200
+6 * 200
+4 * 200
+4 * 200
+5 * 200
+6 * 200
+4 * 200
-82 * 3000
+7 * 3000
+5 * 3000
+6 * 3000
+4 * 3000
+4 * 3000
+5 * 3000
+6 * 3000
+4 * 3000
+7 * 3000
+5 * 3000
+6 * 3000
+4 * 3000
+4 * 3000
+5 * 3000
+6 * 3000
+4 * 3000
+4 * 3000
+5 * 3000
+6 * 3000
+4 * 3000
+7 * 3000
+6 * 3000
+6 * 3000
+4 * 3000
+5 * 3000
+6 * 3000
+6 * 3000
+4 * 3000
+8 * 3000
+6 * 3000
+6 * 3000
+4 * 3000
+5 * 3000
+6 * 3000
+6 * 3000
+4 * 3000
+8 * 3000
+6 * 3000
+6 * 3000
+4 * 3000
+8 -2 3000
+4 +2 3000
+5 * 3000
+5 * 3000
+3 * 3000
+7 * 3000
+5 * 3000
+5 * 3000
+3 * 3000
+4 * 3000
+6 * 3000
+5 * 3000
+4 * 3000
+8 * 3000
+5 * 3000
+5 * 3000
+3 * 3000
+7 * 3000
+5 * 3000
0x237136 * 200
+5 * 200
+6 * 200
+4 * 200
+7 * 200
+6 * 200
+6 * 200
+4 * 200
+5 * 200
+6 * 200
+6 * 200
+4 * 200
+8 * 200
+6 * 200
+6 * 200
+4 * 200
+5 * 200
+6 * 200
+6 * 200
+4 * 200
+8 * 200
+6 * 200
+6 * 200
+4 * 200
+8 -2 200
+4 +2 200
+5 * 200
+5 * 200
+3 * 200
+7 * 200
+5 * 200
+5 * 200
+3 * 200
+4 * 200
+6 * 200
+5 * 200
+4 * 200
+8 * 200
+5 * 200
+5 * 200
+3 * 200
+7 * 200
+5 * 200
+5 * 200
+3 * 200
+7 * 200
+5 * 200
+5 * 200
+3 * 200
+7 * 200
+5 * 200
+5 * 200
+3 * 200
+7 * 200
+5 * 200
+5 * 200
+3 * 200
+7 * 200
+5 * 200
+5 * 200
-80 * 3000
+3 * 3000
+7 * 3000
+5 * 3000
+5 * 3000
+3 * 3000
+7 * 3000
+5 * 3000
+5 * 3000
+3 * 3000
+7 * 3000
+5 * 3000
+5 * 3000
+3 * 3000
+7 * 3000
+5 * 3000
+5 * 3000
+3 * 3000
+7 * 3000
+5 * 3000
+5 * 3000
+3 * 3000
+7 * 3000
+5 * 3000
+4 * 3000
+7 * 3000
+5 * 3000
+5 * 3000
+3 * 3000
+7 * 3000
+5 * 3000
+5 * 3000
+3 * 3000
+7 * 3000
+6 * 3000
+5 * 3000
+4 * 3000
+8 * 3000
+5 * 3000
+5 * 3000
+3 * 3000
+7 * 3000
+5 * 3000
+5 * 3000
+3 * 3000
+7 * 3000
+5 * 3000
+5 * 3000
+3 * 3000
+7 * 3000
+5 * 3000
+5 * 3000
+3 * 3000
+7 * 3000
+5 * 3000
+5 * 3000
+3 * 3000
+7 * 3000
+5 * 3000
+3 * 3000
0x23726f * 200
+7 * 200
+5 * 200
+5 * 200
+3 * 200
+7 * 200
+5 * 200
+4 * 200
+7 * 200
+5 * 200
+5 * 200
+3 * 200
+7 * 200
+5 * 200
+5 * 200
+3 * 200
+7 * 200
+6 * 200
+5 * 200
+4 * 200
+8 * 200
+5 * 200
+5 * 200
+3 * 200
+7 * 200
+5 * 200
+5 * 200
+3 * 200
+7 * 200
+5 * 200
+5 * 200
+3 * 200
+7 * 200
+5 * 200
+5 * 200
+3 * 200
+7 * 200
+5 * 200
+5 * 200
+3 * 200
+7 * 200
+5 * 200
+3 * 200
+7 * 200
+5 * 200
+3 * 200
+7 * 200
+5 * 200
+4 * 200
+7 * 200
+5 * 200
+5 * 200
+3 * 200
+4 * 200
+5 * 200
+5 * 200
+3 * 200
+7 * 200
+5 * 200
+5 * 200
-78 * 3000
+5 * 3000
+3 * 3000
+7 * 3000
+5 * 3000
+4 * 3000
+7 * 3000
+5 * 3000
+5 * 3000
+3 * 3000
+4 * 3000
+5 * 3000
+5 * 3000
+3 * 3000
+7 * 3000
+5 * 3000
+5 * 3000
+3 * 3000
+7 +11 3000
+4 * 3000
+5 * 3000
+5 * 3000
+3 * 3000
+7 * 3000
+5 * 3000
+3 * 3000
+7 * 3000
+4 * 3000
+5 * 3000
+3 * 3000
+7 * 3000
+5 * 3000
+3 * 3000
+7 * 3000
+4 * 3000
+5 * 3000
+3 * 3000
+7 * 3000
+5 * 3000
+3 * 3000
+7 * 3000
+4 * 3000
+5 * 3000
+3 * 3000
+7 * 3000
+5 * 3000
+3 * 3000
+7 * 3000
+5 * 3000
+3 * 3000
+4 * 3000
+5 * 3000
+3 * 3000
+7 * 3000
+5 * 3000
+3 * 3000
+7 * 3000
+5 * 3000
+3 * 3000
+7 * 3000
0x23739d -11 200
+7 +11 200
+4 * 200
+5 * 200
+5 * 200
+3 * 200
+7 * 200
+5 * 200
+3 * 200
+7 * 200
+4 * 200
+5 * 200
+3 * 200
+7 * 200
+5 * 200
+3 * 200
+7 * 200
+4 * 200
+5 * 200
+3 * 200
+7 * 200
+5 * 200
+3 * 200
+7 * 200
+4 * 200
+5 * 200
+3 * 200
+7 * 200
+5 * 200
+3 * 200
+7 * 200
+5 * 200
+3 * 200
+4 * 200
+5 * 200
+3 * 200
+7 * 200
+5 * 200
+3 * 200
+7 * 200
+5 * 200
+3 * 200
+7 * 200
+5 * 200
+3 * 200
+7 * 200
+5 * 200
+3 * 200
+7 * 200
+5 * 200
+3 * 200
+7 * 200
+5 * 200
+3 * 200
+7 * 200
+5 * 200
+3 * 200
+7 * 200
+5 * 200
+3 * 200
-78 * 3000
+3 * 3000
+7 * 3000
+5 * 3000
+3 * 3000
+7 * 3000
+5 * 3000
+3 * 3000
+7 * 3000
+5 * 3000
+3 * 3000
+7 * 3000
+5 * 3000
+3 * 3000
+7 * 3000
+5 * 3000
+3 * 3000
+7 * 3000
+5 * 3000
+3 * 3000
+7 * 3000
+5 * 3000
+3 * 3000
+7 * 3000
+5 * 3000
+3 * 3000
+7 * 3000
+5 * 3000
+3 * 3000
+7 * 3000
+5 * 3000
+3 * 3000
+7 * 3000
+5 * 3000
+3 * 3000
+7 * 3000
+5 * 3000
+3 * 3000
+7 * 3000
+5 * 3000
+3 * 3000
+7 * 3000
+5 * 3000
+3 * 3000
+7 * 3000
+5 * 3000
+3 * 3000
+7 * 3000
+5 * 3000
+3 * 3000
+7 * 3000
+5 * 3000
+3 * 3000
+7 * 3000
+4 * 3000
+5 * 3000
+3 * 3000
+7 * 3000
+5 * 3000
+3 * 3000
0x2374c4 * 200
+5 * 200
+3 * 200
+7 * 200
+5 * 200
+3 * 200
+7 * 200
+5 * 200
+3 * 200
+7 * 200
+5 * 200
+3 * 200
+7 * 200
+5 * 200
+3 * 200
+7 * 200
+5 * 200
+3 * 200
+7 * 200
+5 * 200
+3 * 200
+7 * 200
+5 * 200
+3 * 200
+7 * 200
+5 * 200
+3 * 200
+7 * 200
+5 * 200
+3 * 200
+7 * 200
+5 * 200
+3 * 200
+7 * 200
+5 * 200
+3 * 200
+7 * 200
+4 * 200
+5 * 200
+3 * 200
+7 * 200
+5 * 200
+3 * 200
+7 * 200
+5 * 200
+3 * 200
+7 * 200
+5 * 200
+3 * 200
+7 * 200
+5 * 200
+3 * 200
+7 * 200
+5 * 200
+3 * 200
+7 * 200
+5 * 200
+3 * 200
+7 * 200
+5 * 200
-80 * 3000
+5 * 3000
+3 * 3000
+7 * 3000
+5 * 3000
+3 * 3000
+7 * 3000
+5 * 3000
+3 * 3000
+7 * 3000
+5 * 3000
+3 * 3000
+7 * 3000
+5 * 3000
+3 * 3000
+7 * 3000
+5 * 3000
+3 * 3000
+7 * 3000
+5 * 3000
+3 * 3000
+7 * 3000
+5 * 3000
+3 * 3000
+7 * 3000
+5 * 3000
+3 * 3000
+7 * 3000
+5 * 3000
+3 * 3000
+7 * 3000
+5 * 3000
+3 * 3000
+7 * 3000
+5 * 3000
+3 * 3000
+7 * 3000
+5 * 3000
+3 * 3000
+7 * 3000
+5 * 3000
+3 * 3000
+7 * 3000
+5 * 3000
+3 * 3000
+7 * 3000
+5 * 3000
+3 * 3000
+7 * 3000
+5 * 3000
+3 * 3000
+7 * 3000
+5 * 3000
+3 * 3000
+7 * 3000
+5 * 3000
+3 * 3000
+7 * 3000
+5 * 3000
+3 * 3000
0x2375ed * 200
+7 * 200
+5 * 200
+3 * 200
+7 * 200
+5 * 200
+3 * 200
+7 * 200
+5 * 200
+3 * 200
+7 * 200
+5 * 200
+3 * 200
+7 * 200
+5 * 200
+3 * 200
+7 * 200
+5 * 200
+3 * 200
+7 * 200
+5 * 200
+3 * 200
+7 * 200
+5 * 200
+3 * 200
+7 * 200
+5 * 200
+3 * 200
+7 * 200
+5 * 200
+3 * 200
+7 * 200
+5 * 200
+3 * 200
+7 * 200
+5 * 200
+3 * 200
+7 * 200
+5 * 200
+3 * 200
+7 * 200
+5 * 200
+3 * 200
+7 * 200
+5 * 200
+3 * 200
+7 * 200
+5 * 200
+3 * 200
+7 * 200
+4 * 200
+6 * 200
+4 * 200
+6 * 200
+4 * 200
+5 * 200
+3 * 200
+8 * 200
+5 * 200
+3 * 200
-78 * 3000
+5 * 3000
+3 * 3000
+7 * 3000
+5 * 3000
+3 * 3000
+7 * 3000
+4 * 3000
+6 * 3000
+4 * 3000
+6 * 3000
+4 * 3000
+5 * 3000
+3 * 3000
+8 * 3000
+5 * 3000
+3 * 3000
+7 * 3000
+5 * 3000
+3 * 3000
+8 * 3000
+5 * 3000
+3 * 3000
+7 * 3000
+5 * 3000
+3 * 3000
+7 * 3000
+5 * 3000
+3 * 3000
+7 * 3000
+5 * 3000
+3 * 3000
+7 * 3000
+5 * 3000
+3 * 3000
+7 * 3000
+5 * 3000
+3 * 3000
+7 * 3000
+5 * 3000
+3 * 3000
+7 * 3000
+5 * 3000
+3 * 3000
+7 * 3000
+5 * 3000
+3 * 3000
+7 * 3000
+5 * 3000
+3 * 3000
+8 * 3000
+5 * 3000
+3 * 3000
+7 * 3000
+5 * 3000
+3 * 3000
+7 * 3000
+5 * 3000
+3 * 3000
+7 * 3000
0x23771b * 200
+5 * 200
+3 * 200
+8 * 200
+5 * 200
+3 * 200
+7 * 200
+5 * 200
+3 * 200
+7 * 200
+5 * 200
+3 * 200
+7 * 200
+5 * 200
+3 * 200
+7 * 200
+5 * 200
+3 * 200
+7 * 200
+5 * 200
+3 * 200
+7 * 200
+5 * 200
+3 * 200
+7 * 200
+5 * 200
+3 * 200
+7 * 200
+5 * 200
+3 * 200
+7 * 200
+5 * 200
+3 * 200
+8 * 200
+5 * 200
+3 * 200
+7 * 200
+5 * 200
+3 * 200
+7 * 200
+5 * 200
+3 * 200
+7 * 200
+5 * 200
+3 * 200
+7 * 200
+5 * 200
+3 * 200
+7 * 200
+5 * 200
+3 * 200
+7 * 200
+5 * 200
+3 * 200
+7 * 200
+5 * 200
+3 * 200
+7 * 200
+5 * 200
+3 * 200
-78 * 3000
+3 * 3000
+7 * 3000
+5 * 3000
+3 * 3000
+7 * 3000
+5 * 3000
+3 * 3000
+7 * 3000
+5 * 3000
+3 * 3000
+7 * 3000
+5 * 3000
+3 * 3000
+7 * 3000
+5 * 3000
+3 * 3000
+7 * 3000
+2 * 3000
+4 * 3000
+5 * 3000
+3 * 3000
+7 * 3000
+5 * 3000
+3 * 3000
+7 * 3000
+5 * 3000
+3 * 3000
+7 * 3000
+5 * 3000
+3 * 3000
+7 * 3000
+5 * 3000
+3 * 3000
+7 * 3000
+5 * 3000
+3 * 3000
+7 * 3000
+5 * 3000
+3 * 3000
+7 * 3000
+5 * 3000
+3 * 3000
+7 * 3000
+5 * 3000
+3 * 3000
+7 * 3000
+5 * 3000
+3 * 3000
+7 * 3000
+5 * 3000
+3 * 3000
+7 * 3000
+5 * 3000
+3 * 3000
+7 * 3000
+5 * 3000
+3 * 3000
+7 * 3000
+5 * 3000
0x237849 * 200
+2 * 200
+4 * 200
+5 * 200
+3 * 200
+7 * 200
+5 * 200
+3 * 200
+7 * 200
+5 * 200
+3 * 200
+7 * 200
+5 * 200
+3 * 200
+7 * 200
+5 * 200
+3 * 200
+7 * 200
+5 * 200
+3 * 200
+7 * 200
+5 * 200
+3 * 200
+7 * 200
+5 * 200
+3 * 200
+7 * 200
+5 * 200
+3 * 200
+7 * 200
+5 * 200
+3 * 200
+7 * 200
+5 * 200
+3 * 200
+7 * 200
+5 * 200
+3 * 200
+7 * 200
+5 * 200
+3 * 200
+7 * 200
+5 * 200
+3 * 200
+7 * 200
+5 * 200
+3 * 200
+7 * 200
+5 * 200
+3 * 200
+7 * 200
+5 * 200
+3 * 200
+7 * 200
+5 * 200
+3 * 200
+7 * 200
+5 * 200
+3 * 200
+7 * 200
-82 * 3000
+7 * 3000
+5 * 3000
+3 * 3000
+7 * 3000
+5 * 3000
+3 * 3000
+7 * 3000
+5 * 3000
+3 * 3000
+7 * 3000
+5 * 3000
+3 * 3000
+7 * 3000
+5 * 3000
+3 * 3000
+7 * 3000
+5 * 3000
+3 * 3000
+7 * 3000
+5 * 3000
+3 * 3000
+7 * 3000
+3 * 3000
+8 * 3000
+5 * 3000
+3 * 3000
+7 * 3000
+4 * 3000
+5 * 3000
+3 * 3000
+7 * 3000
+5 * 3000
+3 * 3000
+7 * 3000
+5 * 3000
+3 * 3000
+7 * 3000
+5 * 3000
+3 * 3000
+7 * 3000
+5 * 3000
+3 * 3000
+7 * 3000
+5 * 3000
+3 * 3000
+7 * 3000
+5 * 3000
+3 * 3000
+7 * 3000
+5 * 3000
+3 * 3000
+7 * 3000
+5 * 3000
+3 * 3000
+7 * 3000
+5 * 3000
+3 * 3000
+7 * 3000
+5 * 3000
0x237971 * 200
+3 * 200
+7 * 200
+5 * 200
+3 * 200
+7 * 200
+3 * 200
+8 * 200
+5 * 200
+3 * 200
+7 * 200
+4 * 200
+5 * 200
+3 * 200
+7 * 200
+5 * 200
+3 * 200
+7 * 200
+5 * 200
+3 * 200
+7 * 200
+5 * 200
+3 * 200
+7 * 200
+5 * 200
+3 * 200
+7 * 200
+5 * 200
+3 * 200
+7 * 200
+5 * 200
+3 * 200
+7 * 200
+5 * 200
+3 * 200
+7 * 200
+5 * 200
+3 * 200
+7 * 200
+5 * 200
+3 * 200
+7 * 200
+5 * 200
+3 * 200
+7 * 200
+5 * 200
+3 * 200
+7 * 200
+5 * 200
+3 * 200
+7 * 200
+5 * 200
+3 * 200
+7 * 200
+5 * 200
+3 * 200
+7 * 200
+5 * 200
+3 * 200
+7 * 200
-82 * 3000
+7 * 3000
+5 * 3000
+3 * 3000
+7 * 3000
+5 * 3000
+3 * 3000
+7 * 3000
+5 * 3000
+3 * 3000
+7 * 3000
+5 * 3000
+3 * 3000
+7 * 3000
+5 * 3000
+3 * 3000
+7 * 3000
+5 * 3000
+3 * 3000
+7 * 3000
+5 * 3000
+3 * 3000
+7 * 3000
+5 * 3000
+3 * 3000
+7 * 3000
+5 * 3000
+3 * 3000
+7 * 3000
+5 * 3000
+3 * 3000
+7 * 3000
+5 * 3000
+3 * 3000
+7 * 3000
+5 * 3000
+3 * 3000
+7 * 3000
+2 * 3000
+4 * 3000
+5 * 3000
+3 * 3000
+6 * 3000
+4 * 3000
+6 * 3000
+4 * 3000
+6 * 3000
+4 * 3000
+5 * 3000
+3 * 3000
+7 * 3000
+5 * 3000
+3 * 3000
+7 * 3000
+5 * 3000
+3 * 3000
+7 * 3000
+5 * 3000
+3 * 3000
+7 * 3000
0x237a9d * 200
+3 * 200
+7 * 200
+5 * 200
+3 * 200
+7 * 200
+5 * 200
+3 * 200
+7 * 200
+5 * 200
+3 * 200
+7 * 200
+5 * 200
+3 * 200
+7 * 200
+5 * 200
+3 * 200
+7 * 200
+5 * 200
+3 * 200
+7 * 200
+2 * 200
+4 * 200
+5 * 200
+3 * 200
+6 * 200
+4 * 200
+6 * 200
+4 * 200
+6 * 200
+4 * 200
+5 * 200
+3 * 200
+7 * 200
+5 * 200
+3 * 200
+7 * 200
+5 * 200
+3 * 200
+7 * 200
+5 * 200
+3 * 200
+7 * 200
+5 * 200
+3 * 200
+7 * 200
+5 * 200
+3 * 200
+7 * 200
+5 * 200
+3 * 200
+7 * 200
+5 * 200
+3 * 200
+7 * 200
+5 * 200
+3 * 200
+7 * 200
+5 * 200
+3 * 200
-78 * 3000
+3 * 3000
+7 * 3000
+5 * 3000
+3 * 3000
+7 * 3000
+5 * 3000
+3 * 3000
+7 * 3000
+5 * 3000
+3 * 3000
+7 * 3000
+5 * 3000
+3 * 3000
+7 * 3000
+5 * 3000
+3 * 3000
+7 * 3000
+5 * 3000
+3 * 3000
+7 * 3000
+5 * 3000
+3 * 3000
+7 * 3000
+5 * 3000
+3 * 3000
+7 * 3000
+5 * 3000
+3 * 3000
+7 * 3000
+5 * 3000
+3 * 3000
+7 * 3000
+5 * 3000
+3 * 3000
+7 * 3000
+5 * 3000
+3 * 3000
+7 * 3000
+4 * 3000
+8 * 3000
+5 * 3000
+3 * 3000
+7 * 3000
+2 * 3000
+3 -3 3000
+3 * 3000
+3 +3 3000
+4 * 3000
+5 * 3000
+3 * 3000
+5 * 3000
+3 * 3000
+7 * 3000
+5 * 3000
+3 * 3000
+7 * 3000
+5 * 3000
+3 * 3000
+7 * 3000
0x237bc3 * 200
+5 * 200
+3 * 200
+7 * 200
+5 * 200
+3 * 200
+7 * 200
+5 * 200
+3 * 200
+7 * 200
+5 * 200
+3 * 200
+7 * 200
+5 * 200
+3 * 200
+7 * 200
+5 * 200
+3 * 200
+7 * 200
+5 * 200
+3 * 200
+7 * 200
+4 * 200
+8 * 200
+5 * 200
+3 * 200
+7 * 200
+2 * 200
+3 -3 200
+3 * 200
+3 +3 200
+4 * 200
+5 * 200
+3 * 200
+5 * 200
+3 * 200
+7 * 200
+5 * 200
+3 * 200
+7 * 200
+5 * 200
+3 * 200
+7 * 200
+5 * 200
+3 * 200
+7 * 200
+5 * 200
+3 * 200
+7 * 200
+5 * 200
+3 * 200
+7 * 200
+5 * 200
+3 * 200
+7 * 200
+5 * 200
+3 * 200
+7 * 200
+5 * 200
+3 * 200
-78 * 3000
+3 * 3000
+7 * 3000
+5 * 3000
+3 * 3000
+7 * 3000
+5 * 3000
+3 * 3000
+7 * 3000
+5 * 3000
+3 * 3000
+7 * 3000
+5 * 3000
+3 * 3000
+7 * 3000
+5 * 3000
+3 * 3000
+7 * 3000
+5 * 3000
+3 * 3000
+7 * 3000
+5 * 3000
+3 * 3000
+7 * 3000
+5 * 3000
+3 * 3000
+7 * 3000
+5 * 3000
+3 * 3000
+7 * 3000
+5 * 3000
+3 * 3000
+7 * 3000
+5 * 3000
+3 * 3000
+7 * 3000
+5 * 3000
+3 * 3000
+7 * 3000
+5 * 3000
+3 * 3000
+7 * 3000
+5 * 3000
+3 * 3000
+7 * 3000
+5 * 3000
+3 * 3000
+7 * 3000
+5 * 3000
+3 * 3000
+7 * 3000
+5 * 3000
+3 * 3000
+7 * 3000
+5 * 3000
+3 * 3000
+7 * 3000
+5 * 3000
+3 * 3000
+7 * 3000
0x237ce5 * 200
+5 * 200
+3 * 200
+7 * 200
+5 * 200
+3 * 200
+7 * 200
+5 * 200
+3 * 200
+7 * 200
+5 * 200
+3 * 200
+7 * 200
+5 * 200
+3 * 200
+7 * 200
+5 * 200
+3 * 200
+7 * 200
+5 * 200
+3 * 200
+7 * 200
+5 * 200
+3 * 200
+7 * 200
+5 * 200
+3 * 200
+7 * 200
+5 * 200
+3 * 200
+7 * 200
+5 * 200
+3 * 200
+7 * 200
+5 * 200
+3 * 200
+7 * 200
+5 * 200
+3 * 200
+7 * 200
+5 * 200
+3 * 200
+7 * 200
+4 * 200
+5 * 200
+3 * 200
+5 * 200
+3 * 200
+7 * 200
+5 * 200
+3 * 200
+7 * 200
+5 * 200
+3 * 200
+7 * 200
+5 * 200
+3 * 200
+7 * 200
+5 * 200
+3 * 200
-76 * 3000
+5 * 3000
+3 * 3000
+5 * 3000
+3 * 3000
+7 * 3000
+5 * 3000
+3 * 3000
+7 * 3000
+5 * 3000
+3 * 3000
+7 * 3000
+5 * 3000
+3 * 3000
+7 * 3000
+5 * 3000
+3 * 3000
+7 * 3000
+5 * 3000
+3 * 3000
+7 * 3000
+5 * 3000
+3 * 3000
+7 * 3000
+5 * 3000
+3 * 3000
+7 * 3000
+5 * 3000
+3 * 3000
+7 * 3000
+5 * 3000
+3 * 3000
+7 * 3000
+5 * 3000
+3 * 3000
+7 * 3000
+5 * 3000
+3 * 3000
+7 * 3000
+5 * 3000
+3 * 3000
+7 * 3000
+5 * 3000
+3 * 3000
+7 * 3000
+5 * 3000
+3 * 3000
+7 * 3000
+5 * 3000
+3 * 3000
+7 * 3000
+5 * 3000
+3 * 3000
+7 * 3000
+5 * 3000
+3 * 3000
+7 * 3000
+5 * 3000
+3 * 3000
+7 * 3000
0x237e0e * 200
+5 * 200
+3 * 200
+7 * 200
+5 * 200
+3 * 200
+7 * 200
+5 * 200
+3 * 200
+7 * 200
+5 * 200
+3 * 200
+7 * 200
+5 * 200
+3 * 200
+7 * 200
+5 * 200
+3 * 200
+7 * 200
+5 * 200
+3 * 200
+7 * 200
+5 * 200
+3 * 200
+7 * 200
+5 * 200
+3 * 200
+7 * 200
+5 * 200
+3 * 200
+7 * 200
+5 * 200
+3 * 200
+7 * 200
+5 * 200
+3 * 200
+7 * 200
+5 * 200
+3 * 200
+7 * 200
+5 * 200
+3 * 200
+7 * 200
+5 * 200
+3 * 200
+7 * 200
+5 * 200
+3 * 200
+7 * 200
+5 * 200
+3 * 200
+7 * 200
+5 * 200
+3 * 200
+7 * 200
+4 * 200
+6 * 200
+4 * 200
+6 * 200
+4 * 200
-79 * 3000
+3 * 3000
+7 * 3000
+5 * 3000
+3 * 3000
+7 * 3000
+5 * 3000
+3 * 3000
+7 * 3000
+5 * 3000
+3 * 3000
+7 * 3000
+4 * 3000
+6 * 3000
+4 * 3000
+6 * 3000
+4 * 3000
+5 * 3000
+3 * 3000
+8 * 3000
+5 * 3000
+3 * 3000
+5 * 3000
+3 * 3000
+6 * 3000
+4 * 3000
+8 * 3000
+6 * 3000
+4 * 3000
+8 * 3000
+6 * 3000
+4 * 3000
+8 * 3000
+6 * 3000
+4 * 3000
+8 * 3000
+6 * 3000
+4 * 3000
+8 * 3000
+6 * 3000
+4 * 3000
+8 * 3000
+6 * 3000
+4 * 3000
+8 * 3000
+6 * 3000
+4 * 3000
+5 * 3000
+5 * 3000
+3 * 3000
+7 * 3000
+5 * 3000
+3 * 3000
+7 * 3000
+5 * 3000
+3 * 3000
+6 * 3000
+4 * 3000
+8 * 3000
+6 * 3000
0x237f39 * 200
+3 * 200
+8 * 200
+5 * 200
+3 * 200
+5 * 200
+3 * 200
+6 * 200
+4 * 200
+8 * 200
+6 * 200
+4 * 200
+8 * 200
+6 * 200
+4 * 200
+8 * 200
+6 * 200
+4 * 200
+8 * 200
+6 * 200
+4 * 200
+8 * 200
+6 * 200
+4 * 200
+8 * 200
+6 * 200
+4 * 200
+8 * 200
+6 * 200
+4 * 200
+5 * 200
+5 * 200
+3 * 200
+7 * 200
+5 * 200
+3 * 200
+7 * 200
+5 * 200
+3 * 200
+6 * 200
+4 * 200
+8 * 200
+6 * 200
+4 * 200
+8 * 200
+6 * 200
+4 * 200
+8 * 200
+6 * 200
+4 * 200
+8 * 200
+6 * 200
+4 * 200
+8 * 200
+6 * 200
+4 * 200
+8 * 200
+6 * 200
+4 * 200
+8 * 200
-98 * 3000
+8 * 3000
+6 * 3000
+4 * 3000
+8 * 3000
+6 * 3000
+4 * 3000
+8 * 3000
+6 * 3000
+4 * 3000
+8 * 3000
+6 * 3000
+4 * 3000
+8 * 3000
+6 * 3000
+4 * 3000
+8 * 3000
+6 * 3000
+4 * 3000
+8 * 3000
+3 * 3000
+3 * 3000
+7 * 3000
+7 * 3000
+8 * 3000
+8 * 3000
+4 -11 3000
+7 +14 3000
+7 * 3000
+3 * 3000
+3 * 3000
+2 * 3000
+8 * 3000
+2 * 3000
+2 * 3000
+3 +5 3000
+2 -4 3000
+4 * 3000
+3 +14 3000
+3 -14 3000
+4 +14 3000
+3 -52 3000
+8 * 3000
+8 +1 3000
+2 +51 3000
+4 -52 3000
+3 * 3000
+3 +1 3000
+3 * 3000
+2 * 3000
+3 -9 3000
+3 * 3000
+8 +8 3000
+3 +1 3000
+2 * 3000
+4 +33 3000
+8 * 3000
+8 * 3000
+8 * 3000
+8 * 3000
0x23808b * 200
+4 * 200
+8 * 200
+3 * 200
+3 * 200
+7 * 200
+7 * 200
+8 * 200
+8 * 200
+4 -11 200
+7 +14 200
+7 * 200
+3 * 200
+3 * 200
+2 * 200
+8 * 200
+2 * 200
+2 * 200
+3 +5 200
+2 -4 200
+4 * 200
+3 +14 200
+3 -14 200
+4 +14 200
+3 -52 200
+8 * 200
+8 +1 200
+2 +51 200
+4 -52 200
+3 * 200
+3 +1 200
+3 * 200
+2 * 200
+3 -9 200
+3 * 200
+8 +8 200
+3 +1 200
+2 * 200
+4 +33 200
+8 * 200
+8 * 200
+8 * 200
+8 * 200
+8 * 200
+8 * 200
+7 -11 200
+4 +14 200
+4 * 200
+3 * 200
+3 * 200
+2 * 200
+8 * 200
+2 * 200
+3 * 200
+3 +5 200
+2 * 200
+2 -4 200
+4 * 200
+4 +14 200
+3 -14 200
-62 -4 3000
+8 * 3000
+7 -11 3000
+4 +14 3000
+4 * 3000
+3 * 3000
+3 * 3000
+2 * 3000
+8 * 3000
+2 * 3000
+3 * 3000
+3 +5 3000
+2 * 3000
+2 -4 3000
+4 * 3000
+4 +14 3000
+3 -14 3000
+4 +14 3000
+3 -52 3000
+8 * 3000
+8 +1 3000
+2 +51 3000
+4 -52 3000
+3 * 3000
+3 +1 3000
+2 * 3000
+2 * 3000
+3 -9 3000
+3 * 3000
+8 +8 3000
+3 +1 3000
+2 * 3000
+4 +33 3000
+8 * 3000
+8 * 3000
+8 * 3000
+7 * 3000
+4 * 3000
+3 * 3000
+8 +4 3000
+4 * 3000
+5 * 3000
+4 * 3000
+4 +4 3000
+2 +1 3000
+2 +9 3000
+3 * 3000
+2 * 3000
+3 * 3000
+5 * 3000
+8 -51 3000
+8 * 3000
+8 * 3000
+3 +33 3000
+7 * 3000
+7 * 3000
+8 * 3000
+8 * 3000
+7 * 3000
+7 * 3000
0x238199 +18 200
+3 -52 200
+8 * 200
+8 +1 200
+2 +51 200
+4 -52 200
+3 * 200
+3 +1 200
+2 * 200
+2 * 200
+3 -9 200
+3 * 200
+8 +8 200
+3 +1 200
+2 * 200
+4 +33 200
+8 * 200
+8 * 200
+8 * 200
+7 * 200
+4 * 200
+3 * 200
+8 +4 200
+4 * 200
+5 * 200
+4 * 200
+4 +4 200
+2 +1 200
+2 +9 200
+3 * 200
+2 * 200
+3 * 200
+5 * 200
+8 -51 200
+8 * 200
+8 * 200
+3 +33 200
+7 * 200
+7 * 200
+8 * 200
+8 * 200
+7 * 200
+7 * 200
+7 * 200
+3 * 200
+7 -11 200
+4 +14 200
+7 * 200
+7 * 200
+2 * 200
+3 * 200
+3 * 200
+2 +1 200
+4 +14 200
+3 -14 200
+3 +14 200
+3 * 200
+8 * 200
+6 -52 200
+7 +1 200
-72 +33 3000
+3 * 3000
+7 -11 3000
+4 +14 3000
+7 * 3000
+7 * 3000
+2 * 3000
+3 * 3000
+3 * 3000
+2 +1 3000
+4 +14 3000
+3 -14 3000
+3 +14 3000
+3 * 3000
+8 * 3000
+6 -52 3000
+7 +1 3000
+2 * 3000
+4 * 3000
+8 +33 3000
+3 +18 3000
+7 -18 3000
+7 * 3000
+7 * 3000
+4 -11 3000
+4 * 3000
+3 +19 3000
+4 -19 3000
+3 +14 3000
+7 * 3000
+7 * 3000
+2 * 3000
+2 * 3000
+8 -3 3000
+7 * 3000
+7 * 3000
+8 * 3000
+3 * 3000
+2 +18 3000
+2 -14 3000
+3 +14 3000
+2 * 3000
+6 * 3000
+2 * 3000
+8 -52 3000
+7 +1 3000
+2 * 3000
+4 * 3000
+8 +33 3000
+7 * 3000
+7 * 3000
+7 * 3000
+7 * 3000
+7 * 3000
+7 * 3000
+7 * 3000
+7 * 3000
+4 -11 3000
+4 +14 3000
+7 * 3000
0x2382bb -36 200
+4 * 200
+8 +33 200
+3 +18 200
+7 -18 200
+7 * 200
+7 * 200
+4 -11 200
+4 * 200
+3 +19 200
+4 -19 200
+3 +14 200
+7 * 200
+7 * 200
+2 * 200
+2 * 200
+8 -3 200
+7 * 200
+7 * 200
+8 * 200
+3 * 200
+2 +18 200
+2 -14 200
+3 +14 200
+2 * 200
+6 * 200
+2 * 200
+8 -52 200
+7 +1 200
+2 * 200
+4 * 200
+8 +33 200
+7 * 200
+7 * 200
+7 * 200
+7 * 200
+7 * 200
+7 * 200
+7 * 200
+7 * 200
+4 -11 200
+4 +14 200
+7 * 200
+2 * 200
+3 * 200
+2 * 200
+7 * 200
+2 * 200
+2 * 200
+3 +5 200
+2 * 200
+4 -4 200
+3 * 200
+3 +14 200
+2 * 200
+3 -14 200
+3 +14 200
+2 * 200
+8 -52 200
+7 * 200
-56 +37 3000
+3 * 3000
+2 * 3000
+7 * 3000
+2 * 3000
+2 * 3000
+3 +5 3000
+2 * 3000
+4 -4 3000
+3 * 3000
+3 +14 3000
+2 * 3000
+3 -14 3000
+3 +14 3000
+2 * 3000
+8 -52 3000
+7 * 3000
+7 +1 3000
+2 * 3000
+4 * 3000
+8 +33 3000
+7 * 3000
+7 * 3000
+7 * 3000
+7 * 3000
+7 * 3000
+7 * 3000
+7 * 3000
+7 * 3000
+4 -11 3000
+4 +14 3000
+7 * 3000
+2 * 3000
+3 * 3000
+2 * 3000
+7 * 3000
+2 * 3000
+2 * 3000
+3 +5 3000
+2 * 3000
+4 -4 3000
+3 * 3000
+3 +14 3000
+2 * 3000
+3 -14 3000
+3 +14 3000
+2 * 3000
+8 -52 3000
+7 * 3000
+7 +1 3000
+2 * 3000
+4 * 3000
+8 +33 3000
+7 * 3000
+7 * 3000
+7 * 3000
+7 * 3000
+7 * 3000
+7 * 3000
+7 * 3000
0x2383da -33 200
+2 * 200
+4 * 200
+8 +33 200
+7 * 200
+7 * 200
+7 * 200
+7 * 200
+7 * 200
+7 * 200
+7 * 200
+7 * 200
+4 -11 200
+4 +14 200
+7 * 200
+2 * 200
+3 * 200
+2 * 200
+7 * 200
+2 * 200
+2 * 200
+3 +5 200
+2 * 200
+4 -4 200
+3 * 200
+3 +14 200
+2 * 200
+3 -14 200
+3 +14 200
+2 * 200
+8 -52 200
+7 * 200
+7 +1 200
+2 * 200
+4 * 200
+8 +33 200
+7 * 200
+7 * 200
+7 * 200
+7 * 200
+7 * 200
+7 * 200
+7 * 200
+7 * 200
+4 -11 200
+4 +14 200
+7 * 200
+2 * 200
+3 * 200
+2 * 200
+7 * 200
+2 * 200
+2 * 200
+3 +5 200
+2 * 200
+4 -4 200
+3 * 200
+3 +14 200
+2 * 200
+3 -14 200
-53 -4 3000
+4 -11 3000
+4 +14 3000
+7 * 3000
+2 * 3000
+3 * 3000
+2 * 3000
+7 * 3000
+2 * 3000
+2 * 3000
+3 +5 3000
+2 * 3000
+4 -4 3000
+3 * 3000
+3 +14 3000
+2 * 3000
+3 -14 3000
+3 +14 3000
+2 * 3000
+8 -52 3000
+7 * 3000
+7 +1 3000
+2 * 3000
+4 * 3000
+8 +33 3000
+8 * 3000
+8 * 3000
+7 * 3000
+7 * 3000
+7 * 3000
+7 * 3000
+7 * 3000
+7 * 3000
+7 -11 3000
+4 +14 3000
+7 * 3000
+2 * 3000
+3 * 3000
+2 * 3000
+8 * 3000
+2 * 3000
+2 * 3000
+3 +5 3000
+2 * 3000
+2 -4 3000
+3 * 3000
+3 +14 3000
+2 * 3000
+3 -14 3000
+3 +14 3000
+2 -52 3000
+7 * 3000
+7 +1 3000
+2 +51 3000
+3 -52 3000
+2 * 3000
+3 +1 3000
+2 * 3000
+2 * 3000
+2 -9 3000
0x2384ee +60 200
+2 * 200
+8 -52 200
+7 * 200
+7 +1 200
+2 * 200
+4 * 200
+8 +33 200
+8 * 200
+8 * 200
+7 * 200
+7 * 200
+7 * 200
+7 * 200
+7 * 200
+7 * 200
+7 -11 200
+4 +14 200
+7 * 200
+2 * 200
+3 * 200
+2 * 200
+8 * 200
+2 * 200
+2 * 200
+3 +5 200
+2 * 200
+2 -4 200
+3 * 200
+3 +14 200
+2 * 200
+3 -14 200
+3 +14 200
+2 -52 200
+7 * 200
+7 +1 200
+2 +51 200
+3 -52 200
+2 * 200
+3 +1 200
+2 * 200
+2 * 200
+2 -9 200
+3 +8 200
+7 * 200
+7 +1 200
+2 -1 200
+2 * 200
+3 +1 200
+2 * 200
+2 * 200
+2 * 200
+4 * 200
+8 +33 200
+8 * 200
+8 * 200
+7 * 200
+7 * 200
+7 * 200
+7 * 200
-83 -34 3000
+7 * 3000
+7 +1 3000
+2 -1 3000
+2 * 3000
+3 +1 3000
+2 * 3000
+2 * 3000
+2 * 3000
+4 * 3000
+8 +33 3000
+8 * 3000
+8 * 3000
+7 * 3000
+7 * 3000
+7 * 3000
+7 * 3000
+7 * 3000
+7 * 3000
+4 -11 3000
+7 * 3000
+7 +14 3000
+2 * 3000
+3 * 3000
+2 * 3000
+8 * 3000
+2 * 3000
+2 * 3000
+3 +5 3000
+2 * 3000
+2 * 3000
+4 -4 3000
+3 * 3000
+3 +14 3000
+2 -14 3000
+4 +14 3000
+3 * 3000
+8 -18 3000
+8 * 3000
+8 * 3000
+8 * 3000
+8 * 3000
+8 * 3000
+7 * 3000
+7 * 3000
+7 * 3000
+7 +3 3000
+7 * 3000
+4 -14 3000
+3 +14 3000
+2 * 3000
+2 * 3000
+3 * 3000
+2 * 3000
+8 +5 3000
+2 -5 3000
+3 * 3000
+3 +5 3000
+2 * 3000
+2 -4 3000
0x238605 -4 200
+7 * 200
+4 -11 200
+7 * 200
+7 +14 200
+2 * 200
+3 * 200
+2 * 200
+8 * 200
+2 * 200
+2 * 200
+3 +5 200
+2 * 200
+2 * 200
+4 -4 200
+3 * 200
+3 +14 200
+2 -14 200
+4 +14 200
+3 * 200
+8 -18 200
+8 * 200
+8 * 200
+8 * 200
+8 * 200
+8 * 200
+7 * 200
+7 * 200
+7 * 200
+7 +3 200
+7 * 200
+4 -14 200
+3 +14 200
+2 * 200
+2 * 200
+3 * 200
+2 * 200
+8 +5 200
+2 -5 200
+3 * 200
+3 +5 200
+2 * 200
+2 -4 200
+3 * 200
+4 +14 200
+3 * 200
+3 -14 200
+3 +14 200
+2 * 200
+3 -52 200
+7 * 200
+3 * 200
+7 +1 200
+2 +51 200
+3 -52 200
+2 * 200
+3 +1 200
+2 * 200
+2 * 200
+2 -9 200
-51 +46 3000
+4 +14 3000
+3 * 3000
+3 -14 3000
+3 +14 3000
+2 * 3000
+3 -52 3000
+7 * 3000
+3 * 3000
+7 +1 3000
+2 +51 3000
+3 -52 3000
+2 * 3000
+3 +1 3000
+2 * 3000
+2 * 3000
+2 -9 3000
+3 +8 3000
+7 * 3000
+7 +1 3000
+2 -1 3000
+2 * 3000
+3 +1 3000
+2 * 3000
+2 * 3000
+2 * 3000
+4 * 3000
+8 +33 3000
+8 * 3000
+8 * 3000
+7 * 3000
+7 * 3000
+7 * 3000
+7 * 3000
+7 * 3000
+7 * 3000
+8 -11 3000
+4 +14 3000
+7 * 3000
+3 * 3000
+2 * 3000
+3 * 3000
+4 * 3000
+2 * 3000
+2 * 3000
+3 +5 3000
+2 -4 3000
+3 * 3000
+3 +14 3000
+2 * 3000
+3 -14 3000
+3 +14 3000
+2 -52 3000
+7 * 3000
+3 * 3000
+7 +1 3000
+2 +51 3000
+3 -52 3000
+2 * 3000
+3 +1 3000
0x2386fb -1 200
+7 * 200
+7 +1 200
+2 -1 200
+2 * 200
+3 +1 200
+2 * 200
+2 * 200
+2 * 200
+4 * 200
+8 +33 200
+8 * 200
+8 * 200
+7 * 200
+7 * 200
+7 * 200
+7 * 200
+7 * 200
+7 * 200
+8 -11 200
+4 +14 200
+7 * 200
+3 * 200
+2 * 200
+3 * 200
+4 * 200
+2 * 200
+2 * 200
+3 +5 200
+2 -4 200
+3 * 200
+3 +14 200
+2 * 200
+3 -14 200
+3 +14 200
+2 -52 200
+7 * 200
+3 * 200
+7 +1 200
+2 +51 200
+3 -52 200
+2 * 200
+3 +1 200
+2 * 200
+2 * 200
+2 -9 200
+3 +8 200
+7 * 200
+7 +1 200
+2 -1 200
+2 * 200
+3 +1 200
+2 * 200
+2 * 200
+2 * 200
+4 * 200
+5 +33 200
+8 * 200
+8 * 200
+7 * 200
-66 -33 3000
+2 * 3000
+2 -9 3000
+3 +8 3000
+7 * 3000
+7 +1 3000
+2 -1 3000
+2 * 3000
+3 +1 3000
+2 * 3000
+2 * 3000
+2 * 3000
+4 * 3000
+5 +33 3000
+8 * 3000
+8 * 3000
+7 * 3000
+7 * 3000
+7 * 3000
+7 * 3000
+7 * 3000
+7 * 3000
+4 -11 3000
+7 * 3000
+7 +14 3000
+2 * 3000
+3 * 3000
+2 * 3000
+8 * 3000
+2 * 3000
+2 * 3000
+3 +5 3000
+2 * 3000
+4 -4 3000
+3 * 3000
+3 +14 3000
+2 -14 3000
+4 +14 3000
+3 * 3000
+7 -18 3000
+7 * 3000
+7 * 3000
+8 * 3000
+7 * 3000
+7 * 3000
+7 -11 3000
+4 * 3000
+8 +11 3000
+8 * 3000
+7 * 3000
+7 +3 3000
+3 -14 3000
+3 +14 3000
+2 * 3000
+2 * 3000
+3 * 3000
+2 * 3000
+2 * 3000
+3 +5 3000
+2 * 3000
0x2387fa -8 200
+7 * 200
+7 * 200
+7 * 200
+7 * 200
+4 -11 200
+7 * 200
+7 +14 200
+2 * 200
+3 * 200
+2 * 200
+8 * 200
+2 * 200
+2 * 200
+3 +5 200
+2 * 200
+4 -4 200
+3 * 200
+3 +14 200
+2 -14 200
+4 +14 200
+3 * 200
+7 -18 200
+7 * 200
+7 * 200
+8 * 200
+7 * 200
+7 * 200
+7 -11 200
+4 * 200
+8 +11 200
+8 * 200
+7 * 200
+7 +3 200
+3 -14 200
+3 +14 200
+2 * 200
+2 * 200
+3 * 200
+2 * 200
+2 * 200
+3 +5 200
+2 * 200
+3 * 200
+3 -4 200
+3 * 200
+3 * 200
+3 +14 200
+2 * 200
+2 * 200
+3 * 200
+8 -52 200
+7 * 200
+7 +1 200
+2 +51 200
+4 -51 200
+2 * 200
+4 +33 200
+7 * 200
+7 * 200
-67 +8 3000
+3 -4 3000
+3 * 3000
+3 * 3000
+3 +14 3000
+2 * 3000
+2 * 3000
+3 * 3000
+8 -52 3000
+7 * 3000
+7 +1 3000
+2 +51 3000
+4 -51 3000
+2 * 3000
+4 +33 3000
+7 * 3000
+7 * 3000
+7 * 3000
+7 * 3000
+7 * 3000
+7 * 3000
+7 * 3000
+7 * 3000
+5 -11 3000
+5 +14 3000
+8 * 3000
+2 * 3000
+3 * 3000
+3 * 3000
+7 * 3000
+3 * 3000
+2 * 3000
+3 +5 3000
+3 * 3000
+5 -4 3000
+3 * 3000
+3 +14 3000
+2 -14 3000
+3 +14 3000
+2 * 3000
+8 -52 3000
+7 * 3000
+7 +1 3000
+2 * 3000
+4 * 3000
+8 +33 3000
+7 * 3000
+7 * 3000
+8 * 3000
+8 * 3000
+8 * 3000
+7 * 3000
+7 * 3000
+7 * 3000
+7 -11 3000
+4 * 3000
+3 +14 3000
+7 * 3000
+2 * 3000
+3 * 3000
0x23890a -3 200
+7 * 200
+7 * 200
+7 * 200
+7 * 200
+7 * 200
+5 -11 200
+5 +14 200
+8 * 200
+2 * 200
+3 * 200
+3 * 200
+7 * 200
+3 * 200
+2 * 200
+3 +5 200
+3 * 200
+5 -4 200
+3 * 200
+3 +14 200
+2 -14 200
+3 +14 200
+2 * 200
+8 -52 200
+7 * 200
+7 +1 200
+2 * 200
+4 * 200
+8 +33 200
+7 * 200
+7 * 200
+8 * 200
+8 * 200
+8 * 200
+7 * 200
+7 * 200
+7 * 200
+7 -11 200
+4 * 200
+3 +14 200
+7 * 200
+2 * 200
+3 * 200
+2 * 200
+7 * 200
+2 * 200
+3 * 200
+3 +5 200
+2 -4 200
+3 * 200
+4 +14 200
+3 -14 200
+3 +14 200
+3 * 200
+3 * 200
+8 * 200
+3 -52 200
+7 +1 200
+2 * 200
+4 * 200
-60 +36 3000
+7 * 3000
+2 * 3000
+3 * 3000
+3 +5 3000
+2 -4 3000
+3 * 3000
+4 +14 3000
+3 -14 3000
+3 +14 3000
+3 * 3000
+3 * 3000
+8 * 3000
+3 -52 3000
+7 +1 3000
+2 * 3000
+4 * 3000
+8 +33 3000
+7 * 3000
+7 * 3000
+7 * 3000
+7 * 3000
+7 * 3000
+7 * 3000
+7 * 3000
+7 * 3000
+5 -11 3000
+5 +14 3000
+8 * 3000
+2 * 3000
+3 * 3000
+3 * 3000
+7 * 3000
+3 * 3000
+2 * 3000
+3 +5 3000
+3 * 3000
+5 -4 3000
+3 * 3000
+3 +14 3000
+2 * 3000
+3 -14 3000
+3 +14 3000
+2 * 3000
+8 -52 3000
+7 * 3000
+7 +1 3000
+2 * 3000
+4 * 3000
+8 +33 3000
+7 * 3000
+7 * 3000
+7 * 3000
+7 * 3000
+7 * 3000
+7 * 3000
+7 * 3000
+7 * 3000
+5 -11 3000
+5 +14 3000
0x238a2a -3 200
+7 * 200
+7 * 200
+7 * 200
+7 * 200
+7 * 200
+7 * 200
+7 * 200
+7 * 200
+5 -11 200
+5 +14 200
+8 * 200
+2 * 200
+3 * 200
+3 * 200
+7 * 200
+3 * 200
+2 * 200
+3 +5 200
+3 * 200
+5 -4 200
+3 * 200
+3 +14 200
+2 * 200
+3 -14 200
+3 +14 200
+2 * 200
+8 -52 200
+7 * 200
+7 +1 200
+2 * 200
+4 * 200
+8 +33 200
+7 * 200
+7 * 200
+7 * 200
+7 * 200
+7 * 200
+7 * 200
+7 * 200
+7 * 200
+5 -11 200
+5 +14 200
+8 * 200
+2 * 200
+3 * 200
+3 * 200
+7 * 200
+3 * 200
+2 * 200
+3 +5 200
+3 * 200
+5 -4 200
+3 * 200
+3 +14 200
+2 * 200
+3 -14 200
+3 +14 200
+2 * 200
+8 -52 200
-55 +37 3000
+2 * 3000
+3 * 3000
+3 * 3000
+7 * 3000
+3 * 3000
+2 * 3000
+3 +5 3000
+3 * 3000
+5 -4 3000
+3 * 3000
+3 +14 3000
+2 * 3000
+3 -14 3000
+3 +14 3000
+2 * 3000
+8 -52 3000
+7 * 3000
+7 +1 3000
+2 * 3000
+4 * 3000
+3 -1 3000
+8 * 3000
+8 +1 3000
+2 -1 3000
+2 * 3000
+3 * 3000
+8 * 3000
+3 +52 3000
+4 -51 3000
+2 * 3000
+2 * 3000
+2 -9 3000
+3 +8 3000
+7 * 3000
+7 +1 3000
+2 -1 3000
+2 * 3000
+3 +1 3000
+2 * 3000
+2 * 3000
+2 * 3000
+8 +33 3000
+7 * 3000
+7 * 3000
+7 * 3000
+7 * 3000
+7 * 3000
+7 * 3000
+7 * 3000
+7 * 3000
+7 -11 3000
+4 * 3000
+3 +14 3000
+7 * 3000
+2 * 3000
+3 * 3000
+2 * 3000
+7 * 3000
+2 * 3000
0x238b4f -37 200
+7 +1 200
+2 * 200
+4 * 200
+3 -1 200
+8 * 200
+8 +1 200
+2 -1 200
+2 * 200
+3 * 200
+8 * 200
+3 +52 200
+4 -51 200
+2 * 200
+2 * 200
+2 -9 200
+3 +8 200
+7 * 200
+7 +1 200
+2 -1 200
+2 * 200
+3 +1 200
+2 * 200
+2 * 200
+2 * 200
+8 +33 200
+7 * 200
+7 * 200
+7 * 200
+7 * 200
+7 * 200
+7 * 200
+7 * 200
+7 * 200
+7 -11 200
+4 * 200
+3 +14 200
+7 * 200
+2 * 200
+3 * 200
+2 * 200
+7 * 200
+2 * 200
+2 * 200
+3 +5 200
+2 -4 200
+3 * 200
+3 +14 200
+2 -14 200
+3 +14 200
+3 * 200
+2 * 200
+8 * 200
+3 -52 200
+7 +1 200
+2 * 200
+4 * 200
+8 +33 200
+7 * 200
+7 * 200
-67 +3 3000
+3 +5 3000
+2 -4 3000
+3 * 3000
+3 +14 3000
+2 -14 3000
+3 +14 3000
+3 * 3000
+2 * 3000
+8 * 3000
+3 -52 3000
+7 +1 3000
+2 * 3000
+4 * 3000
+8 +33 3000
+7 * 3000
+7 * 3000
+7 * 3000
+7 * 3000
+7 * 3000
+7 * 3000
+7 * 3000
+7 * 3000
+4 -11 3000
+4 +14 3000
+7 * 3000
+2 * 3000
+3 * 3000
+2 * 3000
+7 * 3000
+2 * 3000
+2 * 3000
+3 +5 3000
+2 * 3000
+4 -4 3000
+3 * 3000
+2 * 3000
+3 +14 3000
+2 * 3000
+3 -14 3000
+3 +14 3000
+2 * 3000
+8 -52 3000
+7 * 3000
+7 +1 3000
+2 * 3000
+4 * 3000
+8 +33 3000
+8 * 3000
+8 * 3000
+7 * 3000
+7 * 3000
+7 * 3000
+7 * 3000
+7 * 3000
+7 * 3000
+7 -11 3000
+4 +14 3000
+7 * 3000
+2 * 3000
0x238c5a -3 200
+7 * 200
+7 * 200
+7 * 200
+7 * 200
+7 * 200
+4 -11 200
+4 +14 200
+7 * 200
+2 * 200
+3 * 200
+2 * 200
+7 * 200
+2 * 200
+2 * 200
+3 +5 200
+2 * 200
+4 -4 200
+3 * 200
+2 * 200
+3 +14 200
+2 * 200
+3 -14 200
+3 +14 200
+2 * 200
+8 -52 200
+7 * 200
+7 +1 200
+2 * 200
+4 * 200
+8 +33 200
+8 * 200
+8 * 200
+7 * 200
+7 * 200
+7 * 200
+7 * 200
+7 * 200
+7 * 200
+7 -11 200
+4 +14 200
+7 * 200
+2 * 200
+3 * 200
+2 * 200
+8 * 200
+2 * 200
+2 * 200
+3 +5 200
+2 * 200
+2 -4 200
+3 * 200
+3 +14 200
+2 * 200
+3 -14 200
+3 +14 200
+2 -52 200
+7 * 200
+7 +1 200
+2 +51 200
-53 -15 3000
+2 * 3000
+8 * 3000
+2 * 3000
+2 * 3000
+3 +5 3000
+2 * 3000
+2 -4 3000
+3 * 3000
+3 +14 3000
+2 * 3000
+3 -14 3000
+3 +14 3000
+2 -52 3000
+7 * 3000
+7 +1 3000
+2 +51 3000
+3 -52 3000
+2 * 3000
+3 +1 3000
+2 * 3000
+2 * 3000
+2 -9 3000
+3 +8 3000
+7 * 3000
+7 +1 3000
+2 -1 3000
+3 * 3000
+4 +1 3000
+3 * 3000
+3 * 3000
+3 * 3000
+7 +33 3000
+7 * 3000
+7 * 3000
+4 +3 3000
+4 * 3000
+4 * 3000
+3 -14 3000
+3 +14 3000
+2 * 3000
+8 * 3000
+2 * 3000
+2 * 3000
+3 +5 3000
+2 * 3000
+5 -42 3000
+7 * 3000
+4 * 3000
+7 * 3000
+4 * 3000
+4 * 3000
+3 +1 3000
+2 * 3000
+5 +37 3000
+3 * 3000
+3 +14 3000
+2 * 3000
+8 * 3000
+4 * 3000
0x238d66 -52 200
+2 * 200
+3 +1 200
+2 * 200
+2 * 200
+2 -9 200
+3 +8 200
+7 * 200
+7 +1 200
+2 -1 200
+3 * 200
+4 +1 200
+3 * 200
+3 * 200
+3 * 200
+7 +33 200
+7 * 200
+7 * 200
+4 +3 200
+4 * 200
+4 * 200
+3 -14 200
+3 +14 200
+2 * 200
+8 * 200
+2 * 200
+2 * 200
+3 +5 200
+2 * 200
+5 -42 200
+7 * 200
+4 * 200
+7 * 200
+4 * 200
+4 * 200
+3 +1 200
+2 * 200
+5 +37 200
+3 * 200
+3 +14 200
+2 * 200
+8 * 200
+4 * 200
+3 * 200
+2 * 200
+3 -52 200
+8 +1 200
+3 * 200
+5 -1 200
+8 * 200
+8 +1 200
+3 * 200
+8 +33 200
+8 * 200
+8 * 200
+8 * 200
+8 * 200
+8 * 200
+7 * 200
+7 * 200
0x238e0e +18 3000
+2 * 3000
+3 -52 3000
+8 +1 3000
+3 * 3000
+5 -1 3000
+8 * 3000
+8 +1 3000
+3 * 3000
+8 +33 3000
+8 * 3000
+8 * 3000
+8 * 3000
+8 * 3000
+8 * 3000
+7 * 3000
+7 * 3000
+7 * 3000
+8 +3 3000
+8 * 3000
+7 * 3000
+4 -14 3000
+2 +14 3000
+3 * 3000
+2 * 3000
+3 * 3000
+3 * 3000
+8 +5 3000
+3 -5 3000
+3 * 3000
+3 +5 3000
+3 -4 3000
+3 * 3000
+4 +14 3000
+3 -14 3000
+4 +14 3000
+3 * 3000
+3 * 3000
+5 * 3000
+3 -52 3000
+8 * 3000
+8 +1 3000
+2 * 3000
+8 +33 3000
+7 * 3000
+7 * 3000
+8 * 3000
+8 * 3000
+8 * 3000
+8 * 3000
+8 * 3000
+8 * 3000
+7 -11 3000
+7 * 3000
+2 +14 3000
+7 * 3000
+3 * 3000
+3 * 3000
+2 * 3000
+7 * 3000
0x238e7b -3 200
+8 +3 200
+8 * 200
+7 * 200
+4 -14 200
+2 +14 200
+3 * 200
+2 * 200
+3 * 200
+3 * 200
+8 +5 200
+3 -5 200
+3 * 200
+3 +5 200
+3 -4 200
+3 * 200
+4 +14 200
+3 -14 200
+4 +14 200
+3 * 200
+3 * 200
+5 * 200
+3 -52 200
+8 * 200
+8 +1 200
+2 * 200
+8 +33 200
+7 * 200
+7 * 200
+8 * 200
+8 * 200
+8 * 200
+8 * 200
+8 * 200
+8 * 200
+7 -11 200
+7 * 200
+2 +14 200
+7 * 200
+3 * 200
+3 * 200
+2 * 200
+7 * 200
+2 * 200
+3 * 200
+3 +5 200
+2 -4 200
+4 * 200
+4 +14 200
+3 -14 200
+3 +14 200
+3 * 200
+3 * 200
+3 -52 200
+7 +1 200
+2 -1 200
+2 * 200
+3 * 200
+8 +1 200
+3 * 200
-56 +36 3000
+3 * 3000
+3 +5 3000
+2 -4 3000
+4 * 3000
+4 +14 3000
+3 -14 3000
+3 +14 3000
+3 * 3000
+3 * 3000
+3 -52 3000
+7 +1 3000
+2 -1 3000
+2 * 3000
+3 * 3000
+8 +1 3000
+3 * 3000
+2 * 3000
+2 -9 3000
+3 +8 3000
+3 * 3000
+4 +1 3000
+3 +51 3000
+4 -52 3000
+3 * 3000
+3 +1 3000
+2 * 3000
+2 * 3000
+3 -1 3000
+7 * 3000
+7 +1 3000
+2 * 3000
+3 * 3000
fe=(483)
+3 +19 3000
fi=(484)
+5 -28 3000
+3 +8 3000
+2 * 3000
+3 +1 3000
+2 * 3000
+5 -1 3000
+3 * 3000
+3 +52 3000
+5 -51 3000
+2 * 3000
+3 -1 3000
+7 * 3000
+7 +1 3000
+2 * 3000
+2 * 3000
fe=(483)
+2 +19 3000
+4 * 3000
fi=(484)
+4 -19 3000
+3 -9 3000
+3 +8 3000
+2 * 3000
+3 +1 3000
+2 -1 3000
+2 * 3000
+3 * 3000
+7 +1 3000
0x238f8d * 200
+2 -9 200
+3 +8 200
+3 * 200
+4 +1 200
+3 +51 200
+4 -52 200
+3 * 200
+3 +1 200
+2 * 200
+2 * 200
+3 -1 200
+7 * 200
+7 +1 200
+2 * 200
+3 * 200
fe=(483)
+3 +19 200
fi=(484)
+5 -28 200
+3 +8 200
+2 * 200
+3 +1 200
+2 * 200
+5 -1 200
+3 * 200
+3 +52 200
+5 -51 200
+2 * 200
+3 -1 200
+7 * 200
+7 +1 200
+2 * 200
+2 * 200
fe=(483)
+2 +19 200
+4 * 200
fi=(484)
+4 -19 200
+3 -9 200
+3 +8 200
+2 * 200
+3 +1 200
+2 -1 200
+2 * 200
+3 * 200
+7 +1 200
+2 * 200
+3 * 200
+2 -1 200
+7 * 200
+7 +1 200
+2 * 200
+2 * 200
fe=(483)
+2 +19 200
+4 * 200
fi=(484)
+4 -28 200
+3 +8 200
+2 * 200
+3 +1 200
+2 +51 200
+5 * 200
+8 -52 200
+2 * 200
-58 +1 3000
+3 * 3000
+2 -1 3000
+7 * 3000
+7 +1 3000
+2 * 3000
+2 * 3000
fe=(483)
+2 +19 3000
+4 * 3000
fi=(484)
+4 -28 3000
+3 +8 3000
+2 * 3000
+3 +1 3000
+2 +51 3000
+5 * 3000
+8 -52 3000
+2 * 3000
+3 +1 3000
+2 * 3000
+4 * 3000
+2 -1 3000
+7 * 3000
+7 +1 3000
+2 * 3000
+2 * 3000
fe=(483)
+2 +19 3000
+4 * 3000
+4 * 3000
+5 * 3000
+5 * 3000
+3 * 3000
+5 * 3000
fi=(484)
+5 -28 3000
+3 +8 3000
+2 * 3000
+3 +1 3000
+2 * 3000
+8 -1 3000
+2 * 3000
+3 * 3000
+7 +1 3000
+2 * 3000
+4 * 3000
+2 -1 3000
+7 * 3000
+7 +1 3000
+2 * 3000
+2 * 3000
fe=(483)
+2 +19 3000
+4 * 3000
fi=(484)
+4 -28 3000
+3 +8 3000
+2 * 3000
+3 +1 3000
+2 +51 3000
+5 * 3000
+8 -52 3000
+2 * 3000
+3 +1 3000
+2 * 3000
0x23905b * 200
+2 * 200
+4 * 200
+2 -1 200
+7 * 200
+7 +1 200
+2 * 200
+2 * 200
fe=(483)
+2 +19 200
+4 * 200
+4 * 200
+5 * 200
+5 * 200
+3 * 200
+5 * 200
fi=(484)
+5 -28 200
+3 +8 200
+2 * 200
+3 +1 200
+2 * 200
+8 -1 200
+2 * 200
+3 * 200
+7 +1 200
+2 * 200
+4 * 200
+2 -1 200
+7 * 200
+7 +1 200
+2 * 200
+2 * 200
fe=(483)
+2 +19 200
+4 * 200
fi=(484)
+4 -28 200
+3 +8 200
+2 * 200
+3 +1 200
+2 +51 200
+5 * 200
+8 -52 200
+2 * 200
+3 +1 200
+2 * 200
+4 * 200
+2 -1 200
+7 * 200
+7 +1 200
+2 * 200
+2 * 200
fe=(483)
+2 +19 200
+4 * 200
+4 * 200
+7 * 200
+4 * 200
+3 * 200
fi=(484)
+5 -28 200
+3 +8 200
+2 * 200
+3 +1 200
+2 +51 200
-59 -51 3000
+2 -1 3000
+7 * 3000
+7 +1 3000
+2 * 3000
+2 * 3000
fe=(483)
+2 +19 3000
+4 * 3000
+4 * 3000
+7 * 3000
+4 * 3000
+3 * 3000
fi=(484)
+5 -28 3000
+3 +8 3000
+2 * 3000
+3 +1 3000
+2 +51 3000
+5 * 3000
+8 -52 3000
+2 * 3000
+3 +1 3000
+2 * 3000
+4 * 3000
+2 -1 3000
+7 * 3000
+7 +1 3000
+2 * 3000
+2 * 3000
fe=(483)
+2 +19 3000
+4 * 3000
fi=(484)
+4 -28 3000
+3 +8 3000
+2 * 3000
+3 +1 3000
+2 * 3000
+8 -1 3000
+2 * 3000
+3 * 3000
+7 +1 3000
+2 * 3000
+4 * 3000
+2 -1 3000
+7 * 3000
+7 +1 3000
+2 * 3000
+2 * 3000
fe=(483)
+2 +19 3000
+4 * 3000
fi=(484)
+4 -28 3000
+3 +8 3000
+2 * 3000
+3 +1 3000
+2 +51 3000
+5 * 3000
+8 -52 3000
+2 * 3000
+3 +1 3000
+2 * 3000
+4 * 3000
+2 -1 3000
0x23913a +52 200
+8 -52 200
+2 * 200
+3 +1 200
+2 * 200
+4 * 200
+2 -1 200
+7 * 200
+7 +1 200
+2 * 200
+2 * 200
fe=(483)
+2 +19 200
+4 * 200
fi=(484)
+4 -28 200
+3 +8 200
+2 * 200
+3 +1 200
+2 * 200
+8 -1 200
+2 * 200
+3 * 200
+7 +1 200
+2 * 200
+4 * 200
+2 -1 200
+7 * 200
+7 +1 200
+2 * 200
+2 * 200
fe=(483)
+2 +19 200
+4 * 200
fi=(484)
+4 -28 200
+3 +8 200
+2 * 200
+3 +1 200
+2 +51 200
+5 * 200
+8 -52 200
+2 * 200
+3 +1 200
+2 * 200
+4 * 200
+2 -1 200
+7 * 200
+7 +1 200
+2 * 200
+2 * 200
fe=(483)
+2 +19 200
+4 * 200
fi=(484)
+4 -28 200
+3 +8 200
+2 * 200
+3 +1 200
+2 * 200
+8 -1 200
+2 * 200
+3 +1 200
+2 * 200
+4 -1 200
+7 * 200
-57 * 3000
+7 +1 3000
+2 * 3000
+2 * 3000
fe=(483)
+2 +19 3000
+4 * 3000
fi=(484)
+4 -28 3000
+3 +8 3000
+2 * 3000
+3 +1 3000
+2 * 3000
+8 -1 3000
+2 * 3000
+3 +1 3000
+2 * 3000
+4 -1 3000
+7 * 3000
+7 +1 3000
+2 * 3000
+2 * 3000
fe=(483)
+2 +19 3000
+4 * 3000
fi=(484)
+4 -28 3000
+3 +8 3000
+2 * 3000
+3 +1 3000
+2 +51 3000
+5 * 3000
+8 -52 3000
+2 * 3000
+3 +1 3000
+2 * 3000
+4 * 3000
+2 * 3000
+7 +33 3000
+7 * 3000
+8 * 3000
+8 * 3000
+8 * 3000
+8 * 3000
+8 * 3000
+8 * 3000
+7 -11 3000
+7 +11 3000
+7 +3 3000
+7 * 3000
+2 * 3000
+3 * 3000
+3 * 3000
+3 * 3000
+2 * 3000
+3 -37 3000
+7 * 3000
+7 +1 3000
+2 * 3000
+2 * 3000
fe=(483)
+2 +19 3000
+4 * 3000
fi=(484)
+4 +18 3000
+4 * 3000
0x239218 -37 200
+2 * 200
+2 * 200
fe=(483)
+2 +19 200
+4 * 200
fi=(484)
+4 -28 200
+3 +8 200
+2 * 200
+3 +1 200
+2 +51 200
+5 * 200
+8 -52 200
+2 * 200
+3 +1 200
+2 * 200
+4 * 200
+2 * 200
+7 +33 200
+7 * 200
+8 * 200
+8 * 200
+8 * 200
+8 * 200
+8 * 200
+8 * 200
+7 -11 200
+7 +11 200
+7 +3 200
+7 * 200
+2 * 200
+3 * 200
+3 * 200
+3 * 200
+2 * 200
+3 -37 200
+7 * 200
+7 +1 200
+2 * 200
+2 * 200
fe=(483)
+2 +19 200
+4 * 200
fi=(484)
+4 +18 200
+4 * 200
+3 * 200
+3 * 200
+3 +14 200
+3 -52 200
+7 * 200
+7 +1 200
+2 * 200
+2 * 200
+3 * 200
+2 * 200
+3 * 200
fe=(483)
+2 +19 200
+4 * 200
+4 * 200
+8 * 200
+4 * 200
+5 * 200
fi=(484)
-62 +18 3000
+3 * 3000
+3 +14 3000
+3 -52 3000
+7 * 3000
+7 +1 3000
+2 * 3000
+2 * 3000
+3 * 3000
+2 * 3000
+3 * 3000
fe=(483)
+2 +19 3000
+4 * 3000
+4 * 3000
+8 * 3000
+4 * 3000
+5 * 3000
+5 * 3000
+4 * 3000
+4 * 3000
+4 * 3000
+5 * 3000
+4 * 3000
+3 * 3000
fi=(484)
+4 -28 3000
+3 +8 3000
+2 * 3000
+3 +1 3000
+2 +51 3000
+5 * 3000
+8 -52 3000
+2 * 3000
+3 +1 3000
+2 * 3000
+4 * 3000
+2 -1 3000
+7 * 3000
+7 +1 3000
+2 * 3000
+2 * 3000
fe=(483)
+2 +19 3000
+4 * 3000
fi=(484)
+3 -28 3000
+3 +8 3000
+2 * 3000
+3 +1 3000
+2 +51 3000
+5 * 3000
+8 -52 3000
+2 * 3000
+3 +1 3000
+2 * 3000
+4 * 3000
+2 -1 3000
+7 * 3000
+7 +1 3000
+2 * 3000
+2 * 3000
fe=(483)
+2 +19 3000
+4 * 3000
0x23931a * 200
+4 * 200
+4 * 200
+4 * 200
+5 * 200
+4 * 200
+3 * 200
fi=(484)
+4 -28 200
+3 +8 200
+2 * 200
+3 +1 200
+2 +51 200
+5 * 200
+8 -52 200
+2 * 200
+3 +1 200
+2 * 200
+4 * 200
+2 -1 200
+7 * 200
+7 +1 200
+2 * 200
+2 * 200
fe=(483)
+2 +19 200
+4 * 200
fi=(484)
+3 -28 200
+3 +8 200
+2 * 200
+3 +1 200
+2 +51 200
+5 * 200
+8 -52 200
+2 * 200
+3 +1 200
+2 * 200
+4 * 200
+2 -1 200
+7 * 200
+7 +1 200
+2 * 200
+2 * 200
fe=(483)
+2 +19 200
+4 * 200
fi=(484)
+4 -28 200
+3 +8 200
+2 * 200
+3 +1 200
+2 * 200
+8 -1 200
+2 * 200
+3 * 200
+7 +1 200
+2 * 200
+4 * 200
+2 -1 200
+7 * 200
+7 +1 200
+2 * 200
+2 * 200
fe=(483)
+2 +19 200
fi=(484)
-58 -28 3000
+3 +8 3000
+2 * 3000
+3 +1 3000
+2 * 3000
+8 -1 3000
+2 * 3000
+3 * 3000
+7 +1 3000
+2 * 3000
+4 * 3000
+2 -1 3000
+7 * 3000
+7 +1 3000
+2 * 3000
+2 * 3000
fe=(483)
+2 +19 3000
+4 * 3000
fi=(484)
+4 -28 3000
+3 +8 3000
+2 * 3000
+3 +1 3000
+2 * 3000
+8 -1 3000
+2 * 3000
+3 * 3000
+7 +1 3000
+2 * 3000
+4 * 3000
+2 -1 3000
+7 * 3000
+7 +1 3000
+2 * 3000
+2 * 3000
fe=(483)
+2 +19 3000
+5 * 3000
fi=(484)
+4 -28 3000
+3 +8 3000
+2 * 3000
+3 +1 3000
+2 * 3000
+8 -1 3000
+7 * 3000
+7 +1 3000
+2 * 3000
+4 * 3000
+2 * 3000
+2 * 3000
+8 -1 3000
+7 * 3000
+7 +1 3000
+2 * 3000
+5 * 3000
+3 * 3000
+3 * 3000
+7 +22 3000
+7 * 3000
+5 * 3000
+3 +14 3000
+7 * 3000
fe=(483)
0x2393f3 -17 200
fi=(484)
+4 -28 200
+3 +8 200
+2 * 200
+3 +1 200
+2 * 200
+8 -1 200
+2 * 200
+3 * 200
+7 +1 200
+2 * 200
+4 * 200
+2 -1 200
+7 * 200
+7 +1 200
+2 * 200
+2 * 200
fe=(483)
+2 +19 200
+5 * 200
fi=(484)
+4 -28 200
+3 +8 200
+2 * 200
+3 +1 200
+2 * 200
+8 -1 200
+7 * 200
+7 +1 200
+2 * 200
+4 * 200
+2 * 200
+2 * 200
+8 -1 200
+7 * 200
+7 +1 200
+2 * 200
+5 * 200
+3 * 200
+3 * 200
+7 +22 200
+7 * 200
+5 * 200
+3 +14 200
+7 * 200
+4 * 200
+3 * 200
+2 * 200
+4 * 200
+3 +5 200
+2 +10 200
+3 * 200
+4 -51 200
+2 * 200
+5 -1 200
+4 +1 200
+5 * 200
+3 * 200
+5 * 200
+3 -1 200
+8 * 200
+7 +1 200
-63 +36 3000
+3 * 3000
+2 * 3000
+4 * 3000
+3 +5 3000
+2 +10 3000
+3 * 3000
+4 -51 3000
+2 * 3000
+5 -1 3000
+4 +1 3000
+5 * 3000
+3 * 3000
+5 * 3000
+3 -1 3000
+8 * 3000
+7 +1 3000
+3 * 3000
+2 * 3000
+2 -9 3000
+3 * 3000
+3 +8 3000
+7 * 3000
+7 +1 3000
fe=(483)
+2 +19 3000
+7 * 3000
fi=(484)
+4 -20 3000
+2 * 3000
+3 +1 3000
+3 * 3000
+2 * 3000
+2 * 3000
+4 +41 3000
+3 +10 3000
+3 * 3000
+8 * 3000
+5 * 3000
+3 -52 3000
+7 +1 3000
+2 -1 3000
+2 * 3000
+3 * 3000
+7 +1 3000
+2 * 3000
+2 * 3000
+2 -9 3000
+3 +8 3000
+7 * 3000
+7 +1 3000
+2 -1 3000
+2 * 3000
+3 +1 3000
+2 * 3000
+2 * 3000
+2 * 3000
+4 +41 3000
+3 * 3000
+5 +10 3000
+3 * 3000
+3 -52 3000
0x2394ea +1 200
+2 * 200
+2 -9 200
+3 * 200
+3 +8 200
+7 * 200
+7 +1 200
fe=(483)
+2 +19 200
+7 * 200
fi=(484)
+4 -20 200
+2 * 200
+3 +1 200
+3 * 200
+2 * 200
+2 * 200
+4 +41 200
+3 +10 200
+3 * 200
+8 * 200
+5 * 200
+3 -52 200
+7 +1 200
+2 -1 200
+2 * 200
+3 * 200
+7 +1 200
+2 * 200
+2 * 200
+2 -9 200
+3 +8 200
+7 * 200
+7 +1 200
+2 -1 200
+2 * 200
+3 +1 200
+2 * 200
+2 * 200
+2 * 200
+4 +41 200
+3 * 200
+5 +10 200
+3 * 200
+3 -52 200
+7 +1 200
+2 -1 200
+2 * 200
+3 * 200
+8 +1 200
+3 * 200
+2 * 200
+2 -9 200
+3 +8 200
+7 * 200
+8 +1 200
+3 -1 200
+2 * 200
+3 +1 200
+2 * 200
+3 * 200
+2 * 200
-55 * 3000
+2 -1 3000
+2 * 3000
+3 * 3000
+8 +1 3000
+3 * 3000
+2 * 3000
+2 -9 3000
+3 +8 3000
+7 * 3000
+8 +1 3000
+3 -1 3000
+2 * 3000
+3 +1 3000
+2 * 3000
+3 * 3000
+2 * 3000
fe=(483)
+4 +19 3000
+3 * 3000
+4 * 3000
+3 * 3000
+5 * 3000
+3 * 3000
+5 * 3000
+3 * 3000
+5 * 3000
+2 * 3000
+8 * 3000
+8 * 3000
+7 * 3000
+4 * 3000
+3 * 3000
+3 +2 3000
fi=(448)
+2 1908 3000
fi=(474)
+3 772 3000
jfi=(455)
jcnd=2800/3000 0x236d80 0 
* * 
fe=(483)
-71 38 200
+3 * 200
+4 * 200
+3 * 200
+5 * 200
+3 * 200
+5 * 200
+3 * 200
+5 * 200
+2 * 200
+8 * 200
+8 * 200
+7 * 200
+4 * 200
+3 * 200
+3 +2 200
fi=(448)
+2 1908 200
fi=(474)
+3 772 200
jfi=(455)
jcnd=200/200 0x236d80 0 
* * 
+6 0 200
fi=(455)
+8 547 200
+2 * 200
+3 * 200
+4 * 200
+4 * 200
+3 * 200
+4 * 200
+3 * 200
+4 * 200
+3 * 200
+4 * 200
+3 * 200
+3 * 200
+3 * 200
+4 * 200
+3 * 200
+4 * 200
+3 * 200
+4 * 200
+3 * 200
+4 * 200
+3 * 200
+4 * 200
+4 * 200
+3 * 200
+4 * 200
+3 * 200
+4 * 200
+3 * 200
+4 * 200
+3 * 200
+4 * 200
+3 * 200
+4 * 200
+3 * 200
+4 * 200
+3 * 200
+4 * 200
+4 * 200
+3 * 200
+4 * 200
+3 * 200
+4 * 200
+3 * 200
+4 * 200
+3 * 200
+4 * 200
+4 * 200
+3 * 200
+4 * 200
+3 * 200
+4 * 200
+3 * 200
+4 * 200
+8 * 200
+3 * 200
fe=(483)
+4 47 200
+7 * 200
+1 * 200
+2 * 200
+2 * 200
+2 * 200
+2 * 200
+1 * 200

fl=(233)
fn=(3014) core::ptr::drop_in_place<alloc::collections::vec_deque::VecDeque<test::run_tests::TimeoutEntry>>
0x208470 805 1
+1 * 1
+3 * 1
+2 * 1
+2 * 1
+2 * 1
+2 * 1
+1 * 1
+4 * 1
+3 * 1
+4 * 1
fi=(367) /rustc/4a4ef493e3a1488c6e321570238084b38948f6db/library/alloc/src/collections/vec_deque/mod.rs
+4 1613 1
+4 +60 1
+3 * 1
+6 0 1
+10 0 1
fi=(255)
+4 597 1
fi=(367)
+4 1613 1
+4 * 1
+2 * 1
+4 3543 1
+3 * 1
+3 * 1
+4 * 1
+3 * 1
+3 1684 1
+3 * 1
+3 +2 1
+4 * 1
+4 * 1
+4 * 1
+3 * 1
+4 * 1
fe=(233)
+4 805 1
+3 * 1
jcnd=1/1 0x2085b1 * 
* * 
+6 0 1
fi=(367)
+4 1686 1
fe=(233)
+4 805 1
jcnd=1/1 0x208571 0 
* * 
0x208571 0 1
fi=(255)
+4 617 1
+3 * 1
+2 0 1
fe=(233)
+4 805 1
fi=(172)
+4 1151 1
fi=(242)
+7 115 1
+5 * 1
+4 * 1
+1 * 1
+2 * 1
+2 * 1
+2 * 1
+2 * 1
+1 * 1
cfi=(162)
cfn=(886)
calls=1 0x1f3610 0 
* * 87
fe=(233)
+21 805 1
+7 * 1
+7 * 1
+3 * 1
+4 * 1
+4 * 1
+4 * 1
+5 * 1
jump=1 +42 * 
* * 
+13 * 1
+8 * 1
+3 * 1
+2 * 1
+7 * 1
+3 * 1
jcnd=1/1 0x2084eb 0 
* * 
+6 * 1
+3 * 1
+4 * 1
+3 * 1
+4 * 1
+3 * 1
+2 * 1
+4 * 1
jcnd=1/1 -52 * 
* * 

fn=(1138) core::ptr::drop_in_place<alloc::vec::Vec<alloc::vec::Vec<(usize,getopts::Optval)>>>
0x208650 805 1
+1 * 1
+3 * 1
+2 * 1
+2 * 1
+2 * 1
+2 * 1
+1 * 1
+4 * 1
+4 * 1
+4 * 1
+4 * 1
+4 * 1
+3 * 1
+6 0 1
+3 0 1
+7 0 1
+4 0 1
jump=1 +21 805 
* 0 
+8 805 24
+3 * 24
+4 * 24
jfi=(242)
jcnd=1/24 0x208725 0 
* * 
+6 * 24
+8 * 24
+3 * 24
+5 * 24
+4 * 24
+5 * 24
+3 * 24
jfi=(242)
jcnd=23/24 +71 0 
* * 
+2 0 1
+4 805 1
+4 * 1
jump=1 +22 * 
* * 
+13 * 1
+4 * 1
+3 * 1
jfi=(242)
jcnd=1/1 +41 0 
* * 
+2 * 1
+4 * 1
+8 * 1
+3 * 1
jcnd=1/1 -24 * 
* * 
fi=(242)
+24 0 24
fe=(233)
+4 805 24
+4 * 24
fi=(255)
+3 617 24
+3 * 24
jfi=(233)
jcnd=23/24 0x208690 805 
* * 
fi=(172)
+2 1151 1
fi=(242)
+4 115 1
+5 * 1
+4 * 1
cfi=(162)
cfn=(886)
calls=1 0x1f3610 0 
* * 87
+3 * 1
jfi=(233)
jump=1 0x208690 805 
* * 
+5 0 1
fe=(233)
+4 805 1
fi=(255)
+3 617 1
+3 * 1
fi=(172)
+2 1151 1
+4 * 1
fi=(242)
+4 115 1
+5 * 1
+3 * 1
+4 * 1
+1 * 1
+2 * 1
+2 * 1
+2 * 1
+2 * 1
+1 * 1
cfi=(162)
cfn=(886)
calls=1 0x1f3610 0 
* * 87
fe=(233)

fn=(3136) core::ptr::drop_in_place<test::formatters::pretty::PrettyFormatter<std::io::stdio::Stdout>>
0x2080f0 805 1
+1 * 1
+3 * 1
+2 * 1
+2 * 1
+1 * 1
+1 * 1
+3 * 1
+3 * 1
+2 * 1
+4 * 1
+3 * 1
+3 * 1
+2 * 1
+3 * 1
cfn=(3138) core::ptr::drop_in_place<test::term::terminfo::TerminfoTerminal<std::io::stdio::Stdout>>
calls=1 0x207de0 * 
* * 79902
fi=(173)
+2 428 1
fi=(246)
+4 1886 1
+3 * 1
+2 0 1
fi=(242)
+4 115 1
+3 * 1
+4 * 1
+1 * 1
+2 * 1
+2 * 1
+1 * 1
cfi=(162)
cfn=(886)
calls=1 0x1f3610 0 
* * 87
fe=(233)

fn=(3122) core::ptr::drop_in_place<test::console::ConsoleTestState>
0x206100 805 1
+1 * 1
+3 * 1
+2 * 1
+2 * 1
+2 * 1
+1 * 1
+4 * 1
+3 * 1
+6 * 1
+3 * 1
jcnd=1/1 +8 1710 
* * 
+8 1710 1
fi=(431)
+7 +18 1
+3 * 1
jcnd=1/1 +55 0 
* * 
+55 0 1
+2 0 1
+2 0 1
+4 0 1
+4 0 1
+4 0 1
+4 0 1
+4 0 1
+7 0 1
+13 1762 1
+3 * 1
+3 * 1
cfn=(3126) alloc::collections::btree::map::IntoIter<K,V,A>::dying_next
calls=1 0x228530 +12 
* * 28
+5 * 1
+4 * 1
+3 * 1
jfi=(233)
jcnd=1/1 +47 805 
* * 
fe=(233)
+47 805 1
+3 * 1
cfn=(3130) core::ptr::drop_in_place<alloc::vec::Vec<(test::types::TestDesc,alloc::vec::Vec<u8>)>>
calls=1 0x203b40 * 
* * 26
+5 * 1
+4 * 1
cfn=(3130)
calls=1 0x203b40 * 
* * 139
+5 * 1
+4 * 1
cfn=(3130)
calls=1 0x203b40 * 
* * 26
+5 * 1
+4 * 1
+3 * 1
+4 * 1
+1 * 1
+2 * 1
+2 * 1
+2 * 1
+1 * 1
cfn=(3130)
calls=1 0x203b40 * 
* * 26

fn=(3158) core::ptr::drop_in_place<std::collections::hash::map::HashMap<alloc::string::String,alloc::vec::Vec<u8>>>
0x203e60 805 1
+1 * 1
+3 * 1
+2 * 1
+2 * 1
+2 * 1
+2 * 1
+1 * 1
fi=(337)
+4 2697 1
+4 2312 1
+3 * 1
+6 0 1
+4 0 1
+4 2253 1
+4 * 1
+3 * 1
+6 0 1
+4 2479 1
fi=(339)
+3 1320 1
+6 1563 1
fi=(342)
+4 31 1
fi=(328)
+2 863 1
+5 * 1
jfi=(342)
jump=1 +17 50 
* * 
+5 0 183
+3 0 183
+2 0 183
+2 0 183
fi=(337)
+3 3851 183
jfi=(242)
jcnd=1/183 0x203f38 0 
* * 
fi=(342)
+2 50 183
+3 * 183
jfi=(340)
jcnd=168/183 +48 641 
* * 
+2 -50 15
fi=(339)
+15 1320 15
+6 1563 15
fi=(239)
+4 1072 15
fi=(328)
+7 863 15
fi=(342)
+4 50 15
+6 * 15
+2 -19 15
fi=(340)
+2 641 15
fi=(239)
+4 1072 15
+3 * 15
+4 * 15
+4 * 15
fe=(233)
+4 805 15
fi=(255)
+5 617 15
+3 * 15
fi=(340)
-27 +24 168
fi=(239)
+4 1072 168
+3 * 168
+4 * 168
+4 * 168
fe=(233)
+4 805 168
fi=(255)
+5 617 168
+3 * 168
fe=(233)
+2 805 183
fi=(242)
+4 115 183
+5 * 183
cfi=(162)
cfn=(886)
calls=183 0x1f3610 0 
* * 21409
fe=(233)
+6 805 183
fi=(255)
+4 617 183
+3 * 183
fe=(233)
+2 805 183
fi=(242)
+4 115 183
+5 * 183
cfi=(162)
cfn=(886)
calls=183 0x1f3610 0 
* * 21261
+6 * 183
jfi=(328)
jump=183 0x203eb0 0 
* * 
+5 0 1
fi=(172)
+4 2970 1
+3 * 1
+4 * 1
+4 * 1
fi=(242)
+3 200 1
+4 * 1
+4 * 1
fi=(337)
+2 3173 1
fi=(239)
+3 1072 1
+3 * 1
fi=(242)
+4 115 1
+5 * 1
+4 * 1
+1 * 1
+2 * 1
+2 * 1
+2 * 1
+2 * 1
+1 * 1
cfi=(162)
cfn=(886)
calls=1 0x1f3610 0 
* * 28564
fe=(233)

fn=(1798) core::ptr::drop_in_place<test::event::TestEvent>
0x205a90 805 7
+1 * 7
+3 * 7
+1 * 7
+1 * 7
+3 * 7
+4 * 7
+4 * 7
+5 * 7
+4 * 7
+4 * 7
jcnd=2/7 0x205b2e * 
* * 
+2 * 5
+4 * 5
jcnd=1/5 +55 * 
* * 
+2 * 4
+4 * 4
jcnd=4/4 0x205c08 * 
* * 
+49 * 1
+4 * 1
+10 * 1
+4 * 1
+3 * 1
+3 * 1
+5 * 1
+4 * 1
+3 * 1
+6 * 1
+4 * 1
jcnd=1/1 0x205b89 * 
* * 
+21 * 2
+4 * 2
+10 * 2
+4 * 2
+3 * 2
+3 * 2
+4 * 2
+3 * 2
+6 * 2
+4 * 2
jcnd=2/2 +21 * 
* * 
+21 * 2
+8 * 2
+3 * 2
jcnd=2/2 0x205c08 * 
* * 
+18 * 1
+8 * 1
+3 * 1
jcnd=1/1 +32 * 
* * 
+32 * 1
+7 * 1
jcnd=1/1 +41 * 
* * 
+41 * 1
fi=(255)
+7 617 1
+3 * 1
jfi=(233)
jcnd=1/1 +26 805 
* * 
fe=(233)
+26 805 7
+4 * 7
+1 * 7
+1 * 7

fn=(3048) core::ptr::drop_in_place<alloc::collections::vec_deque::VecDeque<(test::types::TestId,test::types::TestDescAndFn)>>
0x204080 805 1
+1 * 1
+3 * 1
+2 * 1
+2 * 1
+2 * 1
fi=(367)
+1 1613 1
+3 * 1
+4 +60 1
+3 * 1
jcnd=1/1 +37 0 
* * 
+37 0 1
+3 0 1
+2 0 1
+2 1673 1
jfi=(255)
jump=1 +8 597 
* * 
fi=(255)
+8 597 1
fi=(239)
+4 961 1
+4 * 1
+4 * 1
fi=(367)
+3 230 1
+3 -75 1
cfi=(233)
cfn=(3054) core::ptr::drop_in_place<[(test::types::TestId,test::types::TestDescAndFn)]>
calls=1 0x207c90 805 
* * 25
+5 -9 1
+3 * 1
+3 * 1
cfi=(233)
cfn=(3054)
calls=1 0x207c90 805 
* * 25
fi=(255)
+5 617 1
+3 * 1
fi=(172)
+2 1151 1
+4 * 1
fi=(242)
+4 115 1
+5 * 1
+3 * 1
+1 * 1
+2 * 1
+2 * 1
+2 * 1
+1 * 1
cfi=(162)
cfn=(886)
calls=1 0x1f3610 0 
* * 87
fe=(233)

fn=(1780) core::ptr::drop_in_place<[test::types::TestDescAndFn]>
0x206580 805 3
+1 * 3
+3 * 3
+2 * 3
+2 * 3
+2 * 3
+2 * 3
+1 * 3
+1 * 3
+3 * 3
+3 * 3
+10 * 3
+3 * 3
+4 * 3
+6 * 3
jump=3 +40 * 
* * 
+40 * 3
+4 * 3
jcnd=3/3 +67 * 
* * 
+67 * 3
+4 * 3
+1 * 3
+2 * 3
+2 * 3
+2 * 3
+2 * 3
+1 * 3

fn=(3058) core::ptr::drop_in_place<alloc::vec::Vec<(test::types::TestId,test::types::TestDescAndFn)>>
0x203ac0 805 1
+1 * 1
+3 * 1
+2 * 1
+2 * 1
+1 * 1
+1 * 1
+3 * 1
+4 * 1
fi=(256)
+4 4160 1
+3 * 1
cfi=(233)
cfn=(3054)
calls=1 0x207c90 805 
* * 25
fe=(233)
+5 805 1
fi=(255)
+3 617 1
+3 * 1
jfi=(233)
jcnd=1/1 +34 805 
* * 
fe=(233)
+34 805 1
+4 * 1
+1 * 1
+2 * 1
+2 * 1
+1 * 1

fn=(1150) core::ptr::drop_in_place<getopts::Options>
0x205370 805 1
+1 * 1
+3 * 1
+2 * 1
+2 * 1
+2 * 1
+2 * 1
+1 * 1
+1 * 1
+3 * 1
+4 * 1
+4 * 1
+3 * 1
fi=(255)
+2 617 1
+4 * 1
+7 * 1
jfi=(233)
jump=1 +16 805 
* * 
fe=(233)
+7 805 24
+4 * 24
+3 * 24
jcnd=1/24 +95 * 
* * 
+2 * 24
fi=(255)
+5 617 24
+3 * 24
jfi=(233)
jcnd=21/24 +15 805 
* * 
fe=(233)
+2 805 3
fi=(242)
+5 115 3
+5 * 3
cfi=(162)
cfn=(886)
calls=3 0x1f3610 0 
* * 324
fe=(233)
+3 805 24
fi=(255)
+5 617 24
+3 * 24
jfi=(233)
jcnd=1/24 +15 805 
* * 
fe=(233)
+2 805 23
fi=(242)
+5 115 23
+5 * 23
cfi=(162)
cfn=(886)
calls=23 0x1f3610 0 
* * 2484
fe=(233)
+3 805 24
fi=(255)
+5 617 24
+3 * 24
jfi=(233)
jcnd=17/24 +15 805 
* * 
fe=(233)
+2 805 7
fi=(242)
+5 115 7
+5 * 7
cfi=(162)
cfn=(886)
calls=7 0x1f3610 0 
* * 756
fe=(233)
+3 805 24
fi=(255)
+5 617 24
+3 * 24
fe=(233)
+2 805 24
fi=(242)
+4 115 24
+5 * 24
cfi=(162)
cfn=(886)
calls=24 0x1f3610 0 
* * 2210
+3 * 24
jfi=(233)
jump=24 0x2053a0 805 
* * 
fe=(233)
+2 805 1
fi=(255)
+3 617 1
+3 * 1
fi=(172)
+2 1151 1
fi=(242)
+4 115 1
+5 * 1
+3 * 1
+4 * 1
+1 * 1
+2 * 1
+2 * 1
+2 * 1
+2 * 1
+1 * 1
cfi=(162)
cfn=(886)
calls=1 0x1f3610 0 
* * 197
fe=(233)

fn=(2820) core::ptr::drop_in_place<std::sync::mpsc::Sender<test::event::CompletedTest>>
0x206ef0 805 1
+1 * 1
+3 * 1
+2 * 1
+1 * 1
fi=(402) /rustc/4a4ef493e3a1488c6e321570238084b38948f6db/library/std/src/sync/mpmc/mod.rs
+3 632 1
+3 * 1
+2 * 1
+4 * 1
fi=(176)
+6 4080 1
fi=(546) /rustc/4a4ef493e3a1488c6e321570238084b38948f6db/library/std/src/sync/mpmc/counter.rs
+8 61 1
jfi=(233)
jcnd=1/1 0x20700d 805 
* * 
fe=(233)
0x20700d 805 1
+1 * 1
+2 * 1
+1 * 1

fn=(2958) core::ptr::drop_in_place<std::thread::lifecycle::Packet<()>>
0x2069a0 805 1
+1 * 1
+3 * 1
+2 * 1
+2 * 1
+2 * 1
+2 * 1
+1 * 1
+4 * 1
fi=(374)
+3 197 1
+4 * 1
+4 * 1
+4 * 1
+4 * 1
+3 * 1
fe=(233)
+4 805 1
+3 * 1
jfi=(242)
jcnd=1/1 +46 0 
* * 
fi=(242)
+46 0 1
fi=(374)
+4 209 1
+7 +5 1
+3 * 1
fi=(373)
+3 2811 1
jfi=(233)
jcnd=1/1 +34 805 
* * 
fe=(233)
+34 805 1
+4 * 1
jcnd=1/1 +64 * 
* * 
+64 * 1
+4 * 1
+1 * 1
+2 * 1
+2 * 1
+2 * 1
+2 * 1
+1 * 1

fn=(3054)
0x207c90 805 3
+1 * 3
+3 * 3
+2 * 3
+2 * 3
+2 * 3
+2 * 3
+1 * 3
+1 * 3
+3 * 3
+3 * 3
+10 * 3
+3 * 3
+4 * 3
+6 * 3
jump=3 +40 * 
* * 
+40 * 3
+4 * 3
jcnd=3/3 +67 * 
* * 
+67 * 3
+4 * 3
+1 * 3
+2 * 3
+2 * 3
+2 * 3
+2 * 3
+1 * 3

fn=(3036) core::ptr::drop_in_place<std::sync::mpmc::counter::Counter<std::sync::mpmc::list::Channel<test::event::CompletedTest>>>
0x204160 805 1
+1 * 1
+3 * 1
+2 * 1
+2 * 1
+2 * 1
+2 * 1
+1 * 1
fi=(176)
+4 4027 1
+3 * 1
+7 * 1
+4 * 1
fi=(403) /rustc/4a4ef493e3a1488c6e321570238084b38948f6db/library/std/src/sync/mpmc/list.rs
+4 639 1
+4 +1 1
+4 +4 1
+3 * 1
+2 +19 1
+3 * 1
jfi=(242)
jcnd=1/1 +21 0 
* * 
fi=(242)
+21 0 1
fe=(233)
+4 805 1
+7 * 1
cfn=(3042) core::ptr::drop_in_place<alloc::vec::Vec<std::sync::mpmc::waker::Entry>>
calls=1 0x206bf0 * 
* * 116
+5 * 1
+7 * 1
+3 * 1
+4 * 1
+1 * 1
+2 * 1
+2 * 1
+2 * 1
+2 * 1
+1 * 1
cfn=(3042)
calls=1 0x206bf0 * 
* * 25

fn=(1130) core::ptr::drop_in_place<getopts::Matches>
0x2052b0 805 1
+1 * 1
+3 * 1
+2 * 1
+2 * 1
+2 * 1
+2 * 1
+1 * 1
+1 * 1
+3 * 1
+4 * 1
cfn=(1132) core::ptr::drop_in_place<alloc::vec::Vec<getopts::Opt>>
calls=1 0x206490 * 
* * 3865
+5 * 1
+4 * 1
cfn=(1138)
calls=1 0x208650 * 
* * 583
+5 * 1
+4 * 1
+4 * 1
+3 * 1
fi=(255)
+2 617 1
+4 * 1
+7 * 1
jfi=(233)
jump=1 +14 805 
* * 
fe=(233)
+5 805 1
+4 * 1
+3 * 1
jcnd=1/1 +26 * 
* * 
+2 * 1
fi=(255)
+5 617 1
+3 * 1
fe=(233)
+2 805 1
fi=(242)
+4 115 1
+5 * 1
cfi=(162)
cfn=(886)
calls=1 0x1f3610 0 
* * 108
+3 * 1
jfi=(233)
jump=1 -31 805 
* * 
fe=(233)
+2 805 1
fi=(255)
+4 617 1
+3 * 1
fi=(172)
+2 1151 1
+4 * 1
fi=(242)
+4 115 1
+5 * 1
+3 * 1
+4 * 1
+1 * 1
+2 * 1
+2 * 1
+2 * 1
+2 * 1
+1 * 1
cfi=(162)
cfn=(886)
calls=1 0x1f3610 0 
* * 87
fe=(233)

fn=(2802) core::ptr::drop_in_place<alloc::vec::drain::Drain<std::sync::mpmc::waker::Entry>>
0x207920 805 1
+1 * 1
+3 * 1
+2 * 1
+2 * 1
+2 * 1
+2 * 1
+1 * 1
+1 * 1
fi=(173)
+3 +95 1
+3 * 1
fi=(493) /rustc/4a4ef493e3a1488c6e321570238084b38948f6db/library/alloc/src/vec/drain.rs
+4 219 1
+3 * 1
+3 * 1
fi=(328)
+10 729 1
fi=(173)
+3 901 1
+7 * 1
fi=(493)
+8 219 1
+3 * 1
jcnd=1/1 0x2079ed -38 
* * 
0x2079ed -38 1
+4 * 1
+3 * 1
jfi=(233)
jcnd=1/1 +64 805 
* * 
fe=(233)
+64 805 1
+4 * 1
+1 * 1
+2 * 1
+2 * 1
+2 * 1
+2 * 1
+1 * 1

fn=(3042)
0x206bf0 805 2
+1 * 2
+3 * 2
+2 * 2
+2 * 2
+2 * 2
+2 * 2
+1 * 2
+4 * 2
+4 * 2
+4 * 2
+4 * 2
+3 * 2
jfi=(373)
jcnd=2/2 +68 0 
* * 
fi=(373)
+68 0 2
fe=(233)
+4 805 2
fi=(255)
+3 617 2
+3 * 2
jfi=(233)
jcnd=1/2 +38 805 
* * 
fi=(172)
+2 1151 1
+4 * 1
fi=(242)
+4 115 1
+5 * 1
+3 * 1
+4 * 1
+1 * 1
+2 * 1
+2 * 1
+2 * 1
+2 * 1
+1 * 1
cfi=(162)
cfn=(886)
calls=1 0x1f3610 0 
* * 87
fe=(233)
+6 805 1
+4 * 1
+1 * 1
+2 * 1
+2 * 1
+2 * 1
+2 * 1
+1 * 1

fn=(3140) core::ptr::drop_in_place<test::term::terminfo::TermInfo>
0x205eb0 805 1
+1 * 1
+3 * 1
+2 * 1
+2 * 1
+2 * 1
+2 * 1
+1 * 1
+4 * 1
+3 * 1
+4 * 1
+4 * 1
+3 * 1
fi=(255)
+2 617 1
+4 * 1
+7 * 1
jfi=(233)
jump=1 +13 805 
* * 
fe=(233)
+4 805 2
+4 * 2
+3 * 2
jcnd=1/2 +24 * 
* * 
+2 * 2
fi=(255)
+4 617 2
+3 * 2
fe=(233)
+2 805 2
fi=(242)
+3 115 2
+5 * 2
cfi=(162)
cfn=(886)
calls=2 0x1f3610 0 
* * 174
+3 * 2
jfi=(233)
jump=2 -29 805 
* * 
fe=(233)
+2 805 1
fi=(255)
+4 617 1
+3 * 1
fi=(172)
+2 1151 1
+4 * 1
fi=(242)
+4 115 1
+5 * 1
+3 * 1
cfi=(162)
cfn=(886)
calls=1 0x1f3610 0 
* * 87
fi=(337)
+6 2697 1
+4 2312 1
+3 * 1
+4 * 1
+6 0 1
+4 2253 1
+4 * 1
+3 * 1
+6 0 1
+4 2479 1
fi=(339)
+4 1320 1
+6 1563 1
fi=(342)
+5 31 1
fi=(328)
+3 863 1
+5 * 1
+7 * 1
jfi=(342)
jump=1 +29 50 
* * 
+14 0 10
+4 0 10
+3 0 10
+3 0 10
fi=(337)
+3 3851 10
jfi=(242)
jcnd=1/10 +89 0 
* * 
fi=(342)
+2 50 10
+4 * 10
jfi=(340)
jcnd=10/10 +47 641 
* * 
fi=(340)
+47 641 10
fi=(239)
+5 1072 10
+3 * 10
+3 * 10
+3 1400 10
fi=(255)
+4 617 10
+3 * 10
fi=(239)
+2 1400 10
fi=(242)
+4 115 10
+5 * 10
cfi=(162)
cfn=(886)
calls=10 0x1f3610 0 
* * 1078
+2 * 10
jfi=(328)
jump=10 0x205f70 0 
* * 
+2 0 1
fi=(172)
+4 2970 1
+3 * 1
+4 * 1
fi=(242)
+3 200 1
+4 * 1
+4 * 1
fi=(337)
+2 3173 1
fi=(239)
+4 1072 1
+3 * 1
fi=(242)
+4 115 1
+5 * 1
cfi=(162)
cfn=(886)
calls=1 0x1f3610 0 
* * 87
fi=(337)
+6 2697 1
+4 2312 1
+3 * 1
+6 0 1
+4 2253 1
+4 * 1
+3 * 1
+6 0 1
+4 2479 1
fi=(339)
+4 1320 1
+6 1563 1
fi=(342)
+5 31 1
fi=(328)
+3 863 1
+5 * 1
+7 * 1
jfi=(342)
jump=1 +27 50 
* * 
+12 0 15
+4 0 15
+3 0 15
+3 0 15
fi=(337)
+3 3851 15
jfi=(242)
jcnd=1/15 +89 0 
* * 
fi=(342)
+2 50 15
+4 * 15
jfi=(340)
jcnd=14/15 +47 641 
* * 
+2 -50 1
fi=(339)
+11 1320 1
+6 1563 1
fi=(239)
+5 1072 1
fi=(328)
+7 863 1
fi=(342)
+4 50 1
+7 * 1
+2 -19 1
fi=(340)
+3 641 1
fi=(239)
+5 1072 1
+3 * 1
+3 * 1
+3 1400 1
fi=(255)
+4 617 1
+3 * 1
fi=(340)
-21 +24 14
fi=(239)
+5 1072 14
+3 * 14
+3 * 14
+3 1400 14
fi=(255)
+4 617 14
+3 * 14
fi=(239)
+2 1400 15
fi=(242)
+4 115 15
+5 * 15
cfi=(162)
cfn=(886)
calls=15 0x1f3610 0 
* * 1755
+2 * 15
jfi=(328)
jump=15 0x206050 0 
* * 
+2 0 1
fi=(172)
+4 2970 1
+3 * 1
+4 * 1
fi=(242)
+3 200 1
+4 * 1
+4 * 1
fi=(337)
+2 3173 1
fi=(239)
+4 1072 1
+3 * 1
fi=(242)
+4 115 1
+5 * 1
cfi=(162)
cfn=(886)
calls=1 0x1f3610 0 
* * 181
fe=(233)
+6 805 1
+4 * 1
+3 * 1
+4 * 1
+1 * 1
+2 * 1
+2 * 1
+2 * 1
+2 * 1
+1 * 1
cfn=(3158)
calls=1 0x203e60 * 
* * 75972

fn=(3020) core::ptr::drop_in_place<std::sync::mpsc::Receiver<test::event::CompletedTest>>
0x207030 805 1
+1 * 1
+3 * 1
+2 * 1
+2 * 1
+2 * 1
+2 * 1
+1 * 1
+4 * 1
fi=(402)
+3 1358 1
+3 * 1
+4 * 1
+2 * 1
+4 * 1
fi=(176)
+6 4080 1
fi=(546)
+8 114 1
fi=(176)
+6 4258 1
fi=(403)
+10 529 1
jcnd=1/1 0x20730d 0 
* * 
0x20730d 0 1
fi=(176)
+7 4028 1
fi=(403)
+3 547 1
+2 * 1
+2 * 1
+3 * 1
+2 * 1
jfi=(257)
jcnd=1/1 0x2073a8 0 
* * 
fi=(257)
0x2073a8 0 1
fi=(176)
+3 4028 1
+3 * 1
+3 +18 1
+4 * 1
fi=(403)
+4 565 1
+3 * 1
+4 * 1
+3 * 1
+3 * 1
+3 * 1
+3 * 1
+2 * 1
+3 * 1
jfi=(257)
jcnd=1/1 0x207458 0 
* * 
fi=(257)
0x207458 0 1
fi=(403)
+4 584 1
+3 * 1
+2 0 1
+4 605 1
+3 * 1
fi=(242)
+2 115 1
+5 * 1
+5 * 1
+3 * 1
cfi=(162)
cfn=(886)
calls=1 0x1f3610 0 
* * 1697
+6 * 1
fi=(403)
+4 610 1
fi=(176)
+4 4013 1
+3 * 1
+2 +33 1
fi=(546)
+7 117 1
+2 * 1
jfi=(233)
jcnd=1/1 +46 805 
* * 
fe=(233)
+46 805 1
+4 * 1
+1 * 1
+2 * 1
+2 * 1
+2 * 1
+2 * 1
+1 * 1

fn=(3130)
0x203b40 805 4
+1 * 4
+3 * 4
+2 * 4
+2 * 4
+2 * 4
+2 * 4
+1 * 4
+4 * 4
+4 * 4
+4 * 4
+4 * 4
+4 * 4
+3 * 4
jfi=(242)
jcnd=3/4 0x203c0c 0 
* * 
+6 0 1
+10 0 1
+4 805 1
+4 * 1
+5 * 1
+6 * 1
jump=1 +21 * 
* * 
+9 * 1
+7 * 1
+3 * 1
jfi=(242)
jcnd=1/1 0x203c0c 0 
* * 
+2 * 1
+4 * 1
+4 * 1
+3 * 1
+4 * 1
+3 * 1
+2 * 1
+4 * 1
jcnd=1/1 +28 * 
* * 
+28 * 1
+8 * 1
+3 * 1
jcnd=1/1 +23 * 
* * 
+23 * 1
fi=(255)
+4 617 1
+3 * 1
jfi=(233)
jcnd=1/1 0x203b90 805 
* * 
fi=(242)
+19 0 4
fe=(233)
+4 805 4
fi=(255)
+3 617 4
+3 * 4
jfi=(233)
jcnd=3/4 +38 805 
* * 
fi=(172)
+2 1151 1
fi=(242)
+7 115 1
+5 * 1
+4 * 1
+4 * 1
+1 * 1
+2 * 1
+2 * 1
+2 * 1
+2 * 1
+1 * 1
cfi=(162)
cfn=(886)
calls=1 0x1f3610 0 
* * 87
fe=(233)
+6 805 3
+4 * 3
+1 * 3
+2 * 3
+2 * 3
+2 * 3
+2 * 3
+1 * 3

fn=(3212)
0x264bf0 805 1
+1 * 1
+3 * 1
+2 * 1
+2 * 1
+2 * 1
+2 * 1
+1 * 1
+1 * 1
fi=(363)
+3 675 1
+4 * 1
+2 +2 1
+3 * 1
cfn=(1860)
calls=1 0x251ed0 195 
* * 21
+5 0 1
+2 0 1
+3 0 1
fe=(233)
+3 805 1
+2 * 1
fi=(255)
+3 617 1
+3 * 1
fe=(233)
+2 805 1
fi=(242)
+4 115 1
+5 * 1
+4 * 1
+1 * 1
+2 * 1
+2 * 1
+2 * 1
+2 * 1
+1 * 1
cfi=(162)
cfn=(886)
calls=1 0x1f3610 0 
* * 87
fe=(233)

fn=(3138)
0x207de0 805 1
cfn=(3140)
calls=1 0x205eb0 * 
* * 79901

fn=(1132)
0x206490 805 1
+1 * 1
+3 * 1
+2 * 1
+2 * 1
+2 * 1
+2 * 1
+1 * 1
+1 * 1
fi=(255)
+3 597 1
fi=(256)
+4 4160 1
fe=(233)
+4 805 1
+3 * 1
+7 * 1
+3 * 1
jump=1 +25 * 
* * 
+10 * 24
+4 * 24
+3 * 24
cfn=(1133) core::ptr::drop_in_place<alloc::vec::Vec<getopts::Opt>>'2
calls=24 -55 * 
* * 928
+5 * 24
+3 * 24
+4 * 24
jcnd=1/24 +42 * 
* * 
-4 * 1
+4 * 1
+2 * 24
+4 * 24
+8 * 24
+3 * 24
jcnd=1/24 -36 * 
* * 
+2 * 23
fi=(242)
+4 115 23
+5 * 23
+3 * 23
+3 * 23
cfi=(162)
cfn=(886)
calls=23 0x1f3610 0 
* * 2335
+3 * 23
+3 * 23
jfi=(233)
jump=23 -59 805 
* * 
fe=(233)
+2 805 1
fi=(255)
+3 617 1
+3 * 1
fi=(172)
+2 1151 1
fi=(242)
+4 115 1
+5 * 1
+3 * 1
+4 * 1
+1 * 1
+2 * 1
+2 * 1
+2 * 1
+2 * 1
+1 * 1
cfi=(162)
cfn=(886)
calls=1 0x1f3610 0 
* * 170
fe=(233)

fn=(1133)
0x206490 805 26
+1 * 26
+3 * 26
+2 * 26
+2 * 26
+2 * 26
+2 * 26
+1 * 26
+1 * 26
fi=(255)
+3 597 26
fi=(256)
+4 4160 26
fe=(233)
+4 805 26
+3 * 26
+7 * 26
+3 * 26
jump=26 +25 * 
* * 
+10 * 2
+4 * 2
+3 * 2
cfn=(1133)
calls=2 -55 * 
* * 56
+5 * 2
+3 * 2
+4 * 2
jcnd=2/2 +42 * 
* * 
-4 * 26
+4 * 26
jcnd=24/26 +42 * 
* * 
+2 * 2
+4 * 2
+8 * 2
+3 * 2
jcnd=2/2 -36 * 
* * 
+25 * 26
fi=(255)
+3 617 26
+3 * 26
jfi=(233)
jcnd=24/26 +34 805 
* * 
fi=(172)
+2 1151 2
fi=(242)
+4 115 2
+5 * 2
+3 * 2
+4 * 2
+1 * 2
+2 * 2
+2 * 2
+2 * 2
+2 * 2
+1 * 2
cfi=(162)
cfn=(886)
calls=2 0x1f3610 0 
* * 174
fe=(233)
+6 805 24
+4 * 24
+1 * 24
+2 * 24
+2 * 24
+2 * 24
+2 * 24
+1 * 24

fn=(2282) core::ptr::drop_in_place<[alloc::boxed::Box<dyn core::ops::function::FnOnce<()>+Output = ()+core::marker::Send>]>
0x263580 805 1
+1 * 1
+3 * 1
+2 * 1
+2 * 1
+2 * 1
+2 * 1
+1 * 1
+1 * 1
+3 * 1
jcnd=1/1 +83 * 
* * 
+83 * 1
+4 * 1
+1 * 1
+2 * 1
+2 * 1
+2 * 1
+2 * 1
+1 * 1

fn=(3184) core::ptr::drop_in_place<test::cli::TestOpts>
0x205440 805 1
+1 * 1
+3 * 1
+2 * 1
+2 * 1
+2 * 1
+2 * 1
+1 * 1
+1 * 1
+3 * 1
+4 * 1
+4 * 1
+3 * 1
fi=(255)
+2 617 1
+4 * 1
+7 * 1
jfi=(233)
jump=1 +16 805 
* * 
fe=(233)
+7 805 1
+4 * 1
+3 * 1
jcnd=1/1 +26 * 
* * 
+2 * 1
fi=(255)
+5 617 1
+3 * 1
fe=(233)
+2 805 1
fi=(242)
+4 115 1
+5 * 1
cfi=(162)
cfn=(886)
calls=1 0x1f3610 0 
* * 115
+3 * 1
jfi=(233)
jump=1 -31 805 
* * 
fe=(233)
+2 805 1
fi=(255)
+4 617 1
+3 * 1
fi=(172)
+2 1151 1
+4 * 1
fi=(242)
+4 115 1
+5 * 1
+3 * 1
cfi=(162)
cfn=(886)
calls=1 0x1f3610 0 
* * 117
fe=(233)
+6 805 1
+4 * 1
+8 * 1
+3 * 1
+2 * 1
+4 * 1
+4 * 1
+3 * 1
+2 * 1
jump=1 +83 * 
* * 
+83 * 1
fi=(255)
+4 617 1
+3 * 1
jfi=(233)
jcnd=1/1 +38 805 
* * 
fe=(233)
+38 805 1
+4 * 1
+1 * 1
+2 * 1
+2 * 1
+2 * 1
+2 * 1
+1 * 1

fl=(260)
fn=(866)
0x298160 89 15
+2 * 15
+2 * 15
+1 * 15
+3 * 15
fi=(261)
+2 +44 15
+3 * 15
+4 * 15
+4 +12 15
+3 * 15
+6 0 15
+4 0 15
+4 0 15
+3 0 15
+2 0 15
+7 0 15
+10 0 15
jump=15 +19 164 
* 0 
+19 164 15
+4 +1 15
+2 * 15
fi=(172)
+2 2413 15
+3 * 15
fi=(261)
+3 222 15
+4 * 15
jcnd=15/15 +19 +2 
* * 
+15 +16 4
+4 -14 4
+3 * 4
jcnd=2/4 +16 +17 
* * 
-3 * 15
+3 * 15
jcnd=13/15 +16 +17 
* * 
+2 +9 4
+5 +1 4
+4 * 4
+3 * 4
jcnd=4/4 -21 +4 
* * 
+2 +7 15
+3 * 15
+2 0 15
+4 241 15
+4 * 15
-4 * 138
+4 * 138
+2 +1 153
+3 -1 153
+3 * 153
jcnd=138/153 -12 * 
* * 
+2 * 15
jfi=(260)
jump=15 0x298327 94 
* * 
fe=(260)
0x298327 94 15
+4 * 15
+4 * 15
+2 * 15
jump=15 +29 -94 
* * 
+29 -94 15
+3 98 15
+1 * 15
+2 * 15
+2 * 15

fl=(292)
fn=(1838)
0x270a40 788 9
+1 * 9
+3 * 9
+4 +1 9
+4 * 9
+4 * 9
cfn=(1840) <&std::io::stdio::Stdout as std::io::Write>::write
calls=9 0x27f560 +25 
* * 2052
+6 +1 9
+4 * 9
+1 * 9

fn=(2694) std::io::stdio::_print
0x251b10 1274 1
+1 * 1
+3 * 1
+2 * 1
+1 * 1
+4 * 1
+3 * 1
+3 * 1
+7 * 1
+4 * 1
+8 1159 1
cfn=(2696) std::io::stdio::print_to_buffer_if_capture_used
calls=1 0x251810 +10 
* * 20
+5 * 1
+2 * 1
fi=(176)
+2 4028 1
fi=(294)
+6 82 1
fi=(293)
+2 +74 1
fe=(292)
+2 1164 1
+7 * 1
+4 * 1
+4 808 1
+4 * 1
+4 * 1
+3 * 1
+3 * 1
cfn=(2702) <&std::io::stdio::Stdout as std::io::Write>::write_fmt
calls=1 0x27f7e0 +25 
* * 698
+6 1164 1
+3 * 1
+2 1276 1
+4 * 1
+1 * 1
+2 * 1
+1 * 1

fn=(1894) <&std::io::stdio::Stdout as std::io::Write>::flush
0x27f400 824 9
+1 * 9
+3 * 9
+2 * 9
+1 +1 9
+3 -56 9
fi=(171)
+3 34 9
+9 * 9
fi=(297)
+7 555 9
fi=(263)
+3 1065 9
+3 * 9
fi=(176)
+2 4027 9
fi=(362)
+3 101 9
+3 290 9
jcnd=9/9 +73 0 
* * 
+73 0 9
fi=(176)
+5 4112 9
+2 * 9
fi=(248)
+5 32 9
fi=(176)
+6 4012 9
fi=(362)
+3 296 9
fi=(297)
+7 2043 9
+5 * 9
fi=(173)
+2 901 9
fi=(297)
+8 2424 9
fi=(363)
+4 644 9
cfn=(1860)
calls=9 0x251ed0 195 
* * 735
fi=(173)
+5 901 9
fi=(362)
+4 425 9
+3 +1 9
jfi=(176)
jcnd=9/9 +7 4012 
* * 
fe=(292)
+2 826 9
+1 * 9
+2 * 9
+1 * 9
fi=(176)
+1 4012 9
+7 * 9
+2 +33 9
fi=(248)
+3 90 9
+3 * 9
jfi=(292)
jcnd=9/9 -20 826 
* * 
fe=(292)

fn=(2716) <std::io::stdio::StdoutLock as std::io::Write>::write_all
0x27fdc0 859 2
+1 * 2
+3 * 2
+2 * 2
+2 * 2
+2 * 2
+2 * 2
+1 * 2
fi=(362)
+4 401 2
fi=(297)
+3 2043 2
+5 * 2
+6 0 2
+3 0 2
fi=(173)
+3 901 2
fi=(364) /rustc/4a4ef493e3a1488c6e321570238084b38948f6db/library/std/src/io/buffered/linewritershim.rs
+8 269 2
+5 * 2
cfi=(281)
cfn=(1850) core::slice::memchr::memrchr
calls=2 0x298800 111 
* * 105
fe=(292)
+6 860 2
fi=(364)
+4 269 2
+2 * 2
jfi=(256)
jcnd=1/2 0x27fe64 1753 
* * 
fe=(292)
+2 860 1
fi=(364)
+3 278 1
fi=(270)
+3 2154 1
+3 * 1
fi=(256)
+6 1753 1
fi=(364)
+4 280 1
+3 * 1
+4 * 1
+4 * 1
fi=(255)
+6 602 1
fi=(363)
+3 453 1
+3 +85 1
+3 * 1
+6 0 1
fi=(239)
+4 961 1
fi=(233)
+3 547 1
+3 * 1
+3 * 1
cob=(2)
cfi=(214)
cfn=(708)
calls=1 0x188a80 255 
* * 12
fi=(363)
+6 447 1
fi=(256)
+3 2106 1
+4 0 1
fi=(364)
+4 290 1
cfi=(363)
cfn=(1860)
calls=1 0x251ed0 -95 
* * 112
fi=(245)
+5 2173 1
+3 * 1
+6 * 1
jump=1 0x27ff36 0 
* * 
fi=(256)
+5 1753 1
fi=(270)
+4 282 1
+3 * 1
jfi=(256)
jcnd=1/1 +40 0 
* * 
fi=(256)
+40 0 1
fi=(255)
+3 602 1
fi=(363)
+3 453 1
+3 +85 1
+3 * 1
jcnd=1/1 0x27ff51 0 
* * 
fi=(245)
0x27ff36 0 1
+4 0 1
fi=(255)
+3 602 1
fi=(256)
+4 2933 1
fi=(363)
+4 453 1
+3 +85 1
+3 * 1
+6 0 2
fi=(239)
+4 961 2
fi=(233)
+3 547 2
+3 * 2
+3 * 2
cob=(2)
cfi=(214)
cfn=(708)
calls=2 0x188a80 255 
* * 31
fi=(363)
+6 447 2
fi=(256)
+3 2106 2
+4 * 2
fi=(173)
+2 901 2
fe=(292)
+4 -40 2
+4 * 2
+1 * 2
+2 * 2
+2 * 2
+2 * 2
+2 * 2
+1 * 2

fn=(2702)
0x27f7e0 833 1
+1 * 1
+3 * 1
+2 * 1
+2 * 1
+2 * 1
+1 * 1
+4 * 1
+3 * 1
+3 +1 1
+3 -65 1
fi=(171)
+3 34 1
+9 * 1
fi=(297)
+7 555 1
fi=(263)
+3 1065 1
+3 * 1
fi=(176)
+2 4027 1
fi=(362)
+3 101 1
+3 290 1
jcnd=1/1 +75 0 
* * 
+75 0 1
fi=(176)
+5 4112 1
+2 * 1
fi=(248)
+6 32 1
fi=(176)
+6 4012 1
fi=(362)
+3 296 1
fe=(292)
+8 834 1
+4 * 1
fi=(324)
+4 638 1
+4 * 1
+4 * 1
+8 +1 1
+7 * 1
+4 * 1
+3 * 1
+3 * 1
cfi=(317)
cfn=(1348)
calls=1 0x291bf0 1630 
* * 639
+6 0 1
+2 0 1
+4 639 1
+2 * 1
jfi=(362)
jcnd=1/1 +22 0 
* * 
fi=(362)
+22 0 1
+2 0 1
+3 0 1
fi=(233)
+3 805 1
+2 0 1
fe=(292)
+2 834 1
fi=(362)
+4 425 1
+3 +1 1
fi=(176)
+2 4012 1
+7 * 1
+2 +33 1
fi=(248)
+3 90 1
+3 * 1
fe=(292)
+6 835 1
+4 * 1
+1 * 1
+2 * 1
+2 * 1
+2 * 1
+1 * 1

fn=(1840)
0x27f560 814 9
+1 * 9
+3 * 9
+2 * 9
+2 * 9
+2 * 9
+1 * 9
+4 * 9
+3 * 9
+3 +1 9
+3 -46 9
fi=(171)
+3 34 9
+9 * 9
fi=(297)
+7 555 9
fi=(263)
+3 1065 9
+3 * 9
fi=(176)
+2 4027 9
fi=(362)
+3 101 9
+3 290 9
jcnd=9/9 +71 0 
* * 
+71 0 9
fi=(176)
+5 4112 9
+2 * 9
fi=(248)
+5 32 9
fi=(176)
+2 4012 9
fi=(362)
+3 296 9
fe=(292)
+7 815 9
+4 * 9
+4 * 9
+3 * 9
+3 * 9
cfn=(1846) <std::io::stdio::StdoutLock as std::io::Write>::write
calls=9 0x27fb90 +31 
* * 1656
fi=(362)
+6 425 9
+3 +1 9
fi=(176)
+2 4012 9
+7 * 9
+2 +33 9
fi=(248)
+3 90 9
+3 * 9
fe=(292)
+2 816 9
+4 * 9
+1 * 9
+2 * 9
+2 * 9
+2 * 9
+1 * 9

fn=(1892)
0x270a20 798 9
+1 * 9
+3 * 9
+4 +1 9
+4 * 9
+4 * 9
cfn=(1894)
calls=9 0x27f400 +25 
* * 1068
+6 +1 9
+4 * 9
+1 * 9

fn=(2744) std::io::stdio::set_output_capture
0x251680 1114 1
+1 * 1
+3 * 1
+2 * 1
+1 * 1
+4 * 1
fi=(263)
+3 636 1
fe=(292)
+3 1134 1
fi=(176)
+2 4027 1
fe=(292)
+7 1134 1
+2 * 1
jfi=(245)
jcnd=1/1 0x251706 0 
* * 
fi=(245)
0x251706 0 1
fe=(292)
+2 1134 1
jump=1 +29 -15 
* * 
+29 -15 1
+4 * 1
+1 * 1
+2 * 1
+1 * 1

fn=(2696)
0x251810 1169 1
+1 * 1
+3 * 1
+2 * 1
+2 * 1
+2 * 1
+2 * 1
+1 * 1
fi=(176)
+4 4027 1
fe=(292)
+7 1170 1
+2 * 1
jfi=(373)
jcnd=1/1 0x251930 0 
* * 
fi=(373)
0x251930 0 1
fe=(292)
+2 1180 1
+4 * 1
+1 * 1
+2 * 1
+2 * 1
+2 * 1
+2 * 1
+1 * 1

fn=(1846)
0x27fb90 846 9
+1 * 9
+3 * 9
+2 * 9
+2 * 9
+2 * 9
+2 * 9
+1 * 9
fi=(362)
+1 401 9
fi=(297)
+3 2043 9
+6 * 9
+6 0 9
+3 0 9
fi=(173)
+3 901 9
fi=(364)
+9 70 9
+5 * 9
cfi=(281)
cfn=(1850)
calls=9 0x298800 +41 
* * 757
fe=(292)
+6 847 9
fi=(364)
+5 70 9
+2 * 9
jfi=(256)
jcnd=5/9 0x27fc7c 1753 
* * 
fe=(292)
+6 847 4
fi=(364)
+3 88 4
+3 * 4
cfi=(363)
cfn=(1860)
calls=4 0x251ed0 195 
* * 84
+5 * 4
fi=(245)
+3 2173 4
+3 * 4
+6 0 4
+3 0 4
fi=(172)
+3 842 4
fi=(365)
+6 346 4
+5 * 4
+3 * 4
+3 * 4
cob=(2)
cfi=(366)
cfn=(1870)
calls=4 0x11c590 25 
* * 179
fi=(175)
+6 235 4
+4 +10 4
jfi=(364)
jcnd=4/4 +22 104 
* * 
fi=(364)
+22 104 4
+3 * 4
+6 +17 4
+3 * 4
+4 * 4
jfi=(275)
jcnd=4/4 0x27fce3 568 
* * 
fi=(256)
+74 1753 5
fi=(270)
+5 282 5
+3 * 5
jfi=(256)
jcnd=5/5 +38 0 
* * 
fi=(256)
+38 0 5
fi=(255)
+3 602 5
fi=(363)
+4 453 5
+3 +69 5
+3 * 5
+6 0 5
fi=(239)
+5 961 5
fi=(233)
+3 547 5
+3 * 5
+3 * 5
cob=(2)
cfi=(214)
cfn=(708)
calls=5 0x188a80 255 
* * 70
fi=(363)
+6 447 5
fi=(256)
+3 2106 5
+5 * 5
fi=(364)
+2 143 5
jfi=(173)
jump=5 +48 901 
* * 
fi=(275)
+8 568 4
+3 * 4
+3 * 4
fi=(364)
+6 126 4
+4 * 4
+2 0 4
+4 0 4
jfi=(255)
jump=4 +52 602 
* 0 
fi=(173)
+18 901 9
fe=(292)
+5 -53 9
+3 * 9
+4 * 9
+1 * 9
+2 * 9
+2 * 9
+2 * 9
+2 * 9
+1 * 9
fi=(255)
+12 602 4
fi=(256)
+5 2933 4
fi=(363)
+5 453 4
fi=(236)
+3 1068 4
+3 * 4
+4 * 4
fi=(239)
+5 961 4
fi=(233)
+3 547 4
+3 * 4
+3 * 4
cob=(2)
cfi=(214)
cfn=(708)
calls=4 0x188a80 255 
* * 52
fi=(363)
+6 447 4
fi=(256)
+3 2106 4
fi=(364)
+5 142 4
+4 * 4
+2 +1 4
jfi=(173)
jump=4 -88 901 
* * 
fe=(292)

fl=(317)
fn=(1824) <str as core::fmt::Display>::fmt
0x2902d0 2959 3
+3 * 3
+3 * 3
+3 +1 3
+3 * 3
cfn=(1826) core::fmt::Formatter::pad
calls=3 0x2932c0 1909 
* * 194

fn=(3102) core::fmt::Formatter::pad_formatted_parts
0x2929b0 1980 1
+1 * 1
+3 * 1
+2 * 1
+2 * 1
+2 * 1
+2 * 1
+1 * 1
+4 * 1
+3 * 1
+3 +1 1
+5 * 1
+4 * 1
jcnd=1/1 0x292a7d +3 
* * 
0x292a7d +3 1
+3 * 1
+4 * 1
+4 * 1
+1 * 1
+2 * 1
+2 * 1
+2 * 1
+2 * 1
+1 * 1
cfn=(3104) core::fmt::Formatter::write_formatted_parts
calls=1 0x292c10 +40 
* * 211

fn=(1348)
0x291bf0 1630 6
+1 * 6
+3 * 6
+2 * 6
+2 * 6
+2 * 6
+2 * 6
+1 * 6
+4 * 6
+3 * 6
+3 * 6
+3 878 6
+3 * 6
fi=(233)
+6 1710 6
fe=(317)
+5 -58 6
+2 * 6
+6 0 6
+4 0 6
+4 0 6
+4 0 6
+8 0 6
jfi=(177)
jump=6 +28 660 
* 0 
fi=(233)
+12 1710 25
+5 * 25
fe=(317)
+3 -58 25
+2 * 25
jcnd=6/25 0x291d9b 0 
* * 
fi=(177)
+6 660 25
+4 * 25
fe=(317)
+4 1655 25
+2 * 25
jcnd=12/25 +38 +10 
* * 
+2 +9 13
+3 * 13
+3 * 13
+3 * 13
cfi=(324)
cfn=(2714) <std::io::default_write_fmt::Adapter<T> as core::fmt::Write>::write_str
calls=1 0x281050 627 
* * 265
cfi=(262)
cfn=(1362) <alloc::string::String as core::fmt::Write>::write_str
calls=12 0x28f2e0 3346 
* * 483
fi=(245)
+3 2173 13
+2 * 13
fe=(317)
+6 0 13
fi=(245)
+3 2173 13
jfi=(233)
jump=13 -51 1710 
* * 
fe=(317)
+13 1665 12
+2 * 12
+2 * 12
+7 * 12
+2 0 12
fi=(177)
+4 660 12
+3 * 12
fe=(317)
+4 -83 12
+8 * 12
jump=12 0x291d42 * 
* * 
0x291d42 * 12
+4 * 12
+4 * 12
fi=(547) /rustc/4a4ef493e3a1488c6e321570238084b38948f6db/library/core/src/fmt/rt.rs
+4 144 12
+4 +8 12
+4 * 12
cfi=(317)
cfn=(1822) <&T as core::fmt::Display>::fmt
calls=1 0x203340 2865 
* * 849
cfi=(318) /rustc/4a4ef493e3a1488c6e321570238084b38948f6db/library/core/src/fmt/num.rs
cfn=(2708) core::fmt::num::imp::<impl core::fmt::Display for i32>::fmt
calls=1 0x290b10 +4 
* * 299
cfi=(262)
cfn=(1828) <alloc::string::String as core::fmt::Display>::fmt
calls=2 0x229690 2713 
* * 148
cfi=(317)
cfn=(1822)
calls=1 0x203400 2865 
* * 76
cfi=(318)
cfn=(1816) core::fmt::num::imp::<impl core::fmt::Display for u64>::fmt
calls=6 0x290c40 -17 
* * 1018
cfi=(318)
cfn=(1354) core::fmt::num::<impl core::fmt::LowerHex for u64>::fmt
calls=1 0x291110 14 
* * 276
fi=(245)
+4 2173 12
+2 * 12
fe=(317)
+2 0 12
+3 0 12
+4 0 12
jfi=(233)
jump=12 0x291c40 1710 
* 0 
+54 0 6
+2 0 6
jump=6 +4 1739 
* 0 
+4 1739 6
+4 * 6
+1 * 6
+2 * 6
+2 * 6
+2 * 6
+2 * 6
+1 * 6

fn=(1349) core::fmt::write'2
0x291bf0 1630 1
+1 * 1
+3 * 1
+2 * 1
+2 * 1
+2 * 1
+2 * 1
+1 * 1
+4 * 1
+3 * 1
+3 * 1
+3 878 1
+3 * 1
fi=(233)
+6 1710 1
fe=(317)
+5 -58 1
+2 * 1
+6 0 1
+4 0 1
+4 0 1
+4 0 1
+8 0 1
jfi=(177)
jump=1 +28 660 
* 0 
fi=(233)
+12 1710 2
+5 * 2
fe=(317)
+3 -58 2
+2 * 2
jcnd=1/2 0x291d9b 0 
* * 
fi=(177)
+6 660 2
+4 * 2
fe=(317)
+4 1655 2
+2 * 2
jcnd=1/2 +38 +10 
* * 
+2 +9 1
+3 * 1
+3 * 1
+3 * 1
cfi=(262)
cfn=(1362)
calls=1 0x28f2e0 3346 
* * 42
fi=(245)
+3 2173 1
+2 * 1
fe=(317)
+6 0 1
fi=(245)
+3 2173 1
jfi=(233)
jump=1 -51 1710 
* * 
fe=(317)
+13 1665 1
+2 * 1
+2 * 1
+7 * 1
jfi=(245)
jcnd=1/1 +65 0 
* * 
fi=(245)
+65 0 1
fe=(317)
+5 1699 1
+2 * 1
fi=(233)
+2 +11 1
fi=(177)
+4 660 1
+4 * 1
fe=(317)
+3 1703 1
+2 * 1
+2 0 1
+2 0 1
+4 1707 1
+2 * 1
fi=(233)
+2 +3 1
fi=(177)
+5 660 1
fe=(317)
+4 1711 1
+2 * 1
+2 * 1
jump=1 +34 +5 
* * 
+34 +5 1
+2 * 1
+2 +7 1
+2 * 1
jfi=(177)
jcnd=1/1 +13 660 
* * 
fi=(177)
+13 660 1
+3 * 1
fe=(317)
+4 -83 1
+3 * 1
+4 * 1
+4 * 1
+4 * 1
+4 * 1
fi=(547)
+4 144 1
+4 +8 1
+4 * 1
cfi=(510) /rustc/4a4ef493e3a1488c6e321570238084b38948f6db/library/core/src/fmt/float.rs
cfn=(3076) core::fmt::float::<impl core::fmt::Display for f64>::fmt
calls=1 0x291bb0 +60 
* * 684
fi=(245)
+4 2173 1
+2 * 1
fe=(317)
+2 0 1
+3 0 1
+4 0 1
jfi=(233)
jump=1 0x291c40 1710 
* 0 
+54 0 1
+2 0 1
jump=1 +4 1739 
* 0 
+4 1739 1
+4 * 1
+1 * 1
+2 * 1
+2 * 1
+2 * 1
+2 * 1
+1 * 1

fn=(1360) core::fmt::Formatter::pad_integral::write_prefix
0x292440 1846 8
+1 * 8
+3 * 8
+2 * 8
+2 * 8
+2 * 8
+1 * 8
+3 * 8
+3 * 8
+3 +1 8
+6 * 8
jcnd=8/8 +22 +3 
* * 
+22 +3 8
+3 * 8
jcnd=8/8 +22 0 
* * 
+22 0 8
+2 1851 8
+1 * 8
+2 * 8
+2 * 8
+2 * 8
+1 * 8

fn=(1358) core::fmt::Formatter::pad_integral
0x2924a0 1825 8
+1 * 8
+3 * 8
+2 * 8
+2 * 8
+2 * 8
+2 * 8
+1 * 8
+4 * 8
+4 * 8
+3 * 8
+3 +4 8
+2 * 8
+2 0 8
+5 2309 8
+3 * 8
+7 * 8
+5 * 8
+5 1832 8
+3 * 8
+3 * 8
+4 * 8
+3 +5 8
+7 * 8
+4 * 8
jcnd=8/8 +69 0 
* * 
+69 0 8
+2 1854 8
+6 +1 8
+3 * 8
+6 0 8
+3 0 8
+3 1857 8
+4 * 8
+5 * 8
+3 * 8
+3 * 8
+3 * 8
+4 * 8
cfn=(1360)
calls=8 0x292440 -11 
* * 160
+5 * 8
fi=(245)
+3 2173 8
+2 * 8
fe=(317)
+6 1858 8
+4 * 8
+3 * 8
+4 * 8
+3 * 8
+4 * 8
+1 * 8
+2 * 8
+2 * 8
+2 * 8
+2 * 8
+1 * 8
cfi=(324)
cfn=(2714)
calls=1 0x281050 627 
* * 147
cfi=(262)
cfn=(1362)
calls=7 0x28f2e0 3346 
* * 419

fn=(3104)
0x292c10 2024 1
+1 * 1
+3 * 1
+2 * 1
+2 * 1
+2 * 1
+2 * 1
+1 * 1
+4 * 1
+3 * 1
+3 * 1
+3 +9 1
+4 * 1
+3 * 1
jcnd=1/1 +23 +3 
* * 
+23 +3 1
fi=(177)
+4 1692 1
fi=(265)
+3 180 1
+6 0 1
+4 0 1
+4 0 1
+4 0 1
+4 0 1
+4 0 1
fe=(317)
+7 2037 1
+5 * 1
+2 * 1
-7 * 2
+5 * 2
+2 * 2
+2 * 3
+3 * 3
jcnd=3/3 0x292d10 +25 
* * 
0x292d10 +25 3
+5 * 3
+5 -32 3
+3 * 3
jump=3 0x292e27 0 
* * 
0x292e27 0 3
+4 0 3
cfi=(262)
cfn=(1362)
calls=3 0x28f2e0 3346 
* 0 130
fi=(245)
+3 2173 3
+2 * 3
+2 0 3
fi=(177)
+4 1692 3
fi=(265)
+4 180 3
jfi=(317)
jcnd=2/3 0x292c70 2037 
* * 
+6 0 1
+2 0 1
jfi=(317)
jump=1 +4 2068 
* 0 
fe=(317)
+4 2068 1
+4 * 1
+1 * 1
+2 * 1
+2 * 1
+2 * 1
+2 * 1
+1 * 1

fn=(1826)
0x2932c0 1909 3
+1 * 3
+3 * 3
+2 * 3
+2 * 3
+2 * 3
+2 * 3
+1 * 3
+4 * 3
+3 +2 3
+4 * 3
+7 * 3
jcnd=3/3 0x293631 0 
* * 
0x293631 0 3
+3 0 3
+4 0 3
+4 0 3
+3 0 3
+3 0 3
+4 0 3
+1 0 3
+2 0 3
+2 0 3
+2 0 3
+2 0 3
+1 0 3
cfi=(262)
cfn=(1362)
calls=3 0x28f2e0 3346 
* 0 119

fn=(1822)
0x203340 2865 1
+1 * 1
+3 * 1
+4 * 1
fi=(359) /rustc/4a4ef493e3a1488c6e321570238084b38948f6db/library/core/src/time.rs
+3 869 1
+4 * 1
+7 * 1
+8 * 1
+4 * 1
+4 * 1
+4 * 1
+3 * 1
+5 * 1
+8 * 1
+4 * 1
+5 * 1
fi=(368) /rustc/4a4ef493e3a1488c6e321570238084b38948f6db/library/test/src/time.rs
+4 80 1
+4 * 1
+7 * 1
fe=(317)
+4 2125 1
+3 * 1
+4 * 1
+7 * 1
+4 * 1
cfn=(1349)
calls=1 0x291bf0 1630 
* * 822
+6 2865 1
+4 * 1
+1 * 1
+77 * 1
+3 * 1
+3 * 1
+4 * 1
+3 * 1
cfn=(1824)
calls=1 0x2902d0 +94 
* * 71

fl=(406)
fn=(2876)
0x2537f0 20 1
+1 * 1
+3 * 1
+1 * 1
+1 * 1
fi=(297)
+12 2043 1
+8 * 1
+2 0 1
+7 0 1
fi=(173)
+13 901 1
fi=(256)
+7 2731 1
+4 * 1
+3 * 1
jfi=(255)
jcnd=1/1 +56 617 
* * 
fi=(255)
+56 617 1
+5 * 1
jfi=(297)
jcnd=1/1 +20 0 
* * 
fi=(297)
+20 0 1
fi=(548) /rustc/4a4ef493e3a1488c6e321570238084b38948f6db/library/std/src/sys/thread_local/destructors/list.rs
+2 36 1
+8 * 1
+8 * 1
fi=(173)
+8 901 1
fi=(171)
+3 325 1
+9 * 1
fi=(297)
+7 555 1
fi=(171)
+3 326 1
+4 * 1
fi=(173)
+2 901 1
fi=(328)
+7 +73 1
fi=(171)
+4 329 1
fi=(176)
+4 4079 1
fi=(373)
+5 2811 1
jfi=(406)
jcnd=1/1 +12 30 
* * 
fe=(406)
+12 30 1
+4 * 1
+1 * 1
+1 * 1

fn=(2124)
0x253720 9 2
+1 * 2
+3 * 2
+1 * 2
fi=(176)
+4 4028 2
fi=(407) /rustc/4a4ef493e3a1488c6e321570238084b38948f6db/library/std/src/sys/thread_local/key/racy.rs
+7 39 2
+3 * 2
jfi=(409) /rustc/4a4ef493e3a1488c6e321570238084b38948f6db/library/std/src/sys/thread_local/key/unix.rs
jcnd=1/2 0x25379e -3 
* * 
+2 +16 1
fi=(409)
+7 -28 1
+7 * 1
+4 +1 1
cob=(2)
cfi=(408)
cfn=(2128)
calls=1 0x9e820 -3 
* * 18
+6 * 1
+2 * 1
+2 +3 1
fi=(407)
+3 +25 1
+2 * 1
+2 +3 1
fi=(409)
+7 -32 1
+7 * 1
+4 +1 1
cob=(2)
cfi=(408)
cfn=(2128)
calls=1 0x9e820 -3 
* * 27
+6 * 1
+2 * 1
+2 +3 1
+3 +17 1
+2 * 1
cob=(2)
cfi=(410)
cfn=(2132)
calls=1 0x9e880 -23 
* * 16
fi=(407)
+6 +17 1
+2 * 1
+2 * 1
fi=(176)
+2 4124 1
+2 * 1
fi=(407)
+9 66 1
jfi=(409)
jcnd=1/1 +14 -30 
* * 
fi=(409)
+14 -30 2
+5 * 2
cob=(2)
cfi=(411)
cfn=(2134)
calls=2 0xa3e00 -11 
* * 74
fe=(406)
+6 -5 2
+4 * 2
+1 * 2
+1 * 2

fl=(473) /home/ecuodah/Documents/ssi/hqc/hqc/src/vector.rs
fn=(2460) hqc::vector::vect_set_random
0x2432f0 115 300
+1 * 300
+2 * 300
+2 * 300
+2 * 300
+2 * 300
+1 * 300
+7 * 300
+5 * 300
fi=(475) /home/ecuodah/.cargo/registry/src/index.crates.io-1949cf8c6b5b557f/digest-0.10.7/src/core_api/xof_reader.rs
+3 -74 300
fi=(459)
+7 196 300
+7 * 300
+3 * 300
+5 * 300
+5 +62 300
jfi=(443) /home/ecuodah/.rustup/toolchains/stable-x86_64-unknown-linux-gnu/lib/rustlib/src/rust/library/core/src/slice/mod.rs
jcnd=300/300 +40 0 
* * 
fi=(443)
+40 0 300
+5 0 300
fi=(459)
+4 344 300
+6 * 300
+3 * 300
+2 * 300
+3 * 300
+3 * 300
+2 * 300
+2 * 300
+3 * 300
+5 * 300
+3 * 300
fi=(477) /home/ecuodah/.rustup/toolchains/stable-x86_64-unknown-linux-gnu/lib/rustlib/src/rust/library/core/src/ptr/mut_ptr.rs
+4 961 300
+3 * 300
+5 * 300
+3 * 300
+5 * 300
+7 0 300
fi=(475)
+4 44 300
fi=(455)
+4 547 300
+5 * 300
+3 * 300
+3 * 300
cob=(2)
cfi=(214)
cfn=(708)
calls=300 0x188a80 255 
* * 9000
fi=(477)
-19 0 4500
fi=(475)
+4 44 4500
fi=(455)
+4 547 4500
+5 * 4500
+3 * 4500
+3 * 4500
cob=(2)
cfi=(214)
cfn=(708)
calls=4500 0x188a80 255 
* * 135000
fi=(466)
+3 49 4800
+7 * 4800
+3 * 4800
cfi=(463)
cfn=(2380)
calls=4800 0x244f90 166 
* * 29558400
fi=(475)
+6 -5 4800
+5 * 4800
+3 * 4800
+3 * 4800
cob=(2)
cfi=(214)
cfn=(708)
calls=4800 0x188a80 255 
* * 144000
fi=(476)
+3 1692 4800
+7 * 4800
fi=(464)
+3 180 4800
jfi=(477)
jcnd=4500/4800 -62 0 
* * 
+2 0 300
fi=(459)
+5 274 300
+3 * 300
+2 0 300
fi=(455)
+5 547 300
+5 * 300
+3 * 300
+3 * 300
cob=(2)
cfi=(214)
cfn=(708)
calls=300 0x188a80 255 
* * 9000
fi=(466)
+3 49 300
+7 * 300
+3 * 300
cfi=(463)
cfn=(2380)
calls=300 0x244f90 166 
* * 1847400
+6 * 300
fi=(455)
+5 547 300
+3 * 300
+3 * 300
cob=(2)
cfi=(214)
cfn=(708)
calls=300 0x188a80 255 
* * 3600
fi=(459)
+3 278 300
+5 * 300
+5 * 300
+3 * 300
cob=(2)
cfi=(214)
cfn=(708)
calls=300 0x188a80 -23 
* * 9000
+3 -39 300
+7 * 300
fe=(473)
+5 121 300
+7 * 300
+2 0 300
+5 121 300
+8 +1 300
+7 * 300
+1 * 300
+2 * 300
+2 * 300
+2 * 300
+2 * 300
+1 * 300

fn=(2444) hqc::vector::vect_sample_fixed_weight1
0x243470 100 300
+1 * 300
+2 * 300
+2 * 300
+2 * 300
+2 * 300
+1 * 300
+7 * 300
+3 * 300
+5 * 300
+5 * 300
+3 * 300
+5 +1 300
+5 * 300
+2 * 300
cob=(2)
cfi=(227)
cfn=(766)
calls=300 0x189480 +57 
* * 10800
+6 -79 300
+5 * 300
+7 * 300
+5 * 300
+3 +3 300
+6 -25 300
fi=(459)
+8 196 300
+9 * 300
+2 * 300
+8 * 300
+7 * 300
jfi=(473)
jump=300 +33 0 
* * 
+17 0 41
+5 0 41
fe=(473)
+5 25 41
+6 -25 19841
+5 0 19841
jfi=(459)
jump=19841 +70 258 
* 0 
fi=(455)
+11 547 19345
+6 * 19345
+4 * 19345
+6 * 19345
fi=(459)
+5 239 19345
+4 * 19345
fe=(473)
+8 27 19345
+5 +2 19345
+5 * 19345
+3 -2 19345
+2 +4 19345
+5 * 19345
jcnd=19341/19345 0x2435f0 -19 
* * 
fi=(459)
-28 239 500
fe=(473)
+8 27 500
+5 +2 500
+5 * 500
+3 -2 500
+2 +4 500
+5 * 500
jcnd=500/500 0x2435f0 -19 
* * 
fi=(459)
+6 258 19845
+3 * 19845
jcnd=200/19845 +66 0 
* * 
+2 0 19645
+4 259 19645
+4 * 19645
jfi=(455)
jcnd=19345/19645 -72 547 
* * 
+2 0 300
+6 0 300
fi=(460)
+3 89 300
fi=(455)
+4 547 300
+5 * 300
+3 * 300
cob=(2)
cfi=(214)
cfn=(708)
calls=300 0x188a80 255 
* * 5000
fi=(459)
+3 274 300
+7 * 300
+2 0 300
+3 0 300
+4 274 300
jfi=(455)
jump=300 +25 547 
* * 
+14 0 200
+6 0 200
fi=(455)
+5 547 200
+5 * 200
+3 * 200
+3 * 200
cob=(2)
cfi=(214)
cfn=(708)
calls=200 0x188a80 255 
* * 6000
-11 * 300
+5 * 300
+3 * 300
+3 * 300
cob=(2)
cfi=(214)
cfn=(708)
calls=300 0x188a80 255 
* * 9000
fi=(466)
+3 49 500
+8 * 500
+3 * 500
cfi=(463)
cfn=(2380)
calls=500 0x244f90 166 
* * 3079000
fi=(455)
+6 547 500
+3 * 500
+3 * 500
+3 * 500
cob=(2)
cfi=(214)
cfn=(708)
calls=500 0x188a80 255 
* * 8800
fi=(459)
+3 278 500
+5 * 500
+3 * 500
+3 * 500
cob=(2)
cfi=(214)
cfn=(708)
calls=500 0x188a80 -23 
* * 15000
+3 -4 500
jump=500 0x243529 -35 
* * 
fe=(473)
+28 12 19841
+2 * 19841
+7 * 19841
+4 +1 19841
fi=(439)
+6 2413 19841
fe=(473)
+3 17 19841
fi=(439)
+6 2413 19841
+7 * 19841
+3 * 19841
fi=(448)
+2 1908 19841
fi=(474)
+5 772 19841
jfi=(473)
jcnd=300/19841 +99 0 
* * 
fi=(448)
-5 1908 153798
fi=(474)
+5 772 153798
jfi=(473)
jcnd=4800/153798 +99 0 
* * 
fe=(473)
+2 39 168539
+4 * 168539
jfi=(459)
jcnd=3/168539 0x2434f0 -39 
* * 
fi=(448)
+6 1908 168536
+4 * 168536
fi=(474)
+5 772 168536
jfi=(473)
jcnd=5100/168536 +78 0 
* * 
fe=(473)
+2 39 163436
+4 * 163436
jfi=(459)
jcnd=8/163436 0x2434f0 -39 
* * 
fi=(448)
+6 1908 163428
+3 * 163428
fi=(474)
+5 772 163428
jfi=(473)
jcnd=4800/163428 +58 0 
* * 
fe=(473)
+2 39 158628
+4 * 158628
jfi=(459)
jcnd=16/158628 0x2434f0 -39 
* * 
fi=(448)
+6 1908 158612
+3 * 158612
fi=(474)
+5 772 158612
jfi=(473)
jcnd=4800/158612 +38 0 
* * 
fe=(473)
+2 39 153812
+4 * 153812
+4 * 153812
+2 * 153812
+4 * 153812
+4 * 153812
+3 * 153812
jfi=(448)
jcnd=153798/153812 -89 1908 
* * 
+2 * 14
jfi=(459)
jump=14 0x2434f0 -39 
* * 
+13 -39 19800
+5 46 19800
+4 * 19800
+2 * 19800
+4 +1 19800
+3 * 19800
+5 -22 19800
jcnd=19500/19800 0x243500 -25 
* * 
+6 -25 300
+5 0 300
+5 0 300
+5 0 300
+5 103 300
cfn=(2454) hqc::vector::vect_write_support_to_vector
calls=300 0x243c00 -26 
* * 23053500
+5 +2 300
+7 * 300
+1 * 300
+2 * 300
+2 * 300
+2 * 300
+2 * 300
+1 * 300

fn=(2454)
0x243c00 77 900
+2 * 900
+2 * 900
+2 * 900
+2 * 900
+1 * 900
+7 * 900
+3 * 900
+3 * 900
+3 * 900
+3 * 900
+5 * 900
+7 +1 900
+5 * 900
+2 * 900
cob=(2)
cfi=(227)
cfn=(766)
calls=900 0x189480 +80 
* * 32400
+3 * 900
+8 +1 900
+5 * 900
+2 * 900
cob=(2)
cfi=(227)
cfn=(766)
calls=900 0x189480 +79 
* * 45000
fi=(448)
+3 1908 900
fi=(474)
+3 772 900
fe=(473)
+2 82 900
+4 * 900
jcnd=900/900 +41 * 
* * 
+41 * 900
+4 * 900
+4 * 900
+5 * 900
+4 * 900
+3 * 900
+2 * 900
+3 * 900
+5 * 900
+4 * 900
+3 * 900
+2 * 900
+8 * 900
+8 -82 900
+3 82 900
+6 * 900
+7 * 900
+4 * 900
+5 * 900
+4 * 900
+5 * 900
+4 * 900
+6 +1 900
+4 * 900
+4 +1 900
+4 * 900
+4 * 900
+4 * 900
+4 * 900
+4 * 900
+4 * 900
+5 * 900
+4 * 900
+4 * 900
+4 * 900
+4 * 900
+4 * 900
+5 * 900
+4 * 900
+4 * 900
+4 * 900
+9 * 900
fi=(439)
+9 763 900
+4 * 900
+3 * 900
jfi=(473)
jcnd=900/900 0x243cb0 82 
* * 
fe=(473)
0x243cb0 82 14700
+6 * 14700
+7 * 14700
+4 * 14700
+5 * 14700
+4 * 14700
+5 * 14700
+4 * 14700
+6 +1 14700
+4 * 14700
+4 +1 14700
+4 * 14700
+4 * 14700
+4 * 14700
+4 * 14700
+4 * 14700
+4 * 14700
+5 * 14700
+4 * 14700
+4 * 14700
+4 * 14700
+4 * 14700
+4 * 14700
+5 * 14700
+4 * 14700
+4 * 14700
+4 * 14700
+9 * 14700
fi=(439)
+9 763 14700
+4 * 14700
+3 * 14700
jfi=(473)
jcnd=13800/14700 0x243cb0 82 
* * 
fe=(473)
+6 82 900
+3 * 900
+3 * 900
+4 * 900
+4 * 900
+4 * 900
+4 * 900
+7 * 900
+6 * 900
+3 * 900
+2 -82 900
+6 82 900
+3 * 900
-3 * 1500
+3 * 1500
+6 * 2400
+3 * 2400
+3 * 2400
+4 +2 2400
+6 * 2400
+3 -2 2400
+4 +2 2400
fi=(448)
+4 1908 2400
+3 * 2400
fi=(474)
+3 772 2400
jfi=(473)
jcnd=1500/2400 -42 82 
* * 
+2 0 900
+4 0 900
fe=(473)
+4 90 900
+6 -90 900
+3 0 900
fi=(474)
+3 772 900
+2 * 900
+2 * 900
+2 0 900
+10 0 900
+4 772 900
jcnd=900/900 +12 0 
* * 
-4 0 248400
+4 772 248400
jcnd=248400/248400 +12 0 
* * 
+12 0 249300
+4 0 249300
+5 0 249300
+4 0 249300
+2 0 249300
+4 0 249300
fe=(473)
+13 90 249300
+6 * 249300
+6 +1 249300
+4 * 249300
+5 * 249300
+4 * 249300
+5 +2 249300
+9 * 249300
+4 * 249300
+4 * 249300
+9 * 249300
+4 * 249300
fi=(439)
+4 763 249300
+4 * 249300
+3 * 249300
jfi=(473)
jcnd=249300/249300 -71 90 
* * 
fe=(473)
-71 90 4071900
+6 * 4071900
+6 +1 4071900
+4 * 4071900
+5 * 4071900
+4 * 4071900
+5 +2 4071900
+9 * 4071900
+4 * 4071900
+4 * 4071900
+9 * 4071900
+4 * 4071900
fi=(439)
+4 763 4071900
+4 * 4071900
+3 * 4071900
jfi=(473)
jcnd=3822600/4071900 -71 90 
* * 
fi=(474)
+2 +9 249300
+4 * 249300
+5 * 249300
+4 * 249300
+5 * 249300
+3 * 249300
+3 * 249300
jfi=(473)
jcnd=249300/249300 +34 91 
* * 
+15 0 2400
fe=(473)
+8 93 2400
+3 -93 2400
fi=(448)
+3 1908 2400
fi=(474)
+3 772 2400
jfi=(473)
jcnd=900/2400 +22 95 
* * 
fe=(473)
+2 91 664800
+4 +2 664800
jfi=(474)
jcnd=2400/664800 -23 -93 
* * 
+2 -93 662400
+3 93 662400
+3 -93 662400
fi=(448)
+3 1908 662400
fi=(474)
+3 772 662400
jfi=(473)
jcnd=414000/662400 -18 91 
* * 
fe=(473)
+2 95 249300
+3 * 249300
+6 * 249300
fi=(439)
+4 763 249300
fi=(448)
+3 1908 249300
fi=(474)
+7 772 249300
jcnd=248400/249300 0x243dc0 0 
* * 
fe=(473)
+6 97 900
+7 * 900
+1 * 900
+2 * 900
+2 * 900
+2 * 900
+2 * 900

fn=(2558) hqc::vector::vect_sample_fixed_weight2
0x243700 107 600
+1 * 600
+2 * 600
+2 * 600
+2 * 600
+2 * 600
+1 * 600
+7 * 600
+3 * 600
+3 * 600
+5 * 600
+3 * 600
+5 * 600
+7 +1 600
+5 * 600
+2 * 600
cob=(2)
cfi=(227)
cfn=(766)
calls=600 0x189480 +50 
* * 21600
+3 * 600
+8 -55 600
+5 * 600
+3 * 600
+2 * 600
cob=(2)
cfi=(227)
cfn=(766)
calls=600 0x189480 158 
* * 21600
+3 +2 600
fi=(475)
+8 -14 600
fi=(459)
+8 196 600
+9 * 600
+3 +62 600
jfi=(474)
jcnd=200/600 +63 0 
* * 
+2 0 400
+5 0 400
+3 259 400
+3 * 400
+3 * 400
jfi=(474)
jcnd=400/400 +67 0 
* * 
fi=(474)
+47 0 200
+5 0 200
+5 0 200
+5 0 200
+3 0 200
jfi=(459)
jump=200 +50 0 
* 0 
+2 0 400
fi=(477)
+5 961 400
+4 * 400
+6 * 400
+5 * 400
fi=(460)
+5 89 400
+3 * 400
fi=(455)
+8 547 400
+3 * 400
cob=(2)
cfi=(214)
cfn=(708)
calls=400 0x188a80 255 
* * 8800
fi=(459)
+6 344 400
+3 0 400
+10 344 400
+3 * 400
+3 * 400
+3 * 400
+4 * 400
+4 * 400
+4 * 400
+3 * 400
fi=(476)
+5 1692 400
+7 * 400
+5 * 400
fi=(464)
+3 180 400
fi=(459)
-54 0 200
+10 344 200
+3 * 200
+3 * 200
+3 * 200
+4 * 200
+4 * 200
+4 * 200
+3 * 200
fi=(476)
+5 1692 200
+7 * 200
+5 * 200
fi=(464)
+3 180 200
+2 0 600
+3 0 600
fi=(475)
+12 44 600
+4 * 600
fi=(455)
+5 547 600
+5 * 600
+8 * 600
+3 * 600
+3 * 600
+7 * 600
cob=(2)
cfi=(214)
cfn=(708)
calls=600 0x188a80 255 
* * 18000
fi=(475)
-35 44 200
+4 * 200
fi=(455)
+5 547 200
+5 * 200
+8 * 200
+3 * 200
+3 * 200
+7 * 200
cob=(2)
cfi=(214)
cfn=(708)
calls=200 0x188a80 255 
* * 6000
fi=(466)
+3 49 800
+7 * 800
+3 * 800
cfi=(463)
cfn=(2380)
calls=800 0x244f90 166 
* * 4926400
fi=(475)
+6 -5 800
+5 * 800
+5 * 800
+8 * 800
cob=(2)
cfi=(214)
cfn=(708)
calls=800 0x188a80 255 
* * 24000
+3 * 800
fi=(476)
+3 1692 800
+7 * 800
fi=(464)
+3 180 800
jfi=(475)
jcnd=200/800 -88 44 
* * 
+2 0 600
fi=(459)
+5 274 600
+3 * 600
+3 * 600
+6 0 600
+5 0 600
+3 0 600
+8 0 600
fi=(455)
+7 547 600
+5 * 600
+3 * 600
+3 * 600
cob=(2)
cfi=(214)
cfn=(708)
calls=600 0x188a80 255 
* * 18000
fi=(466)
+3 49 600
+8 * 600
+3 * 600
cfi=(463)
cfn=(2380)
calls=600 0x244f90 166 
* * 3694800
fi=(455)
+6 547 600
+3 * 600
+3 * 600
+5 * 600
cob=(2)
cfi=(214)
cfn=(708)
calls=600 0x188a80 255 
* * 9000
fi=(459)
+3 278 600
+5 * 600
+5 * 600
+3 * 600
cob=(2)
cfi=(214)
cfn=(708)
calls=600 0x188a80 -23 
* * 18000
+3 * 600
+5 * 600
+5 -39 600
fi=(448)
+8 1908 600
fi=(474)
+3 772 600
fe=(473)
+6 60 600
+4 * 600
jcnd=600/600 +9 * 
* * 
+9 * 600
+4 * 600
+4 * 600
+5 * 600
+4 * 600
+3 * 600
+2 * 600
+3 * 600
+5 * 600
+4 * 600
+3 * 600
+8 * 600
+8 * 600
+2 * 600
+8 * 600
+8 -60 600
+2 61 600
+4 * 600
+4 * 600
+4 * 600
+4 -1 600
+9 * 600
+5 +1 600
+4 -1 600
+5 +1 600
+4 * 600
+5 * 600
+5 * 600
+4 * 600
+4 * 600
+4 * 600
fi=(439)
+5 763 600
+4 * 600
+4 * 600
+4 * 600
+3 * 600
jfi=(473)
jcnd=600/600 -85 61 
* * 
fe=(473)
-85 61 10200
+4 * 10200
+4 * 10200
+4 * 10200
+4 -1 10200
+9 * 10200
+5 +1 10200
+4 -1 10200
+5 +1 10200
+4 * 10200
+5 * 10200
+5 * 10200
+4 * 10200
+4 * 10200
+4 * 10200
fi=(439)
+5 763 10200
+4 * 10200
+4 * 10200
+4 * 10200
+3 * 10200
jfi=(473)
jcnd=9600/10200 -85 61 
* * 
+2 0 600
fe=(473)
+5 60 600
+3 -60 600
+1 60 600
+4 * 600
-4 * 1200
+4 * 1200
+6 * 1800
+7 +1 1800
+4 * 1800
+4 * 1800
+2 * 1800
fi=(439)
+4 763 1800
fi=(448)
+3 1908 1800
+3 * 1800
fi=(474)
+3 772 1800
jfi=(473)
jcnd=1200/1800 -40 60 
* * 
fi=(448)
+2 1908 600
+3 * 600
fi=(474)
+3 814 600
jcnd=600/600 +70 0 
* * 
+2 0 600
+5 0 600
fe=(473)
+5 110 600
+3 * 600
+3 * 600
cfn=(2454)
calls=600 0x243c00 -33 
* * 52300800
+5 +2 600
+7 * 600
+1 * 600
+2 * 600
+2 * 600
+2 * 600
+2 * 600
+1 * 600
fi=(474)
+30 0 600
+5 772 600
+3 * 600
+4 * 600
+4 * 600
+5 * 600
+2 * 600
+8 * 600
jump=600 +74 0 
* * 
fi=(439)
+29 2413 44400
+3 * 44400
fe=(473)
+3 71 44400
+3 * 44400
+3 * 44400
+3 * 44400
+3 * 44400
+3 * 44400
fi=(474)
+5 814 44400
+3 * 44400
+4 * 44400
fi=(448)
+3 1908 44400
fi=(474)
+3 814 44400
jcnd=600/44400 0x2439f2 0 
* * 
+6 0 44400
+3 0 44400
fi=(439)
+3 942 44400
+3 * 44400
fi=(448)
+3 1908 44400
fi=(474)
+3 772 44400
+2 0 44400
fe=(473)
+4 67 44400
+6 * 44400
+3 * 44400
+6 * 44400
+5 * 44400
+3 * 44400
+4 * 44400
jcnd=4200/44400 0x243b80 * 
* * 
+6 -67 40200
+3 0 40200
+4 67 40200
+3 * 40200
+4 * 40200
+3 * 40200
+5 * 40200
+5 * 40200
+4 * 40200
+3 * 40200
+4 -67 40200
+5 67 40200
+7 * 40200
fi=(439)
+6 2413 40200
+4 * 40200
+4 * 40200
+4 * 40200
+4 * 40200
fe=(473)
+4 6 40200
fi=(439)
+4 2413 40200
fe=(473)
+4 6 40200
+4 * 40200
+5 * 40200
+4 +61 40200
+4 -61 40200
+5 * 40200
+4 +61 40200
+4 * 40200
+4 * 40200
+3 * 40200
jcnd=35400/40200 -78 * 
* * 
-78 * 148800
+7 * 148800
fi=(439)
+6 2413 148800
+4 * 148800
+4 * 148800
+4 * 148800
+4 * 148800
fe=(473)
+4 6 148800
fi=(439)
+4 2413 148800
fe=(473)
+4 6 148800
+4 * 148800
+5 * 148800
+4 +61 148800
+4 -61 148800
+5 * 148800
+4 +61 148800
+4 * 148800
+4 * 148800
+3 * 148800
jcnd=113400/148800 -78 * 
* * 
fi=(474)
+2 772 40200
+4 * 40200
+5 * 40200
+4 * 40200
+5 * 40200
+4 * 40200
+5 * 40200
+3 * 40200
jfi=(439)
jcnd=5400/40200 0x243a72 2413 
* * 
+6 0 34800
fe=(473)
+12 67 34800
fi=(439)
+5 763 34800
+3 2413 34800
+3 * 34800
+3 * 34800
fe=(473)
+3 6 34800
+3 * 34800
+3 * 34800
+4 +61 34800
fi=(448)
+3 1908 34800
+3 * 34800
jfi=(473)
jcnd=29400/34800 -33 67 
* * 
fe=(473)
-33 67 118200
fi=(439)
+5 763 118200
+3 2413 118200
+3 * 118200
+3 * 118200
fe=(473)
+3 6 118200
+3 * 118200
+3 * 118200
+4 +61 118200
fi=(448)
+3 1908 118200
+3 * 118200
jfi=(473)
jcnd=84600/118200 -33 67 
* * 
+2 * 39000
jfi=(439)
jump=39000 0x243a72 2413 
* * 
fe=(473)

fl=(254)
fn=(840) std::env::args
0x252cc0 821 1
+1 * 1
+3 * 1
+1 * 1
+1 * 1
+3 +1 1
cfn=(842) std::env::args_os
calls=1 0x252e50 +34 
* * 1048
+6 +1 1
+3 * 1
+4 * 1
+1 * 1
+1 * 1

fn=(1240)
0x253400 643 1
+1 * 1
+3 * 1
+2 * 1
+2 * 1
+2 * 1
+2 * 1
+1 * 1
+4 * 1
+3 260 1
+7 * 1
+4 * 1
+5 * 1
cfn=(1196)
calls=1 0x252ce0 +3 
* * 356
fi=(263)
+6 1583 1
+4 * 1
+3 * 1
+3 * 1
jcnd=1/1 +73 * 
* * 
+73 * 1
+4 * 1
fi=(270)
+4 137 1
fi=(263)
+3 1584 1
jcnd=1/1 0x25351c 1165 
* * 
0x25351c 1165 1
+3 * 1
+4 * 1
fe=(254)
+4 645 1
+3 * 1
+4 * 1
+1 * 1
+2 * 1
+2 * 1
+2 * 1
+2 * 1
+1 * 1

fn=(1196)
0x252ce0 263 7
+1 * 7
+3 * 7
+2 * 7
+2 * 7
+2 * 7
+2 * 7
+1 * 7
+7 * 7
+3 * 7
fi=(299)
+10 25 7
+7 * 7
+6 -25 7
fi=(233)
+7 547 7
+3 * 7
+3 * 7
cob=(2)
cfi=(214)
cfn=(708)
calls=7 0x188a80 255 
* * 91
+6 1910 7
fi=(299)
+9 47 7
+3 * 7
+4 * 7
+3 * 7
+3 * 7
cfi=(258)
cfn=(1202)
calls=7 0x290410 351 
* * 406
+6 * 7
+4 * 7
jcnd=7/7 +41 +1 
* * 
+41 +1 7
+4 * 7
+4 * 7
cfi=(300) /rustc/4a4ef493e3a1488c6e321570238084b38948f6db/library/std/src/sys/env/unix.rs
cfn=(1206) std::sys::env::unix::getenv::{{closure}}
calls=7 0x254600 +47 
* * 2936
fi=(245)
+5 713 7
+4 * 7
+5 * 7
+3 * 7
jcnd=7/7 0x252def 0 
* * 
0x252def 0 7
+4 714 7
+3 * 7
+4 * 7
fi=(263)
+3 0 7
fe=(254)
+3 265 7
+3 * 7
+7 * 7
+1 * 7
+2 * 7
+2 * 7
+2 * 7
+2 * 7
+1 * 7

fn=(842)
0x252e50 856 1
+1 * 1
+3 * 1
+2 * 1
+2 * 1
+2 * 1
+2 * 1
+1 * 1
fi=(176)
+4 4027 1
+7 * 1
fi=(165)
+4 145 1
+3 * 1
+2 0 1
fi=(176)
+10 4027 1
fi=(172)
+7 2970 1
+8 * 1
fi=(307)
+4 458 1
+3 * 1
jfi=(255)
jcnd=1/1 +60 -14 
* * 
fi=(239)
+19 961 1
+4 * 1
fe=(254)
+4 857 1
+3 * 1
+4 * 1
+4 * 1
+4 +1 1
+3 * 1
+4 * 1
+1 * 1
+2 * 1
+2 * 1
+2 * 1
+2 * 1
+1 * 1
fi=(255)
+1 444 1
+3 * 1
+2 0 1
+3 0 1
+3 0 1
cfi=(162)
cfn=(812)
calls=1 0x1f3640 0 
* 0 1
fi=(242)
+6 95 1
+5 * 1
+3 * 1
cfi=(162)
cfn=(814)
calls=1 0x1f3600 -95 
* * 200
+6 * 1
+5 * 1
+3 * 1
+3 * 1
+3 * 1
fi=(255)
+3 453 1
+3 * 1
jfi=(256)
jcnd=1/1 +14 967 
* * 
fi=(256)
+14 967 1
+4 * 1
fi=(165)
+4 0 1
fi=(236)
+8 1908 1
fi=(257)
+3 772 1
+6 0 1
+4 0 1
+6 0 1
+2 0 1
+4 0 1
jump=1 +47 0 
* 0 
+9 0 3
fi=(233)
+3 1910 3
+5 * 3
+5 * 3
fi=(165)
+4 0 3
fi=(236)
+4 1908 3
+4 * 3
+4 * 3
fi=(257)
+3 772 3
jcnd=1/3 0x252ff0 0 
* * 
+6 0 3
fi=(233)
+4 1710 3
fi=(165)
+4 42 3
+3 * 3
+6 -42 3
fi=(258)
+4 756 3
+3 * 3
cob=(2)
cfi=(218)
cfn=(722)
calls=3 0x18b7c0 52 
* * 50
+6 * 3
fi=(255)
+3 444 3
+3 * 3
+2 0 3
cfi=(162)
cfn=(812)
calls=3 0x1f3640 0 
* 0 3
fi=(242)
+6 95 3
+5 * 3
+3 * 3
cfi=(162)
cfn=(814)
calls=3 0x1f3600 -95 
* * 594
+6 * 3
fi=(255)
+3 453 3
+3 * 3
jfi=(233)
jcnd=3/3 +16 +94 
* * 
fi=(233)
+16 +94 3
+3 * 3
+3 * 3
+3 * 3
cob=(2)
cfi=(214)
cfn=(708)
calls=3 0x188a80 255 
* * 38
fi=(256)
+6 1033 3
+4 * 3
+4 * 3
jfi=(257)
jcnd=3/3 0x252f40 0 
* * 
fi=(257)
+35 0 1
fi=(165)
+3 61 1
+4 * 1
+4 * 1
+4 * 1
jfi=(239)
jump=1 0x252ea4 961 
* * 
fe=(254)

fn=(1194)
0x252c20 226 4
+1 * 4
+3 * 4
+2 * 4
+2 * 4
+2 * 4
+1 * 4
+4 * 4
+3 * 4
+4 +34 4
cfn=(1196)
calls=4 0x252ce0 +3 
* * 2197
+6 -33 4
+4 * 4
+3 * 4
+3 * 4
jcnd=1/4 +24 +1 
* * 
+2 0 3
+10 0 3
+5 0 3
+5 227 3
jfi=(245)
jump=3 +43 0 
* * 
+2 +1 1
+4 * 1
+4 * 1
fi=(262)
+4 561 1
+3 * 1
+3 * 1
cfi=(260)
cfn=(866)
calls=1 0x298160 89 
* * 109
+6 * 1
fi=(245)
+4 0 1
+4 0 1
+4 0 1
+5 0 1
+4 0 1
fe=(254)
+3 231 1
+3 * 1
+4 * 1
+1 * 1
+2 * 1
+2 * 1
+2 * 1
+1 * 1
fi=(245)
-22 0 3
+4 0 3
fe=(254)
+3 231 3
+3 * 3
+4 * 3
+1 * 3
+2 * 3
+2 * 3
+2 * 3
+1 * 3

fn=(862) <std::env::Args as core::iter::traits::iterator::Iterator>::next
0x280660 870 4
+1 * 4
+3 * 4
+2 * 4
+2 * 4
+2 * 4
+1 * 4
+4 * 4
+3 * 4
fi=(177)
+10 1692 4
+4 * 4
fi=(264)
+4 224 4
jfi=(263)
jcnd=1/4 +18 1166 
* * 
fi=(177)
+2 660 3
fi=(264)
+4 228 3
fi=(233)
+4 1710 3
fi=(263)
+3 1164 3
+3 * 3
jfi=(254)
jcnd=3/3 +7 871 
* * 
+2 +2 1
+3 * 1
jfi=(254)
jump=1 +43 872 
* * 
fe=(254)
+2 871 3
+4 * 3
+4 * 3
fi=(262)
+4 561 3
+3 * 3
+3 * 3
cfi=(260)
cfn=(866)
calls=3 0x298160 89 
* * 271
+6 * 3
+4 * 3
fi=(263)
+2 1165 3
+3 * 3
+4 * 3
fe=(254)
+4 872 3
+3 * 3
+4 * 3
+1 * 3
+2 * 3
+2 * 3
+2 * 3
+1 * 3
-15 * 1
+3 * 1
+4 * 1
+1 * 1
+2 * 1
+2 * 1
+2 * 1
+1 * 1

fl=(162)
fn=(928) __rustc::__rust_realloc
0x1f3620 0 3327
cfi=(243)
cfn=(930) __rustc::__rdl_realloc
calls=3327 0x245680 467 
* 0 1265617

fn=(814)
0x1f3600 0 1108
cfi=(243)
cfn=(816) __rustc::__rdl_alloc
calls=1108 0x245610 450 
* 0 365100

fn=(534) (below main)
0x1f0cf0 0 1
+4 0 1
+2 0 1
+3 0 1
+1 0 1
+3 0 1
+4 0 1
+1 0 1
+1 0 1
+3 0 1
+2 0 1
+7 0 1
cob=(2)
cfi=(163)
cfn=(536)
calls=1 0x2a200 242 
* 0 623707

fn=(886)
0x1f3610 0 1608
cfi=(244)
cfn=(888) __rustc::__rdl_dealloc
calls=1608 0x245670 48 
* 0 311866

fn=(3250) 0x00000000001f0d20
0x1f0d20 0 1
+7 0 1
+7 0 1
+3 0 1
jcnd=1/1 +23 0 
* 0 
+23 0 1

fn=(566)
0x1f3380 0 1
+1 0 1
+3 0 1
+7 0 1
+3 0 1
+7 0 1
+4 0 1
+7 0 1
+3 0 1
+3 0 1
cfi=(170) /rustc/4a4ef493e3a1488c6e321570238084b38948f6db/library/std/src/rt.rs
cfn=(568) std::rt::lang_start_internal
calls=1 0x252140 152 
* 0 621249
+6 0 1
+1 0 1

fn=(2394) __rustc::__rust_alloc_zeroed
0x1f3630 0 501
cfi=(243)
cfn=(2396) __rustc::__rdl_alloc_zeroed
calls=501 0x245880 482 
* 0 1103905

fn=(812)
0x1f3640 0 1609

fn=(3234) 0x00000000001f0d90
0x1f0d90 0 1
+4 0 1
+7 0 1
+2 0 1
+1 0 1
+8 0 1
+3 0 1
+2 0 1
+7 0 1
cob=(2)
cfi=(520)
cfn=(3242)
calls=1 0x472c0 30 
* 0 78
* 0 1
+5 0 1
cfn=(3250)
calls=1 0x1f0d20 0 
* 0 5
+5 0 1
+7 0 1
+1 0 1

fn=(548)
0x1f0d50 0 1
+7 0 1
+7 0 1
+3 0 1
+3 0 1
+4 0 1
+4 0 1
+3 0 1
+3 0 1
jcnd=1/1 +22 0 
* 0 
+22 0 1
+72 0 1
+4 0 1
jump=1 0x1f0d50 0 
* 0 

fl=(290) /rustc/4a4ef493e3a1488c6e321570238084b38948f6db/library/test/src/console.rs
fn=(1162) test::console::get_formatter
0x21ce50 284 1
+1 * 1
+3 * 1
+2 * 1
+2 * 1
+2 * 1
+2 * 1
+1 * 1
+7 * 1
+3 * 1
+3 +1 1
cfi=(291) /rustc/4a4ef493e3a1488c6e321570238084b38948f6db/library/test/src/term.rs
cfn=(1164) test::term::stdout
calls=1 0x216500 33 
* * 290946
+5 * 1
+3 * 1
+3 * 1
+2 0 1
fi=(263)
+7 1065 1
+6 * 1
jfi=(347)
jcnd=1/1 +49 250 
* * 
fi=(347)
+49 250 1
cfi=(348) /rustc/4a4ef493e3a1488c6e321570238084b38948f6db/library/test/src/helpers/concurrency.rs
cfn=(1622) test::helpers::concurrency::get_concurrency
calls=1 0x221a50 7 
* * 28204
fe=(290)
+6 0 1
+3 292 1
+9 * 1
+7 * 1
+4 * 1
+3 * 1
jfi=(268) /rustc/4a4ef493e3a1488c6e321570238084b38948f6db/library/test/src/cli.rs
jump=1 +2 38 
* * 
fi=(268)
+2 38 1
+9 * 1
+3 * 1
+2 * 1
+3 * 1
+6 +1 1
+9 * 1
+6 -39 1
+2 0 1
jfi=(290)
jump=1 0x21d004 290 
* 0 
fe=(290)
0x21d004 290 1
fi=(279)
+4 29 1
+8 * 1
+4 * 1
+9 * 1
+4 * 1
+9 * 1
+4 * 1
+6 * 1
+6 * 1
+9 * 1
+9 * 1
+4 * 1
+4 * 1
+7 * 1
fi=(361) /rustc/4a4ef493e3a1488c6e321570238084b38948f6db/library/test/src/formatters/pretty.rs
+7 +1 1
+7 * 1
+7 * 1
+3 * 1
+7 * 1
fi=(242)
+4 190 1
cfi=(162)
cfn=(812)
calls=1 0x1f3640 0 
* * 1
+6 -95 1
+5 * 1
+5 * 1
cfi=(162)
cfn=(814)
calls=1 0x1f3600 -95 
* * 55
+6 489 1
+3 * 1
+6 0 1
fi=(279)
+7 13 1
+5 * 1
+3 * 1
+3 * 1
cob=(2)
cfi=(214)
cfn=(708)
calls=1 0x188a80 255 
* * 30
+6 * 1
+3 * 1
fe=(290)
+7 304 1
jump=1 0x21d159 +2 
* * 
0x21d159 +2 1
+7 * 1
+1 * 1
+2 * 1
+2 * 1
+2 * 1
+2 * 1
+1 * 1

fn=(1794) test::console::run_tests_console::{{closure}}
0x21fe70 327 4
+1 * 4
+3 * 4
+2 * 4
+2 * 4
+2 * 4
+2 * 4
+1 * 4
+7 * 4
+3 * 4
+3 * 4
+4 * 4
fi=(360) /rustc/4a4ef493e3a1488c6e321570238084b38948f6db/library/test/src/event.rs
+4 29 4
+3 * 4
+4 * 4
+4 * 4
+5 * 4
fe=(290)
+4 327 4
+4 * 4
+4 * 4
fi=(360)
+7 29 4
+4 * 4
+3 * 4
jfi=(266)
jump=1 0x21ff3b 191 
* * 
jump=1 0x22001a +3 
* * 
jump=1 +2 +2 
* * 
jfi=(290)
jump=1 +71 -29 
* * 
+2 +2 1
fi=(263)
+4 2225 1
fi=(360)
+5 29 1
+7 * 1
+7 * 1
fe=(290)
+11 259 1
+7 * 1
+4 * 1
+4 * 1
+4 * 1
+7 * 1
+4 * 1
+3 * 1
jump=1 0x2201cf +1 
* * 
+2 0 1
fi=(279)
+7 29 1
+5 * 1
+3 * 1
cob=(2)
cfi=(214)
cfn=(708)
calls=1 0x188a80 255 
* * 65
fe=(290)
+6 259 1
+7 * 1
+4 * 1
+4 * 1
+4 * 1
+7 * 1
+4 * 1
+3 * 1
jump=1 0x2201f8 +5 
* * 
fi=(266)
+2 -68 1
+7 * 1
fi=(360)
+7 11 1
+3 * 1
cfi=(266)
cfn=(896)
calls=1 0x2296b0 196 
* * 57
+5 -11 1
fi=(490) /rustc/4a4ef493e3a1488c6e321570238084b38948f6db/library/test/src/test_result.rs
+7 30 1
+7 * 1
+5 * 1
+4 * 1
+4 * 1
+6 -30 1
fi=(263)
+7 2225 1
+7 * 1
+6 * 1
fi=(360)
+7 14 1
+7 * 1
fi=(255)
+7 444 1
+3 * 1
jfi=(290)
jcnd=1/1 0x22005d 0 
* * 
fi=(360)
0x22001a 32 1
+4 -3 1
+7 +3 1
cfi=(266)
cfn=(896)
calls=1 0x2296b0 196 
* * 57
+5 -3 1
fe=(290)
+11 259 1
+7 * 1
+4 * 1
+4 * 1
+5 * 1
+4 * 1
+7 * 1
+4 * 1
+3 * 1
jump=1 0x2202d4 +8 
* * 
+2 0 1
fi=(233)
+6 547 1
+3 * 1
+3 * 1
+3 * 1
cob=(2)
cfi=(214)
cfn=(708)
calls=1 0x188a80 255 
* * 13
fi=(279)
+6 13 1
+7 * 1
+7 * 1
+7 * 1
+7 * 1
+7 * 1
+7 * 1
+7 * 1
+7 * 1
+7 * 1
+7 * 1
+7 * 1
+7 * 1
+7 * 1
+7 * 1
+7 * 1
+7 * 1
+7 * 1
+8 * 1
+7 * 1
+7 * 1
+7 * 1
+8 * 1
+7 * 1
+7 * 1
+7 * 1
+7 * 1
+7 * 1
+7 * 1
+7 * 1
+4 * 1
+7 * 1
+7 * 1
+7 * 1
+7 * 1
+7 * 1
+7 * 1
+7 * 1
+7 * 1
+7 * 1
+6 * 1
+6 * 1
+7 * 1
fe=(290)
+7 259 1
+7 * 1
+4 * 1
+4 * 1
+5 * 1
+4 * 1
+7 * 1
+4 * 1
+3 * 1
+4 * 1
+7 * 1
jump=1 +62 0 
* * 
+2 +1 1
+7 * 1
+7 * 1
+7 +1 1
+4 * 1
+4 * 1
+4 +1 1
cfi=(361)
cfn=(1808) <test::formatters::pretty::PrettyFormatter<T> as test::formatters::OutputFormatter>::write_run_start
calls=1 0x1fc820 -53 
* * 1349
+3 * 1
jump=1 0x2202e6 0 
* * 
+5 +2 1
+7 +1 1
+7 * 1
jfi=(245)
jump=1 0x2202ee 0 
* * 
+5 0 1
+7 0 1
fi=(279)
+7 13 1
+5 * 1
cob=(2)
cfi=(214)
cfn=(708)
calls=1 0x188a80 255 
* * 65
fi=(263)
+6 745 1
+7 * 1
fe=(290)
+6 124 1
+7 * 1
+8 * 1
jfi=(263)
jcnd=1/1 0x220320 745 
* * 
0x2202d4 267 1
+7 * 1
+4 * 1
+4 * 1
cfi=(361)
cfn=(1930) <test::formatters::pretty::PrettyFormatter<T> as test::formatters::OutputFormatter>::write_test_start
calls=1 0x1fd230 -43 
* * 4
+3 0 2
fi=(245)
+3 2173 2
+3 * 2
+2 0 4
fe=(290)
+3 279 4
+4 * 4
jcnd=1/4 +14 +48 
* * 
+2 0 3
+7 279 3
cfi=(233)
cfn=(1798)
calls=3 0x205a90 805 
* * 66
+5 +48 4
+3 * 4
cfi=(233)
cfn=(1798)
calls=4 0x205a90 805 
* * 102
+5 * 4
+3 * 4
+7 * 4
+1 * 4
+2 * 4
+2 * 4
+2 * 4
+2 * 4
+1 * 4
fi=(263)
+1 745 1
fe=(290)
+6 161 1
jfi=(245)
jcnd=1/1 0x2206ac 0 
* * 
fi=(245)
0x2206ac 0 1
fi=(263)
+2 745 1
+10 0 1
+4 0 1
fi=(255)
+7 597 1
fi=(256)
+7 1753 1
+7 * 1
fe=(290)
+4 276 1
+4 * 1
+4 * 1
+7 * 1
+4 * 1
+3 * 1
cfi=(361)
cfn=(2970) <test::formatters::pretty::PrettyFormatter<T> as test::formatters::OutputFormatter>::write_result
calls=1 0x1fbba0 -45 
* * 2101
+2 * 1
fi=(245)
+3 2173 1
+3 * 1
jfi=(290)
jcnd=1/1 0x2207bb 0 
* * 
fe=(290)
0x2207bb 0 1
+4 0 1
+7 0 1
fi=(279)
+7 13 1
+5 * 1
cob=(2)
cfi=(214)
cfn=(708)
calls=1 0x188a80 255 
* * 65
fe=(290)
+6 218 1
+7 -1 1
+7 * 1
+7 * 1
+7 * 1
+7 +1 1
+4 * 1
+3 * 1
jump=1 +2 +2 
* * 
+2 +2 1
fi=(279)
+4 13 1
+7 * 1
+7 * 1
+7 * 1
+7 * 1
+7 * 1
+7 * 1
+7 * 1
+7 * 1
+7 * 1
+8 * 1
+7 * 1
+7 * 1
+7 * 1
+7 * 1
+8 * 1
fe=(290)
+7 221 1
+4 * 1
+4 * 1
fi=(256)
+4 1030 1
+4 +3 1
+4 * 1
fe=(290)
+2 221 1
fi=(256)
+4 1034 1
cfi=(255)
cfn=(918)
calls=1 0x2292a0 186 
* * 533
fi=(239)
+6 -73 1
+7 * 1
+4 * 1
fi=(279)
+7 29 1
+5 * 1
cob=(2)
cfi=(214)
cfn=(708)
calls=1 0x188a80 255 
* * 30
fi=(256)
+6 1039 1
+3 * 1
fe=(290)
+4 219 1
jump=1 0x220e10 +60 
* * 
0x220e10 +60 1
+7 * 1
+4 * 1
jfi=(245)
jump=1 0x2202ee 0 
* * 

fn=(1158) test::console::run_tests_console
0x21d250 310 1
+1 * 1
+3 * 1
+2 * 1
+2 * 1
+2 * 1
+2 * 1
+1 * 1
+4 * 1
+7 * 1
+5 * 1
+8 * 1
fi=(255)
+10 597 1
+4 * 1
fi=(256)
+8 1753 1
fi=(177)
+4 -61 1
+3 * 1
fi=(265)
+8 180 1
fe=(290)
+2 0 1
fi=(177)
+7 660 1
fi=(266)
+7 95 1
+7 * 1
+2 * 1
+5 * 1
+4 * 1
+2 -95 1
fi=(177)
+3 1692 1
fi=(265)
+9 25 1
jfi=(266)
jcnd=1/1 +48 +24 
* * 
fi=(266)
+48 +24 1
+4 * 1
+2 * 1
+4 * 1
+3 -49 1
+5 0 1
fe=(290)
+5 317 1
+3 * 1
cfn=(1162)
calls=1 0x21ce50 -33 
* * 319311
+5 * 1
+5 * 1
+5 0 1
+5 96 1
+4 * 1
jcnd=1/1 0x21d49c +19 
* * 
0x21d49c +19 1
+8 * 1
fi=(279)
+8 13 1
+3 * 1
+8 * 1
+8 * 1
+8 * 1
+8 * 1
+8 * 1
+8 * 1
+12 * 1
+8 * 1
+8 * 1
+8 * 1
+8 * 1
+9 * 1
+9 * 1
+8 * 1
+8 * 1
+8 * 1
+8 * 1
+12 * 1
+12 * 1
+12 * 1
+12 * 1
+12 * 1
+12 * 1
+11 * 1
+12 * 1
+7 * 1
+7 * 1
+5 * 1
+8 * 1
fi=(347)
+3 250 1
cfi=(356)
cfn=(1752) std::time::Instant::now
calls=1 0x25df40 +39 
* * 29
+6 * 1
+8 * 1
+7 0 1
fe=(290)
+8 327 1
+8 * 1
+5 * 1
+8 * 1
+5 * 1
fi=(253)
+8 +12 1
+12 * 1
fi=(279)
+12 13 1
fi=(253)
+4 339 1
+9 * 1
+12 * 1
+9 * 1
+8 +2 1
+3 * 1
+8 * 1
cfn=(1762) test::filter_tests
calls=1 0x211170 515 
* * 139
+6 +1 1
+8 * 1
+4 * 1
+2 * 1
+2 0 1
+8 0 1
+8 343 1
cfn=(1774) test::convert_benchmarks_to_tests
calls=1 0x211e20 556 
* * 194
+6 * 1
+8 * 1
+8 * 1
+9 * 1
fi=(285) /rustc/4a4ef493e3a1488c6e321570238084b38948f6db/library/core/src/mem/maybe_dangling.rs
+9 84 1
+8 * 1
+8 * 1
fi=(239)
+8 961 1
+7 * 1
fi=(253)
+3 346 1
+8 * 1
+5 * 1
+8 * 1
+8 * 1
fi=(177)
+5 1692 1
fi=(264)
+3 224 1
+6 0 1
+5 224 1
+7 * 1
+3 * 1
+7 * 1
+8 * 1
jfi=(279)
jump=1 0x21d769 29 
* * 
fi=(253)
+60 0 1
+3 0 1
fi=(177)
+8 1692 1
+7 * 1
+5 * 1
+6 * 1
+8 * 1
fi=(264)
+3 224 1
jfi=(233)
jcnd=1/1 0x21dc95 0 
* * 
fi=(279)
+6 29 1
fi=(253)
+7 346 1
+4 * 1
+6 0 1
+5 346 1
fi=(279)
+7 13 1
+8 * 1
+5 * 1
+4 * 1
+5 * 1
+8 * 1
cob=(2)
cfi=(214)
cfn=(708)
calls=1 0x188a80 255 
* * 30
+3 * 1
+9 * 1
+8 * 1
+9 * 1
+8 * 1
+8 * 1
+8 * 1
+8 * 1
+8 * 1
+8 * 1
+8 * 1
+8 * 1
+9 * 1
+9 * 1
+8 * 1
fi=(266)
+9 +82 1
+8 * 1
+8 * 1
+10 * 1
fi=(279)
+3 -82 1
fi=(266)
+9 +51 1
+8 * 1
+10 * 1
+4 * 1
+3 * 1
+3 * 1
+5 * 1
+4 * 1
+3 * 1
jcnd=1/1 0x21d8e0 +1 
* * 
0x21d8e0 +1 1
+8 * 1
+8 * 1
+10 * 1
fi=(233)
+3 805 1
+3 * 1
+2 * 1
+10 * 1
+3 * 1
jfi=(253)
jcnd=1/1 0x21d9b0 348 
* * 
fi=(253)
0x21d9b0 348 1
+8 * 1
+8 * 1
+8 * 1
+8 +2 1
+4 * 1
+2 * 1
+4 * 1
jcnd=1/1 0x21db00 0 
* * 
0x21db00 0 1
+8 354 1
+4 * 1
+8 * 1
+4 * 1
+3 * 1
fi=(279)
+3 13 1
+8 * 1
+8 * 1
+8 * 1
+8 * 1
+8 * 1
+8 * 1
+8 * 1
+8 * 1
+9 * 1
+9 * 1
+9 * 1
+8 * 1
+8 * 1
+9 * 1
+9 * 1
+9 * 1
fi=(253)
+5 291 1
fi=(279)
+8 29 1
+5 * 1
+8 * 1
+8 * 1
+7 * 1
cob=(2)
cfi=(214)
cfn=(708)
calls=1 0x188a80 255 
* * 30
fi=(256)
+3 1030 1
+8 +3 1
+8 * 1
+2 +1 1
+8 * 1
cfi=(255)
cfn=(918)
calls=1 0x229310 186 
* * 261
fi=(253)
+6 292 1
fi=(239)
+8 961 1
+4 * 1
+4 * 1
fi=(279)
+8 29 1
+5 * 1
+8 * 1
cob=(2)
cfi=(214)
cfn=(708)
calls=1 0x188a80 255 
* * 30
fi=(256)
+3 1039 1
+3 * 1
fi=(253)
+8 292 1
jump=1 0x21d73b 0 
* * 
fi=(233)
0x21dc95 0 1
fi=(264)
+3 228 1
fi=(328)
+8 729 1
+3 * 1
+4 * 1
+10 * 1
fi=(264)
+4 515 1
+3 * 1
cfi=(233)
cfn=(1780)
calls=1 0x206580 805 
* * 25
+5 0 1
fi=(255)
+5 617 1
+3 * 1
+5 * 1
fi=(172)
+2 1151 1
fi=(242)
+7 115 1
+5 * 1
+5 * 1
cfi=(162)
cfn=(886)
calls=1 0x1f3610 0 
* * 87
fi=(256)
+6 2933 1
+8 * 1
+8 * 1
+5 * 1
fi=(253)
+8 295 1
+4 * 1
+8 +65 1
fi=(279)
+3 29 1
+12 * 1
+8 * 1
+8 * 1
fi=(253)
+8 362 1
cfi=(290)
cfn=(1794)
calls=1 0x21fe70 -35 
* * 157
+5 * 1
fi=(245)
+3 2173 1
+3 * 1
+6 0 1
fi=(263)
+6 1654 1
+3 * 1
jfi=(358) /rustc/4a4ef493e3a1488c6e321570238084b38948f6db/library/test/src/helpers/shuffle.rs
jcnd=1/1 +8 9 
* * 
fi=(358)
+8 9 1
+7 * 1
jfi=(359)
jcnd=1/1 +87 -9 
* * 
fi=(359)
+87 -9 1
fi=(279)
+3 29 1
+12 * 1
+8 * 1
+8 * 1
+8 * 1
+8 * 1
fi=(253)
+8 367 1
cfi=(290)
cfn=(1794)
calls=1 0x21fe70 -40 
* * 1450
+5 * 1
fi=(245)
+3 2173 1
+3 * 1
jfi=(263)
jcnd=1/1 0x21deb8 1065 
* * 
fi=(263)
0x21deb8 1065 1
+4 * 1
jfi=(347)
jcnd=1/1 +16 250 
* * 
fi=(347)
+16 250 1
cfi=(348)
cfn=(1622)
calls=1 0x221a50 7 
* * 28657
+6 * 1
fi=(253)
+8 371 1
+8 * 1
+8 * 1
+8 +1 1
+3 * 1
jfi=(367)
jcnd=1/1 +19 3751 
* * 
fi=(367)
+19 3751 1
+9 * 1
+5 * 1
+5 * 1
+8 * 1
+5 * 1
fi=(546)
+5 21 1
+12 * 1
+12 * 1
fi=(279)
+8 +8 1
+11 * 1
+8 * 1
+12 * 1
+4 * 1
+9 * 1
+9 * 1
+12 * 1
+9 * 1
+12 * 1
+12 * 1
fi=(242)
+8 190 1
cfi=(162)
cfn=(812)
calls=1 0x1f3640 0 
* * 1
+6 -95 1
+5 * 1
+5 * 1
cfi=(162)
cfn=(814)
calls=1 0x1f3600 -95 
* * 524
+6 489 1
+3 * 1
+6 0 1
fi=(279)
+8 13 1
+5 * 1
+5 * 1
+3 * 1
cob=(2)
cfi=(214)
cfn=(708)
calls=1 0x188a80 255 
* * 77
+6 * 1
fi=(253)
+7 387 1
+2 * 1
+5 * 1
fi=(343)
+2 -24 1
+7 * 1
+8 * 1
+8 * 1
fi=(367)
+9 783 1
+12 * 1
+4 * 1
+9 * 1
+12 * 1
+3 * 1
fi=(253)
+7 415 1
+9 * 1
+5 * 1
jcnd=1/1 0x21e2f3 0 
* * 
0x21e2f3 0 1
+6 438 1
+6 0 1
+7 0 1
+7 0 1
+4 0 1
+2 0 1
+4 0 1
+3 0 1
+7 0 1
+8 0 1
+3 0 1
+9 439 1
+8 * 1
+3 * 1
+5 * 1
+3 * 1
+3 * 1
+2 * 1
+5 * 1
jfi=(172)
jcnd=1/1 0x21e6f0 2376 
* * 
+6 0 1
+8 0 1
+5 0 1
fi=(367)
+5 2069 1
+5 * 1
+5 +1 1
+5 * 1
+3 908 1
+9 * 1
+6 249 1
fi=(255)
+8 602 1
+8 -5 1
fi=(367)
+8 3543 1
+3 * 1
+5 * 1
+4 * 1
fi=(239)
+3 961 1
fi=(263)
+7 1165 1
+8 * 1
fi=(253)
+8 410 1
cfi=(356)
cfn=(1752)
calls=1 0x25df40 289 
* * 29
+6 0 1
+2 0 1
+2 0 1
+3 0 1
fi=(236)
+3 530 1
fi=(356)
+2 26 1
fi=(236)
+3 530 1
fi=(356)
+4 26 1
fi=(253)
+3 411 1
+3 * 1
+2 * 1
+3 * 1
+3 * 1
+3 * 1
cfi=(370)
cfn=(2088)
calls=1 0x27f170 +59 
* * 56
+6 +44 1
+3 * 1
+6 * 1
+6 0 1
+3 0 1
jfi=(402)
jump=1 +8 1051 
* 0 
fi=(402)
+8 1051 1
cfi=(356)
cfn=(1752)
calls=1 0x25df40 289 
* * 29
+6 * 1
+8 * 1
+7 * 1
+8 * 1
+3 * 1
+3 * 1
cfi=(370)
cfn=(2096)
calls=1 0x25deb0 671 
* * 17
+6 * 1
+2 * 1
+6 * 1
jcnd=1/1 +56 +69 
* * 
+56 +69 1
+8 * 1
+5 * 1
+3 * 1
cfi=(403)
cfn=(2102) std::sync::mpmc::list::Channel<T>::recv
calls=1 0x201220 426 
* * 1679
fi=(253)
+5 456 1
+4 * 1
jfi=(279)
jcnd=1/1 +15 13 
* * 
fi=(279)
+15 13 1
+5 * 1
+8 * 1
+8 * 1
cob=(2)
cfi=(214)
cfn=(708)
calls=1 0x188a80 255 
* * 65
fi=(253)
+6 457 1
+8 * 1
+8 * 1
+8 * 1
cfn=(2914) test::run_tests::get_timed_out_tests
calls=1 0x226970 -67 
* * 91
fi=(285)
+6 84 1
+8 * 1
+8 * 1
fi=(239)
+8 961 1
+3 * 1
+4 * 1
fi=(253)
+4 457 1
+8 * 1
+5 * 1
+8 * 1
+8 * 1
fi=(177)
+3 1692 1
fi=(264)
+3 224 1
jcnd=1/1 0x21e61f +4 
* * 
0x21e61f +4 1
fi=(233)
+8 805 1
+3 * 1
jcnd=1/1 0x21e6a7 0 
* * 
0x21e6a7 0 1
fi=(255)
+5 617 1
+3 * 1
jfi=(253)
jcnd=1/1 +20 462 
* * 
fi=(253)
+20 462 1
+8 * 1
+9 * 1
+4 * 1
jfi=(245)
jcnd=1/1 0x21ec76 1231 
* * 
fi=(172)
+24 2376 1
+4 * 1
fi=(367)
+8 3543 1
+3 * 1
+5 * 1
+4 * 1
+3 * 1
+3 * 1
+3 * 1
+5 2070 1
+3 * 1
fi=(239)
+5 961 1
+4 * 1
fi=(279)
+4 29 1
fi=(263)
+5 1014 1
+4 * 1
+6 0 1
fi=(367)
+3 209 1
fi=(279)
+4 29 1
+4 * 1
+4 -16 1
+5 * 1
+8 * 1
+3 * 1
+7 * 1
cob=(2)
cfi=(214)
cfn=(708)
calls=1 0x188a80 255 
* * 30
+3 * 1
+8 * 1
+5 * 1
+8 * 1
+3 * 1
cob=(2)
cfi=(214)
cfn=(708)
calls=1 0x188a80 255 
* * 30
fi=(368)
+3 +48 1
cfi=(356)
cfn=(1752)
calls=1 0x25df40 289 
* * 29
+6 * 1
+2 * 1
+5 * 1
+3 * 1
+2 * 1
cfi=(369)
cfn=(1922) <std::time::Instant as core::ops::arith::Add<core::time::Duration>>::add
calls=1 0x281480 2498 
* * 12
+6 * 1
fi=(253)
+4 -61 1
+3 442 1
+8 * 1
+8 * 1
cfi=(266)
cfn=(896)
calls=1 0x2296b0 196 
* * 57
+5 0 1
+2 0 1
+4 0 1
+2 444 1
+8 * 1
+8 * 1
cfi=(266)
cfn=(896)
calls=1 0x2296b0 196 
* * 57
fi=(279)
+5 13 1
+8 * 1
+8 * 1
+4 * 1
+8 * 1
+4 * 1
+8 * 1
+4 * 1
+8 * 1
+4 * 1
+9 * 1
+9 * 1
+9 * 1
+8 * 1
+4 * 1
+5 * 1
+5 * 1
+4 +16 1
+12 * 1
fi=(253)
+2 445 1
+8 * 1
+8 * 1
cfi=(290)
cfn=(1794)
calls=1 0x21fe70 327 
* * 176
+5 * 1
fi=(245)
+3 2173 1
+3 * 1
+6 0 1
fi=(176)
+5 4060 1
fi=(546)
+8 50 1
fi=(253)
+6 447 1
+5 * 1
+8 * 1
+5 * 1
+3 * 1
+8 * 1
+8 * 1
+1 * 1
+2 * 1
cfn=(1932) test::run_test
calls=1 0x223070 571 
* * 5111
+6 * 1
+4 +1 1
+8 * 1
+8 * 1
+9 * 1
+9 * 1
fi=(336)
+8 258 1
+8 * 1
cfi=(334)
cfn=(1510)
calls=1 0x209010 695 
* * 146
+5 * 1
fi=(337)
+3 956 1
fi=(307)
+9 458 1
jfi=(337)
jcnd=1/1 0x21ebb2 962 
* * 
fi=(337)
+6 1179 1
+8 * 1
fi=(341)
+8 48 1
+3 * 1
+4 * 1
+4 * 1
+4 * 1
+5 * 1
+5 * 1
+3 * 1
fi=(337)
+2 -48 1
fi=(233)
+3 547 1
fi=(339)
+6 1563 1
+4 * 1
+4 * 1
fi=(342)
+5 50 1
+3 * 1
jfi=(338)
jcnd=1/1 +42 437 
* * 
fi=(338)
+42 437 1
fi=(307)
+4 -2 1
fi=(339)
+2 1563 1
fi=(342)
+4 50 1
+2 * 1
fi=(340)
+2 641 1
fi=(337)
+4 1793 1
+3 * 1
fi=(339)
+3 1563 1
+4 * 1
+4 * 1
fi=(307)
+5 435 1
+3 * 1
jfi=(337)
jcnd=1/1 0x21e9f2 2687 
* * 
fi=(337)
0x21e9f2 2687 1
fi=(307)
+4 458 1
+3 * 1
fi=(341)
+6 30 1
fi=(172)
+4 2413 1
fi=(337)
+4 2631 1
+3 +3 1
+3 +1 1
+5 2499 1
+9 * 1
+4 * 1
+4 * 1
+9 * 1
+4 * 1
fi=(239)
+9 1072 1
+4 * 1
+3 * 1
fi=(233)
+3 1910 1
+4 * 1
+3 * 1
+9 * 1
+6 * 1
+8 * 1
fi=(279)
+4 13 1
+8 * 1
+8 * 1
+8 * 1
+8 * 1
+8 * 1
+8 * 1
+8 * 1
+8 * 1
+9 * 1
+9 * 1
+9 * 1
+8 * 1
+8 * 1
+9 * 1
+9 * 1
fi=(253)
+9 449 1
+8 * 1
+8 * 1
+4 * 1
fi=(255)
+7 602 1
fi=(367)
+8 237 1
+8 * 1
+3 * 1
+3 2226 1
+2 +1 1
+8 * 1
cfn=(2084) alloc::collections::vec_deque::VecDeque<T,A>::grow
calls=1 0x228900 2725 
* * 298
fi=(255)
+6 602 1
fi=(367)
+8 2230 1
+8 +1 1
+4 * 1
fi=(172)
+8 2376 1
fi=(367)
+8 3543 1
+3 * 1
+5 * 1
+4 * 1
fi=(239)
+3 961 1
+7 * 1
fi=(279)
+8 29 1
+5 * 1
+8 * 1
cob=(2)
cfi=(214)
cfn=(708)
calls=1 0x188a80 255 
* * 30
fi=(253)
+6 450 1
+3 -11 1
+8 * 1
+5 * 1
+6 0 1
+5 0 1
+3 0 1
+5 439 1
+3 * 1
+6 * 1
jump=1 0x21e358 0 
* * 
fi=(337)
+5 962 1
+5 * 1
+8 * 1
+8 * 1
+5 * 1
cfn=(1524)
calls=1 0x22e230 +37 
* * 206
+6 * 1
jump=1 0x21e8f4 1179 
* * 
fi=(245)
0x21ec76 1231 1
+4 * 1
fi=(279)
+6 13 1
+8 * 1
+8 * 1
+5 * 1
+8 * 1
+8 * 1
cob=(2)
cfi=(214)
cfn=(708)
calls=1 0x188a80 255 
* * 65
fi=(343)
+6 1355 1
+8 * 1
+8 * 1
+8 * 1
cfi=(336)
cfn=(2922)
calls=1 0x22d4e0 2005 
* * 225
fi=(263)
+5 1014 1
+8 * 1
+5 * 1
+6 0 1
+8 1015 1
+4 * 1
+8 * 1
+4 * 1
fi=(253)
+9 479 1
+8 * 1
+8 * 1
cfn=(2928) test::run_tests::RunningTest::join
calls=1 0x226750 316 
* * 637
+6 * 1
+8 0 1
+2 481 1
+8 * 1
+5 * 1
+4 * 1
jfi=(279)
jcnd=1/1 +9 13 
* * 
fi=(279)
+9 13 1
+5 * 1
+8 * 1
+3 * 1
+8 * 1
cob=(2)
cfi=(214)
cfn=(708)
calls=1 0x188a80 255 
* * 65
fi=(253)
+6 487 1
+8 * 1
+3 * 1
cfi=(290)
cfn=(1794)
calls=1 0x21fe70 327 
* * 3090
+5 * 1
fi=(245)
+3 2173 1
+3 * 1
+4 * 1
+3 * 1
+3 * 1
fi=(253)
+6 488 1
+3 -50 1
+3 * 1
+5 * 1
+5 * 1
+6 * 1
jfi=(367)
jump=1 0x21ee85 0 
* * 
fi=(367)
0x21ee85 0 1
+2 0 1
fi=(253)
+4 498 1
+5 * 1
jcnd=1/1 0x21f11b 0 
* * 
0x21f11b 0 1
+8 513 1
cfi=(233)
cfn=(3014)
calls=1 0x208470 805 
* * 162
fi=(337)
+5 2697 1
+8 2312 1
+3 * 1
+6 -59 1
+8 * 1
+3 * 1
jfi=(172)
jcnd=1/1 0x21f1b8 2970 
* * 
fi=(172)
0x21f1b8 2970 1
+3 * 1
+4 * 1
fi=(242)
+3 200 1
+4 * 1
fi=(337)
+2 3173 1
fi=(239)
+8 1072 1
+3 * 1
fi=(242)
+4 115 1
+5 * 1
+3 * 1
cfi=(162)
cfn=(886)
calls=1 0x1f3610 0 
* * 87
fi=(253)
+6 513 1
+5 * 1
+5 * 1
+3 * 1
cfi=(233)
cfn=(3020)
calls=1 0x207030 805 
* * 1761
+5 * 1
fi=(176)
+5 4080 1
fi=(546)
+8 61 1
fi=(176)
+2 4258 1
fi=(403)
+10 515 1
jcnd=1/1 +17 0 
* * 
+17 0 1
fi=(176)
+2 4046 1
fi=(546)
+7 64 1
+2 * 1
fi=(233)
+2 805 1
+3 * 1
cfn=(3036)
calls=1 0x204160 * 
* * 172
fi=(242)
+5 115 1
+5 * 1
+5 * 1
+3 * 1
cfi=(162)
cfn=(886)
calls=1 0x1f3610 0 
* * 87
+6 0 1
fi=(253)
+5 513 1
cfi=(233)
cfn=(3048)
calls=1 0x204080 805 
* * 172
+5 * 1
+5 * 1
+2 0 1
+3 513 1
+8 * 1
cfi=(233)
cfn=(3058)
calls=1 0x203ac0 805 
* * 45
+5 0 1
+8 0 1
+8 0 1
+7 0 1
+7 0 1
+3 0 1
fe=(290)
+8 328 1
cfi=(370)
cfn=(3060)
calls=1 0x25df50 +62 
* * 90
+6 * 1
+8 * 1
+7 +2 1
+7 * 1
+2 168 1
+8 * 1
+8 * 1
+8 * 1
+8 330 1
+8 * 1
+6 0 1
+3 0 1
+8 0 1
+8 0 1
+5 0 1
+5 332 1
cfi=(361)
cfn=(3064) <test::formatters::pretty::PrettyFormatter<T> as test::formatters::OutputFormatter>::write_run_finish
calls=1 0x1fc9d0 -66 
* * 5388
+3 0 1
+3 0 1
+8 333 1
cfi=(233)
cfn=(3122)
calls=1 0x206100 805 
* * 289
+5 0 1
fi=(233)
+5 805 1
+3 * 1
+3 * 1
+2 0 1
+5 805 1
cfn=(3136)
calls=1 0x2080f0 * 
* * 80015
+2 0 1
fi=(173)
+5 428 1
fi=(246)
+4 1886 1
+3 * 1
+2 0 1
+4 0 1
fe=(290)
+5 333 1
cfi=(162)
cfn=(886)
calls=1 0x1f3610 0 
* * 87
+6 0 1
+8 333 1
+4 * 1
+1 * 1
+2 * 1
+2 * 1
+2 * 1
+2 * 1
+1 * 1

fl=(446) /home/ecuodah/.cargo/registry/src/index.crates.io-1949cf8c6b5b557f/hex-0.4.3/src/lib.rs
fn=(2330) <alloc::vec::Vec<u8> as hex::FromHex>::from_hex
0x1f2170 191 500
+1 * 500
+2 * 500
+2 * 500
+2 * 500
+2 * 500
+1 * 500
+4 +2 500
+3 * 500
fi=(447) /home/ecuodah/.rustup/toolchains/stable-x86_64-unknown-linux-gnu/lib/rustlib/src/rust/library/core/src/iter/adapters/mod.rs
+2 -35 500
fi=(452) /home/ecuodah/.rustup/toolchains/stable-x86_64-unknown-linux-gnu/lib/rustlib/src/rust/library/core/src/slice/iter.rs
+8 1506 500
+3 * 500
fi=(448)
+2 1068 500
+4 * 500
+5 * 500
fe=(446)
+4 199 500
+3 -22 500
+3 * 500
+3 * 500
jcnd=308/500 +47 +1 
* * 
+2 * 192
+2 * 192
jump=192 +57 0 
* * 
+43 +1 308
+3 * 308
+3 * 308
jcnd=308/308 0x1f236d +1 
* * 
+8 0 192
+2 199 192
+4 -22 192
+3 * 192
+3 * 192
jcnd=115/192 +6 +1 
* * 
-10 +22 308
+4 -22 308
+3 * 308
+3 * 308
jcnd=182/308 +6 +1 
* * 
+2 * 203
+2 * 203
jump=203 +16 0 
* * 
+2 +1 297
+3 * 297
+3 * 297
jcnd=297/297 0x1f237e +1 
* * 
+8 0 203
+3 0 203
+5 0 203
+3 0 203
+5 0 203
cfi=(162)
cfn=(812)
calls=203 0x1f3640 0 
* 0 203
-13 0 297
+5 0 297
+3 0 297
+5 0 297
cfi=(162)
cfn=(812)
calls=297 0x1f3640 0 
* 0 297
+6 0 500
fi=(467) /home/ecuodah/.rustup/toolchains/stable-x86_64-unknown-linux-gnu/lib/rustlib/src/rust/library/alloc/src/alloc.rs
+6 95 500
+5 * 500
+5 * 500
cfi=(162)
cfn=(814)
calls=500 0x1f3600 -95 
* * 256082
fi=(449) /home/ecuodah/.rustup/toolchains/stable-x86_64-unknown-linux-gnu/lib/rustlib/src/rust/library/alloc/src/raw_vec/mod.rs
+6 453 500
+3 * 500
fi=(450) /home/ecuodah/.rustup/toolchains/stable-x86_64-unknown-linux-gnu/lib/rustlib/src/rust/library/alloc/src/vec/spec_from_iter_nested.rs
+6 0 500
+3 0 500
+3 0 500
+5 0 500
+3 0 500
fe=(446)
+4 199 500
fi=(455)
+3 1910 500
fi=(450)
+3 36 500
+9 * 500
+5 * 500
+9 +5 500
+5 * 500
+5 * 500
+9 * 500
+9 * 500
+5 * 500
+5 * 500
+5 * 500
+5 * 500
+5 * 500
jfi=(447)
jump=500 +21 192 
* * 
fi=(455)
+4 1910 907000
fi=(454) /home/ecuodah/.rustup/toolchains/stable-x86_64-unknown-linux-gnu/lib/rustlib/src/rust/library/alloc/src/vec/mod.rs
+4 3916 907000
+3 2106 907000
fi=(447)
+5 192 907000
+5 * 907000
+3 * 907000
+3 * 907000
cfi=(451) /home/ecuodah/.rustup/toolchains/stable-x86_64-unknown-linux-gnu/lib/rustlib/src/rust/library/core/src/iter/adapters/map.rs
cfn=(2340) <core::iter::adapters::map::Map<I,F> as core::iter::traits::iterator::Iterator>::try_fold
calls=907000 0x1f33b0 -77 
* * 41477440
-6 * 500
+3 * 500
+3 * 500
cfi=(451)
cfn=(2340)
calls=500 0x1f33b0 -77 
* * 22860
fi=(454)
+5 3905 907500
+2 * 907500
jfi=(450)
jcnd=500/907500 +75 42 
* * 
+2 0 907000
+2 3907 907000
+5 * 907000
jfi=(455)
jcnd=903700/907000 -39 1910 
* * 
fi=(447)
+2 178 3300
fi=(549) /home/ecuodah/.rustup/toolchains/stable-x86_64-unknown-linux-gnu/lib/rustlib/src/rust/library/core/src/option.rs
+5 636 3300
fi=(447)
+3 178 3300
+2 * 3300
+6 * 3300
+2 * 3300
+6 * 3300
fi=(449)
+6 658 3300
+5 * 3300
+5 * 3300
+6 * 3300
+3 * 3300
+3 * 3300
cfn=(2352) alloc::raw_vec::RawVecInner<A>::reserve::do_reserve_and_handle
calls=3300 0x1f3570 -14 
* * 1523172
+5 -61 3300
+5 * 3300
jfi=(455)
jump=3300 0x1f22a0 1910 
* * 
fi=(450)
+2 42 500
fi=(447)
+5 161 500
+5 * 500
+2 0 500
+5 163 500
+3 * 500
+4 * 500
fe=(446)
+4 +38 500
+3 * 500
+4 * 500
+1 * 500
+2 * 500
+2 * 500
+2 * 500
+2 * 500
+1 * 500
+55 -22 308
+3 * 308
+4 * 308
jcnd=308/308 0x1f21e5 +20 
* * 
+10 * 297
+4 * 297
+5 * 297
+4 * 297
jcnd=297/297 0x1f2206 0 
* * 

fl=(291)
fn=(1164)
0x216500 33 1
+1 * 1
+3 * 1
+2 * 1
+2 * 1
+2 * 1
+2 * 1
+1 * 1
+7 +1 1
cfi=(176)
cfn=(1166) std::io::stdio::stdout
calls=1 0x251be0 4028 
* * 161
+6 * 1
+3 * 1
fi=(298)
+7 175 1
cfn=(1192)
calls=1 0x2189e0 64 
* * 289545
fi=(245)
+5 835 1
+7 0 1
+7 835 1
+3 * 1
+3 0 1
+7 835 1
jfi=(279)
jcnd=1/1 +71 13 
* * 
fi=(279)
+71 13 1
+7 * 1
+4 * 1
+7 * 1
+7 * 1
+8 * 1
+7 * 1
+7 * 1
+7 * 1
+7 * 1
+8 * 1
+8 * 1
+7 * 1
+7 * 1
+7 * 1
fi=(336)
+7 1420 1
+3 * 1
+6 0 1
+4 0 1
+4 0 1
+4 0 1
+5 0 1
+4 0 1
fi=(245)
+4 836 1
+7 * 1
+4 * 1
fi=(336)
+7 258 1
+7 * 1
+5 * 1
+4 * 1
+3 * 1
+4 * 1
cfi=(334)
cfn=(1510)
calls=1 0x208d10 695 
* * 170
fi=(341)
+5 48 1
+3 * 1
+4 * 1
+4 * 1
+4 * 1
+5 * 1
+5 * 1
+2 * 1
+4 * 1
+5 * 1
+4 * 1
fi=(337)
+4 -48 1
fi=(233)
+3 547 1
fi=(339)
+6 1563 1
+4 * 1
+4 * 1
fi=(342)
+5 50 1
+3 * 1
fi=(340)
+2 641 1
fi=(337)
+5 2073 1
+3 * 1
fi=(239)
+3 1072 1
+3 * 1
+4 * 1
fi=(276)
+4 152 1
+6 * 1
fi=(337)
+2 1236 1
+3 * 1
+4 * 1
fi=(276)
+3 160 1
+3 * 1
+4 * 1
+3 * 1
fi=(307)
+3 435 1
jfi=(336)
jcnd=1/1 +44 258 
* * 
fi=(336)
+44 258 1
+7 * 1
+5 * 1
+3 * 1
cfi=(334)
cfn=(1510)
calls=1 0x208d10 695 
* * 170
fi=(341)
+5 48 1
+3 * 1
+4 * 1
+4 * 1
+4 * 1
+5 * 1
+5 * 1
+2 * 1
+4 * 1
+5 * 1
+4 * 1
fi=(337)
+4 -48 1
fi=(233)
+3 547 1
fi=(339)
+6 1563 1
+4 * 1
+4 * 1
fi=(342)
+5 50 1
+3 * 1
fi=(340)
+2 641 1
fi=(337)
+5 2073 1
+3 * 1
fi=(239)
+3 1072 1
+3 * 1
+4 * 1
fi=(276)
+4 152 1
+6 * 1
fi=(337)
+2 1236 1
+3 * 1
+4 * 1
fi=(276)
+3 160 1
+3 * 1
+4 * 1
+3 * 1
fi=(307)
+3 435 1
jfi=(255)
jcnd=1/1 +76 0 
* * 
fi=(255)
+76 0 1
fi=(336)
+4 1309 1
+3 * 1
+6 258 1
+7 * 1
+5 * 1
+4 * 1
+4 * 1
cfi=(334)
cfn=(1510)
calls=1 0x208d10 695 
* * 169
fi=(341)
+5 48 1
+3 * 1
+4 * 1
+4 * 1
+4 * 1
+5 * 1
+5 * 1
+2 * 1
+4 * 1
+5 * 1
+4 * 1
fi=(337)
+4 -48 1
+3 0 1
fi=(233)
+4 547 1
fi=(339)
+5 1563 1
+4 * 1
+4 * 1
fi=(342)
+5 50 1
+3 * 1
fi=(340)
+2 641 1
fi=(337)
+5 2073 1
+3 * 1
fi=(239)
+3 1072 1
+4 * 1
fi=(276)
+3 152 1
+5 * 1
+4 * 1
fi=(337)
+2 1236 1
+4 * 1
fi=(276)
+3 160 1
+3 * 1
+5 * 1
+7 * 1
fi=(307)
+3 435 1
jfi=(263)
jcnd=1/1 +98 1230 
* * 
fi=(263)
+98 1230 1
+3 * 1
+4 * 1
+4 * 1
+4 * 1
+4 * 1
+4 * 1
+4 * 1
jfi=(255)
jump=1 0x21695f 0 
* * 
fi=(255)
0x21695f 0 1
fi=(279)
+7 13 1
+7 * 1
+7 * 1
+7 * 1
+4 * 1
+7 * 1
+3 * 1
+4 * 1
+4 * 1
+7 * 1
+7 * 1
+7 * 1
+7 * 1
+7 * 1
+8 * 1
+7 * 1
+7 * 1
+7 * 1
+7 * 1
+7 * 1
+7 * 1
+7 * 1
+7 * 1
+7 * 1
+7 * 1
+7 * 1
+6 * 1
+7 * 1
fi=(242)
+7 190 1
cfi=(162)
cfn=(812)
calls=1 0x1f3640 0 
* * 1
+6 -95 1
+5 * 1
+5 * 1
cfi=(162)
cfn=(814)
calls=1 0x1f3600 -95 
* * 479
+6 489 1
+3 * 1
+2 0 1
fi=(279)
+7 13 1
+5 * 1
+3 * 1
+3 * 1
cob=(2)
cfi=(214)
cfn=(708)
calls=1 0x188a80 255 
* * 30
+6 * 1
fe=(291)
+3 +22 1
+7 * 1
+1 * 1
+2 * 1
+2 * 1
+2 * 1
+2 * 1
+1 * 1

fl=(337)
fn=(1526) hashbrown::raw::RawTableInner::fallible_with_capacity
0x22d8d0 1653 15
+1 * 15
+3 * 15
+2 * 15
+2 * 15
+2 * 15
+2 * 15
+1 * 15
+4 * 15
+3 +9 15
+3 * 15
+2 0 15
+3 110 15
+4 * 15
jfi=(172)
jcnd=5/15 +53 2970 
* * 
+2 +33 10
+2 * 10
+3 * 10
+4 * 10
+4 * 10
+6 * 10
+4 * 10
jfi=(172)
jump=10 +95 2970 
* * 
fi=(172)
+28 2970 5
+3 * 5
fi=(307)
+4 458 5
fi=(172)
+2 2970 5
+4 * 5
fe=(337)
+10 158 5
+3 * 5
+3 * 5
+3 * 5
+3 * 5
+3 * 5
+3 * 5
fi=(172)
+4 3696 5
+3 +5 5
+4 +1 5
+2 * 5
+7 * 5
+3 +23 5
+3 2970 5
+3 * 5
fi=(307)
+3 458 5
fi=(172)
-6 2970 10
+3 * 10
fi=(307)
+3 458 10
fi=(172)
+2 688 15
fi=(307)
+4 458 15
fi=(172)
+2 688 15
fe=(337)
+4 224 15
+4 +1 15
fi=(172)
+4 688 15
+3 * 15
+3 * 15
+3 * 15
+10 * 15
+3 * 15
fi=(307)
+3 458 15
+2 * 15
jfi=(242)
jcnd=15/15 +32 186 
* * 
fi=(242)
+32 186 15
+3 * 15
+2 0 15
+4 0 15
+4 190 15
cfi=(162)
cfn=(812)
calls=15 0x1f3640 0 
* * 15
+6 -95 15
+5 * 15
+3 * 15
cfi=(162)
cfn=(814)
calls=15 0x1f3600 -95 
* * 2832
+6 * 15
+3 * 15
fi=(550) /rust/deps/hashbrown-0.16.1/src/raw/alloc.rs
+4 -76 15
+3 * 15
jfi=(239)
jcnd=15/15 +28 961 
* * 
fi=(239)
+28 961 15
fe=(337)
+3 1642 15
+4 185 15
+3 * 15
+4 * 15
+4 * 15
+3 * 15
+4 * 15
fi=(233)
+4 709 15
+3 * 15
+5 * 15
+3 * 15
cob=(2)
cfi=(227)
cfn=(766)
calls=15 0x189480 158 
* * 218
fe=(337)
+6 1678 15
+3 * 15
+4 * 15
+4 * 15
+8 +3 15
+4 * 15
+1 * 15
+2 * 15
+2 * 15
+2 * 15
+2 * 15
+1 * 15

fn=(1524)
0x22da60 999 4
+1 * 4
+3 * 4
+2 * 4
+2 * 4
+2 * 4
+2 * 4
+1 * 4
+4 * 4
+4 * 4
+4 +17 4
+4 2794 4
fi=(172)
+4 688 4
fi=(307)
+3 458 4
fe=(337)
+6 2798 4
+4 185 4
+4 * 4
+3 * 4
+4 * 4
+4 * 4
+3 * 4
+4 * 4
+4 2799 4
+3 * 4
+3 * 4
+3 * 4
+6 0 4
+3 2826 4
fi=(236)
+3 1029 4
+3 * 4
fe=(337)
+4 2738 4
+3 * 4
+7 * 4
+5 * 4
cfn=(1526)
calls=4 0x22d8d0 1653 
* * 1080
fi=(245)
+5 2173 4
+7 0 4
+7 0 4
+7 2173 4
+3 * 4
+6 0 4
+4 0 4
+4 0 4
fe=(337)
+4 2665 4
+3 * 4
+4 * 4
+4 3986 4
+3 * 4
jcnd=1/4 0x22dc86 0 
* * 
+6 0 3
fi=(339)
+4 1320 3
+6 1563 3
fi=(342)
+5 31 3
+3 +19 3
+5 * 3
+4 * 3
+2 * 3
+4 * 3
+4 * 3
+4 -50 3
+1 50 3
+4 * 3
jfi=(340)
jcnd=3/3 +44 641 
* * 
-4 * 21
+4 * 21
jfi=(340)
jcnd=21/21 +44 641 
* * 
fi=(340)
+44 641 24
fe=(337)
+5 3942 24
fi=(239)
+3 1072 24
+3 * 24
+4 * 24
+4 * 24
fe=(337)
+3 -56 24
fi=(336)
+4 258 24
+3 * 24
+4 * 24
cfi=(334)
cfn=(1510)
calls=24 0x208e90 695 
* * 4052
fe=(337)
+5 0 24
+3 0 24
+4 0 24
+3 0 24
fi=(233)
+4 547 24
fi=(339)
+6 1563 24
fi=(342)
+4 50 24
+2 * 24
fi=(340)
+2 641 24
fe=(337)
+4 1793 24
+3 * 24
fi=(307)
+3 458 24
+5 * 24
fe=(337)
+2 0 24
+4 0 24
+3 0 24
fi=(341)
+3 48 24
fi=(172)
+4 2413 24
fe=(337)
+4 2631 24
+3 +3 24
+4 +1 24
+5 2439 24
+3 * 24
+4 * 24
+3 * 24
+4 * 24
fi=(233)
+4 547 24
+6 * 24
+6 * 24
+6 * 24
+6 * 24
fe=(337)
+3 3986 24
+3 * 24
jfi=(342)
jcnd=21/24 0x22db40 50 
* * 
+6 * 3
jump=3 0x22dc86 0 
* * 
+93 1026 4
+3 * 4
+4 * 4
+1 * 4
+2 * 4
+2 * 4
+2 * 4
+2 * 4
+1 * 4
+1 0 4
+10 0 4
+4 2981 4
+4 * 4
fi=(233)
+4 1435 4
+3 * 4
+4 * 4
+4 * 4
fe=(337)
+4 2747 4
+3 * 4
jcnd=1/4 -58 1026 
* * 
fi=(172)
+2 2970 3
+3 * 3
+4 688 3
fe=(337)
+4 224 3
+4 +1 3
fi=(242)
+3 -25 3
+4 * 3
+2 0 3
fi=(239)
+4 1072 3
fi=(242)
+3 115 3
+5 * 3
cfi=(162)
cfn=(886)
calls=3 0x1f3610 0 
* * 261
fe=(337)
+6 0 3
jump=3 0x22dc74 1026 
* 0 
+22 999 7
+1 * 7
+3 * 7
+2 * 7
+2 * 7
+2 * 7
+2 * 7
+1 * 7
+4 * 7
+4 * 7
+4 +17 7
+4 2794 7
fi=(172)
+4 688 7
fi=(307)
+3 458 7
fe=(337)
+6 2798 7
+4 185 7
+4 * 7
+3 * 7
+4 * 7
+4 * 7
+3 * 7
+4 * 7
+4 2799 7
+3 * 7
+3 * 7
+3 * 7
+6 0 7
+3 2826 7
fi=(236)
+3 1029 7
+3 * 7
fe=(337)
+4 2738 7
+3 * 7
+7 * 7
+5 * 7
cfn=(1526)
calls=7 0x22d8d0 1653 
* * 2142
fi=(245)
+5 2173 7
+7 0 7
+7 0 7
+7 2173 7
+3 * 7
+6 0 7
+4 0 7
+4 0 7
fe=(337)
+4 2665 7
+3 * 7
+4 * 7
+4 3986 7
+3 * 7
jcnd=1/7 0x22df2f 0 
* * 
+6 0 6
fi=(339)
+4 1320 6
+6 1563 6
fi=(342)
+5 31 6
+3 +19 6
+5 * 6
+4 * 6
+2 * 6
+4 * 6
+4 * 6
+4 -50 6
+1 50 6
+4 * 6
jfi=(340)
jcnd=6/6 +44 641 
* * 
-4 * 214
+4 * 214
jfi=(340)
jcnd=203/214 +44 641 
* * 
+2 -50 11
fi=(339)
+10 1320 11
fi=(239)
+7 961 11
fi=(339)
+4 1563 11
fe=(337)
+5 3972 11
fi=(342)
+4 50 11
+7 * 11
+2 -19 11
fi=(340)
+3 641 11
fe=(337)
+5 3942 11
fi=(239)
+3 1072 11
+3 * 11
+3 * 11
+4 * 11
+4 * 11
fe=(337)
+4 -56 11
fi=(336)
+4 258 11
+3 * 11
+4 * 11
cfi=(334)
cfn=(1510)
calls=11 0x208e90 695 
* * 1905
fi=(340)
-37 641 209
fe=(337)
+5 3942 209
fi=(239)
+3 1072 209
+3 * 209
+3 * 209
+4 * 209
+4 * 209
fe=(337)
+4 -56 209
fi=(336)
+4 258 209
+3 * 209
+4 * 209
cfi=(334)
cfn=(1510)
calls=209 0x208e90 695 
* * 36300
fe=(337)
+5 0 220
+3 0 220
+4 0 220
+3 0 220
fi=(233)
+4 547 220
fi=(339)
+6 1563 220
fi=(342)
+4 50 220
+2 * 220
fi=(340)
+2 641 220
fe=(337)
+4 1793 220
+3 * 220
fi=(307)
+3 458 220
+5 * 220
fe=(337)
+6 0 220
+4 0 220
+3 0 220
fi=(341)
+3 48 220
fi=(172)
+4 2413 220
fe=(337)
+4 2631 220
+3 +3 220
+4 +1 220
+5 2439 220
+3 * 220
+4 * 220
+4 * 220
+3 * 220
+4 * 220
+4 * 220
fi=(233)
+4 547 220
+5 * 220
+5 * 220
+5 * 220
+6 * 220
+6 * 220
+6 * 220
fe=(337)
+3 3986 220
+3 * 220
jfi=(342)
jcnd=214/220 0x22ddd0 50 
* * 
+6 * 6
jump=6 0x22df2f 0 
* * 
+93 1026 7
+3 * 7
+4 * 7
+1 * 7
+2 * 7
+2 * 7
+2 * 7
+2 * 7
+1 * 7
+1 0 7
+10 0 7
+4 2981 7
+4 * 7
fi=(233)
+4 1435 7
+3 * 7
+4 * 7
+4 * 7
fe=(337)
+4 2747 7
+3 * 7
jcnd=1/7 -58 1026 
* * 
fi=(172)
+2 2970 6
+4 * 6
+4 688 6
fe=(337)
+4 224 6
+4 +1 6
fi=(242)
+3 -25 6
+4 * 6
+2 0 6
fi=(239)
+4 1072 6
fi=(242)
+3 115 6
+5 * 6
cfi=(162)
cfn=(886)
calls=6 0x1f3610 0 
* * 771
fe=(337)
+6 0 6
jump=6 0x22df1d 1026 
* 0 
+28 999 3
+1 * 3
+3 * 3
+2 * 3
+2 * 3
+2 * 3
+2 * 3
+1 * 3
+4 * 3
+4 * 3
+4 +17 3
+4 2794 3
fi=(172)
+4 688 3
fi=(307)
+3 458 3
fe=(337)
+6 2798 3
+4 185 3
+4 * 3
+3 * 3
+4 * 3
+4 * 3
+3 * 3
+4 * 3
+4 2799 3
+3 * 3
+3 * 3
+3 * 3
+6 0 3
+3 2826 3
fi=(236)
+3 1029 3
+3 * 3
fe=(337)
+4 2738 3
+3 * 3
+7 * 3
+5 * 3
cfn=(1526)
calls=3 0x22d8d0 1653 
* * 853
fi=(245)
+5 2173 3
+7 0 3
+7 0 3
+7 2173 3
+3 * 3
+6 0 3
+4 0 3
+4 0 3
fe=(337)
+4 2665 3
+3 * 3
+4 * 3
+4 3986 3
+3 * 3
jcnd=1/3 0x22e1c6 0 
* * 
+6 0 2
fi=(339)
+4 1320 2
+6 1563 2
fi=(342)
+5 31 2
+3 +19 2
+5 * 2
+4 * 2
+2 * 2
+4 * 2
+4 * 2
+4 -50 2
+1 50 2
+4 * 2
jfi=(340)
jcnd=2/2 +44 641 
* * 
-4 * 8
+4 * 8
jfi=(340)
jcnd=8/8 +44 641 
* * 
fi=(340)
+44 641 10
fe=(337)
+5 3942 10
fi=(239)
+3 1072 10
+3 * 10
+4 * 10
+4 * 10
fe=(337)
+3 -56 10
fi=(336)
+4 258 10
+3 * 10
+4 * 10
cfi=(334)
cfn=(1510)
calls=10 0x208e90 695 
* * 1682
fe=(337)
+5 0 10
+3 0 10
+4 0 10
+3 0 10
fi=(233)
+4 547 10
fi=(339)
+6 1563 10
fi=(342)
+4 50 10
+2 * 10
fi=(340)
+2 641 10
fe=(337)
+4 1793 10
+3 * 10
fi=(307)
+3 458 10
+5 * 10
fe=(337)
+2 0 10
+4 0 10
+3 0 10
fi=(341)
+3 48 10
fi=(172)
+4 2413 10
fe=(337)
+4 2631 10
+3 +3 10
+4 +1 10
+5 2439 10
+3 * 10
+4 * 10
+3 * 10
+4 * 10
fi=(233)
+4 547 10
+6 * 10
+6 * 10
+6 * 10
+6 * 10
fe=(337)
+3 3986 10
+3 * 10
jfi=(342)
jcnd=8/10 0x22e080 50 
* * 
+6 * 2
jump=2 0x22e1c6 0 
* * 
+93 1026 3
+3 * 3
+4 * 3
+1 * 3
+2 * 3
+2 * 3
+2 * 3
+2 * 3
+1 * 3
+1 0 3
+10 0 3
+4 2981 3
+4 * 3
fi=(233)
+4 1435 3
+3 * 3
+4 * 3
+4 * 3
fe=(337)
+4 2747 3
+3 * 3
jcnd=1/3 -58 1026 
* * 
fi=(172)
+2 2970 2
+3 * 2
+4 688 2
fe=(337)
+4 224 2
+4 +1 2
fi=(242)
+3 -25 2
+4 * 2
+2 0 2
fi=(239)
+4 1072 2
fi=(242)
+3 115 2
+5 * 2
cfi=(162)
cfn=(886)
calls=2 0x1f3610 0 
* * 174
fe=(337)
+6 0 2
jump=2 0x22e1b4 1026 
* 0 
+22 999 1
+1 * 1
+3 * 1
+2 * 1
+2 * 1
+2 * 1
+2 * 1
+1 * 1
+4 * 1
+4 * 1
+4 +17 1
+4 2794 1
fi=(172)
+4 688 1
fi=(307)
+3 458 1
fe=(337)
+6 2798 1
+4 185 1
+4 * 1
+3 * 1
+4 * 1
+4 * 1
+3 * 1
+4 * 1
+4 2799 1
+3 * 1
+3 * 1
+3 * 1
+6 0 1
+3 2826 1
fi=(236)
+3 1029 1
+3 * 1
fe=(337)
+4 2738 1
+3 * 1
+7 * 1
+5 * 1
cfn=(1526)
calls=1 0x22d8d0 1653 
* * 140
fi=(245)
+5 2173 1
+7 0 1
+7 0 1
+7 2173 1
+3 * 1
+6 0 1
+4 0 1
+4 0 1
fe=(337)
+4 2665 1
+3 * 1
+4 * 1
+4 3986 1
+3 * 1
jcnd=1/1 0x22e44b 0 
* * 
0x22e439 1026 1
+3 * 1
+4 * 1
+1 * 1
+2 * 1
+2 * 1
+2 * 1
+2 * 1
+1 * 1
+1 0 1
+10 0 1
+4 2981 1
+4 * 1
fi=(233)
+4 1435 1
+3 * 1
+4 * 1
+4 * 1
fe=(337)
+4 2747 1
+3 * 1
jcnd=1/1 -58 1026 
* * 

fl=(308)
fn=(1270)
0x254420 111 9
+1 * 9
+3 * 9
+2 * 9
+2 * 9
+1 * 9
+7 * 9
fi=(299)
+3 -86 9
+7 * 9
+6 -25 9
fi=(233)
+7 547 9
+3 * 9
+3 * 9
cob=(2)
cfi=(214)
cfn=(708)
calls=9 0x188a80 255 
* * 142
+6 1910 9
fi=(299)
+9 47 9
+3 * 9
+4 * 9
+3 * 9
+3 * 9
cfi=(258)
cfn=(1202)
calls=9 0x290410 351 
* * 1080
+6 * 9
+4 * 9
jcnd=9/9 +25 +1 
* * 
+25 +1 9
+4 * 9
fi=(309)
+7 2156 9
+5 * 9
+3 * 9
+2 * 9
cfn=(1278) std::sys::fs::unix::try_statx
calls=9 0x254020 153 
* * 918
+5 * 9
+7 * 9
jfi=(279)
jcnd=9/9 0x25451c 0 
* * 
fi=(279)
0x25451c 0 9
+7 13 9
+5 * 9
+3 * 9
cob=(2)
cfi=(214)
cfn=(708)
calls=9 0x188a80 255 
* * 270
fe=(308)
+6 113 9
+3 * 9
+7 * 9
+1 * 9
+2 * 9
+2 * 9
+1 * 9

fn=(1686)
0x2542f0 159 2
+1 * 2
+3 * 2
+2 * 2
+2 * 2
+2 * 2
+1 * 2
+7 * 2
+3 * 2
fi=(321)
+7 2737 2
cfi=(308)
cfn=(1270)
calls=2 0x254420 111 
* * 896
fi=(245)
+6 835 2
+7 * 2
jfi=(354) /rustc/4a4ef493e3a1488c6e321570238084b38948f6db/library/std/src/sys/fs/common.rs
jcnd=2/2 +44 57 
* * 
fi=(354)
+44 57 2
+5 * 2
jfi=(308)
jump=2 +62 165 
* * 
fe=(308)
+62 165 2
+3 * 2
+7 * 2
+1 * 2
+2 * 2
+2 * 2
+2 * 2
+1 * 2

fl=(321)
fn=(1638)
0x250150 1310 10
+1 * 10
+3 * 10
+2 * 10
+2 * 10
+2 * 10
+1 * 10
+7 1138 10
fi=(309)
+2 1366 10
+7 * 10
+7 * 10
+2 * 10
+5 * 10
cfn=(1278)
calls=10 0x254020 153 
* * 1200
+5 * 10
+7 * 10
+4 * 10
jfi=(245)
jcnd=10/10 +85 835 
* * 
fi=(245)
+85 835 10
+3 * 10
jfi=(321)
jcnd=10/10 +25 1138 
* * 
fe=(321)
+25 1138 10
fi=(309)
+4 1756 10
+2 * 10
+2 * 10
+5 * 10
cob=(2)
cfi=(350)
cfn=(1644)
calls=10 0x11b000 28 
* * 60
fi=(175)
+6 235 10
+4 +10 10
+2 0 10
fi=(172)
+2 2264 10
+3 * 10
+4 * 10
+5 * 10
jfi=(321)
jump=10 0x25028c 1316 
* * 
fe=(321)
0x25028c 1316 10
+7 * 10
+1 * 10
+2 * 10
+2 * 10
+2 * 10
+1 * 10

fn=(1384)
0x250070 1918 1
+1 * 1
+3 * 1
+2 * 1
+2 * 1
+2 * 1
+1 * 1
+7 * 1
+3 * 1
fi=(309)
+3 1346 1
fi=(299)
+4 25 1
+7 * 1
+2 -25 1
+3 0 1
fi=(233)
+7 547 1
+3 * 1
+3 * 1
+3 * 1
cob=(2)
cfi=(214)
cfn=(708)
calls=1 0x188a80 255 
* * 12
+6 1910 1
fi=(299)
+9 47 1
+3 * 1
+4 * 1
+3 * 1
+3 * 1
cfi=(258)
cfn=(1202)
calls=1 0x290410 351 
* * 78
+6 * 1
+4 * 1
jcnd=1/1 +28 +1 
* * 
+28 +1 1
+4 * 1
fi=(309)
+4 1346 1
+3 * 1
cfn=(1390)
calls=1 0x253cc0 +3 
* * 99
fi=(245)
+5 835 1
+4 * 1
jcnd=1/1 +49 +1 
* * 
+49 +1 1
+3 * 1
+3 * 1
+2 0 1
fe=(321)
+2 1920 1
+3 * 1
+7 * 1
+1 * 1
+2 * 1
+2 * 1
+2 * 1
+1 * 1

fn=(1716)
0x270030 1380 8
+1 * 8
+3 * 8
+2 * 8
+2 * 8
+2 * 8
+2 * 8
+1 * 8
+4 * 8
+3 +1 8
+3 * 8
+3 * 8
cfn=(1638)
calls=8 0x250150 -71 
* * 1304
+5 * 8
+3 * 8
+3 * 8
fi=(263)
+2 0 8
+4 0 8
fe=(321)
+4 1382 8
+3 * 8
cfi=(262)
cfn=(1718) alloc::string::String::try_reserve
calls=8 0x28f6b0 -78 
* * 72
+6 * 8
fi=(245)
+10 2173 8
+3 * 8
fi=(256)
+2 2933 8
fi=(324)
+4 553 8
+3 * 8
+3 * 8
+3 * 8
+3 * 8
cfn=(1424)
calls=8 0x2504e0 409 
* * 1408
+5 0 8
+3 388 8
+4 * 8
+3 * 8
fi=(256)
+4 1753 8
fi=(275)
+4 410 8
+3 * 8
+3 * 8
+4 89 8
+3 * 8
fi=(324)
+4 392 8
cfi=(260)
cfn=(866)
calls=8 0x298160 89 
* * 752
fi=(338)
+6 +45 8
fi=(324)
+5 -45 8
jfi=(245)
jcnd=8/8 +47 0 
* * 
fi=(245)
+47 0 8
+3 0 8
fi=(256)
+3 2106 8
fe=(321)
+4 1384 8
+4 * 8
+1 * 8
+2 * 8
+2 * 8
+2 * 8
+2 * 8
+1 * 8

fn=(1410) <std::fs::File as std::io::Read>::read_buf
0x261c80 1498 1
+1 * 1
+3 * 1
+2 * 1
+1 * 1
fi=(537)
+3 162 1
fi=(325) /rustc/4a4ef493e3a1488c6e321570238084b38948f6db/library/core/src/io/borrowed_buf.rs
+2 +97 1
+4 * 1
+4 * 1
fi=(275)
+3 101 1
fi=(325)
+3 230 1
+3 * 1
fi=(236)
+10 1068 1
+3 * 1
fi=(365)
+4 179 1
cob=(2)
cfi=(326)
cfn=(1412)
calls=1 0x11ba80 25 
* * 8
fi=(175)
+6 +56 1
+4 +10 1
fi=(325)
+2 +50 1
+3 * 1
+4 +1 1
fi=(236)
+4 1029 1
+3 * 1
fi=(325)
+4 296 1
+4 * 1
fe=(321)
+2 1500 1
+1 * 1
+2 * 1
+1 * 1

fl=(347)
fn=(2268) core::ops::function::FnOnce::call_once{{vtable.shim}}
0x2038f0 250 1
+1 * 1
+3 * 1
+2 * 1
+2 * 1
+2 * 1
+2 * 1
+1 * 1
+4 * 1
fi=(374)
+3 88 1
+4 +1 1
+4 * 1
+4 * 1
fi=(233)
+3 1710 1
+4 * 1
+4 * 1
+4 * 1
fi=(374)
+4 90 1
cfi=(435)
cfn=(2270)
calls=1 0x1ffed0 +72 
* * 550
+6 +1 1
+3 * 1
cfi=(435)
cfn=(2270)
calls=1 0x1fff00 +71 
* * 17094669444
+6 -91 1
fi=(177)
+3 445 1
fi=(233)
+4 805 1
+5 * 1
jfi=(374)
jcnd=1/1 +54 97 
* * 
fi=(374)
+54 97 1
+8 * 1
+4 * 1
+4 * 1
+4 +4 1
fi=(176)
+4 4079 1
fi=(373)
+5 2811 1
jfi=(347)
jcnd=1/1 +12 250 
* * 
fe=(347)
+12 250 1
+4 * 1
+1 * 1
+2 * 1
+2 * 1
+2 * 1
+2 * 1
+1 * 1

fl=(262)
fn=(972)
0x28fb30 2351 97
+1 * 97
+3 * 97
+2 * 97
+2 * 97
+2 * 97
+1 * 97
+3 +1 97
+4 * 97
fi=(255)
+4 444 97
+3 * 97
jcnd=39/97 +32 0 
* * 
fi=(242)
+2 93 58
cfi=(162)
cfn=(812)
calls=58 0x1f3640 -93 
* * 58
+6 +2 58
+5 * 58
+3 * 58
cfi=(162)
cfn=(814)
calls=58 0x1f3600 -95 
* * 8019
fi=(255)
+6 453 58
+3 * 58
+2 0 58
+3 0 58
jfi=(233)
jump=58 +8 547 
* 0 
+2 0 39
fi=(233)
+6 547 39
+3 * 39
+3 * 39
+3 * 39
cob=(2)
cfi=(214)
cfn=(708)
calls=39 0x188a80 255 
* * 507
-9 * 58
+3 * 58
+3 * 58
+3 * 58
cob=(2)
cfi=(214)
cfn=(708)
calls=58 0x188a80 255 
* * 980
fe=(262)
+6 2352 97
+3 * 97
+4 * 97
+4 +1 97
+3 * 97
+1 * 97
+2 * 97
+2 * 97
+2 * 97
+1 * 97

fn=(1718)
0x28f6b0 1304 8
fi=(255)
+3 602 8
fi=(256)
+3 1518 8
fi=(172)
+4 2413 8
+3 * 8
+3 * 8
fi=(255)
+10 736 8
+3 -63 8
jfi=(262)
jcnd=8/8 +9 1306 
* * 
fe=(262)
+9 1306 8

fn=(1828)
0x229690 2713 2
fi=(255)
+3 597 2
fi=(256)
+4 1753 2
fe=(262)
+4 2714 2
+3 * 2
cfi=(317)
cfn=(1824)
calls=2 0x2902d0 2959 
* * 138

fn=(1362)
0x28f2e0 3346 26
+1 * 26
+3 * 26
+2 * 26
+2 * 26
+2 * 26
+1 * 26
+3 * 26
fi=(255)
+3 602 26
fi=(256)
+3 1451 26
fi=(172)
+4 2413 26
fi=(255)
+3 736 26
+3 -80 26
jcnd=1/26 +36 +2 
* * 
+2 0 26
fi=(239)
+4 961 26
fi=(233)
+3 547 26
+3 * 26
cob=(2)
cfi=(214)
cfn=(708)
calls=26 0x188a80 255 
* * 394
fi=(256)
+6 2822 26
+3 * 26
fe=(262)
+4 3349 26
+2 * 26
+1 * 26
+2 * 26
+2 * 26
+2 * 26
+1 * 26
fi=(255)
+1 658 1
+3 * 1
+3 * 1
+3 * 1
+3 * 1
cfn=(1250)
calls=1 0x28fab0 -14 
* * 115
+5 * 1
fi=(256)
+3 2933 1
+4 * 1
jfi=(255)
jump=1 -58 0 
* * 
fe=(262)

fn=(1458)
0x229110 560 1
+1 * 1
+3 * 1
+2 * 1
+2 * 1
+1 * 1
+4 * 1
+3 * 1
fi=(255)
+3 +37 1
fi=(256)
+4 1753 1
+4 * 1
fe=(262)
+4 561 1
+3 * 1
cfi=(260)
cfn=(866)
calls=1 0x298160 89 
* * 73
+6 * 1
+4 * 1
jcnd=1/1 +55 +1 
* * 
+55 +1 1
+4 * 1
+4 * 1
+4 * 1
+4 * 1
+10 * 1
+3 +3 1
+4 * 1
+1 * 1
+2 * 1
+2 * 1
+1 * 1

fl=(268)
fn=(1092) test::cli::get_log_file
0x2159d0 499 1
+1 * 1
+3 * 1
+2 * 1
+2 * 1
+2 * 1
+2 * 1
+1 * 1
+4 * 1
+3 +1 1
+7 * 1
+4 * 1
+5 * 1
cfi=(269)
cfn=(1068) getopts::Matches::opt_str
calls=1 0x22f540 1075 
* * 517
fi=(263)
+6 1164 1
+4 * 1
+3 * 1
+3 * 1
+2 0 1
+10 1164 1
jfi=(268)
jump=1 0x215a76 502 
* * 
fe=(268)
0x215a76 502 1
+4 * 1
+4 * 1
+4 * 1
+7 +1 1
+4 * 1
+1 * 1
+2 * 1
+2 * 1
+2 * 1
+2 * 1
+1 * 1

fn=(1126) test::cli::get_format
0x2124f0 404 1
+1 * 1
+3 * 1
+2 * 1
+2 * 1
+2 * 1
+2 * 1
+1 * 1
+4 * 1
+3 * 1
+3 * 1
+3 +5 1
+7 * 1
+4 * 1
+5 * 1
cfi=(269)
cfn=(1068)
calls=1 0x22f540 1075 
* * 591
fi=(263)
+6 745 1
+4 * 1
+3 * 1
+3 * 1
+2 0 1
fe=(268)
+10 433 1
+4 * 1
+3 * 1
jump=1 0x212646 +1 
* * 
0x212646 +1 1
+4 * 1
+1 * 1
+2 * 1
+2 * 1
+2 * 1
+2 * 1
+1 * 1

fn=(904) test::cli::parse_opts
0x212730 200 1
+1 * 1
+3 * 1
+2 * 1
+2 * 1
+2 * 1
+2 * 1
+1 * 1
+7 * 1
+3 * 1
+4 * 1
+7 * 1
+7 +2 1
+3 * 1
cfn=(906) test::cli::optgroups
calls=1 0x216010 51 
* * 16466
+5 +2 1
+8 * 1
+7 * 1
+7 * 1
+5 * 1
+6 * 1
+3 * 1
+2 * 1
cfi=(269)
cfn=(908) getopts::Options::optflag
calls=1 0x2317d0 +16 
* * 519
fi=(270)
+6 -48 1
+3 * 1
+2 0 1
fi=(255)
+4 597 1
+4 * 1
fi=(256)
+7 1753 1
+4 * 1
+7 * 1
+5 * 1
+4 * 1
jump=1 +36 0 
* * 
+36 0 1
fi=(172)
+2 842 1
+4 * 1
+4 * 1
fi=(256)
+4 1753 1
fi=(255)
+7 444 1
+3 * 1
fi=(269)
+6 -3 1
fi=(255)
+7 0 1
fi=(242)
+4 190 1
cfi=(162)
cfn=(812)
calls=1 0x1f3640 0 
* * 1
+6 -95 1
+5 * 1
+3 * 1
cfi=(162)
cfn=(814)
calls=1 0x1f3600 -95 
* * 287
fi=(255)
+6 453 1
+3 * 1
+6 0 1
+3 0 1
fi=(256)
+3 967 1
+4 * 1
+4 * 1
+2 * 1
+7 0 1
fi=(269)
+10 441 1
+7 * 1
+3 * 1
cfn=(968) getopts::OptGroup::long_to_short
calls=1 0x231d60 853 
* * 756
-10 * 23
+7 * 23
+3 * 23
cfn=(968)
calls=23 0x231d60 853 
* * 17273
fi=(233)
+3 1910 24
+7 * 24
+4 * 24
+8 * 24
+7 * 24
+7 * 24
+5 * 24
+5 * 24
fi=(267) /rustc/4a4ef493e3a1488c6e321570238084b38948f6db/library/alloc/src/vec/set_len_on_drop.rs
+5 19 24
fi=(265)
+3 284 24
+4 * 24
+4 * 24
+3 * 24
jfi=(269)
jcnd=23/24 -75 441 
* * 
+2 * 1
jfi=(259)
jump=1 +21 61 
* * 
fi=(259)
+21 61 1
+4 * 1
+7 * 1
+4 * 1
+7 * 1
fi=(255)
+7 444 1
+3 * 1
+2 0 1
+8 0 1
fi=(242)
+4 190 1
cfi=(162)
cfn=(812)
calls=1 0x1f3640 0 
* * 1
+6 -95 1
+5 * 1
+3 * 1
cfi=(162)
cfn=(814)
calls=1 0x1f3600 -95 
* * 191
fi=(255)
+6 453 1
+3 * 1
fi=(257)
+6 772 1
+3 * 1
+3 * 1
+4 * 1
jfi=(255)
jcnd=1/1 +16 0 
* * 
fi=(255)
+16 0 1
fi=(257)
+10 772 1
+4 * 1
+3 * 1
+3 * 1
+4 * 1
+2 * 1
+4 0 1
fi=(233)
+11 1910 1
+8 * 1
+8 * 1
+5 * 1
+8 * 1
+5 * 1
+8 * 1
fi=(267)
+5 19 1
fi=(233)
+4 1910 1
+8 * 1
fi=(257)
+7 772 1
+4 * 1
+3 * 1
jfi=(233)
jcnd=1/1 -73 1910 
* * 
fi=(233)
-73 1910 5
+8 * 5
+8 * 5
+5 * 5
+8 * 5
+5 * 5
+8 * 5
fi=(267)
+5 19 5
fi=(233)
+4 1910 5
+8 * 5
fi=(257)
+7 772 5
+4 * 5
+3 * 5
jfi=(233)
jcnd=4/5 -73 1910 
* * 
+2 * 1
+3 * 1
jcnd=1/1 +69 0 
* * 
+69 0 1
+4 0 1
fi=(259)
+4 61 1
+7 * 1
+7 * 1
fi=(256)
+7 466 1
+11 * 1
+11 * 1
+11 * 1
fi=(239)
+4 961 1
+4 * 1
fi=(271)
+4 158 1
fi=(551) /rustc/4a4ef493e3a1488c6e321570238084b38948f6db/library/core/src/iter/traits/collect.rs
+11 320 1
+7 * 1
+7 * 1
+7 * 1
+7 * 1
+4 * 1
fi=(259)
+7 24 1
cfi=(271)
cfn=(990)
calls=1 0x1fdb10 173 
* * 347
+5 -24 1
+10 24 1
+4 * 1
+3 * 1
+3 * 1
+7 * 1
jcnd=1/1 +34 +2 
* * 
+34 +2 1
+4 * 1
fi=(242)
+4 190 1
cfi=(162)
cfn=(812)
calls=1 0x1f3640 0 
* * 1
+6 -95 1
+5 * 1
+5 * 1
cfi=(162)
cfn=(814)
calls=1 0x1f3600 -95 
* * 55
fi=(255)
+6 453 1
+3 * 1
fi=(259)
+6 0 1
fi=(233)
+3 1910 1
+3 * 1
+4 * 1
fi=(259)
+4 36 1
+11 * 1
+7 * 1
+11 +5 1
+7 * 1
+7 * 1
+8 * 1
+8 * 1
+5 * 1
+6 * 1
jfi=(256)
jump=1 +36 3905 
* * 
fi=(233)
+4 1910 1
+5 * 1
+4 * 1
+5 * 1
fi=(256)
+4 3916 1
+3 2106 1
+7 3905 1
+4 * 1
+4 * 1
+7 * 1
cfi=(271)
cfn=(990)
calls=1 0x1fdb10 173 
* * 26
-11 * 1
+4 * 1
+7 * 1
cfi=(271)
cfn=(990)
calls=1 0x1fdb10 173 
* * 368
+5 * 2
+4 * 2
+10 * 2
+3 * 2
jfi=(259)
jcnd=1/2 +63 42 
* * 
+2 * 1
+4 * 1
+4 * 1
+4 +2 1
+7 * 1
jfi=(233)
jcnd=1/1 -86 1910 
* * 
fi=(259)
+42 42 1
+7 * 1
fi=(271)
+7 161 1
+7 * 1
+4 * 1
+6 0 1
fi=(239)
+10 961 1
+4 * 1
+8 * 1
fi=(274) /rustc/4a4ef493e3a1488c6e321570238084b38948f6db/library/core/src/iter/adapters/peekable.rs
+3 25 1
+7 * 1
+7 * 1
+7 * 1
+7 * 1
+7 * 1
+7 * 1
+7 * 1
+6 * 1
+7 * 1
fi=(173)
+3 900 1
+5 * 1
+8 * 1
+7 * 1
+7 * 1
+7 * 1
+7 * 1
+7 * 1
+7 * 1
+7 * 1
+7 * 1
+4 * 1
+7 * 1
jump=1 +24 * 
* * 
fi=(269)
+7 561 2
+4 * 2
+3 * 2
fi=(173)
+10 900 2
+7 * 2
+4 * 2
+7 * 2
+7 +1 2
fi=(274)
+7 39 2
+3 * 2
fi=(173)
-35 900 1
+7 * 1
+4 * 1
+7 * 1
+7 +1 1
fi=(274)
+7 39 1
+3 * 1
+2 -39 3
fi=(177)
+4 1692 3
fi=(264)
+7 224 3
jfi=(268)
jcnd=1/3 0x213b5b 0 
* * 
fi=(177)
+6 660 2
fi=(264)
+4 228 2
+7 * 2
fi=(233)
+3 1710 2
+3 * 2
+4 * 2
+4 * 2
+4 * 2
fi=(269)
+4 460 2
+3 * 2
fi=(275)
+6 219 2
+3 * 2
+2 0 2
fi=(269)
+4 1176 2
+2 0 2
+4 1176 2
+3 * 2
jfi=(256)
jcnd=1/2 0x212d40 1030 
* * 
fi=(276)
+2 152 1
+4 * 1
jfi=(269)
jcnd=1/1 +17 0 
* * 
fi=(269)
+17 0 1
+4 478 1
+4 * 1
+2 * 1
+3 * 1
+3 * 1
+3 * 1
+3 * 1
+6 * 1
+2 +1 1
fi=(277)
+6 370 1
+4 * 1
+2 0 1
fi=(315)
+4 1080 1
fi=(278)
+4 515 1
+6 218 1
+4 * 1
fi=(328)
+4 863 1
+4 * 1
jfi=(279)
jump=1 0x21308f 13 
* * 
fi=(256)
+18 1030 1
+7 +3 1
+7 * 1
+2 +1 1
+7 * 1
cfi=(255)
cfn=(918)
calls=1 0x2763e0 186 
* * 273
fi=(255)
+6 597 1
fi=(239)
+7 961 1
fi=(233)
+4 1910 1
+4 * 1
+4 * 1
+5 * 1
fi=(256)
+5 1039 1
+3 * 1
fi=(269)
+7 463 1
+7 * 1
+6 0 1
+3 463 1
jump=1 0x212c50 +98 
* * 
fi=(279)
0x21308f 13 1
+11 * 1
+7 * 1
+7 * 1
+7 * 1
+11 * 1
+7 * 1
+10 * 1
+7 * 1
+7 * 1
fi=(282)
+9 950 1
+11 * 1
+5 * 1
+4 666 1
+4 * 1
+7 * 1
cfi=(280)
cfn=(1024)
calls=1 0x229df0 432 
* * 104
+5 * 1
+4 * 1
jcnd=1/1 +32 -20 
* * 
+32 -20 1
+7 * 1
+6 +1 1
+7 +4 1
+7 0 1
+7 0 1
+3 0 1
+3 649 1
+6 * 1
+2 * 1
+6 0 1
fi=(328)
+7 863 1
fi=(269)
+3 486 1
+4 * 1
+3 * 1
cfn=(1032) getopts::Name::from_str
calls=1 0x22f2b0 834 
* * 248
+6 * 1
+4 * 1
+4 * 1
+4 * 1
+7 * 1
fi=(282)
+4 943 1
+7 * 1
+3 * 1
+7 * 1
+6 * 1
+4 * 1
+2 +3 1
+11 646 1
+7 * 1
jcnd=1/1 0x21322d 0 
* * 
0x21322d 0 1
+3 0 1
jfi=(233)
jump=1 0x213310 0 
* 0 
fi=(233)
0x213310 0 1
fi=(269)
+3 522 1
+3 * 1
+4 * 1
+3 * 1
jcnd=1/1 +43 * 
* * 
+43 * 1
+4 * 1
+7 * 1
+4 * 1
+7 * 1
fi=(255)
+4 +75 1
fi=(256)
+7 1753 1
fi=(269)
+7 523 1
+3 * 1
+3 * 1
+4 * 1
cfn=(1038) getopts::find_opt
calls=1 0x232000 1179 
* * 447
+6 * 1
+2 * 1
fi=(275)
+6 272 1
+3 * 1
fi=(269)
+6 527 1
+4 * 1
+6 * 1
+2 * 1
+2 * 1
+3 * 1
+7 0 1
+10 527 1
+6 0 1
+3 529 1
fi=(256)
+6 1789 1
fi=(275)
+7 278 1
+3 * 1
fi=(255)
+6 597 1
fi=(275)
+7 278 1
+4 * 1
fi=(256)
+4 1030 1
+5 +3 1
+4 * 1
+6 +1 1
+3 * 1
cfi=(255)
cfn=(918)
calls=1 0x229460 186 
* * 270
+6 * 1
jfi=(255)
jump=1 0x213699 597 
* * 
fi=(255)
0x213699 597 1
fi=(239)
+4 961 1
+3 * 1
+4 * 1
fi=(233)
+4 1910 1
+4 * 1
+10 * 1
fi=(256)
+5 1039 1
+3 * 1
+4 * 1
fi=(233)
+4 805 1
+8 * 1
+3 * 1
fi=(242)
+2 115 1
+5 * 1
fi=(269)
+7 0 1
cfi=(162)
cfn=(886)
calls=1 0x1f3610 0 
* 0 87
+6 0 1
fi=(255)
+7 617 1
+3 * 1
fi=(242)
+6 115 1
+5 * 1
+4 * 1
+3 * 1
cfi=(162)
cfn=(886)
calls=1 0x1f3610 0 
* * 87
+6 * 1
jfi=(269)
jump=1 0x212c50 561 
* * 
0x213b36 0 1
fe=(268)
+7 224 1
cfi=(233)
cfn=(1150)
calls=1 0x205370 805 
* * 6556
+5 * 1
+7 * 1
+7 * 1
+1 * 1
+2 * 1
+2 * 1
+2 * 1
+2 * 1
+1 * 1
+1 0 1
+2 0 1
+3 0 1
jfi=(256)
jump=1 +26 1753 
* 0 
fi=(256)
+26 1753 1
fi=(255)
+7 597 1
fi=(256)
+7 1753 1
fi=(236)
+7 1068 1
+3 * 1
fi=(284) /rustc/4a4ef493e3a1488c6e321570238084b38948f6db/library/core/src/iter/adapters/zip.rs
+4 306 1
+3 * 1
fi=(269)
+6 0 1
+7 565 1
+4 * 1
+4 * 1
jump=1 +33 747 
* * 
fi=(284)
+20 306 24
+4 * 24
+4 * 24
+3 * 24
jfi=(263)
jcnd=1/24 +86 1583 
* * 
fi=(269)
+2 747 24
+4 * 24
+2 565 24
+2 * 24
+3 * 24
jfi=(284)
jcnd=1/24 -24 306 
* * 
fi=(256)
+2 2933 23
fi=(269)
+3 568 23
+4 * 23
jfi=(284)
jcnd=23/23 -33 306 
* * 
fi=(263)
+64 1583 1
+3 * 1
jfi=(236)
jcnd=1/1 +22 0 
* * 
fi=(236)
+22 0 1
fi=(269)
+3 578 1
+7 +1 1
+7 * 1
+7 * 1
+7 * 1
+7 +1 1
+7 * 1
+7 * 1
+7 * 1
+7 +3 1
+2 * 1
+6 0 1
+4 0 1
fi=(233)
+7 805 1
+3 * 1
+4 * 1
+3 * 1
fi=(328)
+10 -76 1
fi=(233)
+3 +76 1
+3 * 1
jfi=(255)
jcnd=1/1 +55 617 
* * 
fi=(255)
+55 617 1
+8 * 1
+4 * 1
+2 0 1
fi=(172)
+7 1151 1
+4 * 1
fi=(242)
+4 115 1
+5 * 1
+7 * 1
cfi=(162)
cfn=(886)
calls=1 0x1f3610 0 
* * 87
fi=(279)
+6 13 1
+7 * 1
+7 * 1
+7 * 1
+7 * 1
+8 * 1
+8 * 1
+7 * 1
+7 * 1
+7 * 1
+4 * 1
+7 * 1
+7 * 1
+7 * 1
fe=(268)
+7 214 1
+7 * 1
+7 * 1
+5 * 1
cfi=(269)
cfn=(1052) getopts::Matches::opt_present
calls=1 0x22f490 913 
* * 715
+6 * 1
+2 * 1
+10 * 1
jfi=(279)
jcnd=1/1 0x213e9e 13 
* * 
fi=(279)
0x213e9e 13 1
+7 * 1
+7 * 1
+7 * 1
+7 * 1
+8 * 1
+7 * 1
+7 * 1
+7 * 1
+7 * 1
+7 * 1
+7 * 1
fe=(268)
+8 481 1
+7 * 1
+7 * 1
+7 * 1
+5 * 1
+3 * 1
cfi=(269)
cfn=(1068)
calls=1 0x22f540 1075 
* * 351
+6 * 1
+7 * 1
+3 * 1
jcnd=1/1 0x21423b 229 
* * 
0x21423b 229 1
+7 * 1
+7 * 1
+5 * 1
cfi=(269)
cfn=(1052)
calls=1 0x22f490 913 
* * 364
+6 * 1
+6 481 1
+3 * 1
+3 230 1
+6 * 1
+6 -1 1
+7 * 1
+7 * 1
+5 * 1
cfi=(269)
cfn=(1052)
calls=1 0x22f490 913 
* * 410
+6 * 1
+6 481 1
+3 230 1
jcnd=1/1 0x2145de * 
* * 
+34 -1 1
+7 * 1
+7 * 1
+5 * 1
cfi=(269)
cfn=(1052)
calls=1 0x22f490 913 
* * 648
+6 0 1
+3 481 1
+3 230 1
jcnd=1/1 0x214656 * 
* * 
0x2143f8 0 1
+7 315 1
cfi=(233)
cfn=(1130)
calls=1 0x2052b0 805 
* * 4688
+5 0 1
+7 0 1
fi=(279)
+4 29 1
+3 * 1
+4 * 1
+4 * 1
+3 * 1
+3 * 1
+4 * 1
+4 * 1
+7 * 1
+4 * 1
+7 * 1
+4 * 1
+7 * 1
+4 * 1
+7 * 1
+4 * 1
+7 * 1
+4 * 1
+7 * 1
+4 * 1
+7 * 1
+4 * 1
+7 * 1
+4 * 1
+7 * 1
+4 * 1
+7 * 1
+4 * 1
+6 * 1
+6 * 1
+6 * 1
+6 * 1
+7 * 1
+7 * 1
+7 * 1
+7 * 1
+7 * 1
+7 * 1
+4 * 1
+6 * 1
+6 * 1
+6 * 1
+7 * 1
+7 * 1
+8 * 1
+8 * 1
+7 * 1
+7 * 1
+4 * 1
+6 * 1
+6 * 1
+6 * 1
+7 * 1
+6 * 1
+7 * 1
+6 * 1
+7 * 1
+7 * 1
+6 * 1
+7 * 1
+6 * 1
+7 * 1
+6 * 1
+7 * 1
+6 * 1
+4 * 1
+6 * 1
+4 * 1
+6 * 1
+7 * 1
+6 * 1
+3 * 1
+6 * 1
+3 * 1
+6 * 1
+7 * 1
+6 * 1
+7 * 1
+6 * 1
+7 * 1
jfi=(242)
jump=1 0x213b36 -29 
* * 
fe=(268)
+5 230 1
+7 * 1
jcnd=1/1 0x2146bf -1 
* * 
0x214656 * 1
+3 * 1
jcnd=1/1 0x214775 -1 
* * 
0x2146bf -1 1
+7 * 1
+7 * 1
+5 * 1
cfi=(269)
cfn=(1052)
calls=1 0x22f490 913 
* * 441
+6 +1 1
+2 * 1
jfi=(253)
jcnd=1/1 0x214853 0 
* * 
0x214775 -1 1
+7 * 1
+7 * 1
+5 * 1
cfi=(269)
cfn=(1052)
calls=1 0x22f490 913 
* * 694
+6 +1 1
+2 * 1
jfi=(253)
jcnd=1/1 0x21482b 0 
* * 
fi=(253)
0x21482b 0 1
+5 0 1
+4 0 1
+11 0 1
+11 0 1
+4 0 1
jfi=(268)
jump=1 0x2149fe 229 
* 0 
+5 0 1
+7 0 1
jfi=(268)
jump=1 0x2142b0 229 
* 0 
fe=(268)
0x2149fe 229 1
+7 * 1
+7 * 1
+5 * 1
cfi=(269)
cfn=(1052)
calls=1 0x22f490 913 
* * 708
+6 481 1
+3 230 1
jcnd=1/1 +88 * 
* * 
+88 * 1
+2 * 1
jfi=(253)
jcnd=1/1 0x214b08 0 
* * 
fi=(253)
0x214b08 0 1
fe=(268)
+7 244 1
+7 * 1
+4 * 1
+7 * 1
+5 * 1
cfi=(269)
cfn=(1068)
calls=1 0x22f540 1075 
* * 709
+6 481 1
+3 * 1
+3 * 1
+4 * 1
+3 * 1
+3 245 1
+2 * 1
+3 * 1
+2 0 1
+3 243 1
+6 481 1
+3 373 1
jfi=(233)
jcnd=1/1 +55 0 
* * 
fi=(233)
+55 0 1
fe=(268)
+8 373 1
jump=1 0x214fa5 269 
* * 
0x214fa5 269 1
+7 * 1
+7 * 1
+5 * 1
cfi=(269)
cfn=(1052)
calls=1 0x22f490 913 
* * 336
+6 0 1
+2 270 1
+7 * 1
+7 * 1
+5 * 1
cfi=(269)
cfn=(1052)
calls=1 0x22f490 913 
* * 561
+6 0 1
+3 271 1
+7 * 1
+7 * 1
+5 * 1
cfi=(269)
cfn=(1052)
calls=1 0x22f490 913 
* * 607
+6 * 1
+6 +1 1
+7 * 1
+7 * 1
+5 * 1
cfi=(269)
cfn=(1052)
calls=1 0x22f490 913 
* * 456
+6 * 1
+6 +1 1
+7 * 1
+7 * 1
+7 * 1
+5 * 1
cfi=(269)
cfn=(1084) getopts::Matches::opt_strs
calls=1 0x22f650 1042 
* * 642
+6 +2 1
+7 * 1
+7 * 1
+5 * 1
cfi=(269)
cfn=(1052)
calls=1 0x22f490 913 
* * 410
+6 * 1
+3 0 1
+4 276 1
+4 * 1
jcnd=1/1 +30 0 
* * 
+30 0 1
+4 0 1
+7 278 1
cfn=(1092)
calls=1 0x2159d0 499 
* * 548
+5 0 1
+7 0 1
+4 0 1
+4 0 1
+4 0 1
fi=(245)
+7 2173 1
+4 * 1
jfi=(253)
jcnd=1/1 +19 0 
* * 
fi=(253)
+19 0 1
fe=(268)
+7 279 1
+3 * 1
+4 * 1
+7 * 1
cfn=(1096) test::cli::get_run_ignored
calls=1 0x215ba0 465 
* * 372
fi=(245)
+5 2173 1
+4 0 1
+4 0 1
+6 2173 1
+3 * 1
fe=(268)
+6 280 1
+7 * 1
+7 * 1
+7 * 1
cfi=(256)
cfn=(1100)
calls=1 0x229890 3683 
* * 212
+5 0 1
+7 0 1
+4 0 1
+7 281 1
cfn=(1112) test::cli::get_nocapture
calls=1 0x215ac0 453 
* * 1067
fi=(245)
+5 2173 1
+4 0 1
+4 0 1
+6 2173 1
+3 * 1
+6 0 1
+4 0 1
fe=(268)
+7 282 1
cfn=(1120) test::cli::get_test_threads
calls=1 0x215db0 386 
* * 546
fi=(245)
+5 2173 1
+4 0 1
+4 0 1
+4 2173 1
+3 * 1
+6 0 1
+4 0 1
fe=(268)
+7 283 1
cfn=(1122) test::cli::get_color_config
calls=1 0x215c60 436 
* * 697
fi=(245)
+5 2173 1
+4 0 1
+4 0 1
+6 2173 1
+3 * 1
fe=(268)
+6 481 1
+2 * 1
+3 * 1
+3 284 1
+7 * 1
+4 * 1
+7 * 1
cfn=(1126)
calls=1 0x2124f0 404 
* * 622
fi=(245)
+5 2173 1
+4 0 1
+5 0 1
+7 2173 1
+3 * 1
fe=(268)
+6 286 1
+7 * 1
+7 * 1
+5 * 1
cfi=(269)
cfn=(1052)
calls=1 0x22f490 913 
* * 591
+6 * 1
fi=(263)
+6 636 1
fe=(268)
+7 288 1
jfi=(233)
jcnd=1/1 +59 0 
* * 
fi=(233)
+59 0 1
+7 0 1
fe=(268)
+7 294 1
+7 * 1
+7 * 1
+7 * 1
+7 +14 1
+8 * 1
+8 * 1
+7 * 1
fi=(279)
+7 29 1
+3 * 1
+4 * 1
jfi=(268)
jump=1 0x2143f8 -29 
* * 
fe=(268)

fn=(1122)
0x215c60 436 1
+1 * 1
+3 * 1
+2 * 1
+2 * 1
+2 * 1
+1 * 1
+4 * 1
+3 +1 1
+7 * 1
+4 * 1
+5 * 1
cfi=(269)
cfn=(1068)
calls=1 0x22f540 1075 
* * 669
fi=(263)
+6 745 1
+4 * 1
+3 * 1
+3 * 1
+2 0 1
+3 0 1
fe=(268)
+10 450 1
+4 * 1
+3 +1 1
jump=1 0x215d5d * 
* * 
0x215d5d * 1
+4 * 1
+1 * 1
+2 * 1
+2 * 1
+2 * 1
+1 * 1

fn=(906)
0x216010 51 1
+1 * 1
+3 * 1
+1 * 1
+4 * 1
fi=(269)
+3 156 1
+8 * 1
+8 * 1
+8 * 1
fe=(268)
+6 53 1
+8 * 1
+7 * 1
+7 * 1
+4 * 1
+5 * 1
+6 * 1
+2 * 1
cfi=(269)
cfn=(908)
calls=1 0x2317d0 220 
* * 665
+6 +1 1
+8 * 1
+7 * 1
+7 * 1
+5 * 1
+6 * 1
+3 * 1
+2 * 1
cfi=(269)
cfn=(908)
calls=1 0x2317d0 220 
* * 533
+6 +1 1
+8 * 1
+7 * 1
+7 * 1
+5 * 1
+6 * 1
+3 * 1
+2 * 1
cfi=(269)
cfn=(908)
calls=1 0x2317d0 220 
* * 536
+6 +1 1
+8 * 1
+7 * 1
+7 * 1
+5 * 1
+6 * 1
+3 * 1
+2 * 1
cfi=(269)
cfn=(908)
calls=1 0x2317d0 220 
* * 391
+6 +1 1
+8 * 1
+7 * 1
+7 * 1
+5 * 1
+6 * 1
+3 * 1
+2 * 1
cfi=(269)
cfn=(908)
calls=1 0x2317d0 220 
* * 1051
+6 +1 1
+8 * 1
+7 * 1
+7 * 1
+5 * 1
+6 * 1
+3 * 1
+2 * 1
cfi=(269)
cfn=(908)
calls=1 0x2317d0 220 
* * 533
+6 +1 1
+8 * 1
+7 * 1
+7 * 1
+5 * 1
+6 * 1
+3 * 1
+2 * 1
cfi=(269)
cfn=(908)
calls=1 0x2317d0 220 
* * 533
+6 +1 1
+8 * 1
+7 * 1
+7 * 1
+5 * 1
+6 * 1
+3 * 1
+2 * 1
cfi=(269)
cfn=(908)
calls=1 0x2317d0 220 
* * 538
+6 +1 1
+8 * 1
+7 * 1
+7 * 1
+7 * 1
+5 * 1
+6 * 1
+3 * 1
cfi=(269)
cfn=(908)
calls=1 0x2317d0 220 
* * 1290
+6 +1 1
+7 * 1
+5 * 1
+9 * 1
+8 * 1
+7 * 1
+7 * 1
+5 * 1
+6 * 1
+3 * 1
+2 * 1
cfi=(269)
cfn=(934) getopts::Options::optopt
calls=1 0x2314d0 367 
* * 763
+6 +1 1
+8 * 1
+7 * 1
+7 * 1
+5 * 1
+6 * 1
+3 * 1
+2 * 1
cfi=(269)
cfn=(908)
calls=1 0x2317d0 220 
* * 403
+6 +6 1
+7 * 1
+5 * 1
+9 * 1
+8 * 1
+7 * 1
+7 * 1
+5 * 1
+6 * 1
+3 * 1
+2 * 1
cfi=(269)
cfn=(934)
calls=1 0x2314d0 367 
* * 771
+6 +7 1
+7 * 1
+5 * 1
+9 * 1
+8 * 1
+7 * 1
+7 * 1
+5 * 1
+6 * 1
+3 * 1
+2 * 1
cfi=(269)
cfn=(942) getopts::Options::optmulti
calls=1 0x231a60 326 
* * 773
+6 +7 1
+8 * 1
+7 * 1
+7 * 1
+7 * 1
+5 * 1
+6 * 1
+3 * 1
cfi=(269)
cfn=(908)
calls=1 0x2317d0 220 
* * 751
+6 +6 1
+8 * 1
+7 * 1
+7 * 1
+5 * 1
+6 * 1
+3 * 1
+2 * 1
cfi=(269)
cfn=(908)
calls=1 0x2317d0 220 
* * 534
+6 +1 1
+7 * 1
+5 * 1
+9 * 1
+8 * 1
+7 * 1
+7 * 1
+5 * 1
+6 * 1
+3 * 1
+2 * 1
cfi=(269)
cfn=(934)
calls=1 0x2314d0 367 
* * 780
+6 +9 1
+7 * 1
+5 * 1
+9 * 1
+8 * 1
+7 * 1
+7 * 1
+5 * 1
+6 * 1
+3 * 1
+2 * 1
cfi=(269)
cfn=(934)
calls=1 0x2314d0 367 
* * 1483
+6 +10 1
+8 * 1
+7 * 1
+7 * 1
+5 * 1
+6 * 1
+3 * 1
+2 * 1
cfi=(269)
cfn=(908)
calls=1 0x2317d0 220 
* * 716
+6 +1 1
+7 * 1
+5 * 1
+9 * 1
+8 * 1
+7 * 1
+7 * 1
+5 * 1
+5 * 1
+3 * 1
+3 * 1
cfi=(269)
cfn=(934)
calls=1 0x2314d0 367 
* * 757
+6 +7 1
+8 * 1
+7 * 1
+7 * 1
+5 * 1
+6 * 1
+3 * 1
+2 * 1
cfi=(269)
cfn=(908)
calls=1 0x2317d0 220 
* * 596
+6 +15 1
+8 * 1
+7 * 1
+7 * 1
+5 * 1
+6 * 1
+3 * 1
+2 * 1
cfi=(269)
cfn=(908)
calls=1 0x2317d0 +88 
* * 582
+6 +14 1
+8 * 1
+7 * 1
+7 * 1
+5 * 1
+6 * 1
+3 * 1
+2 * 1
cfi=(269)
cfn=(908)
calls=1 0x2317d0 +74 
* * 515
+6 +1 1
+7 * 1
+5 * 1
+9 * 1
+8 * 1
+7 * 1
+7 * 1
+5 * 1
+6 * 1
+3 * 1
+2 * 1
cfi=(269)
cfn=(934)
calls=1 0x2314d0 367 
* * 750
+6 +6 1
+4 * 1
+4 * 1
+4 * 1
+3 +1 1
+4 * 1
+1 * 1
+1 * 1

fn=(1112)
0x215ac0 453 1
+1 * 1
+3 * 1
+2 * 1
+2 * 1
+1 * 1
+4 * 1
+3 * 1
+3 +1 1
+7 * 1
+5 * 1
+3 * 1
cfi=(269)
cfn=(1052)
calls=1 0x22f490 913 
* * 1043
+6 * 1
+3 * 1
+2 * 1
jcnd=1/1 0x215b76 +8 
* * 
0x215b76 +8 1
+4 * 1
+10 * 1
+3 +1 1
+4 * 1
+1 * 1
+2 * 1
+2 * 1
+1 * 1

fn=(1096)
0x215ba0 465 1
+1 * 1
+3 * 1
+2 * 1
+1 * 1
+3 * 1
+3 * 1
+3 +1 1
+7 * 1
+5 * 1
+3 * 1
cfi=(269)
cfn=(1052)
calls=1 0x22f490 913 
* * 350
+6 * 1
+3 * 1
jcnd=1/1 0x215c32 0 
* * 
0x215c32 0 1
+2 0 1
jump=1 +4 475 
* 0 
+4 475 1
+3 * 1
+10 * 1
+3 +1 1
+1 * 1
+2 * 1
+1 * 1

fn=(1120)
0x215db0 386 1
+1 * 1
+3 * 1
+2 * 1
+2 * 1
+2 * 1
+1 * 1
+4 * 1
+3 +1 1
+7 * 1
+4 * 1
+5 * 1
cfi=(269)
cfn=(1068)
calls=1 0x22f540 1075 
* * 517
+6 * 1
+4 * 1
+3 * 1
+3 * 1
+2 0 1
+3 0 1
+10 401 1
+4 * 1
+4 * 1
+3 +1 1
jump=1 0x215f5d * 
* * 
0x215f5d * 1
+4 * 1
+1 * 1
+2 * 1
+2 * 1
+2 * 1
+1 * 1

fl=(381)
fn=(2870)
0x2538f0 64 2
+1 * 2
+3 * 2
+1 * 2
+1 * 2
fi=(173)
+3 901 2
fi=(233)
+4 -96 2
cfi=(380)
cfn=(2016) <std::thread::spawnhook::SpawnHooks as core::ops::drop::Drop>::drop
calls=2 0x280740 22 
* * 38
+6 * 2
+3 * 2
+3 * 2
jfi=(381)
jcnd=2/2 +17 75 
* * 
fe=(381)
+17 75 2
+4 * 2
+1 * 2
+1 * 2

fl=(243)
fn=(930)
0x245680 467 3327
+1 * 3327
+3 * 3327
+2 * 3327
+2 * 3327
+2 * 3327
+1 * 3327
+4 * 3327
fi=(244)
+3 53 3327
+4 * 3327
+3 * 3327
+3 * 3327
+3 * 3327
+2 * 3327
+2 +1 3327
+3 * 3327
+4 * 3327
+1 * 3327
+2 * 3327
+2 * 3327
+2 * 3327
+1 * 3327
cob=(2)
cfi=(194)
cfn=(700)
calls=3327 0xae0c0 3407 
* * 1192423
fe=(243)

fn=(816)
0x245610 450 1108
fi=(244)
+3 13 1108
+4 * 1108
+3 * 1108
+3 * 1108
+3 * 1108
+2 * 1108
jcnd=1/1108 +11 +1 
* * 
+2 +1 1107
+3 * 1107
cob=(2)
cfi=(194)
cfn=(620)
calls=1107 0xad670 3294 
* * 354614
+6 * 1
+1 * 1
+3 * 1
fi=(230)
+4 133 1
fi=(236)
+8 1029 1
+4 * 1
+5 * 1
+4 * 1
fi=(244)
+4 83 1
+3 * 1
cob=(2)
cfi=(194)
cfn=(1912)
calls=1 0xaf450 5786 
* * 500
+6 +1 1
+2 * 1
+2 -84 1
fe=(243)
+4 457 1
+4 * 1
+1 * 1

fn=(2396)
0x245880 482 501
+1 * 501
+3 * 501
+2 * 501
+1 * 501
+4 * 501
fi=(244)
+3 35 501
+4 * 501
+3 * 501
+3 * 501
+3 * 501
+2 * 501
+2 +1 501
+5 * 501
+3 * 501
+4 * 501
+1 * 501
+2 * 501
+1 * 501
cob=(2)
cfi=(194)
cfn=(774)
calls=501 0xae7c0 3699 
* * 1094386
fe=(243)

fl=(377)
fn=(1976)
0x28f340 340 1
+1 * 1
+3 * 1
+2 * 1
+2 * 1
+1 * 1
fi=(255)
+4 602 1
fi=(256)
+3 1481 1
fi=(255)
+4 736 1
+3 -28 1
jfi=(172)
jcnd=1/1 0x28f3bc -20 
* * 
+2 597 1
fi=(233)
+4 1910 1
fi=(256)
+5 1039 1
+3 1588 1
+3 * 1
jfi=(255)
jcnd=1/1 +48 0 
* * 
fi=(255)
+48 0 1
fi=(256)
+3 1588 1
jfi=(377)
jump=1 +19 344 
* * 
fe=(377)
+19 344 1
+3 * 1
+4 * 1
+1 * 1
+2 * 1
+2 * 1
+1 * 1
fi=(172)
+1 688 1
+4 * 1
fi=(255)
+3 +81 1
+4 * 1
+4 * 1
+3 * 1
+3 * 1
cfn=(920) alloc::raw_vec::RawVecInner<A>::finish_grow
calls=1 0x28fa10 527 
* * 95
fi=(245)
+5 2173 1
+4 * 1
+2 +1 1
+4 * 1
fi=(255)
+3 745 1
+4 * 1
jump=1 0x28f359 597 
* * 
fe=(377)

fl=(487)
fn=(2662) hqc::fft::fft_rec
0x23ad10 97 200
+1 * 200
+2 * 200
+2 * 200
+2 * 200
+2 * 200
+1 * 200
+7 * 200
+5 * 200
+8 * 200
+7 +1 200
+12 +1 200
+12 +1 200
+8 * 200
+9 +1 200
+11 * 200
+12 +1 200
+4 * 200
+9 * 200
+9 * 200
+9 * 200
+9 * 200
+9 * 200
+9 * 200
+9 * 200
+9 +1 200
+9 * 200
+9 * 200
+9 * 200
+9 * 200
+9 * 200
+9 * 200
+9 * 200
+9 +1 200
+9 * 200
+9 * 200
+9 * 200
+9 * 200
+9 * 200
+9 * 200
+9 * 200
+9 +3 200
+3 * 200
+5 * 200
jcnd=200/200 0x23b019 0 
* * 
0x23b019 0 200
+5 0 200
+8 0 200
+5 0 200
+8 124 200
+4 * 200
+5 * 200
+3 * 200
+6 0 200
+5 124 200
+6 * 200
+4 * 200
+4 * 200
+6 +3 200
+7 * 200
+2 * 200
+8 * 200
+4 * 200
+2 * 200
+3 * 200
+3 * 200
+4 * 200
+5 * 200
+2 * 200
+4 * 200
+3 * 200
+3 * 200
+4 * 200
+5 +3 200
+5 * 200
+5 * 200
+5 * 200
+6 * 200
+3 0 200
+15 0 200
+5 130 200
+3 * 200
+4 * 200
-12 0 1200
+5 130 1200
+3 * 1200
+4 * 1200
+6 0 1400
fi=(484)
+3 49 1400
+3 * 1400
+3 * 1400
+3 +3 1400
+4 * 1400
+5 * 1400
+2 * 1400
+4 * 1400
+4 * 1400
+5 * 1400
+3 * 1400
+4 -3 1400
+4 +3 1400
+2 * 1400
+4 * 1400
+5 * 1400
+3 * 1400
+4 * 1400
+3 * 1400
+4 -3 1400
+3 * 1400
+3 * 1400
+3 +3 1400
+4 * 1400
+2 * 1400
+4 * 1400
+4 * 1400
+3 * 1400
+4 * 1400
+2 * 1400
+4 * 1400
+3 * 1400
+4 * 1400
+3 -3 1400
+2 * 1400
+3 +3 1400
+4 * 1400
+2 * 1400
+4 * 1400
+4 * 1400
+3 * 1400
+4 * 1400
+3 * 1400
+4 * 1400
+3 * 1400
+4 * 1400
+4 * 1400
+3 * 1400
+3 +3 1400
+3 * 1400
+4 * 1400
+4 -20 1400
+3 * 1400
+3 +4 1400
+4 +2 1400
+6 * 1400
+4 -2 1400
+4 +2 1400
+6 * 1400
+4 -2 1400
+4 +2 1400
+5 * 1400
+3 * 1400
+3 +19 1400
+4 * 1400
+4 * 1400
+3 -19 1400
+3 +14 1400
+3 * 1400
+3 * 1400
+3 +5 1400
+3 -4 1400
+3 * 1400
+4 * 1400
+3 +14 1400
+2 -9 1400
+2 * 1400
+2 +9 1400
+3 * 1400
+2 * 1400
+4 -52 1400
+7 +1 1400
+2 -1 1400
+7 * 1400
+2 * 1400
+3 +1 1400
+2 * 1400
+2 * 1400
+2 -9 1400
+3 +1 1400
+3 +7 1400
+7 +1 1400
+2 -1 1400
+7 * 1400
+3 * 1400
+4 +1 1400
+3 * 1400
+3 * 1400
+3 * 1400
+4 * 1400
+3 * 1400
+5 +40 1400
+6 -28 1400
+3 * 1400
+4 +1 1400
+8 +1 1400
+3 * 1400
+3 +16 1400
+3 * 1400
+3 * 1400
+3 +3 1400
+4 * 1400
+3 * 1400
+4 * 1400
+4 * 1400
+2 * 1400
+4 * 1400
+2 * 1400
+4 * 1400
+3 * 1400
+4 * 1400
+3 -3 1400
+3 * 1400
+3 * 1400
+3 +3 1400
+4 * 1400
+3 * 1400
+4 * 1400
+4 * 1400
+3 * 1400
+4 * 1400
+3 * 1400
+4 * 1400
+3 * 1400
+4 * 1400
+3 -3 1400
+2 * 1400
+3 +3 1400
+4 * 1400
+3 * 1400
+4 * 1400
+4 * 1400
+2 * 1400
+4 * 1400
+2 * 1400
+4 * 1400
+3 * 1400
+4 +7 1400
+4 -7 1400
+3 +7 1400
+3 -4 1400
+3 * 1400
+3 * 1400
+3 * 1400
+4 -20 1400
+3 * 1400
+3 +4 1400
+4 +2 1400
+4 -2 1400
+4 +2 1400
+4 -2 1400
+4 +2 1400
+4 * 1400
+3 +19 1400
+3 * 1400
+3 * 1400
+2 -19 1400
+3 +14 1400
+3 * 1400
+8 * 1400
+2 * 1400
+3 +5 1400
+3 -4 1400
+4 * 1400
+4 +14 1400
+3 -9 1400
+2 * 1400
+2 -5 1400
+3 +14 1400
+2 * 1400
+3 * 1400
+4 -52 1400
+7 +1 1400
+2 -1 1400
+7 * 1400
+2 * 1400
+3 +1 1400
+2 * 1400
+2 * 1400
+2 -9 1400
+3 +1 1400
+3 +7 1400
+7 +1 1400
+2 -1 1400
+7 * 1400
+2 * 1400
+3 +1 1400
+2 * 1400
fi=(448)
+2 1908 1400
+3 * 1400
+8 * 1400
fi=(484)
+3 19 1400
+2 * 1400
fe=(487)
+5 130 1400
fi=(474)
+6 772 1400
fi=(448)
+3 1908 1400
fi=(474)
+3 772 1400
jfi=(487)
jcnd=1200/1400 0x23b0c0 0 
* * 
fe=(487)
+6 134 200
+4 * 200
+8 * 200
+8 * 200
+5 * 200
+5 * 200
+5 * 200
+5 * 200
+7 * 200
+1 * 200
cfn=(2660) hqc::fft::radix
calls=200 0x23a980 19 
* * 8600
+5 * 200
+4 * 200
fi=(448)
+5 1908 200
fi=(474)
+3 772 200
+6 0 200
+3 0 200
+2 0 200
fi=(439)
+12 763 200
fe=(487)
+4 137 200
+8 * 200
+5 * 200
+4 * 200
cfi=(484)
cfn=(2652)
calls=200 0x2427d0 -52 
* * 150600
fi=(439)
-21 763 1000
fe=(487)
+4 137 1000
+8 * 1000
+5 * 1000
+4 * 1000
cfi=(484)
cfn=(2652)
calls=1000 0x2427d0 -52 
* * 753000
fi=(484)
+6 31 1200
+2 * 1200
+3 +1 1200
+4 +1 1200
+3 +16 1200
+3 -16 1200
+2 +16 1200
+3 * 1200
+3 +3 1200
+2 * 1200
+3 * 1200
+4 * 1200
+3 * 1200
+3 * 1200
+4 * 1200
+3 * 1200
+3 * 1200
+2 * 1200
+4 * 1200
+3 -3 1200
+3 * 1200
+3 * 1200
+3 +3 1200
+3 * 1200
+3 * 1200
+4 * 1200
+3 * 1200
+3 * 1200
+4 * 1200
+3 * 1200
+3 * 1200
+3 * 1200
+4 -17 1200
+4 +14 1200
+3 * 1200
+4 +3 1200
+3 * 1200
+4 * 1200
+3 * 1200
+4 * 1200
+4 * 1200
+3 * 1200
+4 +7 1200
+4 -7 1200
+3 * 1200
+3 * 1200
+4 * 1200
+4 * 1200
+3 +7 1200
+4 -4 1200
+3 * 1200
+3 * 1200
+3 * 1200
+4 -20 1200
+4 +4 1200
+4 +2 1200
+4 -2 1200
+4 +2 1200
+4 -2 1200
+4 * 1200
+5 +2 1200
+4 * 1200
+3 +19 1200
+3 * 1200
+4 * 1200
+3 -19 1200
+3 +14 1200
+3 * 1200
+3 * 1200
+7 +1 1200
+4 * 1200
+3 +14 1200
+3 -15 1200
+3 +6 1200
+2 * 1200
+3 -5 1200
+4 +4 1200
+3 +10 1200
+3 * 1200
+2 -52 1200
+7 +52 1200
+3 -52 1200
+7 * 1200
+2 * 1200
+3 +1 1200
+2 * 1200
+2 * 1200
+2 * 1200
+2 -9 1200
+3 +1 1200
+3 +7 1200
+7 * 1200
+7 +1 1200
+2 -1 1200
+2 * 1200
+3 +1 1200
+2 * 1200
+2 * 1200
+2 +57 1200
+2 +3 1200
+2 -3 1200
+3 +3 1200
+3 * 1200
+2 * 1200
+2 * 1200
+3 * 1200
+3 -1 1200
+4 * 1200
+5 +1 1200
+3 -1 1200
+8 +1 1200
+8 * 1200
+5 * 1200
+3 * 1200
+4 * 1200
+4 * 1200
+5 * 1200
+3 * 1200
+4 * 1200
+5 -69 1200
+2 * 1200
+3 +8 1200
+2 * 1200
+3 -6 1200
+2 +6 1200
+2 * 1200
+3 +1 1200
+2 * 1200
+2 -1 1200
+3 +1 1200
+2 -9 1200
fe=(487)
+3 137 1200
fi=(484)
+5 11 1200
+3 +7 1200
+7 +1 1200
+2 -1 1200
fe=(487)
+7 138 1200
fi=(484)
+2 18 1200
+3 +1 1200
fe=(487)
+2 138 1200
+2 * 1200
+2 * 1200
+8 * 1200
fi=(448)
+3 1908 1200
fi=(474)
+3 772 1200
jfi=(439)
jcnd=1000/1200 0x23b400 -9 
* * 
fe=(487)
+6 11 200
+10 +3 200
+5 * 200
fi=(448)
+8 1908 200
+4 * 200
fe=(487)
+6 14 200
+5 * 200
+8 * 200
+2 * 200
+2 * 200
fi=(448)
+8 1908 200
fi=(474)
+4 772 200
fe=(487)
+6 14 200
+5 * 200
+9 * 200
+3 * 200
+3 * 200
+9 * 200
+2 * 200
+3 * 200
+8 * 200
+2 * 200
+3 * 200
fi=(448)
+8 1908 200
fi=(474)
+4 772 200
fe=(487)
+6 14 200
+6 * 200
+9 * 200
+5 * 200
+5 * 200
+4 * 200
+5 * 200
+5 * 200
+6 * 200
+4 * 200
+9 * 200
+3 * 200
+3 * 200
+8 * 200
+2 * 200
+3 * 200
+8 * 200
+3 * 200
+3 * 200
fi=(448)
+9 1908 200
fi=(474)
+4 772 200
fe=(487)
+6 14 200
+5 * 200
+9 * 200
+5 * 200
+5 * 200
+5 * 200
+5 * 200
+4 * 200
+4 * 200
+4 * 200
+5 * 200
+4 * 200
+4 * 200
+5 * 200
+4 * 200
+4 * 200
+4 * 200
+4 * 200
+4 * 200
+4 * 200
+4 * 200
+4 * 200
+9 * 200
+4 * 200
+9 * 200
+2 * 200
+3 * 200
+8 * 200
+2 * 200
+3 * 200
+8 * 200
+3 * 200
+3 * 200
fi=(448)
+8 1908 200
fi=(474)
+4 772 200
fe=(487)
+6 14 200
+6 * 200
+9 * 200
+5 * 200
+5 * 200
+5 * 200
+4 * 200
+4 * 200
+5 * 200
+5 * 200
+6 * 200
+9 * 200
+6 * 200
+4 * 200
+4 * 200
+9 * 200
+4 * 200
+9 * 200
+4 * 200
+9 * 200
+3 * 200
+8 * 200
+3 * 200
+8 * 200
+3 * 200
+8 * 200
jump=200 +23 -14 
* * 
+23 -14 200
+8 143 200
+4 * 200
+3 * 200
+7 * 200
+2 * 200
+4 * 200
+8 * 200
+8 * 200
+8 * 200
+5 * 200
+5 * 200
+3 * 200
+2 * 200
+1 * 200
+1 * 200
cfn=(2663) hqc::fft::fft_rec'2
calls=200 0x23ad10 -46 
* * 1601400
+5 * 200
+4 * 200
+6 +3 200
+6 * 200
+3 * 200
+3 +2 200
+4 * 200
+5 * 200
+5 * 200
jcnd=200/200 0x23bed5 +8 
* * 
0x23bed5 +8 200
+3 * 200
+4 * 200
+8 * 200
+8 * 200
+5 * 200
+5 * 200
+3 * 200
+3 * 200
+2 * 200
+8 * 200
+1 * 200
+1 * 200
cfn=(2663)
calls=200 0x23ad10 -59 
* * 1601400
+5 * 200
+4 * 200
+5 +1 200
+2 * 200
fi=(439)
+3 842 200
+3 * 200
+3 * 200
+6 * 200
+5 * 200
fi=(443)
+6 5360 200
+3 * 200
fe=(487)
+6 157 200
+4 * 200
fi=(455)
+5 547 200
+2 * 200
+3 * 200
+8 * 200
+3 * 200
cob=(2)
cfi=(214)
cfn=(708)
calls=200 0x188a80 255 
* * 4400
fe=(487)
+6 158 200
+8 * 200
+4 * 200
+5 +1 200
+3 * 200
+5 * 200
+6 * 200
fi=(448)
+4 1908 200
fi=(474)
+3 772 200
+6 0 200
fe=(487)
+5 163 200
+4 * 200
+5 * 200
+4 * 200
+3 * 200
+3 * 200
+5 * 200
+5 * 200
+4 * 200
+3 * 200
+3 * 200
+4 * 200
+5 * 200
+4 * 200
+6 * 200
+3 * 200
+4 * 200
+5 * 200
+4 * 200
+4 * 200
+4 * 200
+6 * 200
+2 * 200
+3 * 200
+4 * 200
+3 * 200
+4 * 200
+4 * 200
+4 * 200
+3 * 200
+3 * 200
+3 * 200
+4 * 200
+3 * 200
+6 * 200
+3 * 200
+3 * 200
+3 * 200
+5 * 200
+4 * 200
+3 * 200
+3 * 200
+3 * 200
+3 * 200
+3 * 200
+5 * 200
+4 * 200
+4 * 200
+3 * 200
+8 * 200
+8 * 200
+8 * 200
+8 0 200
+14 162 200
+10 * 200
fi=(484)
+10 31 200
+5 * 200
+9 +1 200
+5 * 200
+5 +3 200
+5 * 200
+4 +14 200
+5 * 200
+5 * 200
+4 +3 200
+4 * 200
+4 * 200
+5 * 200
+5 * 200
+5 * 200
+5 * 200
+5 -3 200
+5 * 200
+6 * 200
+5 +3 200
+5 * 200
+5 * 200
+5 -3 200
+5 * 200
+6 +3 200
+5 * 200
+5 * 200
+5 -17 200
+5 +4 200
+5 * 200
+4 +2 200
+5 -8 200
+5 +19 200
+4 * 200
+5 * 200
+5 * 200
+5 * 200
+5 * 200
+5 * 200
fe=(487)
0x23c070 162 1200
+10 * 1200
fi=(484)
+10 31 1200
+5 * 1200
+9 +1 1200
+5 * 1200
+5 +3 1200
+5 * 1200
+4 +14 1200
+5 * 1200
+5 * 1200
+4 +3 1200
+4 * 1200
+4 * 1200
+5 * 1200
+5 * 1200
+5 * 1200
+5 * 1200
+5 -3 1200
+5 * 1200
+6 * 1200
+5 +3 1200
+5 * 1200
+5 * 1200
+5 -3 1200
+5 * 1200
+6 +3 1200
+5 * 1200
+5 * 1200
+5 -17 1200
+5 +4 1200
+5 * 1200
+4 +2 1200
+5 -8 1200
+5 +19 1200
+4 * 1200
+5 * 1200
+5 * 1200
+5 * 1200
+5 * 1200
+5 * 1200
+5 * 1200
+5 * 1200
+5 * 1200
+5 * 1200
+5 * 1200
+5 * 1200
+5 * 1200
+5 * 1200
+5 * 1200
+5 * 1200
+5 +3 1200
+5 * 1200
+6 * 1200
+5 * 1200
+6 * 1200
+5 -16 1200
+5 * 1200
+5 +2 1200
+5 -2 1200
-92 +13 200
+5 * 200
+5 * 200
+5 * 200
+5 * 200
+5 * 200
+5 * 200
+5 * 200
+5 * 200
+5 * 200
+5 +3 200
+5 * 200
+6 * 200
+5 * 200
+6 * 200
+5 -16 200
+5 * 200
+5 +2 200
+5 -2 200
+5 +2 200
+5 +18 200
+5 * 200
+5 -18 200
+5 +19 200
+4 * 200
+5 * 200
+4 -19 200
+5 +14 200
+5 * 200
+5 * 200
+6 * 200
+5 +5 200
+5 -4 200
+6 * 200
+5 +14 200
+5 -9 200
+5 * 200
+4 -5 200
+6 +14 200
+5 * 200
+4 * 200
+4 -52 200
+4 * 200
+5 +1 200
+4 -1 200
+4 * 200
+5 * 200
+4 * 200
+5 +1 200
fe=(487)
+4 162 200
fi=(484)
+10 19 200
+4 * 200
+4 -9 200
+4 * 200
+5 +1 200
+4 +8 200
+4 -1 200
+4 * 200
+5 +1 200
+4 -1 200
0x23c1a8 +23 1200
+5 +18 1200
+5 * 1200
+5 -18 1200
+5 +19 1200
+4 * 1200
+5 * 1200
+4 -19 1200
+5 +14 1200
+5 * 1200
+5 * 1200
+6 * 1200
+5 +5 1200
+5 -4 1200
+6 * 1200
+5 +14 1200
+5 -9 1200
+5 * 1200
+4 -5 1200
+6 +14 1200
+5 * 1200
+4 * 1200
+4 -52 1200
+4 * 1200
+5 +1 1200
+4 -1 1200
+4 * 1200
+5 * 1200
+4 * 1200
+5 +1 1200
fe=(487)
+4 162 1200
fi=(484)
+10 19 1200
+4 * 1200
+4 -9 1200
+4 * 1200
+5 +1 1200
+4 +8 1200
+4 -1 1200
+4 * 1200
+5 +1 1200
+4 -1 1200
+4 * 1200
+5 * 1200
+4 * 1200
fe=(487)
+5 162 1200
+4 * 1200
+4 * 1200
+4 * 1200
+6 +1 1200
+6 * 1200
+4 * 1200
+6 * 1200
+4 * 1200
+3 * 1200
jcnd=1000/1200 0x23c070 -1 
* * 
fi=(484)
-55 18 200
+5 * 200
+4 * 200
fe=(487)
+5 162 200
+4 * 200
+4 * 200
+4 * 200
+6 +1 200
+6 * 200
+4 * 200
+6 * 200
+4 * 200
+3 * 200
jcnd=200/200 0x23c070 -1 
* * 
+6 0 200
+2 0 200
+6 0 200
+3 162 200
fi=(484)
+9 59 200
+9 -28 200
+3 * 200
+4 +1 200
+4 +1 200
+3 * 200
+3 +16 200
+3 * 200
+3 * 200
+3 +3 200
+4 * 200
+3 * 200
+4 * 200
+4 * 200
+2 * 200
+3 * 200
+3 * 200
+4 * 200
+3 * 200
+3 * 200
+2 -3 200
+3 * 200
+4 * 200
+4 +3 200
+5 * 200
+3 * 200
+3 * 200
+5 * 200
+3 * 200
+4 * 200
+3 * 200
+5 * 200
+3 * 200
+3 -17 200
+4 +17 200
+3 -3 200
+3 * 200
+4 +3 200
+5 * 200
+3 * 200
+4 * 200
+5 * 200
+2 * 200
+3 +7 200
+4 -7 200
+3 * 200
+5 * 200
+3 * 200
+4 * 200
+3 +7 200
+4 -4 200
+3 * 200
+4 * 200
+3 * 200
+4 -20 200
+4 +4 200
fe=(487)
0x23c2b0 -39 1200
+3 162 1200
fi=(484)
+9 59 1200
+9 -28 1200
+3 * 1200
+4 +1 1200
+4 +1 1200
+3 * 1200
+3 +16 1200
+3 * 1200
+3 * 1200
+3 +3 1200
+4 * 1200
+3 * 1200
+4 * 1200
+4 * 1200
+2 * 1200
+3 * 1200
+3 * 1200
+4 * 1200
+3 * 1200
+3 * 1200
+2 -3 1200
+3 * 1200
+4 * 1200
+4 +3 1200
+5 * 1200
+3 * 1200
+3 * 1200
+5 * 1200
+3 * 1200
+4 * 1200
+3 * 1200
+5 * 1200
+3 * 1200
+3 -17 1200
+4 +17 1200
+3 -3 1200
+3 * 1200
+4 +3 1200
+5 * 1200
+3 * 1200
+4 * 1200
+5 * 1200
+2 * 1200
+3 +7 1200
+4 -7 1200
+3 * 1200
+5 * 1200
+3 * 1200
+4 * 1200
+3 +7 1200
+4 -4 1200
+3 * 1200
+4 * 1200
+3 * 1200
+4 -20 1200
+4 +4 1200
+5 +2 1200
+4 -2 1200
-4 +2 200
+4 -2 200
+5 +2 200
+3 -2 200
+5 +2 200
+4 * 200
+3 +19 200
+3 * 200
+3 * 200
+3 -19 200
+3 +14 200
+3 * 200
+8 * 200
+3 * 200
+3 +5 200
+3 -4 200
+4 * 200
+3 +14 200
+3 -9 200
+3 * 200
+3 -5 200
+3 +14 200
+3 * 200
+3 * 200
+4 -52 200
+8 +1 200
+2 -1 200
+8 * 200
+3 * 200
+3 +1 200
+2 * 200
+2 * 200
+3 -9 200
+3 +8 200
+7 * 200
+8 +1 200
+3 -1 200
+3 * 200
fe=(487)
+4 162 200
fi=(484)
+3 11 200
+3 +8 200
fe=(487)
+8 162 200
+3 * 200
+3 * 200
+5 * 200
+5 +1 200
+5 * 200
fi=(484)
0x23c390 41 1200
+3 -2 1200
+5 +2 1200
+4 * 1200
+3 +19 1200
+3 * 1200
+3 * 1200
+3 -19 1200
+3 +14 1200
+3 * 1200
+8 * 1200
+3 * 1200
+3 +5 1200
+3 -4 1200
+4 * 1200
+3 +14 1200
+3 -9 1200
+3 * 1200
+3 -5 1200
+3 +14 1200
+3 * 1200
+3 * 1200
+4 -52 1200
+8 +1 1200
+2 -1 1200
+8 * 1200
+3 * 1200
+3 +1 1200
+2 * 1200
+2 * 1200
+3 -9 1200
+3 +8 1200
+7 * 1200
+8 +1 1200
+3 -1 1200
+3 * 1200
fe=(487)
+4 162 1200
fi=(484)
+3 11 1200
+3 +8 1200
fe=(487)
+8 162 1200
+3 * 1200
+3 * 1200
+5 * 1200
+5 +1 1200
+5 * 1200
+6 0 1400
+3 163 1400
fi=(439)
+5 763 1400
fi=(448)
+3 1908 1400
fi=(474)
+5 772 1400
jfi=(487)
jcnd=1200/1400 0x23c2b0 0 
* * 
+6 * 200
jfi=(487)
jump=200 0x23cab0 166 
* * 
fe=(487)
0x23cab0 166 200
+7 * 200
+1 * 200
+2 * 200
+2 * 200
+2 * 200
+2 * 200
+1 * 200

fn=(2663)
0x23ad10 97 1200
+1 * 1200
+2 * 1200
+2 * 1200
+2 * 1200
+2 * 1200
+1 * 1200
+7 * 1200
+5 * 1200
+8 * 1200
+7 +1 1200
+12 +1 1200
+12 +1 1200
+8 * 1200
+9 +1 1200
+11 * 1200
+12 +1 1200
+4 * 1200
+9 * 1200
+9 * 1200
+9 * 1200
+9 * 1200
+9 * 1200
+9 * 1200
+9 * 1200
+9 +1 1200
+9 * 1200
+9 * 1200
+9 * 1200
+9 * 1200
+9 * 1200
+9 * 1200
+9 * 1200
+9 +1 1200
+9 * 1200
+9 * 1200
+9 * 1200
+9 * 1200
+9 * 1200
+9 * 1200
+9 * 1200
+9 +3 1200
+3 * 1200
+5 * 1200
jcnd=400/1200 0x23b019 0 
* * 
fi=(448)
+6 1908 800
fi=(474)
+3 772 800
fi=(484)
+6 59 800
fe=(487)
+5 +50 800
fi=(484)
+4 -78 800
+3 * 800
+4 +1 800
+4 * 800
+5 +1 800
+3 * 800
+3 +16 800
+3 * 800
+3 * 800
+3 * 800
+2 +3 800
+4 * 800
+3 * 800
+3 * 800
+4 * 800
+3 * 800
+4 * 800
+3 * 800
+4 * 800
+3 * 800
+4 * 800
+3 -3 800
+3 * 800
+3 * 800
+3 +3 800
+4 * 800
+3 * 800
+3 * 800
+4 * 800
+2 * 800
+3 * 800
+2 * 800
+4 * 800
+5 * 800
+3 * 800
+3 -17 800
+4 +17 800
+2 -3 800
+3 * 800
+3 +3 800
+4 * 800
+3 * 800
+3 * 800
+4 * 800
+2 * 800
+3 * 800
+2 * 800
+4 * 800
+3 * 800
+4 * 800
+3 * 800
+5 +7 800
+4 * 800
+3 -4 800
+3 * 800
+3 * 800
+2 * 800
+3 -20 800
+4 +4 800
+5 +2 800
+6 * 800
+5 * 800
+4 -2 800
+5 +2 800
+6 * 800
+4 * 800
+4 -2 800
+5 +2 800
+6 * 800
+5 * 800
+4 * 800
+3 +19 800
+3 * 800
+4 * 800
+3 -19 800
+3 +14 800
+3 * 800
+8 * 800
+3 * 800
+2 +5 800
+3 -4 800
+4 * 800
+4 +14 800
+3 -14 800
+3 +5 800
+3 * 800
+4 * 800
+3 +9 800
+3 * 800
+3 * 800
+4 -52 800
+8 +1 800
+3 -1 800
+8 * 800
+3 * 800
+3 +1 800
+2 * 800
+3 * 800
+3 -9 800
+3 +1 800
+4 +7 800
+8 +1 800
+3 -1 800
+8 * 800
+2 * 800
+3 +1 800
+3 * 800
+3 * 800
fi=(448)
+2 1908 800
fi=(474)
+6 772 800
jcnd=800/800 0x23c45b 0 
* * 
fe=(487)
+28 0 400
+5 0 400
+8 0 400
+5 0 400
+8 124 400
+4 * 400
+5 * 400
+3 * 400
+6 0 400
+5 124 400
+6 * 400
+4 * 400
+4 * 400
+6 +3 400
+7 * 400
+2 * 400
+8 * 400
+4 * 400
+2 * 400
+3 * 400
+3 * 400
+4 * 400
+5 * 400
+2 * 400
+4 * 400
+3 * 400
+3 * 400
+4 * 400
+5 +3 400
+5 * 400
+5 * 400
+5 * 400
+6 * 400
+3 0 400
+15 0 400
+5 130 400
+3 * 400
+4 * 400
-12 0 800
+5 130 800
+3 * 800
+4 * 800
+6 0 1200
fi=(484)
+3 49 1200
+3 * 1200
+3 * 1200
+3 +3 1200
+4 * 1200
+5 * 1200
+2 * 1200
+4 * 1200
+4 * 1200
+5 * 1200
+3 * 1200
+4 -3 1200
+4 +3 1200
+2 * 1200
+4 * 1200
+5 * 1200
+3 * 1200
+4 * 1200
+3 * 1200
+4 -3 1200
+3 * 1200
+3 * 1200
+3 +3 1200
+4 * 1200
+2 * 1200
+4 * 1200
+4 * 1200
+3 * 1200
+4 * 1200
+2 * 1200
+4 * 1200
+3 * 1200
+4 * 1200
+3 -3 1200
+2 * 1200
+3 +3 1200
+4 * 1200
+2 * 1200
+4 * 1200
+4 * 1200
+3 * 1200
+4 * 1200
+3 * 1200
+4 * 1200
+3 * 1200
+4 * 1200
+4 * 1200
+3 * 1200
+3 +3 1200
+3 * 1200
+4 * 1200
+4 -20 1200
+3 * 1200
+3 +4 1200
+4 +2 1200
+6 * 1200
+4 -2 1200
+4 +2 1200
+6 * 1200
+4 -2 1200
+4 +2 1200
+5 * 1200
+3 * 1200
+3 +19 1200
+4 * 1200
+4 * 1200
+3 -19 1200
+3 +14 1200
+3 * 1200
+3 * 1200
+3 +5 1200
+3 -4 1200
+3 * 1200
+4 * 1200
+3 +14 1200
+2 -9 1200
+2 * 1200
+2 +9 1200
+3 * 1200
+2 * 1200
+4 -52 1200
+7 +1 1200
+2 -1 1200
+7 * 1200
+2 * 1200
+3 +1 1200
+2 * 1200
+2 * 1200
+2 -9 1200
+3 +1 1200
+3 +7 1200
+7 +1 1200
+2 -1 1200
+7 * 1200
+3 * 1200
+4 +1 1200
+3 * 1200
+3 * 1200
+3 * 1200
+4 * 1200
+3 * 1200
+5 +40 1200
+6 -28 1200
+3 * 1200
+4 +1 1200
+8 +1 1200
+3 * 1200
+3 +16 1200
+3 * 1200
+3 * 1200
+3 +3 1200
+4 * 1200
+3 * 1200
+4 * 1200
+4 * 1200
+2 * 1200
+4 * 1200
+2 * 1200
+4 * 1200
+3 * 1200
+4 * 1200
+3 -3 1200
+3 * 1200
+3 * 1200
+3 +3 1200
+4 * 1200
+3 * 1200
+4 * 1200
+4 * 1200
+3 * 1200
+4 * 1200
+3 * 1200
+4 * 1200
+3 * 1200
+4 * 1200
+3 -3 1200
+2 * 1200
+3 +3 1200
+4 * 1200
+3 * 1200
+4 * 1200
+4 * 1200
+2 * 1200
+4 * 1200
+2 * 1200
+4 * 1200
+3 * 1200
+4 +7 1200
+4 -7 1200
+3 +7 1200
+3 -4 1200
+3 * 1200
+3 * 1200
+3 * 1200
+4 -20 1200
+3 * 1200
+3 +4 1200
+4 +2 1200
+4 -2 1200
+4 +2 1200
+4 -2 1200
+4 +2 1200
+4 * 1200
+3 +19 1200
+3 * 1200
+3 * 1200
+2 -19 1200
+3 +14 1200
+3 * 1200
+8 * 1200
+2 * 1200
+3 +5 1200
+3 -4 1200
+4 * 1200
+4 +14 1200
+3 -9 1200
+2 * 1200
+2 -5 1200
+3 +14 1200
+2 * 1200
+3 * 1200
+4 -52 1200
+7 +1 1200
+2 -1 1200
+7 * 1200
+2 * 1200
+3 +1 1200
+2 * 1200
+2 * 1200
+2 -9 1200
+3 +1 1200
+3 +7 1200
+7 +1 1200
+2 -1 1200
+7 * 1200
+2 * 1200
+3 +1 1200
+2 * 1200
fi=(448)
+2 1908 1200
+3 * 1200
+8 * 1200
fi=(484)
+3 19 1200
+2 * 1200
fe=(487)
+5 130 1200
fi=(474)
+6 772 1200
fi=(448)
+3 1908 1200
fi=(474)
+3 772 1200
jfi=(487)
jcnd=800/1200 0x23b0c0 0 
* * 
fe=(487)
+6 134 400
+4 * 400
+8 * 400
+8 * 400
+5 * 400
+5 * 400
+5 * 400
+5 * 400
+7 * 400
+1 * 400
cfn=(2660)
calls=400 0x23a980 19 
* * 9600
+5 * 400
+4 * 400
fi=(448)
+5 1908 400
fi=(474)
+3 772 400
+6 0 400
+3 0 400
+2 0 400
fi=(439)
+12 763 400
fe=(487)
+4 137 400
+8 * 400
+5 * 400
+4 * 400
cfi=(484)
cfn=(2652)
calls=400 0x2427d0 -52 
* * 301200
fi=(439)
-21 763 1600
fe=(487)
+4 137 1600
+8 * 1600
+5 * 1600
+4 * 1600
cfi=(484)
cfn=(2652)
calls=1600 0x2427d0 -52 
* * 1204800
fi=(484)
+6 31 2000
+2 * 2000
+3 +1 2000
+4 +1 2000
+3 +16 2000
+3 -16 2000
+2 +16 2000
+3 * 2000
+3 +3 2000
+2 * 2000
+3 * 2000
+4 * 2000
+3 * 2000
+3 * 2000
+4 * 2000
+3 * 2000
+3 * 2000
+2 * 2000
+4 * 2000
+3 -3 2000
+3 * 2000
+3 * 2000
+3 +3 2000
+3 * 2000
+3 * 2000
+4 * 2000
+3 * 2000
+3 * 2000
+4 * 2000
+3 * 2000
+3 * 2000
+3 * 2000
+4 -17 2000
+4 +14 2000
+3 * 2000
+4 +3 2000
+3 * 2000
+4 * 2000
+3 * 2000
+4 * 2000
+4 * 2000
+3 * 2000
+4 +7 2000
+4 -7 2000
+3 * 2000
+3 * 2000
+4 * 2000
+4 * 2000
+3 +7 2000
+4 -4 2000
+3 * 2000
+3 * 2000
+3 * 2000
+4 -20 2000
+4 +4 2000
+4 +2 2000
+4 -2 2000
+4 +2 2000
+4 -2 2000
+4 * 2000
+5 +2 2000
+4 * 2000
+3 +19 2000
+3 * 2000
+4 * 2000
+3 -19 2000
+3 +14 2000
+3 * 2000
+3 * 2000
+7 +1 2000
+4 * 2000
+3 +14 2000
+3 -15 2000
+3 +6 2000
+2 * 2000
+3 -5 2000
+4 +4 2000
+3 +10 2000
+3 * 2000
+2 -52 2000
+7 +52 2000
+3 -52 2000
+7 * 2000
+2 * 2000
+3 +1 2000
+2 * 2000
+2 * 2000
+2 * 2000
+2 -9 2000
+3 +1 2000
+3 +7 2000
+7 * 2000
+7 +1 2000
+2 -1 2000
+2 * 2000
+3 +1 2000
+2 * 2000
+2 * 2000
+2 +57 2000
+2 +3 2000
+2 -3 2000
+3 +3 2000
+3 * 2000
+2 * 2000
+2 * 2000
+3 * 2000
+3 -1 2000
+4 * 2000
+5 +1 2000
+3 -1 2000
+8 +1 2000
+8 * 2000
+5 * 2000
+3 * 2000
+4 * 2000
+4 * 2000
+5 * 2000
+3 * 2000
+4 * 2000
+5 -69 2000
+2 * 2000
+3 +8 2000
+2 * 2000
+3 -6 2000
+2 +6 2000
+2 * 2000
+3 +1 2000
+2 * 2000
+2 -1 2000
+3 +1 2000
+2 -9 2000
fe=(487)
+3 137 2000
fi=(484)
+5 11 2000
+3 +7 2000
+7 +1 2000
+2 -1 2000
fe=(487)
+7 138 2000
fi=(484)
+2 18 2000
+3 +1 2000
fe=(487)
+2 138 2000
+2 * 2000
+2 * 2000
+8 * 2000
fi=(448)
+3 1908 2000
fi=(474)
+3 772 2000
jfi=(439)
jcnd=1600/2000 0x23b400 -9 
* * 
fe=(487)
+6 11 400
+10 +3 400
+5 * 400
fi=(448)
+8 1908 400
+4 * 400
fe=(487)
+6 14 400
+5 * 400
+8 * 400
+2 * 400
+2 * 400
fi=(448)
+8 1908 400
fi=(474)
+4 772 400
fe=(487)
+6 14 400
+5 * 400
+9 * 400
+3 * 400
+3 * 400
+9 * 400
+2 * 400
+3 * 400
+8 * 400
+2 * 400
+3 * 400
fi=(448)
+8 1908 400
fi=(474)
+4 772 400
fe=(487)
+6 14 400
+6 * 400
+9 * 400
+5 * 400
+5 * 400
+4 * 400
+5 * 400
+5 * 400
+6 * 400
+4 * 400
+9 * 400
+3 * 400
+3 * 400
+8 * 400
+2 * 400
+3 * 400
+8 * 400
+3 * 400
+3 * 400
fi=(448)
+9 1908 400
fi=(474)
+4 772 400
fe=(487)
+6 14 400
+5 * 400
+9 * 400
+5 * 400
+5 * 400
+5 * 400
+5 * 400
+4 * 400
+4 * 400
+4 * 400
+5 * 400
+4 * 400
+4 * 400
+5 * 400
+4 * 400
+4 * 400
+4 * 400
+4 * 400
+4 * 400
+4 * 400
+4 * 400
+4 * 400
+9 * 400
+4 * 400
+9 * 400
+2 * 400
+3 * 400
+8 * 400
+2 * 400
+3 * 400
+8 * 400
+3 * 400
+3 * 400
fi=(448)
+8 1908 400
fi=(474)
+4 772 400
jfi=(487)
jcnd=400/400 0x23b84b 0 
* * 
fe=(487)
0x23b84b 0 400
+8 143 400
+4 * 400
+3 * 400
+7 * 400
+2 * 400
+4 * 400
+8 * 400
+8 * 400
+8 * 400
+5 * 400
+5 * 400
+3 * 400
+2 * 400
+1 * 400
+1 * 400
cfn=(2663)
calls=400 0x23ad10 -46 
* * 280400
+5 * 400
+4 * 400
+6 +3 400
+6 * 400
+3 * 400
+3 +2 400
+4 * 400
+5 * 400
+5 * 400
jcnd=400/400 0x23bed5 +8 
* * 
0x23bed5 +8 400
+3 * 400
+4 * 400
+8 * 400
+8 * 400
+5 * 400
+5 * 400
+3 * 400
+3 * 400
+2 * 400
+8 * 400
+1 * 400
+1 * 400
cfn=(2663)
calls=400 0x23ad10 -59 
* * 280400
+5 * 400
+4 * 400
+5 +1 400
+2 * 400
fi=(439)
+3 842 400
+3 * 400
+3 * 400
+6 * 400
+5 * 400
fi=(443)
+6 5360 400
+3 * 400
fe=(487)
+6 157 400
+4 * 400
fi=(455)
+5 547 400
+2 * 400
+3 * 400
+8 * 400
+3 * 400
cob=(2)
cfi=(214)
cfn=(708)
calls=400 0x188a80 255 
* * 4800
fe=(487)
+6 158 400
+8 * 400
+4 * 400
+5 +1 400
+3 * 400
+5 * 400
+6 * 400
fi=(448)
+4 1908 400
fi=(474)
+3 772 400
+6 0 400
fe=(487)
+5 163 400
+4 * 400
+5 * 400
+4 * 400
+3 * 400
+3 * 400
+5 * 400
+5 * 400
+4 * 400
+3 * 400
+3 * 400
+4 * 400
+5 * 400
+4 * 400
+6 * 400
+3 * 400
+4 * 400
+5 * 400
+4 * 400
+4 * 400
+4 * 400
+6 * 400
+2 * 400
+3 * 400
+4 * 400
+3 * 400
+4 * 400
+4 * 400
+4 * 400
+3 * 400
+3 * 400
+3 * 400
+4 * 400
+3 * 400
+6 * 400
+3 * 400
+3 * 400
+3 * 400
+5 * 400
+4 * 400
+3 * 400
+3 * 400
+3 * 400
+3 * 400
+3 * 400
+5 * 400
+4 * 400
+4 * 400
+3 * 400
+8 * 400
+8 * 400
+8 * 400
+8 0 400
+14 162 400
+10 * 400
fi=(484)
+10 31 400
+5 * 400
+9 +1 400
+5 * 400
+5 +3 400
+5 * 400
+4 +14 400
+5 * 400
+5 * 400
+4 +3 400
+4 * 400
+4 * 400
+5 * 400
+5 * 400
+5 * 400
+5 * 400
+5 -3 400
+5 * 400
+6 * 400
+5 +3 400
+5 * 400
+5 * 400
+5 -3 400
+5 * 400
+6 +3 400
+5 * 400
+5 * 400
+5 -17 400
+5 +4 400
+5 * 400
+4 +2 400
+5 -8 400
+5 +19 400
+4 * 400
+5 * 400
+5 * 400
+5 * 400
+5 * 400
+5 * 400
fe=(487)
0x23c070 162 800
+10 * 800
fi=(484)
+10 31 800
+5 * 800
+9 +1 800
+5 * 800
+5 +3 800
+5 * 800
+4 +14 800
+5 * 800
+5 * 800
+4 +3 800
+4 * 800
+4 * 800
+5 * 800
+5 * 800
+5 * 800
+5 * 800
+5 -3 800
+5 * 800
+6 * 800
+5 +3 800
+5 * 800
+5 * 800
+5 -3 800
+5 * 800
+6 +3 800
+5 * 800
+5 * 800
+5 -17 800
+5 +4 800
+5 * 800
+4 +2 800
+5 -8 800
+5 +19 800
+4 * 800
+5 * 800
+5 * 800
+5 * 800
+5 * 800
+5 * 800
+5 * 800
+5 * 800
+5 * 800
+5 * 800
+5 * 800
+5 * 800
+5 * 800
+5 * 800
+5 * 800
+5 * 800
+5 +3 800
+5 * 800
+6 * 800
+5 * 800
+6 * 800
+5 -16 800
+5 * 800
+5 +2 800
+5 -2 800
-92 +13 400
+5 * 400
+5 * 400
+5 * 400
+5 * 400
+5 * 400
+5 * 400
+5 * 400
+5 * 400
+5 * 400
+5 +3 400
+5 * 400
+6 * 400
+5 * 400
+6 * 400
+5 -16 400
+5 * 400
+5 +2 400
+5 -2 400
+5 +2 400
+5 +18 400
+5 * 400
+5 -18 400
+5 +19 400
+4 * 400
+5 * 400
+4 -19 400
+5 +14 400
+5 * 400
+5 * 400
+6 * 400
+5 +5 400
+5 -4 400
+6 * 400
+5 +14 400
+5 -9 400
+5 * 400
+4 -5 400
+6 +14 400
+5 * 400
+4 * 400
+4 -52 400
+4 * 400
+5 +1 400
+4 -1 400
+4 * 400
+5 * 400
+4 * 400
+5 +1 400
fe=(487)
+4 162 400
fi=(484)
+10 19 400
+4 * 400
+4 -9 400
+4 * 400
+5 +1 400
+4 +8 400
+4 -1 400
+4 * 400
+5 +1 400
+4 -1 400
0x23c1a8 +23 800
+5 +18 800
+5 * 800
+5 -18 800
+5 +19 800
+4 * 800
+5 * 800
+4 -19 800
+5 +14 800
+5 * 800
+5 * 800
+6 * 800
+5 +5 800
+5 -4 800
+6 * 800
+5 +14 800
+5 -9 800
+5 * 800
+4 -5 800
+6 +14 800
+5 * 800
+4 * 800
+4 -52 800
+4 * 800
+5 +1 800
+4 -1 800
+4 * 800
+5 * 800
+4 * 800
+5 +1 800
fe=(487)
+4 162 800
fi=(484)
+10 19 800
+4 * 800
+4 -9 800
+4 * 800
+5 +1 800
+4 +8 800
+4 -1 800
+4 * 800
+5 +1 800
+4 -1 800
+4 * 800
+5 * 800
+4 * 800
fe=(487)
+5 162 800
+4 * 800
+4 * 800
+4 * 800
+6 +1 800
+6 * 800
+4 * 800
+6 * 800
+4 * 800
+3 * 800
jcnd=400/800 0x23c070 -1 
* * 
fi=(484)
-55 18 400
+5 * 400
+4 * 400
fe=(487)
+5 162 400
+4 * 400
+4 * 400
+4 * 400
+6 +1 400
+6 * 400
+4 * 400
+6 * 400
+4 * 400
+3 * 400
jcnd=400/400 0x23c070 -1 
* * 
+6 0 400
+2 0 400
+6 0 400
+3 162 400
fi=(484)
+9 59 400
+9 -28 400
+3 * 400
+4 +1 400
+4 +1 400
+3 * 400
+3 +16 400
+3 * 400
+3 * 400
+3 +3 400
+4 * 400
+3 * 400
+4 * 400
+4 * 400
+2 * 400
+3 * 400
+3 * 400
+4 * 400
+3 * 400
+3 * 400
+2 -3 400
+3 * 400
+4 * 400
+4 +3 400
+5 * 400
+3 * 400
+3 * 400
+5 * 400
+3 * 400
+4 * 400
+3 * 400
+5 * 400
+3 * 400
+3 -17 400
+4 +17 400
+3 -3 400
+3 * 400
+4 +3 400
+5 * 400
+3 * 400
+4 * 400
+5 * 400
+2 * 400
+3 +7 400
+4 -7 400
+3 * 400
+5 * 400
+3 * 400
+4 * 400
+3 +7 400
+4 -4 400
+3 * 400
+4 * 400
+3 * 400
+4 -20 400
+4 +4 400
fe=(487)
0x23c2b0 -39 2400
+3 162 2400
fi=(484)
+9 59 2400
+9 -28 2400
+3 * 2400
+4 +1 2400
+4 +1 2400
+3 * 2400
+3 +16 2400
+3 * 2400
+3 * 2400
+3 +3 2400
+4 * 2400
+3 * 2400
+4 * 2400
+4 * 2400
+2 * 2400
+3 * 2400
+3 * 2400
+4 * 2400
+3 * 2400
+3 * 2400
+2 -3 2400
+3 * 2400
+4 * 2400
+4 +3 2400
+5 * 2400
+3 * 2400
+3 * 2400
+5 * 2400
+3 * 2400
+4 * 2400
+3 * 2400
+5 * 2400
+3 * 2400
+3 -17 2400
+4 +17 2400
+3 -3 2400
+3 * 2400
+4 +3 2400
+5 * 2400
+3 * 2400
+4 * 2400
+5 * 2400
+2 * 2400
+3 +7 2400
+4 -7 2400
+3 * 2400
+5 * 2400
+3 * 2400
+4 * 2400
+3 +7 2400
+4 -4 2400
+3 * 2400
+4 * 2400
+3 * 2400
+4 -20 2400
+4 +4 2400
+5 +2 2400
+4 -2 2400
-4 +2 400
+4 -2 400
+5 +2 400
+3 -2 400
+5 +2 400
+4 * 400
+3 +19 400
+3 * 400
+3 * 400
+3 -19 400
+3 +14 400
+3 * 400
+8 * 400
+3 * 400
+3 +5 400
+3 -4 400
+4 * 400
+3 +14 400
+3 -9 400
+3 * 400
+3 -5 400
+3 +14 400
+3 * 400
+3 * 400
+4 -52 400
+8 +1 400
+2 -1 400
+8 * 400
+3 * 400
+3 +1 400
+2 * 400
+2 * 400
+3 -9 400
+3 +8 400
+7 * 400
+8 +1 400
+3 -1 400
+3 * 400
fe=(487)
+4 162 400
fi=(484)
+3 11 400
+3 +8 400
fe=(487)
+8 162 400
+3 * 400
+3 * 400
+5 * 400
+5 +1 400
+5 * 400
fi=(484)
0x23c390 41 2400
+3 -2 2400
+5 +2 2400
+4 * 2400
+3 +19 2400
+3 * 2400
+3 * 2400
+3 -19 2400
+3 +14 2400
+3 * 2400
+8 * 2400
+3 * 2400
+3 +5 2400
+3 -4 2400
+4 * 2400
+3 +14 2400
+3 -9 2400
+3 * 2400
+3 -5 2400
+3 +14 2400
+3 * 2400
+3 * 2400
+4 -52 2400
+8 +1 2400
+2 -1 2400
+8 * 2400
+3 * 2400
+3 +1 2400
+2 * 2400
+2 * 2400
+3 -9 2400
+3 +8 2400
+7 * 2400
+8 +1 2400
+3 -1 2400
+3 * 2400
fe=(487)
+4 162 2400
fi=(484)
+3 11 2400
+3 +8 2400
fe=(487)
+8 162 2400
+3 * 2400
+3 * 2400
+5 * 2400
+5 +1 2400
+5 * 2400
+6 0 2800
+3 163 2800
fi=(439)
+5 763 2800
fi=(448)
+3 1908 2800
fi=(474)
+5 772 2800
jfi=(487)
jcnd=2400/2800 0x23c2b0 0 
* * 
+6 * 400
jfi=(487)
jump=400 0x23cab0 166 
* * 
+5 0 800
fe=(487)
+8 109 800
fi=(484)
+5 -60 800
+3 * 800
+3 * 800
+3 +3 800
+4 * 800
+5 * 800
+3 * 800
+4 * 800
+4 * 800
+4 * 800
+2 * 800
+3 -17 800
+4 +17 800
+3 * 800
+4 * 800
+4 * 800
+3 * 800
+4 * 800
+3 * 800
+4 -3 800
+3 * 800
+3 * 800
+3 +3 800
+4 * 800
+3 * 800
+3 * 800
+4 * 800
+3 * 800
+4 * 800
+3 * 800
+4 * 800
+2 * 800
+3 * 800
+3 -3 800
+3 * 800
+3 +3 800
+4 * 800
+3 * 800
+4 * 800
+4 * 800
+3 * 800
+4 * 800
+3 * 800
+4 * 800
+3 * 800
+4 * 800
+4 * 800
+3 * 800
+4 +3 800
+4 * 800
+3 * 800
+4 -20 800
+4 +4 800
+5 +2 800
+5 * 800
+3 -2 800
+5 +2 800
+5 * 800
+3 -2 800
+5 +2 800
+4 * 800
+2 +19 800
+3 * 800
+3 * 800
+4 * 800
+2 -19 800
+2 +14 800
+2 * 800
+3 * 800
+3 +5 800
+2 -4 800
+4 * 800
+4 +14 800
+3 -14 800
+4 +5 800
+3 * 800
+3 +9 800
+3 * 800
+3 * 800
+3 -52 800
+8 +1 800
+2 -1 800
+8 * 800
+3 * 800
+3 +1 800
+2 * 800
+2 * 800
+3 -9 800
+3 +1 800
+3 * 800
+5 +7 800
+8 +1 800
+3 -1 800
+7 * 800
+3 * 800
+4 +1 800
+3 * 800
+3 * 800
fe=(487)
+3 +90 800
fi=(448)
+4 1908 800
fi=(474)
+4 772 800
jfi=(487)
jcnd=800/800 +12 109 
* * 
fe=(487)
+12 109 800
fi=(484)
+5 -74 800
+4 +14 800
+3 * 800
+3 * 800
+3 * 800
+3 +3 800
+4 * 800
+5 * 800
+2 * 800
+4 * 800
+4 * 800
+4 * 800
+2 * 800
+4 * 800
+2 * 800
+4 * 800
+4 * 800
+3 * 800
+4 * 800
+3 -3 800
+3 * 800
+3 * 800
+3 +3 800
+4 * 800
+2 * 800
+4 * 800
+4 * 800
+3 * 800
+4 * 800
+3 * 800
+4 * 800
+2 * 800
+4 * 800
+4 * 800
+3 -3 800
+3 * 800
+3 +3 800
+4 * 800
+2 * 800
+4 * 800
+4 * 800
+3 * 800
+4 * 800
+4 * 800
+3 * 800
+4 * 800
+2 * 800
+4 * 800
+3 * 800
+4 +3 800
+3 * 800
+3 * 800
+4 -20 800
+4 +4 800
+5 +2 800
+5 * 800
+3 -2 800
+5 * 800
+3 +2 800
+6 * 800
+4 -2 800
+5 +2 800
+6 * 800
+4 * 800
+3 +19 800
+3 * 800
+4 * 800
+4 * 800
+3 -19 800
+3 +14 800
+3 * 800
+3 * 800
+5 * 800
+2 +5 800
+3 -4 800
+4 * 800
+4 +14 800
+3 -14 800
+4 +5 800
+3 * 800
+3 +9 800
+3 * 800
+3 * 800
+3 -52 800
+8 +1 800
+2 -1 800
+8 * 800
+3 * 800
+3 +1 800
+2 * 800
+2 * 800
+3 -9 800
+3 +1 800
+3 +7 800
+8 +1 800
+3 -1 800
+7 * 800
+2 * 800
+3 +1 800
+2 * 800
+3 * 800
fe=(487)
+2 +90 800
+3 * 800
fi=(448)
+3 1908 800
fi=(474)
+4 772 800
jfi=(487)
jcnd=800/800 +18 109 
* * 
fe=(487)
+18 109 800
+8 * 800
fi=(484)
+5 -60 800
+3 * 800
+3 * 800
+3 +3 800
+4 * 800
+5 * 800
+2 * 800
+4 * 800
+4 * 800
+4 * 800
+3 * 800
+4 * 800
+3 * 800
+4 * 800
+4 * 800
+3 * 800
+4 * 800
+3 -3 800
+3 * 800
+3 * 800
+3 +3 800
+4 * 800
+2 * 800
+4 * 800
+4 * 800
+3 * 800
+4 * 800
+3 * 800
+4 * 800
+3 * 800
+4 -17 800
+4 +17 800
+3 -3 800
+3 * 800
+3 +3 800
+4 * 800
+2 * 800
+4 * 800
+4 * 800
+3 * 800
+4 * 800
+4 * 800
+3 * 800
+4 * 800
+4 * 800
+2 * 800
+4 * 800
+3 * 800
+4 +3 800
+3 * 800
+4 * 800
+4 -20 800
+4 +4 800
+5 +2 800
+4 -2 800
+5 +2 800
+4 -2 800
+5 +2 800
+4 * 800
+3 +19 800
+3 * 800
+3 * 800
+4 * 800
+2 -19 800
+2 +14 800
+3 * 800
+3 * 800
+5 * 800
+3 +5 800
+3 -4 800
+4 * 800
+4 +14 800
+3 -9 800
+3 * 800
+3 -5 800
+4 +14 800
+3 * 800
+3 * 800
+4 -52 800
+8 +1 800
+2 -1 800
+8 * 800
+3 * 800
+3 +1 800
+2 * 800
+2 * 800
+3 -9 800
+3 +1 800
+3 +7 800
+7 +1 800
+2 -1 800
+7 * 800
+2 * 800
+3 +1 800
+2 * 800
+2 * 800
fe=(487)
+2 +90 800
+3 * 800
+4 * 800
fi=(448)
+3 1908 800
fi=(474)
+4 772 800
jfi=(487)
jcnd=800/800 +15 109 
* * 
fe=(487)
+15 109 800
+8 * 800
+4 * 800
+4 * 800
cfi=(484)
cfn=(2672) hqc::gf::gf_mul
calls=800 0x243190 -42 
* * 85600
fi=(448)
+6 1908 800
+4 * 800
fi=(474)
+5 772 800
fe=(487)
+6 0 800
+3 0 800
+4 0 800
+3 0 800
+3 0 800
+5 0 800
+5 112 800
+3 * 800
+3 +4 800
+2 * 800
+4 * 800
+2 * 800
+3 * 800
+4 * 800
+2 * 800
+3 * 800
fi=(448)
+4 1908 800
fi=(474)
+4 772 800
fe=(487)
+6 116 800
+3 * 800
+4 * 800
+2 * 800
+3 * 800
+5 * 800
+4 * 800
+3 * 800
+3 * 800
+5 * 800
+3 * 800
+3 * 800
+5 * 800
+3 * 800
fi=(448)
+5 1908 800
fi=(474)
+4 772 800
fe=(487)
+6 116 800
+3 * 800
+4 * 800
+3 * 800
+3 * 800
+5 * 800
+5 * 800
+5 * 800
+3 * 800
+3 * 800
+5 * 800
+5 * 800
+3 * 800
+3 * 800
+5 * 800
+3 * 800
+3 * 800
+5 * 800
+5 * 800
+2 * 800
+2 * 800
+5 * 800
+3 * 800
+3 * 800
+5 * 800
+3 * 800
+3 * 800
+5 * 800
+5 * 800
+3 * 800
+5 * 800
fi=(448)
+5 1908 800
fi=(474)
+6 772 800
fe=(487)
+6 116 800
+4 * 800
+3 * 800
+3 * 800
+5 * 800
+5 * 800
+5 * 800
+5 * 800
+5 * 800
+5 * 800
+4 * 800
+4 * 800
+4 * 800
+4 * 800
+4 * 800
+4 * 800
+4 * 800
+4 * 800
+4 * 800
+4 * 800
+4 * 800
+5 * 800
+5 * 800
+5 * 800
+4 * 800
+6 * 800
+4 * 800
+3 * 800
+5 * 800
+3 * 800
+5 * 800
+4 * 800
+3 * 800
+5 * 800
+3 * 800
+5 * 800
+3 * 800
+5 * 800
+4 * 800
+3 * 800
+5 * 800
+3 * 800
+5 +50 800
+7 * 800
+1 * 800
+2 * 800
+2 * 800
+2 * 800
+2 * 800
+1 * 800
-17 * 400
+7 * 400
+1 * 400
+2 * 400
+2 * 400
+2 * 400
+2 * 400
+1 * 400

fn=(2660)
0x23a980 19 700
+1 * 700
+2 * 700
+1 * 700
+4 +1 700
+3 * 700
jcnd=400/700 0x23aa13 +32 
* * 
+6 * 300
+3 * 300
jcnd=100/300 0x23aa55 +2 
* * 
+6 +22 200
+3 * 200
+6 * 200
+4 * 200
+3 +1 200
+4 * 200
+6 * 200
+4 * 200
+6 * 200
+5 * 200
+5 * 200
+3 * 200
+4 +1 200
+4 * 200
+6 * 200
+5 +1 200
+5 * 200
+5 * 200
+4 * 200
+3 * 200
+5 +1 200
+3 * 200
+5 +1 200
+4 -3 200
+2 * 200
+4 +4 200
+5 * 200
+3 * 200
jump=200 0x23ab8d -48 
* * 
+5 +4 400
+3 * 400
+6 * 400
+4 * 400
+3 +1 400
+4 * 400
+6 * 400
+6 * 400
+5 * 400
+5 * 400
+3 * 400
+4 +1 400
+5 * 400
+3 +1 400
+4 +10 400
+1 * 400
+2 * 400
+1 * 400
+1 -43 100
+4 * 100
+6 * 100
+4 * 100
+6 * 100
+4 * 100
+6 * 100
+5 * 100
+5 * 100
+3 * 100
+4 +1 100
+4 * 100
+6 * 100
+4 * 100
+6 * 100
+5 * 100
+3 * 100
+3 * 100
+4 +1 100
+4 * 100
+6 * 100
+4 * 100
+6 * 100
+5 * 100
+3 * 100
+2 * 100
+4 +1 100
+4 * 100
+6 * 100
+5 * 100
+5 * 100
+3 * 100
+3 * 100
+5 +1 100
+4 * 100
+6 * 100
+3 * 100
+3 * 100
+4 +1 100
+4 * 100
+6 * 100
+4 +1 100
+5 * 100
+3 * 100
+3 * 100
+5 +1 100
+5 * 100
+3 * 100
+3 * 100
+3 * 100
+5 +2 100
+4 * 100
+4 +1 100
+5 * 100
+2 * 100
+4 * 100
+5 +1 100
+4 * 100
+3 * 100
+3 * 100
+3 * 100
+5 +1 100
+5 * 100
+3 * 100
+4 * 100
+5 +1 100
+4 * 100
+3 * 100
+5 * 100
+3 * 100
+3 * 100
+4 +1 100
+3 * 100
+5 +1 100
+5 * 100
+2 -37 100
+4 0 100
+5 0 100
+3 65 100
+1 * 100
+2 * 100
+1 * 100
-16 -65 200
+4 0 200
+5 0 200
+3 65 200
+1 * 200
+2 * 200
+1 * 200

fn=(2658)
0x23a1f0 168 100
+1 * 100
+2 * 100
+2 * 100
+2 * 100
+2 * 100
+1 * 100
+7 * 100
+3 * 100
+3 * 100
+3 * 100
+3 * 100
+3 +2 100
+3 * 100
+8 * 100
+8 * 100
+8 * 100
+8 * 100
+8 * 100
+8 * 100
+8 * 100
+8 +1 100
+5 +1 100
+5 +1 100
+9 * 100
+8 +1 100
+8 * 100
+8 * 100
+8 * 100
+8 * 100
+8 * 100
+8 * 100
+8 * 100
+8 * 100
+8 * 100
+8 * 100
+8 * 100
+8 * 100
+8 * 100
+8 * 100
+8 * 100
+8 +1 100
+8 * 100
+8 * 100
+8 * 100
+8 * 100
+8 * 100
+8 * 100
+8 * 100
+8 * 100
+8 * 100
+8 * 100
+8 * 100
+8 * 100
+8 * 100
+8 * 100
+8 * 100
+8 11 100
+7 * 100
+5 +3 100
+7 * 100
+5 * 100
+7 * 100
+5 * 100
+7 * 100
+5 * 100
+7 * 100
+5 * 100
+7 * 100
+8 * 100
+7 * 100
+8 * 100
+7 * 100
+8 * 100
+7 * 100
+8 * 100
+7 * 100
+8 * 100
+7 * 100
+8 * 100
+7 * 100
+8 * 100
+7 * 100
+8 * 100
+7 * 100
+8 * 100
+7 * 100
+8 * 100
+8 * 100
+9 179 100
+4 * 100
+5 * 100
+5 * 100
+5 * 100
+5 * 100
+3 * 100
+3 * 100
+2 * 100
cfn=(2660)
calls=100 0x23a980 19 
* * 9000
+5 * 100
+4 * 100
+10 +3 100
+4 * 100
+8 * 100
+7 +3 100
+4 * 100
+3 * 100
+4 * 100
+5 * 100
+5 * 100
+5 * 100
+6 * 100
+8 * 100
+3 * 100
+2 * 100
+1 * 100
+2 * 100
cfn=(2662)
calls=100 0x23ad10 -88 
* * 2488100
+5 * 100
+4 +1 100
+3 * 100
+4 * 100
+5 * 100
+5 * 100
+6 * 100
+8 * 100
+3 * 100
+3 * 100
+2 * 100
+1 * 100
+2 * 100
cfn=(2662)
calls=100 0x23ad10 -89 
* * 2488100
+5 * 100
fi=(460)
+4 451 100
+7 * 100
+6 101 100
+7 * 100
fi=(455)
+8 547 100
+5 * 100
cob=(2)
cfi=(214)
cfn=(708)
calls=100 0x188a80 255 
* * 3000
fe=(487)
+6 192 100
+8 * 100
+5 +1 100
+8 * 100
+2 * 100
+8 * 100
+8 * 100
+8 * 100
+8 0 100
+15 197 100
+7 * 100
fi=(484)
+9 31 100
+5 * 100
+9 +1 100
+5 * 100
+5 +3 100
+5 * 100
+4 +14 100
+5 * 100
+5 * 100
+4 +3 100
+4 * 100
+4 * 100
+5 * 100
+5 * 100
+5 * 100
+5 * 100
+5 -3 100
+5 * 100
+6 * 100
+5 +3 100
+5 * 100
+5 * 100
+5 -3 100
+5 * 100
+6 +3 100
+5 * 100
+5 * 100
+5 -17 100
+5 +4 100
+5 * 100
+4 +2 100
+5 -8 100
+5 +19 100
+4 * 100
+5 * 100
+5 * 100
+5 * 100
+5 * 100
+5 * 100
+5 * 100
+5 * 100
+5 * 100
+5 * 100
+5 * 100
+5 * 100
+5 * 100
+5 * 100
+5 * 100
+5 * 100
fe=(487)
0x23a570 197 1400
+7 * 1400
fi=(484)
+9 31 1400
+5 * 1400
+9 +1 1400
+5 * 1400
+5 +3 1400
+5 * 1400
+4 +14 1400
+5 * 1400
+5 * 1400
+4 +3 1400
+4 * 1400
+4 * 1400
+5 * 1400
+5 * 1400
+5 * 1400
+5 * 1400
+5 -3 1400
+5 * 1400
+6 * 1400
+5 +3 1400
+5 * 1400
+5 * 1400
+5 -3 1400
+5 * 1400
+6 +3 1400
+5 * 1400
+5 * 1400
+5 -17 1400
+5 +4 1400
+5 * 1400
+4 +2 1400
+5 -8 1400
+5 +19 1400
+4 * 1400
+5 * 1400
+5 * 1400
+5 * 1400
+5 * 1400
+5 * 1400
+5 * 1400
+5 * 1400
+5 * 1400
+5 * 1400
+5 * 1400
+5 * 1400
+5 * 1400
+5 * 1400
+5 * 1400
+5 * 1400
+5 +3 1400
+5 * 1400
+6 * 1400
+5 * 1400
+6 * 1400
+5 -16 1400
+5 * 1400
+5 +2 1400
+5 -2 1400
-42 +16 100
+5 * 100
+6 * 100
+5 * 100
+6 * 100
+5 -16 100
+5 * 100
+5 +2 100
+5 -2 100
+5 +2 100
+5 +18 100
+5 * 100
+5 -18 100
+5 +19 100
+4 * 100
+5 * 100
+4 -19 100
+5 +14 100
+5 * 100
+5 * 100
+6 * 100
+5 +5 100
+5 -4 100
+6 * 100
+5 +14 100
+5 -9 100
+5 * 100
+4 -5 100
+6 +14 100
+5 * 100
+4 * 100
+4 -52 100
+4 * 100
+5 +1 100
+4 -1 100
+4 * 100
+5 * 100
+4 * 100
+5 +1 100
fe=(487)
+4 197 100
fi=(484)
+9 19 100
+4 * 100
+4 -9 100
+4 * 100
+5 +1 100
+4 +8 100
+4 -1 100
+4 * 100
+5 +1 100
+4 -1 100
+4 * 100
+5 * 100
+4 * 100
fe=(487)
+5 197 100
+4 * 100
+4 * 100
+4 * 100
+7 +1 100
+10 * 100
+4 * 100
fi=(484)
0x23a6a4 41 1400
+5 +18 1400
+5 * 1400
+5 -18 1400
+5 +19 1400
+4 * 1400
+5 * 1400
+4 -19 1400
+5 +14 1400
+5 * 1400
+5 * 1400
+6 * 1400
+5 +5 1400
+5 -4 1400
+6 * 1400
+5 +14 1400
+5 -9 1400
+5 * 1400
+4 -5 1400
+6 +14 1400
+5 * 1400
+4 * 1400
+4 -52 1400
+4 * 1400
+5 +1 1400
+4 -1 1400
+4 * 1400
+5 * 1400
+4 * 1400
+5 +1 1400
fe=(487)
+4 197 1400
fi=(484)
+9 19 1400
+4 * 1400
+4 -9 1400
+4 * 1400
+5 +1 1400
+4 +8 1400
+4 -1 1400
+4 * 1400
+5 +1 1400
+4 -1 1400
+4 * 1400
+5 * 1400
+4 * 1400
fe=(487)
+5 197 1400
+4 * 1400
+4 * 1400
+4 * 1400
+7 +1 1400
+10 * 1400
+4 * 1400
+10 * 1400
+4 * 1400
+4 * 1400
jcnd=1300/1400 0x23a570 -1 
* * 
-8 * 100
+4 * 100
+4 * 100
jcnd=100/100 0x23a570 -1 
* * 
+6 0 100
+2 0 100
+2 0 100
+15 197 100
fi=(484)
+9 59 100
+8 -28 100
+2 * 100
+3 +1 100
+4 +1 100
+3 * 100
+3 +2 100
+4 +14 100
+3 * 100
+3 * 100
+3 +3 100
+4 * 100
+3 * 100
+4 * 100
+4 * 100
+3 * 100
+3 * 100
+3 * 100
+4 * 100
+3 * 100
+3 * 100
+2 -3 100
+3 * 100
+4 * 100
+4 +3 100
+5 * 100
+2 * 100
+3 * 100
+5 * 100
+3 * 100
+4 * 100
+3 * 100
+5 * 100
+3 * 100
+4 * 100
+3 -3 100
+2 * 100
+3 +3 100
+4 * 100
+3 * 100
+4 * 100
+4 * 100
+3 * 100
+4 * 100
+3 * 100
+4 * 100
+3 * 100
+4 +7 100
+4 -7 100
+3 +7 100
+3 -4 100
+3 * 100
+4 * 100
+3 * 100
+4 * 100
+7 -20 100
fe=(487)
0x23a7c0 197 600
fi=(484)
+9 59 600
+8 -28 600
+2 * 600
+3 +1 600
+4 +1 600
+3 * 600
+3 +2 600
+4 +14 600
+3 * 600
+3 * 600
+3 +3 600
+4 * 600
+3 * 600
+4 * 600
+4 * 600
+3 * 600
+3 * 600
+3 * 600
+4 * 600
+3 * 600
+3 * 600
+2 -3 600
+3 * 600
+4 * 600
+4 +3 600
+5 * 600
+2 * 600
+3 * 600
+5 * 600
+3 * 600
+4 * 600
+3 * 600
+5 * 600
+3 * 600
+4 * 600
+3 -3 600
+2 * 600
+3 +3 600
+4 * 600
+3 * 600
+4 * 600
+4 * 600
+3 * 600
+4 * 600
+3 * 600
+4 * 600
+3 * 600
+4 +7 600
+4 -7 600
+3 +7 600
+3 -4 600
+3 * 600
+4 * 600
+3 * 600
+4 * 600
+7 -20 600
+4 +4 600
+5 +2 600
+4 -2 600
-9 * 100
+5 +2 100
+4 -2 100
+5 +2 100
+4 -2 100
+5 +2 100
+3 * 100
+3 +19 100
+3 * 100
+4 * 100
+3 -19 100
+3 +14 100
+3 * 100
+3 * 100
+3 +5 100
+3 -4 100
+4 * 100
+4 * 100
+3 +14 100
+3 -9 100
+2 * 100
+2 +9 100
+3 * 100
+2 * 100
+4 -52 100
+7 +1 100
+2 -1 100
+7 * 100
+2 * 100
+3 +1 100
+2 * 100
+2 * 100
+2 -9 100
+3 +1 100
+3 +7 100
+7 * 100
+8 +1 100
+3 -1 100
+2 * 100
fe=(487)
+3 197 100
fi=(484)
+3 19 100
fe=(487)
+8 197 100
+2 * 100
+2 * 100
+9 +1 100
fi=(448)
+9 1908 100
+4 * 100
fi=(474)
+4 772 100
jfi=(487)
jcnd=100/100 0x23a7c0 197 
* * 
fi=(484)
0x23a89e 41 600
+4 -2 600
+5 +2 600
+3 * 600
+3 +19 600
+3 * 600
+4 * 600
+3 -19 600
+3 +14 600
+3 * 600
+3 * 600
+3 +5 600
+3 -4 600
+4 * 600
+4 * 600
+3 +14 600
+3 -9 600
+2 * 600
+2 +9 600
+3 * 600
+2 * 600
+4 -52 600
+7 +1 600
+2 -1 600
+7 * 600
+2 * 600
+3 +1 600
+2 * 600
+2 * 600
+2 -9 600
+3 +1 600
+3 +7 600
+7 * 600
+8 +1 600
+3 -1 600
+2 * 600
fe=(487)
+3 197 600
fi=(484)
+3 19 600
fe=(487)
+8 197 600
+2 * 600
+2 * 600
+9 +1 600
fi=(448)
+9 1908 600
+4 * 600
fi=(474)
+4 772 600
jfi=(487)
jcnd=500/600 0x23a7c0 197 
* * 
fe=(487)
+6 200 100
+7 * 100
+1 * 100
+2 * 100
+2 * 100
+2 * 100
+2 * 100
+1 * 100

fn=(2680)
0x239f30 202 100
+1 * 100
+7 11 100
+3 * 100
+5 * 100
+4 * 100
+5 * 100
+5 * 100
+5 * 100
+5 * 100
+8 * 100
+8 * 100
+8 * 100
+8 * 100
+8 * 100
+8 * 100
+8 * 100
+8 * 100
+5 * 100
+5 +3 100
+7 * 100
+5 * 100
+7 * 100
+5 * 100
+7 * 100
+5 * 100
+7 * 100
+5 * 100
+7 * 100
+5 * 100
+7 * 100
+5 * 100
+7 * 100
+5 * 100
+10 * 100
+5 * 100
+8 * 100
+7 * 100
+7 * 100
+4 * 100
+3 * 100
+5 * 100
+3 * 100
+8 * 100
+8 * 100
+5 * 100
+3 * 100
+5 * 100
+3 * 100
+8 * 100
+8 * 100
+5 * 100
+3 * 100
+5 * 100
+3 * 100
+8 * 100
+8 * 100
+5 * 100
+3 * 100
+5 * 100
+8 * 100
+8 210 100
+3 * 100
+6 * 100
+3 * 100
+6 * 100
+3 * 100
+2 * 100
+3 * 100
+3 * 100
+2 * 100
+2 +1 100
+7 * 100
+6 * 100
+8 * 100
+3 * 100
+4 * 100
+4 * 100
+3 * 100
fi=(474)
+2 772 100
+8 * 100
+3 * 100
+7 0 100
fe=(487)
+1 214 100
+6 * 100
+6 * 100
-12 * 12600
+6 * 12600
+6 * 12600
+6 * 12700
+5 * 12700
+6 * 12700
+3 +1 12700
+3 * 12700
+2 * 12700
+6 * 12700
+2 * 12700
+3 * 12700
+3 * 12700
+4 +3 12700
+3 * 12700
+2 0 12700
+3 0 12700
+5 0 12700
+5 0 12700
+3 218 12700
+3 * 12700
+2 * 12700
+9 * 12700
+3 * 12700
+4 * 12700
+4 * 12700
fi=(448)
+4 1908 12700
+4 * 12700
fi=(474)
+7 772 12700
jfi=(487)
jcnd=12600/12700 0x23a0f0 214 
* * 
fe=(487)
+2 221 100
+7 * 100
+1 * 100

fl=(294)
fn=(1174) std::sys::sync::once::futex::Once::call
0x256ba0 141 2
+1 * 2
+3 * 2
+2 * 2
+2 * 2
+2 * 2
+2 * 2
+1 * 2
+4 * 2
+4 * 2
+4 * 2
fi=(176)
+3 4028 2
+2 * 2
+4 * 2
+2 * 2
jfi=(294)
jcnd=1/2 0x256cc9 0 
* * 
+6 0 1
+7 0 1
+7 0 1
jfi=(294)
jump=1 +21 144 
* 0 
fe=(294)
+8 154 1
fi=(176)
+3 4180 1
fe=(294)
+4 155 1
jcnd=1/1 0x256c78 +19 
* * 
+6 -11 1
+2 * 1
+3 +1 1
+2 * 1
+3 +1 1
+3 * 1
+3 * 1
jcnd=1/1 -29 +8 
* * 
0x256c78 +28 1
+3 * 1
+3 -2 1
+7 * 1
+3 * 1
+4 * 1
+4 * 1
+4 +6 1
cfi=(295)
cfn=(1178)
calls=1 0x25da30 +41 
* * 82
-22 -6 1
+7 * 1
+3 * 1
+4 * 1
+4 * 1
+4 +6 1
cfi=(295)
cfn=(3200)
calls=1 0x25db00 -19 
* * 705
fi=(297)
+3 555 2
fi=(176)
+3 4045 2
fe=(294)
+2 62 2
+2 * 2
jcnd=2/2 +28 205 
* * 
+28 205 2
+4 * 2
+1 * 2
+2 * 2
+2 * 2
+2 * 2
+2 * 2
+1 * 2
+1 0 1
+7 0 1
jump=1 +16 144 
* 0 
+2 154 1
+3 * 1
fi=(176)
+2 4180 1
+3 * 1
fe=(294)
+4 155 1
jcnd=1/1 -96 +17 
* * 
+2 -11 1
+2 * 1
+3 +1 1
+2 * 1
+3 +1 1
+4 * 1
+3 * 1
+3 * 1
jump=1 -34 +8 
* * 

fl=(281)
fn=(1850)
0x298800 111 11
+1 * 11
+3 * 11
+2 * 11
+2 * 11
+1 * 11
fi=(233)
+1 2285 11
+4 * 11
+4 +1 11
+3 * 11
+3 * 11
fi=(270)
+3 4298 11
+3 * 11
jfi=(265)
jcnd=4/11 +25 405 
* * 
+2 2053 7
+2 * 7
+3 4252 7
fe=(281)
+3 128 7
+3 * 7
fi=(275)
+3 568 7
+6 0 7
fi=(265)
+3 405 7
+3 * 7
+3 * 7
fi=(177)
+3 1692 7
+3 * 7
fi=(265)
+3 25 7
jcnd=2/7 +18 -25 
* * 
-15 405 4
+3 * 4
+3 * 4
fi=(177)
+3 1692 4
+3 * 4
fi=(265)
+3 25 4
jcnd=4/4 +18 -25 
* * 
fi=(177)
-6 1692 29
+3 * 29
fi=(265)
+3 25 29
jcnd=4/29 +18 -25 
* * 
+2 407 30
fe=(281)
+4 132 30
+5 * 30
fi=(265)
+3 407 30
jfi=(177)
jcnd=29/30 -20 1692 
* * 
+2 * 1
jump=1 0x2988d3 0 
* * 
+2 0 10
+10 0 10
fi=(315)
+10 1299 10
+4 * 10
+4 * 10
+4 0 10
+8 0 10
fe=(281)
+3 142 10
+3 * 10
jcnd=6/10 +51 0 
* * 
fi=(315)
-6 0 5
fe=(281)
+3 142 5
+3 * 5
jcnd=3/5 +51 0 
* * 
+2 +4 6
+4 * 6
+5 +4 6
+3 19 6
+3 * 6
+3 * 6
+3 * 6
+5 151 6
+3 19 6
+3 * 6
+3 * 6
+3 152 6
+3 * 6
+3 * 6
+3 * 6
jfi=(315)
jcnd=5/6 -55 0 
* * 
+2 0 10
fi=(172)
+3 842 10
+2 0 10
fi=(177)
+2 1692 10
fi=(265)
+3 25 10
jfi=(281)
jcnd=3/10 +23 161 
* * 
fi=(177)
-3 1692 8
fi=(265)
+3 25 8
jfi=(281)
jcnd=3/8 +23 161 
* * 
+2 406 12
fe=(281)
+4 160 12
+5 * 12
fi=(265)
+3 407 12
jfi=(177)
jcnd=8/12 -17 1692 
* * 
+2 0 5
+5 0 5
fe=(281)
+2 161 11
+3 * 11
+4 * 11
+1 * 11
+2 * 11
+2 * 11
+1 * 11

fn=(1462)
0x298720 51 703
+2 * 703
+1 * 703
fi=(233)
+3 2285 703
+4 * 703
fe=(281)
+4 71 703
+3 * 703
jfi=(236)
jcnd=667/703 +10 1068 
* * 
+2 -71 36
+4 0 36
+2 81 36
jump=36 +50 -81 
* * 
fi=(236)
+2 1068 667
+3 * 667
fe=(281)
+4 39 667
+3 * 667
+2 -39 667
+3 0 667
+6 40 667
+4 * 667
jcnd=99/667 0x2987eb -40 
* * 
-4 * 1712
+4 * 1712
+6 +4 2280
+3 -5 2280
+3 * 2280
jcnd=1712/2280 -16 +1 
* * 
+2 -39 568
+4 81 568
+3 * 568
+2 -81 604
+10 0 604
fi=(315)
+10 1299 604
+4 * 604
+4 * 604
+4 0 604
+5 0 604
fe=(281)
+4 89 604
+3 -70 604
+3 * 604
+3 * 604
+3 * 604
+5 +71 604
+3 -71 604
+3 * 604
+3 * 604
+3 +72 604
+3 * 604
+3 * 604
+3 * 604
jcnd=103/604 +11 -91 
* * 
fi=(315)
-42 -91 113374
fe=(281)
+4 89 113374
+3 -70 113374
+3 * 113374
+3 * 113374
+3 * 113374
+5 +71 113374
+3 -71 113374
+3 * 113374
+3 * 113374
+3 +72 113374
+3 * 113374
+3 * 113374
+3 * 113374
jcnd=499/113374 +11 -91 
* * 
+2 +4 113376
+4 -14 113376
+3 * 113376
jfi=(315)
jcnd=113374/113376 -51 -81 
* * 
+2 -81 604
+2 39 604
+3 * 604
+2 -39 604
+4 40 604
+4 * 604
jcnd=121/604 +14 -40 
* * 
-4 * 2435
+4 * 2435
jcnd=482/2435 +14 -40 
* * 
+2 -1 2436
+3 * 2436
+3 * 2436
jcnd=2435/2436 -12 +1 
* * 
+2 +68 1
+1 * 1
+2 * 1
+1 0 603
+5 107 603
+1 * 603
+2 * 603
+1 0 99
+5 0 99
+3 107 99
+1 * 99
+2 * 99

fl=(403)
fn=(2102)
0x201220 426 1
+1 * 1
+3 * 1
+2 * 1
+2 * 1
+2 * 1
+2 * 1
+1 * 1
+7 * 1
+3 * 1
+4 * 1
+4 * 1
+3 * 1
+9 * 1
+7 * 1
fi=(414) /rustc/4a4ef493e3a1488c6e321570238084b38948f6db/library/std/src/sync/mpmc/select.rs
+4 5 1
+3 * 1
+7 * 1
+7 * 1
+11 -5 1
+2 0 1
jfi=(403)
jump=1 +24 0 
* 0 
-2 0 1
+2 0 1
jfi=(403)
jump=1 +24 0 
* 0 
fe=(403)
+24 0 2
fi=(176)
+3 4028 2
+3 * 2
fe=(403)
+4 291 2
+3 * 2
+3 * 2
+3 * 2
+4 +3 2
+4 * 2
jcnd=2/2 +89 +7 
* * 
+89 +7 2
+4 +2 2
+2 * 2
fi=(176)
+2 4513 2
+6 4027 2
fe=(403)
+7 308 2
+3 * 2
+3 * 2
+3 * 2
jcnd=1/2 0x201400 +2 
* * 
+6 +13 1
+3 * 1
+2 * 1
+4 * 1
+3 * 1
+3 +7 1
+3 * 1
fi=(176)
+2 4207 1
fe=(403)
+5 336 1
jcnd=1/1 0x20154e +8 
* * 
0x201400 -26 1
+3 * 1
+6 435 1
+3 * 1
+6 * 1
+2 * 1
+4 +1 1
cfi=(356)
cfn=(1752)
calls=1 0x25df40 289 
* * 29
fi=(356)
+6 26 1
+3 * 1
jfi=(403)
jcnd=1/1 +11 436 
* * 
fe=(403)
+11 436 1
fi=(404)
+6 46 1
+7 * 1
+4 * 1
+4 * 1
+4 * 1
+4 * 1
fi=(405)
+4 +13 1
+5 * 1
jfi=(373)
jcnd=1/1 0x2014d8 -59 
* * 
fi=(173)
+6 900 1
+3 +1 1
fi=(404)
+7 53 1
+3 * 1
+6 +2 1
fi=(176)
+4 4013 1
+8 * 1
fi=(173)
+8 901 1
fi=(263)
+8 1015 1
+7 * 1
+4 * 1
+4 * 1
+3 * 1
+4 * 1
fi=(404)
+3 49 1
+4 * 1
+3 * 1
cfi=(403)
cfn=(2150) std::sync::mpmc::list::Channel<T>::recv::{{closure}}
calls=1 0x201840 442 
* * 546
fi=(173)
+5 900 1
+3 * 1
+4 +1 1
fi=(233)
+3 -96 1
+3 * 1
jfi=(414)
jcnd=1/1 0x201272 0 
* * 
fi=(373)
+31 0 1
fi=(405)
+4 62 1
+2 * 1
cfn=(2112) std::sys::thread_local::native::lazy::Storage<T,D>::get_or_init_slow
calls=1 0x1ffd80 +7 
* * 819
+5 * 1
fi=(328)
+3 268 1
+3 * 1
jfi=(173)
jcnd=1/1 0x201458 900 
* * 
fe=(403)
0x20154e +76 1
+4 * 1
jcnd=1/1 +44 +11 
* * 
+44 +11 1
+7 +1 1
fi=(275)
+7 253 1
+7 * 1
+4 * 1
fi=(176)
+4 4028 1
fe=(403)
+8 47 1
+2 * 1
jfi=(279)
jcnd=1/1 0x201618 -18 
* * 
fi=(279)
0x201618 -18 1
+3 * 1
+4 * 1
+7 * 1
+5 * 1
cob=(2)
cfi=(214)
cfn=(708)
calls=1 0x188a80 255 
* * 65
fe=(403)
+6 385 1
+4 * 1
+4 * 1
jfi=(176)
jcnd=1/1 0x2016b9 4261 
* * 
fi=(176)
0x2016b9 4261 1
+7 * 1
+3 * 1
+4 * 1
+9 * 1
fe=(403)
+2 387 1
+2 * 1
jfi=(245)
jcnd=1/1 +27 966 
* * 
fi=(245)
+27 966 1
+4 * 1
jfi=(403)
jcnd=1/1 0x201759 0 
* * 
fe=(403)
0x201759 0 1
fi=(279)
+4 29 1
+4 * 1
+7 -16 1
+5 * 1
cob=(2)
cfi=(214)
cfn=(708)
calls=1 0x188a80 255 
* * 65
fe=(403)
+6 -13 1
+3 466 1
+7 * 1
+1 * 1
+2 * 1
+2 * 1
+2 * 1
+2 * 1
+1 * 1

fn=(2150)
0x201840 442 1
+1 * 1
+3 * 1
+2 * 1
+2 * 1
+2 * 1
+2 * 1
+1 * 1
+4 * 1
+3 * 1
+3 +1 1
+3 +1 1
+4 * 1
+7 * 1
+4 * 1
+4 * 1
+3 * 1
cfi=(412) /rustc/4a4ef493e3a1488c6e321570238084b38948f6db/library/std/src/sync/mpmc/waker.rs
cfn=(2152) std::sync::mpmc::waker::SyncWaker::register
calls=1 0x202ce0 152 
* * 288
fi=(176)
+5 4029 1
+3 * 1
fe=(403)
+7 623 1
+3 * 1
+4 447 1
fi=(176)
+2 4029 1
fe=(403)
+7 447 1
+2 * 1
jcnd=1/1 +15 +6 
* * 
+15 +6 1
+4 * 1
+4 * 1
+4 * 1
+7 * 1
jcnd=1/1 0x201936 0 
* * 
fi=(414)
+43 52 1
+3 * 1
+4 * 1
jfi=(403)
jcnd=1/1 +66 464 
* * 
fe=(403)
+66 464 1
+4 * 1
+1 * 1
+2 * 1
+2 * 1
+2 * 1
+2 * 1
+1 * 1
+1 0 1
+3 0 1
fi=(176)
+7 4028 1
fi=(414)
+4 52 1
+3 * 1
+2 -52 1
fi=(404)
+7 129 1
cfi=(356)
cfn=(1752)
calls=1 0x25df40 289 
* * 29
+3 * 1
+2 * 1
+2 * 1
+3 * 1
fi=(236)
+3 473 1
fi=(356)
+2 26 1
fi=(236)
+3 473 1
fi=(356)
+4 26 1
fi=(404)
+3 131 1
+3 * 1
+2 +2 1
+3 * 1
+3 * 1
+3 * 1
cfi=(370)
cfn=(2088)
calls=1 0x27f170 470 
* * 56
+6 * 1
+3 * 1
+3 * 1
cfi=(376)
cfn=(2168)
calls=1 0x25e350 -2 
* * 104
fi=(176)
+6 4028 1
fi=(414)
+4 52 1
+3 * 1
+2 * 1
jump=1 0x2018de * 
* * 
fe=(403)

fl=(485) /home/ecuodah/Documents/ssi/hqc/hqc/src/reed_muller.rs
fn=(2638) hqc::reed_muller::reed_muller_decode
0x2404a0 93 100
+1 * 100
+2 * 100
+2 * 100
+2 * 100
+2 * 100
+1 * 100
+7 * 100
+3 * 100
+8 * 100
+3 * 100
+4 * 100
+8 * 100
+8 * 100
+3 * 100
+8 * 100
+7 * 100
+3 -93 100
+8 102 100
+9 * 100
+9 * 100
+9 * 100
+9 * 100
+9 * 100
+9 * 100
+9 * 100
+9 * 100
+6 * 100
+6 * 100
+6 * 100
+6 * 100
+6 * 100
+6 * 100
+6 * 100
+5 * 100
+5 * 100
+3 0 100
+1 0 100
+2 42 100
+3 * 100
+2 * 100
+3 * 100
+5 * 100
+4 * 100
+5 * 100
+5 * 100
+4 * 100
+4 * 100
+6 * 100
+2 * 100
+3 * 100
+3 * 100
+5 * 100
+2 * 100
+3 * 100
+3 * 100
+5 * 100
+2 * 100
+3 * 100
+3 * 100
0x2404f0 +60 4500
+9 * 4500
+9 * 4500
+9 * 4500
+9 * 4500
+9 * 4500
+9 * 4500
+9 * 4500
+9 * 4500
+6 * 4500
+6 * 4500
+6 * 4500
+6 * 4500
+6 * 4500
+6 * 4500
+6 * 4500
+5 * 4500
+5 * 4500
+3 0 4500
+1 0 4500
+2 42 4500
+3 * 4500
+2 * 4500
+3 * 4500
+5 * 4500
+4 * 4500
+5 * 4500
+5 * 4500
+4 * 4500
+4 * 4500
+6 * 4500
+2 * 4500
+3 * 4500
+3 * 4500
+5 * 4500
+2 * 4500
+3 * 4500
+3 * 4500
+5 * 4500
+2 * 4500
+3 * 4500
+3 * 4500
+5 * 4500
+2 * 4500
+3 * 4500
+3 * 4500
+5 * 4500
+2 * 4500
+3 * 4500
+3 * 4500
+5 * 4500
+2 * 4500
+3 * 4500
+3 * 4500
+5 * 4500
+3 * 4500
+5 * 4500
+2 * 4500
+3 * 4500
+3 * 4500
0x240570 -42 13800
+2 42 13800
+3 * 13800
+2 * 13800
+3 * 13800
+5 * 13800
+4 * 13800
+5 * 13800
+5 * 13800
+4 * 13800
+4 * 13800
+6 * 13800
+2 * 13800
+3 * 13800
+3 * 13800
+5 * 13800
+2 * 13800
+3 * 13800
+3 * 13800
+5 * 13800
+2 * 13800
+3 * 13800
+3 * 13800
+5 * 13800
+2 * 13800
+3 * 13800
+3 * 13800
+5 * 13800
+2 * 13800
+3 * 13800
+3 * 13800
+5 * 13800
+2 * 13800
+3 * 13800
+3 * 13800
+5 * 13800
+3 * 13800
+5 * 13800
+2 * 13800
+3 * 13800
+3 * 13800
+5 * 13800
+2 * 13800
+3 * 13800
+3 * 13800
+5 * 13800
+2 * 13800
+3 * 13800
+3 * 13800
+5 * 13800
+2 * 13800
+3 * 13800
+3 * 13800
+5 * 13800
+2 * 13800
+3 * 13800
+3 * 13800
+5 * 13800
+2 * 13800
+3 * 13800
0x2405c2 * 100
+2 * 100
+3 * 100
+3 * 100
+5 * 100
+2 * 100
+3 * 100
+3 * 100
+5 * 100
+2 * 100
+3 * 100
+3 * 100
+5 * 100
+3 * 100
+5 * 100
+2 * 100
+3 * 100
+3 * 100
+5 * 100
+2 * 100
+3 * 100
+3 * 100
+5 * 100
+2 * 100
+3 * 100
+3 * 100
+5 * 100
+2 * 100
+3 * 100
+3 * 100
+5 * 100
+2 * 100
+3 * 100
+3 * 100
+5 * 100
+2 * 100
+3 * 100
+3 * 100
+5 * 100
+2 * 100
+3 * 100
+3 * 100
+5 * 100
+2 * 100
+3 * 100
+3 * 100
+5 * 100
+2 * 100
+3 * 100
+3 * 100
+5 * 100
+2 * 100
+3 * 100
+3 * 100
+5 * 100
+2 * 100
+3 * 100
+3 * 100
+5 * 100
+2 * 100
0x2405fe * 4500
+2 * 4500
+3 * 4500
+3 * 4500
+5 * 4500
+2 * 4500
+3 * 4500
+3 * 4500
+5 * 4500
+2 * 4500
+3 * 4500
+3 * 4500
+5 * 4500
+2 * 4500
+3 * 4500
+3 * 4500
+5 * 4500
+2 * 4500
+3 * 4500
+3 * 4500
+5 * 4500
+2 * 4500
+3 * 4500
+3 * 4500
+5 * 4500
+2 * 4500
+3 * 4500
+3 * 4500
+5 * 4500
+2 * 4500
+3 * 4500
+3 * 4500
+5 * 4500
+2 * 4500
+3 * 4500
+3 * 4500
+5 * 4500
+2 * 4500
+3 * 4500
+3 * 4500
+5 * 4500
+2 * 4500
+3 * 4500
+3 * 4500
+5 * 4500
+2 * 4500
+3 * 4500
+3 * 4500
+5 * 4500
+2 * 4500
+3 * 4500
+3 * 4500
+5 * 4500
+2 * 4500
+3 * 4500
+3 * 4500
+5 * 4500
+3 * 4500
fi=(448)
+4 1908 4500
+4 * 4500
fe=(485)
0x24063a 42 13800
+5 * 13800
+2 * 13800
+3 * 13800
+3 * 13800
+5 * 13800
+2 * 13800
+3 * 13800
+3 * 13800
+5 * 13800
+2 * 13800
+3 * 13800
+3 * 13800
+5 * 13800
+2 * 13800
+3 * 13800
+3 * 13800
+5 * 13800
+2 * 13800
+3 * 13800
+3 * 13800
+5 * 13800
+2 * 13800
+3 * 13800
+3 * 13800
+5 * 13800
+2 * 13800
+3 * 13800
+3 * 13800
+5 * 13800
+2 * 13800
+3 * 13800
+3 * 13800
+5 * 13800
+2 * 13800
+3 * 13800
+3 * 13800
+5 * 13800
+3 * 13800
fi=(448)
+4 1908 13800
+4 * 13800
+4 * 13800
fi=(474)
+6 772 13800
jfi=(485)
jcnd=9200/13800 0x240570 0 
* * 
fe=(485)
-68 42 100
+3 * 100
+5 * 100
+2 * 100
+3 * 100
+3 * 100
+5 * 100
+2 * 100
+3 * 100
+3 * 100
+5 * 100
+2 * 100
+3 * 100
+3 * 100
+5 * 100
+3 * 100
fi=(448)
+4 1908 100
+4 * 100
+4 * 100
fi=(474)
+6 772 100
jfi=(485)
jcnd=100/100 0x240570 0 
* * 
fi=(448)
-6 1908 4500
fi=(474)
+6 772 4500
jfi=(485)
jcnd=4500/4500 0x240570 0 
* * 
+6 0 4600
+5 0 4600
+2 0 4600
+10 772 4600
+4 * 4600
+3 * 4600
+5 0 4600
+4 0 4600
fe=(485)
+2 49 4600
+2 * 4600
+3 * 4600
+5 * 4600
+4 * 4600
+5 * 4600
+5 * 4600
+4 * 4600
+4 * 4600
+6 * 4600
+4 * 4600
+6 * 4600
+4 * 4600
+6 * 4600
+4 * 4600
+6 * 4600
+4 * 4600
+6 * 4600
+4 * 4600
+6 * 4600
+3 * 4600
+4 * 4600
+6 * 4600
+3 * 4600
+4 * 4600
+4 * 4600
+3 * 4600
+6 * 4600
+5 * 4600
+5 * 4600
+4 * 4600
+6 * 4600
+5 * 4600
+4 * 4600
+5 * 4600
+4 * 4600
+5 * 4600
+4 * 4600
+4 * 4600
+5 * 4600
+4 * 4600
+5 * 4600
+4 * 4600
+4 * 4600
+4 * 4600
+5 * 4600
+4 * 4600
+5 * 4600
+4 * 4600
+4 * 4600
+5 * 4600
+5 * 4600
fi=(474)
0x2406e0 772 4600
+4 * 4600
+3 * 4600
+5 0 4600
+4 0 4600
fe=(485)
+2 49 4600
+2 * 4600
+3 * 4600
+5 * 4600
+4 * 4600
+5 * 4600
+5 * 4600
+4 * 4600
+4 * 4600
+6 * 4600
+4 * 4600
+6 * 4600
+4 * 4600
+6 * 4600
+4 * 4600
+6 * 4600
+4 * 4600
+6 * 4600
+4 * 4600
+6 * 4600
+3 * 4600
+4 * 4600
+6 * 4600
+3 * 4600
+4 * 4600
+4 * 4600
+3 * 4600
+6 * 4600
+5 * 4600
+5 * 4600
+4 * 4600
+6 * 4600
+5 * 4600
+4 * 4600
+5 * 4600
+4 * 4600
+5 * 4600
+4 * 4600
+4 * 4600
+5 * 4600
+4 * 4600
+5 * 4600
+4 * 4600
+4 * 4600
+4 * 4600
+5 * 4600
+4 * 4600
+5 * 4600
+4 * 4600
+4 * 4600
+5 * 4600
+5 * 4600
+4 * 4600
+4 * 4600
+5 * 4600
fi=(474)
0x2406f0 -49 27600
fe=(485)
+2 49 27600
+2 * 27600
+3 * 27600
+5 * 27600
+4 * 27600
+5 * 27600
+5 * 27600
+4 * 27600
+4 * 27600
+6 * 27600
+4 * 27600
+6 * 27600
+4 * 27600
+6 * 27600
+4 * 27600
+6 * 27600
+4 * 27600
+6 * 27600
+4 * 27600
+6 * 27600
+3 * 27600
+4 * 27600
+6 * 27600
+3 * 27600
+4 * 27600
+4 * 27600
+3 * 27600
+6 * 27600
+5 * 27600
+5 * 27600
+4 * 27600
+6 * 27600
+5 * 27600
+4 * 27600
+5 * 27600
+4 * 27600
+5 * 27600
+4 * 27600
+4 * 27600
+5 * 27600
+4 * 27600
+5 * 27600
+4 * 27600
+4 * 27600
+4 * 27600
+5 * 27600
+4 * 27600
+5 * 27600
+4 * 27600
+4 * 27600
+5 * 27600
+5 * 27600
+4 * 27600
+4 * 27600
+5 * 27600
+5 * 27600
+4 * 27600
+4 * 27600
+6 * 27600
-28 * 4600
+4 * 4600
+5 * 4600
+5 * 4600
+4 * 4600
+4 * 4600
+6 * 4600
+6 * 4600
+4 * 4600
+6 * 4600
+4 * 4600
+6 * 4600
+4 * 4600
+6 * 4600
+4 * 4600
+6 * 4600
+4 * 4600
+6 * 4600
+4 * 4600
+6 * 4600
+2 * 4600
+3 * 4600
+3 * 4600
+3 * 4600
+5 * 4600
+4 * 4600
+5 * 4600
+4 * 4600
fi=(448)
+5 1908 4600
+4 * 4600
+4 * 4600
fi=(474)
+4 772 4600
jcnd=4600/4600 0x2406f0 0 
* * 
fe=(485)
0x2407ea 49 4600
+4 * 4600
+4 * 4600
+6 * 4600
+6 * 4600
+4 * 4600
+6 * 4600
+4 * 4600
+6 * 4600
+4 * 4600
+6 * 4600
+4 * 4600
+6 * 4600
+4 * 4600
+6 * 4600
+4 * 4600
+6 * 4600
+2 * 4600
+3 * 4600
+3 * 4600
+3 * 4600
+5 * 4600
+4 * 4600
+5 * 4600
+4 * 4600
fi=(448)
+5 1908 4600
+4 * 4600
+4 * 4600
fi=(474)
+4 772 4600
jcnd=4600/4600 0x2406f0 0 
* * 
fe=(485)
0x2407fe 49 27600
+4 * 27600
+6 * 27600
+4 * 27600
+6 * 27600
+4 * 27600
+6 * 27600
+4 * 27600
+6 * 27600
+4 * 27600
+6 * 27600
+4 * 27600
+6 * 27600
+2 * 27600
+3 * 27600
+3 * 27600
+3 * 27600
+5 * 27600
+4 * 27600
+5 * 27600
+4 * 27600
fi=(448)
+5 1908 27600
+4 * 27600
+4 * 27600
fi=(474)
+4 772 27600
jcnd=18400/27600 0x2406f0 0 
* * 
+6 0 9200
+5 772 9200
+3 * 9200
+2 * 9200
jcnd=4600/9200 0x2406e0 * 
* * 
fe=(485)
+6 105 4600
+9 * 4600
+9 * 4600
+9 * 4600
+9 * 4600
+9 * 4600
+9 * 4600
+9 * 4600
+9 * 4600
+9 * 4600
+9 * 4600
+9 * 4600
+9 * 4600
+9 * 4600
+9 * 4600
+9 * 4600
+9 -73 4600
+5 * 4600
+5 * 4600
+5 * 4600
+5 * 4600
+5 * 4600
+5 * 4600
+5 * 4600
+5 * 4600
+4 * 4600
+4 * 4600
+9 +1 4600
+4 * 4600
+9 -1 4600
+6 * 4600
+6 * 4600
+6 * 4600
+6 * 4600
+5 * 4600
+5 * 4600
+5 * 4600
+5 * 4600
+5 * 4600
+5 * 4600
+5 * 4600
+5 * 4600
+5 * 4600
+5 * 4600
+4 * 4600
+4 * 4600
+5 * 4600
+5 * 4600
+5 * 4600
+5 +1 4600
+4 -1 4600
+4 * 4600
+4 * 4600
+9 +1 4600
+4 * 4600
+4 * 4600
+9 -1 4600
+5 * 4600
+5 * 4600
+5 * 4600
+5 * 4600
+5 * 4600
+5 * 4600
+5 * 4600
+5 * 4600
+5 * 4600
+5 * 4600
+4 * 4600
+4 * 4600
+5 * 4600
+5 * 4600
+5 * 4600
+5 +1 4600
+4 -1 4600
+4 * 4600
+4 * 4600
+9 +1 4600
+4 * 4600
+4 * 4600
+9 -1 4600
+6 * 4600
+5 * 4600
+5 * 4600
+5 * 4600
+5 * 4600
+5 * 4600
+5 * 4600
+5 * 4600
+6 * 4600
+5 * 4600
+5 * 4600
+5 * 4600
+4 * 4600
+4 * 4600
+5 * 4600
+5 * 4600
+5 * 4600
+5 +1 4600
+4 -1 4600
+4 * 4600
+4 * 4600
+9 +1 4600
+4 * 4600
+4 * 4600
+9 -1 4600
+6 * 4600
+5 * 4600
+5 * 4600
+5 * 4600
+5 * 4600
+5 * 4600
+5 * 4600
+5 * 4600
+9 * 4600
+5 * 4600
+5 * 4600
+5 * 4600
+4 * 4600
+4 * 4600
+5 * 4600
+5 * 4600
+5 * 4600
+5 +1 4600
+4 -1 4600
+4 * 4600
+4 * 4600
+9 +1 4600
+4 * 4600
+4 * 4600
+9 -1 4600
+9 * 4600
+5 * 4600
+5 * 4600
+5 * 4600
+5 * 4600
+5 * 4600
+5 * 4600
+5 * 4600
+4 * 4600
+4 * 4600
+9 * 4600
+9 * 4600
+9 * 4600
+9 * 4600
+5 * 4600
+5 * 4600
+5 * 4600
+5 * 4600
+5 * 4600
+5 * 4600
+5 +1 4600
+4 -1 4600
+4 * 4600
+4 * 4600
+9 +1 4600
+4 * 4600
+4 * 4600
+9 -1 4600
+5 * 4600
+5 * 4600
+5 * 4600
+5 * 4600
+5 * 4600
+5 * 4600
+5 * 4600
+4 * 4600
+4 * 4600
+5 * 4600
+5 * 4600
+5 * 4600
+5 * 4600
+5 * 4600
+5 * 4600
+5 +1 4600
+4 -1 4600
+4 * 4600
+4 * 4600
+9 +1 4600
+4 * 4600
+4 * 4600
+9 -1 4600
+5 * 4600
+5 * 4600
+5 * 4600
+5 * 4600
+5 * 4600
+5 * 4600
+5 * 4600
+4 * 4600
+4 * 4600
+9 * 4600
+5 * 4600
+5 * 4600
+5 * 4600
+5 * 4600
+5 * 4600
+5 * 4600
+5 +1 4600
+4 -1 4600
+4 * 4600
+4 * 4600
+9 +1 4600
+4 * 4600
+4 * 4600
+9 -1 4600
+9 * 4600
+5 * 4600
+5 * 4600
+5 * 4600
+5 * 4600
+5 * 4600
+5 * 4600
+5 * 4600
+4 * 4600
+4 * 4600
+9 +1 4600
+4 * 4600
fi=(455)
+9 547 4600
+5 * 4600
+3 * 4600
+3 * 4600
cob=(2)
cfi=(214)
cfn=(708)
calls=4600 0x188a80 255 
* * 138000
fe=(485)
+2 32 4600
+5 * 4600
+6 * 4600
+6 * 4600
+6 * 4600
+5 * 4600
+5 * 4600
+5 * 4600
+5 * 4600
+5 * 4600
+5 * 4600
+5 * 4600
+5 * 4600
+5 * 4600
+5 * 4600
+4 * 4600
+4 * 4600
+5 * 4600
+5 * 4600
+5 * 4600
+5 +1 4600
+4 -1 4600
+4 * 4600
+4 * 4600
+9 +1 4600
+4 * 4600
+4 * 4600
+9 -1 4600
+5 * 4600
+5 * 4600
+5 * 4600
+5 * 4600
+5 * 4600
+5 * 4600
+5 * 4600
+5 * 4600
+5 * 4600
+5 * 4600
+4 * 4600
+4 * 4600
+5 * 4600
+5 * 4600
+5 * 4600
+5 +1 4600
+4 -1 4600
+4 * 4600
+4 * 4600
+9 +1 4600
+4 * 4600
+4 * 4600
+9 -1 4600
+6 * 4600
+5 * 4600
+5 * 4600
+5 * 4600
+5 * 4600
+5 * 4600
+5 * 4600
+5 * 4600
+6 * 4600
+5 * 4600
+5 * 4600
+5 * 4600
+4 * 4600
+4 * 4600
+5 * 4600
+5 * 4600
+5 * 4600
+5 +1 4600
+4 -1 4600
+4 * 4600
+4 * 4600
+9 +1 4600
+4 * 4600
+4 * 4600
+9 -1 4600
+6 * 4600
+5 * 4600
+5 * 4600
+5 * 4600
+5 * 4600
+5 * 4600
+5 * 4600
+5 * 4600
+6 * 4600
+5 * 4600
+5 * 4600
+5 * 4600
+4 * 4600
+4 * 4600
+5 * 4600
+5 * 4600
+5 * 4600
+5 +1 4600
+4 -1 4600
+4 * 4600
+4 * 4600
+9 +1 4600
+4 * 4600
+4 * 4600
+9 -1 4600
+9 * 4600
+5 * 4600
+5 * 4600
+5 * 4600
+5 * 4600
+5 * 4600
+5 * 4600
+5 * 4600
+4 * 4600
+4 * 4600
+9 +1 4600
+4 * 4600
+9 -1 4600
+9 * 4600
+5 * 4600
+5 * 4600
+5 * 4600
+5 * 4600
+5 * 4600
+5 * 4600
+5 * 4600
+4 * 4600
+4 * 4600
+9 +1 4600
+4 * 4600
+9 -1 4600
+9 * 4600
+5 * 4600
+5 * 4600
+5 * 4600
+5 * 4600
+5 * 4600
+5 * 4600
+5 * 4600
+4 * 4600
+4 * 4600
+9 +1 4600
+4 * 4600
+9 -1 4600
+9 * 4600
+5 * 4600
+5 * 4600
+5 * 4600
+5 * 4600
+5 * 4600
+5 * 4600
+5 * 4600
+4 * 4600
+4 * 4600
+9 +1 4600
+4 * 4600
+9 -1 4600
+9 * 4600
+5 * 4600
+5 * 4600
+5 * 4600
+5 * 4600
+5 * 4600
+5 * 4600
+5 * 4600
+4 * 4600
+4 * 4600
+9 +1 4600
+4 * 4600
+9 -1 4600
+9 * 4600
+5 * 4600
+5 * 4600
+5 * 4600
+5 * 4600
+5 * 4600
+5 * 4600
+5 * 4600
+4 * 4600
+4 * 4600
+9 +1 4600
+4 * 4600
+9 -1 4600
+9 * 4600
+5 * 4600
+5 * 4600
+5 * 4600
+5 * 4600
+5 * 4600
+5 * 4600
+5 * 4600
+4 * 4600
+4 * 4600
+9 +1 4600
+4 * 4600
+9 -1 4600
+9 * 4600
+5 * 4600
+5 * 4600
+5 * 4600
+5 * 4600
+5 * 4600
+5 * 4600
+5 * 4600
+4 * 4600
+4 * 4600
+9 +1 4600
+4 * 4600
fi=(455)
+9 547 4600
+5 * 4600
+3 * 4600
+3 * 4600
cob=(2)
cfi=(214)
cfn=(708)
calls=4600 0x188a80 255 
* * 138000
fe=(485)
+2 32 4600
+5 * 4600
+6 * 4600
+6 * 4600
+6 * 4600
+5 * 4600
+5 * 4600
+5 * 4600
+5 * 4600
+5 * 4600
+5 * 4600
+5 * 4600
+5 * 4600
+5 * 4600
+5 * 4600
+4 * 4600
+4 * 4600
+5 * 4600
+5 * 4600
+5 * 4600
+5 +1 4600
+4 -1 4600
+4 * 4600
+4 * 4600
+9 +1 4600
+4 * 4600
+4 * 4600
+9 -1 4600
+5 * 4600
+5 * 4600
+5 * 4600
+5 * 4600
+5 * 4600
+5 * 4600
+5 * 4600
+5 * 4600
+5 * 4600
+5 * 4600
+4 * 4600
+4 * 4600
+5 * 4600
+5 * 4600
+5 * 4600
+5 +1 4600
+4 -1 4600
+4 * 4600
+4 * 4600
+9 +1 4600
+4 * 4600
+4 * 4600
+9 -1 4600
+6 * 4600
+5 * 4600
+5 * 4600
+5 * 4600
+5 * 4600
+5 * 4600
+5 * 4600
+5 * 4600
+6 * 4600
+5 * 4600
+5 * 4600
+5 * 4600
+4 * 4600
+4 * 4600
+5 * 4600
+5 * 4600
+5 * 4600
+5 +1 4600
+4 -1 4600
+4 * 4600
+4 * 4600
+9 +1 4600
+4 * 4600
+4 * 4600
+9 -1 4600
+6 * 4600
+5 * 4600
+5 * 4600
+5 * 4600
+5 * 4600
+5 * 4600
+5 * 4600
+5 * 4600
+6 * 4600
+5 * 4600
+5 * 4600
+5 * 4600
+4 * 4600
+4 * 4600
+5 * 4600
+5 * 4600
+5 * 4600
+5 +1 4600
+4 -1 4600
+4 * 4600
+4 * 4600
+9 +1 4600
+4 * 4600
+4 * 4600
+9 -1 4600
+9 * 4600
+5 * 4600
+5 * 4600
+5 * 4600
+5 * 4600
+5 * 4600
+5 * 4600
+5 * 4600
+4 * 4600
+4 * 4600
+9 +1 4600
+4 * 4600
+9 -1 4600
+9 * 4600
+5 * 4600
+5 * 4600
+5 * 4600
+5 * 4600
+5 * 4600
+5 * 4600
+5 * 4600
+4 * 4600
+4 * 4600
+9 +1 4600
+4 * 4600
+9 -1 4600
+9 * 4600
+5 * 4600
+5 * 4600
+5 * 4600
+5 * 4600
+5 * 4600
+5 * 4600
+5 * 4600
+4 * 4600
+4 * 4600
+9 +1 4600
+4 * 4600
+9 -1 4600
+9 * 4600
+5 * 4600
+5 * 4600
+5 * 4600
+5 * 4600
+5 * 4600
+5 * 4600
+5 * 4600
+4 * 4600
+4 * 4600
+9 +1 4600
+4 * 4600
+9 -1 4600
+9 * 4600
+5 * 4600
+5 * 4600
+5 * 4600
+5 * 4600
+5 * 4600
+5 * 4600
+5 * 4600
+4 * 4600
+4 * 4600
+9 +1 4600
+4 * 4600
+9 -1 4600
+9 * 4600
+5 * 4600
+5 * 4600
+5 * 4600
+5 * 4600
+5 * 4600
+5 * 4600
+5 * 4600
+4 * 4600
+4 * 4600
+9 +1 4600
+4 * 4600
+9 -1 4600
+9 * 4600
+5 * 4600
+5 * 4600
+5 * 4600
+5 * 4600
+5 * 4600
+5 * 4600
+5 * 4600
+4 * 4600
+4 * 4600
+9 +1 4600
+4 * 4600
+9 -1 4600
+9 * 4600
+5 * 4600
+5 * 4600
+5 * 4600
+5 * 4600
+5 * 4600
+5 * 4600
+5 * 4600
+4 * 4600
+4 * 4600
+9 +1 4600
+4 * 4600
fi=(455)
+9 547 4600
+5 * 4600
+3 * 4600
+3 * 4600
cob=(2)
cfi=(214)
cfn=(708)
calls=4600 0x188a80 255 
* * 138000
fe=(485)
+2 32 4600
+5 * 4600
+6 * 4600
+6 * 4600
+6 * 4600
+5 * 4600
+5 * 4600
+5 * 4600
+5 * 4600
+5 * 4600
+5 * 4600
+5 * 4600
+4 * 4600
+4 * 4600
+9 +1 4600
+4 * 4600
+9 -1 4600
+5 * 4600
+5 * 4600
+5 * 4600
+5 * 4600
+5 * 4600
+5 * 4600
+5 * 4600
+4 * 4600
+4 * 4600
+9 +1 4600
+4 * 4600
+9 -1 4600
+5 * 4600
+5 * 4600
+5 * 4600
+5 * 4600
+5 * 4600
+5 * 4600
+5 * 4600
+4 * 4600
+4 * 4600
+9 +1 4600
+4 * 4600
+9 -1 4600
+5 * 4600
+5 * 4600
+5 * 4600
+5 * 4600
+5 * 4600
+5 * 4600
+5 * 4600
+4 * 4600
+4 * 4600
+9 +1 4600
+4 * 4600
+9 -1 4600
+6 * 4600
+5 * 4600
+5 * 4600
+5 * 4600
+5 * 4600
+5 * 4600
+5 * 4600
+5 * 4600
+4 * 4600
+4 * 4600
+9 +1 4600
+4 * 4600
+9 -1 4600
+6 * 4600
+5 * 4600
+5 * 4600
+5 * 4600
+5 * 4600
+5 * 4600
+5 * 4600
+5 * 4600
+4 * 4600
+4 * 4600
+9 +1 4600
+4 * 4600
+9 -1 4600
+6 * 4600
+6 * 4600
+9 * 4600
+9 * 4600
+5 * 4600
+5 * 4600
+5 * 4600
+5 * 4600
+5 * 4600
+5 * 4600
+5 * 4600
+5 * 4600
+5 * 4600
+5 * 4600
+4 * 4600
+4 * 4600
+5 * 4600
+5 * 4600
+5 * 4600
+5 +1 4600
+4 -1 4600
+4 * 4600
+4 * 4600
+9 +1 4600
+4 * 4600
+4 * 4600
+9 -1 4600
+5 * 4600
+5 * 4600
+5 * 4600
+5 * 4600
+5 * 4600
+5 * 4600
+5 * 4600
+5 * 4600
+5 * 4600
+5 * 4600
+4 * 4600
+4 * 4600
+5 * 4600
+5 * 4600
+5 * 4600
+5 +1 4600
+4 -1 4600
+4 * 4600
+4 * 4600
+9 +1 4600
+4 * 4600
+4 * 4600
+9 -1 4600
+9 * 4600
+5 * 4600
+5 * 4600
+5 * 4600
+5 * 4600
+5 * 4600
+5 * 4600
+5 * 4600
+9 * 4600
+5 * 4600
+5 * 4600
+5 * 4600
+4 * 4600
+4 * 4600
+5 * 4600
+5 * 4600
+5 * 4600
+5 +1 4600
+4 -1 4600
+4 * 4600
+4 * 4600
+9 +1 4600
+4 * 4600
+4 * 4600
+9 -1 4600
+9 * 4600
+5 * 4600
+5 * 4600
+5 * 4600
+5 * 4600
+5 * 4600
+5 * 4600
+5 * 4600
+9 * 4600
+5 * 4600
+5 * 4600
+5 * 4600
+4 * 4600
+4 * 4600
+5 * 4600
+5 * 4600
+5 * 4600
+5 +1 4600
+4 -1 4600
+4 * 4600
+4 * 4600
+9 +1 4600
+4 * 4600
+4 * 4600
+9 -1 4600
+9 * 4600
+5 * 4600
+5 * 4600
+5 * 4600
+5 * 4600
+5 * 4600
+5 * 4600
+5 * 4600
+4 * 4600
+4 * 4600
+9 * 4600
+5 * 4600
+5 * 4600
+5 * 4600
+5 * 4600
+5 * 4600
+5 * 4600
+5 +1 4600
+4 -1 4600
+4 * 4600
+4 * 4600
+9 +1 4600
+4 * 4600
+4 * 4600
fi=(455)
+9 547 4600
+5 * 4600
+3 * 4600
+3 * 4600
cob=(2)
cfi=(214)
cfn=(708)
calls=4600 0x188a80 255 
* * 138000
fe=(485)
+2 32 4600
+5 * 4600
+6 * 4600
+6 * 4600
+6 * 4600
+5 * 4600
+5 * 4600
+5 * 4600
+5 * 4600
+5 * 4600
+5 * 4600
+5 * 4600
+4 * 4600
+4 * 4600
+9 +1 4600
+4 * 4600
+9 -1 4600
+5 * 4600
+5 * 4600
+5 * 4600
+5 * 4600
+5 * 4600
+5 * 4600
+5 * 4600
+4 * 4600
+4 * 4600
+9 +1 4600
+4 * 4600
+9 -1 4600
+5 * 4600
+5 * 4600
+5 * 4600
+5 * 4600
+5 * 4600
+5 * 4600
+5 * 4600
+4 * 4600
+4 * 4600
+9 +1 4600
+4 * 4600
+9 -1 4600
+5 * 4600
+5 * 4600
+5 * 4600
+5 * 4600
+5 * 4600
+5 * 4600
+5 * 4600
+4 * 4600
+4 * 4600
+9 +1 4600
+4 * 4600
+9 -1 4600
+6 * 4600
+5 * 4600
+5 * 4600
+5 * 4600
+5 * 4600
+5 * 4600
+5 * 4600
+5 * 4600
+4 * 4600
+4 * 4600
+9 +1 4600
+4 * 4600
+9 -1 4600
+6 * 4600
+5 * 4600
+5 * 4600
+5 * 4600
+5 * 4600
+5 * 4600
+5 * 4600
+5 * 4600
+4 * 4600
+4 * 4600
+9 +1 4600
+4 * 4600
+9 -1 4600
+6 * 4600
+6 * 4600
+9 * 4600
+9 * 4600
+5 * 4600
+5 * 4600
+5 * 4600
+5 * 4600
+5 * 4600
+5 * 4600
+5 * 4600
+5 * 4600
+5 * 4600
+5 * 4600
+4 * 4600
+4 * 4600
+5 * 4600
+5 * 4600
+5 * 4600
+5 +1 4600
+4 -1 4600
+4 * 4600
+4 * 4600
+9 +1 4600
+4 * 4600
+4 * 4600
+9 -1 4600
+5 * 4600
+5 * 4600
+5 * 4600
+5 * 4600
+5 * 4600
+5 * 4600
+5 * 4600
+5 * 4600
+5 * 4600
+5 * 4600
+4 * 4600
+4 * 4600
+5 * 4600
+5 * 4600
+5 * 4600
+5 +1 4600
+4 -1 4600
+4 * 4600
+4 * 4600
+9 +1 4600
+4 * 4600
+4 * 4600
+9 -1 4600
+9 * 4600
+5 * 4600
+5 * 4600
+5 * 4600
+5 * 4600
+5 * 4600
+5 * 4600
+5 * 4600
+9 * 4600
+5 * 4600
+5 * 4600
+5 * 4600
+4 * 4600
+4 * 4600
+5 * 4600
+5 * 4600
+5 * 4600
+5 +1 4600
+4 -1 4600
+4 * 4600
+4 * 4600
+9 +1 4600
+4 * 4600
+4 * 4600
+9 -1 4600
+9 * 4600
+5 * 4600
+5 * 4600
+5 * 4600
+5 * 4600
+5 * 4600
+5 * 4600
+5 * 4600
+9 * 4600
+5 * 4600
+5 * 4600
+5 * 4600
+4 * 4600
+4 * 4600
+5 * 4600
+5 * 4600
+5 * 4600
+5 +1 4600
+4 -1 4600
+4 * 4600
+4 * 4600
+9 +1 4600
+4 * 4600
+4 * 4600
+9 -1 4600
+9 * 4600
+5 * 4600
+5 * 4600
+5 * 4600
+5 * 4600
+5 * 4600
+5 * 4600
+5 * 4600
+4 * 4600
+4 * 4600
+9 * 4600
+5 * 4600
+5 * 4600
+5 * 4600
+5 * 4600
+5 * 4600
+5 * 4600
+5 +1 4600
+4 -1 4600
+4 * 4600
+4 * 4600
+9 +1 4600
+4 * 4600
+4 * 4600
fi=(455)
+9 547 4600
+5 * 4600
+3 * 4600
+3 * 4600
cob=(2)
cfi=(214)
cfn=(708)
calls=4600 0x188a80 255 
* * 138000
fe=(485)
+2 32 4600
+5 * 4600
+6 * 4600
+6 * 4600
+6 * 4600
+5 * 4600
+5 * 4600
+5 * 4600
+5 * 4600
+5 * 4600
+5 * 4600
+5 * 4600
+4 * 4600
+4 * 4600
+9 +1 4600
+4 * 4600
+9 -1 4600
+5 * 4600
+5 * 4600
+5 * 4600
+5 * 4600
+5 * 4600
+5 * 4600
+5 * 4600
+4 * 4600
+4 * 4600
+9 +1 4600
+4 * 4600
+9 -1 4600
+5 * 4600
+5 * 4600
+5 * 4600
+5 * 4600
+5 * 4600
+5 * 4600
+5 * 4600
+4 * 4600
+4 * 4600
+9 +1 4600
+4 * 4600
+9 -1 4600
+5 * 4600
+5 * 4600
+5 * 4600
+5 * 4600
+5 * 4600
+5 * 4600
+5 * 4600
+4 * 4600
+4 * 4600
+9 +1 4600
+4 * 4600
+9 -1 4600
+6 * 4600
+5 * 4600
+5 * 4600
+5 * 4600
+5 * 4600
+5 * 4600
+5 * 4600
+5 * 4600
+4 * 4600
+4 * 4600
+9 +1 4600
+4 * 4600
+9 -1 4600
+6 * 4600
+5 * 4600
+5 * 4600
+5 * 4600
+5 * 4600
+5 * 4600
+5 * 4600
+5 * 4600
+4 * 4600
+4 * 4600
+9 +1 4600
+4 * 4600
+9 -1 4600
+6 * 4600
+6 * 4600
+9 * 4600
+9 * 4600
+5 * 4600
+5 * 4600
+5 * 4600
+5 * 4600
+5 * 4600
+5 * 4600
+5 * 4600
+5 * 4600
+5 * 4600
+5 * 4600
+4 * 4600
+4 * 4600
+5 * 4600
+5 * 4600
+5 * 4600
+5 +1 4600
+4 -1 4600
+4 * 4600
+4 * 4600
+9 +1 4600
+4 * 4600
+4 * 4600
+9 -1 4600
+5 * 4600
+5 * 4600
+5 * 4600
+5 * 4600
+5 * 4600
+5 * 4600
+5 * 4600
+5 * 4600
+5 * 4600
+5 * 4600
+4 * 4600
+4 * 4600
+5 * 4600
+5 * 4600
+5 * 4600
+5 +1 4600
+4 -1 4600
+4 * 4600
+4 * 4600
+9 +1 4600
+4 * 4600
+4 * 4600
+9 -1 4600
+9 * 4600
+5 * 4600
+5 * 4600
+5 * 4600
+5 * 4600
+5 * 4600
+5 * 4600
+5 * 4600
+9 * 4600
+5 * 4600
+5 * 4600
+5 * 4600
+4 * 4600
+4 * 4600
+5 * 4600
+5 * 4600
+5 * 4600
+5 +1 4600
+4 -1 4600
+4 * 4600
+4 * 4600
+9 +1 4600
+4 * 4600
+4 * 4600
+9 -1 4600
+9 * 4600
+5 * 4600
+5 * 4600
+5 * 4600
+5 * 4600
+5 * 4600
+5 * 4600
+5 * 4600
+9 * 4600
+5 * 4600
+5 * 4600
+5 * 4600
+4 * 4600
+4 * 4600
+5 * 4600
+5 * 4600
+5 * 4600
+5 +1 4600
+4 -1 4600
+4 * 4600
+4 * 4600
+9 +1 4600
+4 * 4600
+4 * 4600
+9 -1 4600
+9 * 4600
+5 * 4600
+5 * 4600
+5 * 4600
+5 * 4600
+5 * 4600
+5 * 4600
+5 * 4600
+4 * 4600
+4 * 4600
+9 * 4600
+5 * 4600
+5 * 4600
+5 * 4600
+5 * 4600
+5 * 4600
+5 * 4600
+5 +1 4600
+4 -1 4600
+4 * 4600
+4 * 4600
+9 +1 4600
+4 * 4600
+4 * 4600
fi=(455)
+9 547 4600
+5 * 4600
+3 * 4600
+3 * 4600
cob=(2)
cfi=(214)
cfn=(708)
calls=4600 0x188a80 255 
* * 138000
fe=(485)
+2 32 4600
+5 * 4600
+6 * 4600
+6 * 4600
+6 * 4600
+5 * 4600
+5 * 4600
+5 * 4600
+5 * 4600
+5 * 4600
+5 * 4600
+5 * 4600
+4 * 4600
+4 * 4600
+9 +1 4600
+4 * 4600
+9 -1 4600
+5 * 4600
+5 * 4600
+5 * 4600
+5 * 4600
+5 * 4600
+5 * 4600
+5 * 4600
+4 * 4600
+4 * 4600
+9 +1 4600
+4 * 4600
+9 -1 4600
+5 * 4600
+5 * 4600
+5 * 4600
+5 * 4600
+5 * 4600
+5 * 4600
+5 * 4600
+4 * 4600
+4 * 4600
+9 +1 4600
+4 * 4600
+9 -1 4600
+5 * 4600
+5 * 4600
+5 * 4600
+5 * 4600
+5 * 4600
+5 * 4600
+5 * 4600
+4 * 4600
+4 * 4600
+9 +1 4600
+4 * 4600
+9 -1 4600
+6 * 4600
+5 * 4600
+5 * 4600
+5 * 4600
+5 * 4600
+5 * 4600
+5 * 4600
+5 * 4600
+4 * 4600
+4 * 4600
+9 +1 4600
+4 * 4600
+9 -1 4600
+6 * 4600
+5 * 4600
+5 * 4600
+5 * 4600
+5 * 4600
+5 * 4600
+5 * 4600
+5 * 4600
+4 * 4600
+4 * 4600
+9 +1 4600
+4 * 4600
+9 -1 4600
+6 * 4600
+6 * 4600
+9 * 4600
+9 * 4600
+5 * 4600
+5 * 4600
+5 * 4600
+5 * 4600
+5 * 4600
+5 * 4600
+5 * 4600
+5 * 4600
+5 * 4600
+5 * 4600
+4 * 4600
+4 * 4600
+5 * 4600
+5 * 4600
+5 * 4600
+5 +1 4600
+4 -1 4600
+4 * 4600
+4 * 4600
+9 +1 4600
+4 * 4600
+4 * 4600
+9 -1 4600
+5 * 4600
+5 * 4600
+5 * 4600
+5 * 4600
+5 * 4600
+5 * 4600
+5 * 4600
+5 * 4600
+5 * 4600
+5 * 4600
+4 * 4600
+4 * 4600
+5 * 4600
+5 * 4600
+5 * 4600
+5 +1 4600
+4 -1 4600
+4 * 4600
+4 * 4600
+9 +1 4600
+4 * 4600
+4 * 4600
+9 -1 4600
+9 * 4600
+5 * 4600
+5 * 4600
+5 * 4600
+5 * 4600
+5 * 4600
+5 * 4600
+5 * 4600
+9 * 4600
+5 * 4600
+5 * 4600
+5 * 4600
+4 * 4600
+4 * 4600
+5 * 4600
+5 * 4600
+5 * 4600
+5 +1 4600
+4 -1 4600
+4 * 4600
+4 * 4600
+9 +1 4600
+4 * 4600
+4 * 4600
+9 -1 4600
+9 * 4600
+5 * 4600
+5 * 4600
+5 * 4600
+5 * 4600
+5 * 4600
+5 * 4600
+5 * 4600
+9 * 4600
+5 * 4600
+5 * 4600
+5 * 4600
+4 * 4600
+4 * 4600
+5 * 4600
+5 * 4600
+5 * 4600
+5 +1 4600
+4 -1 4600
+4 * 4600
+4 * 4600
+9 +1 4600
+4 * 4600
+4 * 4600
+9 -1 4600
+9 * 4600
+5 * 4600
+5 * 4600
+5 * 4600
+5 * 4600
+5 * 4600
+5 * 4600
+5 * 4600
+4 * 4600
+4 * 4600
+9 * 4600
+5 * 4600
+5 * 4600
+5 * 4600
+5 * 4600
+5 * 4600
+5 * 4600
+5 +1 4600
+4 -1 4600
+4 * 4600
+4 * 4600
+9 +1 4600
+4 * 4600
+4 * 4600
+9 +75 4600
+10 * 4600
+2 * 4600
+2 * 4600
+2 * 4600
+2 0 4600
+11 60 4600
+8 +2 4600
+3 * 4600
+6 * 4600
+4 * 4600
+3 * 4600
+3 -2 4600
+2 +2 4600
+4 * 4600
+3 +2 4600
+3 +1 4600
+3 * 4600
fi=(439)
+3 763 4600
fe=(485)
+4 64 4600
+3 +2 4600
fi=(448)
+4 1908 4600
fi=(474)
+7 772 4600
jfi=(485)
jcnd=4600/4600 -63 60 
* * 
fe=(485)
-63 60 584200
+8 +2 584200
+3 * 584200
+6 * 584200
+4 * 584200
+3 * 584200
+3 -2 584200
+2 +2 584200
+4 * 584200
+3 +2 584200
+3 +1 584200
+3 * 584200
fi=(439)
+3 763 584200
fe=(485)
+4 64 584200
+3 +2 584200
fi=(448)
+4 1908 584200
fi=(474)
+7 772 584200
jfi=(485)
jcnd=579600/584200 -63 60 
* * 
fe=(485)
+2 69 4600
+2 * 4600
+3 * 4600
+3 * 4600
+2 * 4600
+8 +41 4600
fi=(439)
+4 763 4600
fi=(474)
+3 +9 4600
fi=(448)
+4 1908 4600
+4 * 4600
+4 * 4600
+8 * 4600
fi=(474)
+8 772 4600
jfi=(485)
jcnd=4500/4600 0x2404f0 102 
* * 
fe=(485)
+6 112 100
+7 * 100
+1 * 100
+2 * 100
+2 * 100
+2 * 100
+2 * 100
+1 * 100

fl=(324)
fn=(2714)
0x281050 627 2
+1 * 2
+3 * 2
+2 * 2
+2 * 2
+1 * 2
+1 * 2
+3 +1 2
+3 * 2
cfi=(292)
cfn=(2716)
calls=2 0x27fdc0 859 
* * 372
+6 * 2
+3 * 2
+3 * 2
jcnd=2/2 +24 * 
* * 
+24 * 2
+3 * 2
+3 +7 2
+4 * 2
+1 * 2
+2 * 2
+2 * 2
+1 * 2

fn=(1426) std::io::default_read_to_end::small_probe_read
0x1fe8a0 426 2
+1 * 2
+3 * 2
+2 * 2
+2 * 2
+2 * 2
+2 * 2
+1 * 2
+4 +1 2
+3 * 2
+4 * 2
+4 * 2
+4 * 2
+3 3080 2
+2 0 2
+4 0 2
+4 0 2
+6 0 2
+4 0 2
+4 0 2
+3 0 2
+4 0 2
+4 0 2
+4 0 2
fi=(329)
+4 16 2
+3 * 2
+3 * 2
cfi=(323)
cfn=(1428)
calls=2 0x22ac90 338 
* * 124
fi=(245)
+3 2173 2
+2 * 2
jfi=(255)
jcnd=2/2 +31 0 
* * 
fi=(255)
+31 0 2
fe=(324)
+4 3086 2
+3 * 2
+4 * 2
+6 0 2
+4 3087 2
+4 * 2
fi=(172)
+4 842 2
fi=(255)
+2 602 2
fi=(256)
+3 1451 2
fi=(172)
+4 2413 2
fi=(255)
+3 736 2
+3 -80 2
jcnd=2/2 +62 +2 
* * 
+2 0 2
fi=(239)
+4 961 2
+3 * 2
+3 * 2
+4 * 2
fi=(233)
+3 547 2
cob=(2)
cfi=(214)
cfn=(708)
calls=2 0x188a80 255 
* * 24
+6 * 2
fi=(256)
+3 2822 2
+3 * 2
+4 * 2
+2 * 2
jfi=(324)
jump=2 +90 441 
* * 
fi=(255)
+25 658 2
+5 * 2
+6 * 2
+3 * 2
+3 * 2
+3 * 2
+3 * 2
cfn=(1250)
calls=2 0x229600 -14 
* * 272
+5 * 2
+3 * 2
fi=(256)
+3 2933 2
+4 * 2
jfi=(255)
jump=2 -98 0 
* * 
fe=(324)
+27 441 2
+4 * 2
+1 * 2
+2 * 2
+2 * 2
+2 * 2
+2 * 2
+1 * 2
0x2502e0 -15 10
+1 * 10
+3 * 10
+2 * 10
+2 * 10
+2 * 10
+2 * 10
+1 * 10
+4 * 10
+3 +1 10
+3 * 10
+4 * 10
+4 * 10
+3 * 10
+4 * 10
+7 * 10
+7 0 10
fi=(365)
+12 112 10
+5 * 10
+3 * 10
+3 * 10
cob=(2)
cfi=(326)
cfn=(1412)
calls=10 0x11ba80 -87 
* * 80
fi=(175)
+3 235 10
+4 +10 10
jfi=(351)
jcnd=10/10 +32 0 
* * 
fi=(351)
+32 0 10
fi=(172)
+4 842 10
fi=(255)
+2 602 10
fi=(256)
+3 1451 10
fi=(172)
+4 2413 10
fi=(255)
+3 736 10
+3 * 10
+3 -80 10
jcnd=2/10 +78 +2 
* * 
+2 0 10
fi=(239)
+4 961 10
+3 * 10
fi=(233)
+4 547 10
+3 * 10
+3 * 10
cob=(2)
cfi=(214)
cfn=(708)
calls=10 0x188a80 255 
* * 130
fi=(256)
+6 2822 10
+3 * 10
+3 * 10
+4 * 10
fe=(324)
+2 441 10
+3 * 10
+4 * 10
+1 * 10
+2 * 10
+2 * 10
+2 * 10
+2 * 10
+1 * 10
fi=(255)
+24 658 2
+5 * 2
+6 * 2
+3 * 2
+3 * 2
+3 * 2
cfn=(1250)
calls=2 0x276ab0 -14 
* * 950
+5 * 2
fi=(256)
+3 2933 2
+4 * 2
jfi=(255)
jump=2 0x25036a 0 
* * 
fe=(324)

fn=(1830) std::io::Write::write_all
0x1ff5a0 1875 2
+1 * 2
+3 * 2
+2 * 2
+2 * 2
+2 * 2
+2 * 2
+1 * 2
+4 +1 2
+3 * 2
+6 0 2
+3 0 2
+3 0 2
+3 0 2
+7 0 2
+7 0 2
+7 0 2
+4 0 2
jfi=(298)
jump=2 +61 195 
* 0 
+52 1876 2
+3 * 2
jfi=(242)
jcnd=2/2 0x1ff6e8 0 
* * 
fi=(298)
+6 195 2
+3 * 2
+3 * 2
+3 * 2
cfi=(292)
cfn=(1838)
calls=2 0x270a40 788 
* * 338
fe=(324)
+3 1877 2
+2 * 2
jcnd=2/2 +41 * 
* * 
+41 * 2
+3 * 2
fi=(275)
+6 568 2
+3 * 2
+3 * 2
+6 89 2
+3 * 2
+3 * 2
jfi=(324)
jump=2 -91 1876 
* * 
fi=(242)
0x1ff6e8 -89 2
fe=(324)
+2 1887 2
+3 * 2
+4 * 2
+1 * 2
+2 * 2
+2 * 2
+2 * 2
+2 * 2
+1 * 2
0x1ff8f0 -12 7
+1 * 7
+3 * 7
+2 * 7
+2 * 7
+2 * 7
+2 * 7
+1 * 7
+4 +1 7
+3 * 7
+6 0 7
+3 0 7
+3 0 7
+3 0 7
+10 0 7
+4 0 7
+4 0 7
jfi=(290)
jump=7 +36 30 
* 0 
+27 1876 7
+3 * 7
jfi=(242)
jcnd=7/7 0x1ffa41 0 
* * 
fi=(290)
+6 30 7
+3 * 7
+3 * 7
fi=(329)
+2 197 7
+4 * 7
+3 * 7
+3 * 7
cfi=(298)
cfn=(1836)
calls=7 0x22aef0 -2 
* * 1809
fe=(324)
+3 1877 7
+2 * 7
jcnd=7/7 +67 * 
* * 
+67 * 7
+3 * 7
fi=(275)
+6 568 7
+3 * 7
+3 * 7
+6 89 7
+3 * 7
+3 * 7
jfi=(324)
jump=7 0x1ff940 1876 
* * 
fi=(242)
0x1ffa41 -89 7
fe=(324)
+2 1887 7
+3 * 7
+4 * 7
+1 * 7
+2 * 7
+2 * 7
+2 * 7
+2 * 7
+1 * 7

fn=(1424)
0x1fead0 409 2
+1 * 2
+3 * 2
+2 * 2
+2 * 2
+2 * 2
+2 * 2
+1 * 2
+7 * 2
+3 * 2
fi=(255)
+4 602 2
fi=(256)
+3 2933 2
fe=(324)
+4 444 2
+3 * 2
+3 * 2
+3 * 2
+4 * 2
+2 0 2
+4 445 2
+3 * 2
cfn=(1426)
calls=2 0x1fe8a0 -19 
* * 564
fi=(245)
+5 2173 2
+2 * 2
fe=(324)
+6 447 2
+3 * 2
fi=(256)
+6 2933 2
+4 0 2
+4 0 2
+5 0 2
+4 0 2
+7 0 2
+2 0 2
+4 0 2
fi=(255)
+7 602 2
fe=(324)
+3 455 2
+3 * 2
+3 * 2
+3 * 2
+3 * 2
+3 * 2
jfi=(255)
jcnd=2/2 +38 597 
* * 
fi=(255)
-18 602 7
fe=(324)
+3 455 7
+3 * 7
+3 * 7
+3 * 7
+3 * 7
+3 * 7
jfi=(255)
jcnd=7/7 +38 597 
* * 
fi=(255)
+38 597 9
+4 * 9
fe=(324)
+4 467 9
+3 * 9
jfi=(172)
jcnd=7/9 0x1fee13 688 
* * 
+6 0 2
+3 0 2
fi=(239)
+4 961 2
fi=(256)
+3 3138 2
+3 * 2
fi=(236)
+4 1068 2
+3 * 2
fi=(325)
+4 68 2
+4 * 2
+4 * 2
+8 179 2
+4 * 2
+4 * 2
fe=(324)
+4 3093 2
+3 * 2
jcnd=2/2 0x1fee8b 0 
* * 
-52 0 7
fi=(239)
+4 961 7
fi=(256)
+3 3138 7
+3 * 7
fi=(236)
+4 1068 7
+3 * 7
fi=(325)
+4 68 7
+4 * 7
+4 * 7
+8 179 7
+4 * 7
+4 * 7
fe=(324)
+4 3093 7
+3 * 7
+6 0 7
+4 0 7
+3 0 7
+7 0 7
jfi=(325)
jump=7 +53 93 
* 0 
fi=(325)
+53 93 7
+4 230 7
+4 * 7
fe=(324)
+3 3097 7
+3 * 7
jcnd=5/7 0x1fecb0 +36 
* * 
fi=(325)
+6 246 2
fi=(275)
+4 429 2
+3 * 2
fi=(236)
+3 1068 2
+3 * 2
+4 * 2
fi=(275)
+4 101 2
fi=(325)
+3 -33 2
+7 * 2
+7 * 2
+11 179 2
+7 * 2
fe=(324)
+4 3114 2
fi=(329)
+3 21 2
+7 * 2
cfi=(323)
cfn=(1452) <std::io::buffered::bufreader::BufReader<R> as std::io::Read>::read_buf
calls=2 0x22adc0 352 
* * 206
fi=(325)
+4 246 2
+7 +49 2
fi=(236)
+4 1029 2
+3 * 2
fi=(325)
+4 326 2
fi=(236)
+7 1029 2
+3 * 2
+4 * 2
fi=(329)
+4 21 2
fi=(325)
+3 295 2
+4 +31 2
fe=(324)
+4 3128 2
+3 0 2
+4 484 2
+3 * 2
+2 * 2
jfi=(325)
jump=2 0x1feda0 246 
* * 
+11 3133 5
fi=(329)
+3 21 5
+4 * 5
cfi=(323)
cfn=(1452)
calls=5 0x22adc0 352 
* * 408
+4 * 5
fi=(325)
+3 238 5
fe=(324)
+4 3134 5
+3 * 5
+3 * 5
+3 0 5
+4 484 5
+3 * 5
jfi=(325)
jcnd=5/5 0x1feda0 246 
* * 
fi=(325)
0x1feda0 246 7
+4 * 7
fe=(324)
+4 498 7
+3 * 7
+4 * 7
fi=(256)
+3 2106 7
fe=(324)
+4 505 7
+3 * 7
+7 * 7
+6 0 7
+3 509 7
+2 * 7
+3 * 7
+5 * 7
+3 * 7
+3 * 7
+3 * 7
+4 +17 7
+3 * 7
+7 * 7
+4 -32 7
+3 +32 7
+4 -17 7
+3 +23 7
jfi=(172)
jcnd=2/7 +15 0 
* * 
+2 * 5
+3 * 5
jfi=(172)
jcnd=5/5 +10 0 
* * 
fi=(172)
+10 0 7
+3 0 7
fe=(324)
+4 454 7
jfi=(255)
jump=7 0x1feb43 602 
* * 
fi=(172)
+5 688 7
fi=(255)
+4 506 7
fi=(236)
+4 1029 7
+3 * 7
fi=(255)
+4 512 7
+6 * 7
+6 * 7
+7 * 7
+3 * 7
cfn=(920)
calls=7 0x229540 +15 
* * 2408
fi=(245)
+5 2173 7
+7 * 7
+2 +1 7
fi=(255)
+7 745 7
+4 +1 7
+3 * 7
jfi=(324)
jump=7 0x1feb8f 0 
* * 
fe=(324)
+31 537 2
+7 * 2
+1 * 2
+2 * 2
+2 * 2
+2 * 2
+2 * 2
+1 * 2
+7 0 2
fi=(256)
+4 2106 2
+4 * 2
jfi=(324)
jump=2 +5 506 
* * 
fe=(324)
+5 506 2
+4 * 2
fi=(253)
+2 0 2
jfi=(324)
jump=2 -43 537 
* 0 
fe=(324)
0x2504e0 409 10
+1 * 10
+3 * 10
+2 * 10
+2 * 10
+2 * 10
+2 * 10
+1 * 10
+4 * 10
+3 * 10
+3 * 10
fi=(255)
+3 602 10
fi=(256)
+3 2933 10
+4 * 10
+5 * 10
fi=(263)
+4 1545 10
+4 * 10
+4 * 10
fi=(172)
+2 688 10
fi=(307)
+7 458 10
fi=(172)
+6 688 10
+7 1374 10
+2 * 10
+6 3634 10
+3 * 10
+3 * 10
+7 * 10
+3 * 10
+5 * 10
+4 * 10
+3 * 10
+4 * 10
+4 * 10
fe=(324)
+3 444 10
jcnd=10/10 +12 * 
* * 
+12 * 10
+4 * 10
+3 * 10
+3 * 10
+4 * 10
jfi=(245)
jcnd=2/10 +34 0 
* * 
+2 +1 8
+3 * 8
+3 * 8
cfn=(1426)
calls=8 0x2502e0 -19 
* * 568
+5 * 8
fi=(245)
+3 2173 8
+2 * 8
jfi=(324)
jcnd=8/8 0x250770 447 
* * 
+16 0 2
+4 0 2
+3 0 2
+7 0 2
+8 0 2
+4 0 2
+4 0 2
fe=(324)
+4 455 2
+3 * 2
jfi=(255)
jcnd=2/2 +41 597 
* * 
fi=(245)
-30 0 8
+7 0 8
+8 0 8
+4 0 8
+4 0 8
fe=(324)
+4 455 8
+3 * 8
jfi=(255)
jcnd=8/8 +41 597 
* * 
-3 * 2
+3 * 2
+2 * 2
+3 * 2
+2 +5 2
+3 * 2
+3 * 2
cfn=(1426)
calls=2 0x2502e0 -34 
* * 1110
+5 * 2
fi=(245)
+3 2173 2
+2 * 2
fe=(324)
+2 462 2
fi=(256)
+3 2933 2
fe=(324)
+4 462 2
fi=(255)
+6 602 2
+3 -5 2
fe=(324)
+4 467 2
+3 * 2
fi=(255)
-7 597 10
fe=(324)
+4 467 10
+3 * 10
fi=(255)
+6 602 12
fi=(239)
+3 961 12
+3 * 12
fi=(256)
+4 3138 12
+3 * 12
+3 * 12
fi=(236)
+4 1068 12
+3 * 12
+4 * 12
+3 * 12
+10 * 12
+3 * 12
+4 0 12
fi=(365)
+3 179 12
+3 * 12
+3 * 12
+3 * 12
cob=(2)
cfi=(326)
cfn=(1412)
calls=12 0x11ba80 25 
* * 96
fi=(175)
+6 +56 12
+4 +10 12
jfi=(324)
jcnd=12/12 +29 498 
* * 
fe=(324)
+29 498 12
+3 * 12
fi=(256)
+4 2106 12
fe=(324)
+4 505 12
+3 * 12
jcnd=10/12 0x25078c 0 
* * 
+6 0 2
fi=(236)
+4 1029 2
+3 * 2
fi=(275)
+4 429 2
+3 * 2
+3 * 2
+4 * 2
fe=(324)
+3 +80 2
+2 * 2
+3 * 2
+5 * 2
+3 * 2
+3 +10 2
+4 * 2
+4 * 2
+4 * 2
+4 * 2
jcnd=2/2 0x2505b5 -64 
* * 
0x25075e +18 10
+3 * 10
+4 * 10
+1 * 10
+2 * 10
+2 * 10
+2 * 10
+2 * 10
+1 * 10
+1 -90 8
+3 * 8
+2 0 8
fi=(255)
+4 602 8
fi=(256)
+3 2933 8
fe=(324)
+4 447 8
jfi=(245)
jump=8 0x25059a 0 
* * 
+12 0 10
+4 0 10
+2 0 10
jump=10 -52 537 
* 0 

fl=(469) /home/ecuodah/Documents/ssi/hqc/hqc/src/kem.rs
fn=(2404) hqc::kem::crypto_kem_keypair
0x1f1540 12 100
+1 * 100
+2 * 100
+2 * 100
+2 * 100
+2 * 100
+1 * 100
+7 * 100
+3 * 100
+3 * 100
+8 * 100
+5 * 100
+5 +1 100
+3 * 100
+5 * 100
+5 +1 100
+5 * 100
+5 * 100
+5 * 100
+5 * 100
+5 * 100
+5 * 100
+5 * 100
+5 * 100
+5 * 100
+5 * 100
+5 * 100
+5 * 100
+5 * 100
+5 * 100
+5 * 100
+4 +1 100
+5 * 100
+5 * 100
+8 +2 100
+5 * 100
+2 * 100
cob=(2)
cfi=(227)
cfn=(766)
calls=100 0x189480 158 
* * 225800
+6 -4 100
+3 +5 100
+5 * 100
fi=(475)
+5 +23 100
fi=(459)
+7 196 100
+8 * 100
+3 * 100
+8 +62 100
jcnd=100/100 +37 0 
* * 
+37 0 100
+5 0 100
+5 0 100
jfi=(466)
jump=100 +47 43 
* 0 
fi=(466)
+47 43 100
+7 +6 100
+7 -6 100
+5 * 100
+8 * 100
+5 * 100
+8 * 100
+5 * 100
+8 * 100
+5 * 100
+8 * 100
+5 * 100
+8 * 100
+5 * 100
+8 * 100
+5 * 100
+8 * 100
+5 * 100
+8 +6 100
+3 * 100
cfi=(463)
cfn=(2380)
calls=100 0x244f90 166 
* * 615800
+6 * 100
fi=(462)
+8 197 100
+8 * 100
+8 * 100
+8 * 100
+8 * 100
+8 * 100
+8 * 100
+8 * 100
+8 * 100
+8 * 100
+8 * 100
+8 * 100
+8 * 100
+8 * 100
+8 * 100
+8 * 100
+8 * 100
+8 * 100
fi=(455)
+7 547 100
+3 * 100
+3 * 100
+3 * 100
cob=(2)
cfi=(214)
cfn=(708)
calls=100 0x188a80 255 
* * 1200
fi=(459)
+3 278 100
+5 * 100
+3 * 100
+3 * 100
cob=(2)
cfi=(214)
cfn=(708)
calls=100 0x188a80 -23 
* * 3000
+3 -39 100
+7 * 100
+8 * 100
fe=(469)
+5 22 100
+5 * 100
+3 * 100
cfi=(458) /home/ecuodah/Documents/ssi/hqc/hqc/src/symmetric.rs
cfn=(2410) hqc::symmetric::xof_init
calls=100 0x2445e0 +6 
* * 20700
fi=(461)
+6 203 100
+8 * 100
+8 * 100
+7 * 100
+5 * 100
cob=(2)
cfi=(214)
cfn=(708)
calls=100 0x188a80 +52 
* * 3000
+3 * 100
+8 * 100
+5 * 100
+3 * 100
+3 * 100
cob=(2)
cfi=(214)
cfn=(708)
calls=100 0x188a80 +52 
* * 3000
fi=(459)
+3 -7 100
fi=(460)
+8 -95 100
+4 * 100
+7 * 100
fi=(464)
+5 +79 100
fi=(459)
+3 +8 100
+2 * 100
cob=(2)
cfi=(227)
cfn=(766)
calls=100 0x189480 -30 
* * 1900
+6 +51 100
fi=(462)
+8 139 100
+8 +2 100
fi=(466)
+8 34 100
+8 * 100
+8 * 100
+8 * 100
+8 * 100
+8 * 100
+8 * 100
+8 * 100
+8 * 100
+8 * 100
+8 * 100
+8 * 100
+8 * 100
+8 * 100
+8 * 100
+8 * 100
+8 * 100
+8 * 100
+8 * 100
+8 * 100
+8 * 100
+8 * 100
+8 * 100
+8 * 100
fi=(457)
+8 1718 100
fi=(466)
+8 34 100
+8 +3 100
+8 * 100
+3 * 100
cfi=(463)
cfn=(2380)
calls=100 0x244f90 166 
* * 615800
+6 * 100
+8 -31 100
+5 * 100
+3 * 100
cob=(2)
cfi=(214)
cfn=(708)
calls=100 0x188a80 255 
* * 3000
fi=(459)
+3 +70 100
+3 * 100
+8 * 100
+8 * 100
+8 * 100
+8 * 100
+8 * 100
+8 * 100
+8 * 100
+8 * 100
fi=(466)
+8 -33 100
+8 * 100
+8 * 100
+8 * 100
+8 * 100
+8 +6 100
+8 -6 100
+8 * 100
+8 * 100
+8 * 100
+8 * 100
+8 * 100
+8 * 100
+8 * 100
+8 * 100
+8 * 100
+8 * 100
+8 * 100
+8 * 100
+8 +6 100
+8 * 100
cfi=(463)
cfn=(2380)
calls=100 0x244f90 166 
* * 615800
fi=(455)
+6 547 100
+5 * 100
+5 * 100
+5 * 100
fi=(459)
+5 278 100
+8 * 100
+8 * 100
+8 * 100
+8 * 100
+8 * 100
+8 * 100
+8 * 100
+8 * 100
+8 * 100
+8 * 100
+8 * 100
+8 * 100
+8 * 100
+8 * 100
+8 * 100
+8 * 100
fi=(455)
+8 547 100
+5 * 100
+3 * 100
+4 * 100
+5 * 100
+3 * 100
+4 * 100
+5 * 100
+3 * 100
+3 * 100
+7 * 100
+4 * 100
+3 * 100
+4 * 100
+8 * 100
+4 * 100
+3 * 100
+4 * 100
+8 * 100
+4 * 100
+3 * 100
+4 * 100
+8 * 100
+4 * 100
+3 * 100
+4 * 100
+8 * 100
+4 * 100
+4 * 100
+2 * 100
+3 * 100
+7 * 100
+4 * 100
+2 * 100
+3 * 100
+7 * 100
+4 * 100
+2 * 100
+3 * 100
+7 * 100
+4 * 100
+3 * 100
+4 * 100
+8 * 100
+4 * 100
+3 * 100
+4 * 100
+8 * 100
+4 * 100
+3 * 100
+4 * 100
+5 * 100
+3 * 100
+4 * 100
fi=(459)
+4 239 100
+8 * 100
+8 * 100
+5 * 100
fe=(469)
+5 28 100
+5 * 100
+5 * 100
+6 * 100
cfi=(470) /home/ecuodah/Documents/ssi/hqc/hqc/src/hqc.rs
cfn=(2416) hqc::hqc::hqc_pke_keygen
calls=100 0x23cb90 -15 
* * 2831447596
+6 * 100
fi=(460)
+5 451 100
+7 * 100
+6 0 100
+5 0 100
fi=(455)
+8 547 100
+5 * 100
+5 * 100
cob=(2)
cfi=(214)
cfn=(708)
calls=100 0x188a80 255 
* * 24500
+6 * 100
fi=(460)
+8 -96 100
+7 * 100
+6 0 100
+5 0 100
fi=(455)
+8 547 100
+5 * 100
+8 * 100
+3 * 100
cob=(2)
cfi=(214)
cfn=(708)
calls=100 0x188a80 255 
* * 24500
fi=(460)
+6 -96 100
+7 * 100
fi=(455)
+6 +96 100
+5 * 100
+5 * 100
+8 * 100
fi=(460)
+8 -96 100
+7 * 100
fi=(455)
+6 +96 100
+7 * 100
+4 * 100
+7 * 100
+4 * 100
+7 * 100
+7 * 100
+7 * 100
+8 * 100
+7 * 100
+8 * 100
+7 * 100
+8 * 100
+7 * 100
+8 * 100
+7 * 100
+7 * 100
+7 * 100
+7 * 100
+7 * 100
+7 * 100
+7 * 100
+7 * 100
+8 * 100
+7 * 100
+8 * 100
+7 * 100
+7 * 100
fi=(460)
+7 -96 100
+7 * 100
fi=(455)
+6 +96 100
+5 * 100
+5 * 100
+8 * 100
+8 2171 100
+5 * 100
+5 * 100
+5 * 100
+5 * 100
+5 * 100
+5 * 100
+5 * 100
+5 * 100
+5 * 100
+5 * 100
+5 * 100
+5 * 100
+5 * 100
+5 * 100
+5 * 100
+5 * 100
+5 * 100
+5 * 100
+5 * 100
+5 * 100
+5 * 100
+5 * 100
+5 * 100
+5 * 100
+5 * 100
+5 * 100
+5 * 100
+5 * 100
+5 * 100
+5 * 100
+5 * 100
+5 * 100
+5 * 100
+5 * 100
+5 * 100
+5 * 100
+5 * 100
+5 * 100
+5 * 100
+5 * 100
+5 * 100
+5 * 100
+5 * 100
+5 * 100
+5 * 100
+5 * 100
+5 * 100
+4 * 100
+5 * 100
+5 * 100
+5 * 100
+5 * 100
+5 * 100
+5 * 100
+5 * 100
+5 * 100
+5 * 100
+5 * 100
+5 * 100
+5 * 100
+5 * 100
+5 * 100
+5 * 100
+5 * 100
+5 * 100
+5 * 100
+5 * 100
+5 * 100
+5 * 100
+5 * 100
+5 * 100
+5 * 100
+5 * 100
+5 * 100
+5 * 100
+5 * 100
+5 * 100
+5 * 100
+5 * 100
+5 * 100
+5 * 100
+5 * 100
+5 * 100
+5 * 100
+5 * 100
+5 * 100
+5 * 100
+5 * 100
+5 * 100
+5 * 100
+5 * 100
+5 * 100
+5 * 100
+5 * 100
+5 * 100
+5 * 100
+5 * 100
+5 * 100
+5 * 100
+5 * 100
+5 * 100
+5 * 100
+5 * 100
+5 * 100
+5 * 100
+5 * 100
+5 * 100
+5 * 100
+5 * 100
+5 * 100
+5 * 100
fe=(469)
+5 42 100
+7 * 100
+1 * 100
+2 * 100
+2 * 100
+2 * 100
+2 * 100
+1 * 100

fn=(2500) hqc::kem::crypto_kem_enc
0x1f0de0 44 100
+1 * 100
+2 * 100
+2 * 100
+2 * 100
+2 * 100
+1 * 100
+7 * 100
+8 * 100
+7 * 100
+8 * 100
+8 * 100
+3 * 100
+8 * 100
+8 * 100
+8 * 100
+8 +1 100
+3 * 100
+5 +1 100
+5 * 100
+5 * 100
+5 * 100
+5 +1 100
+5 * 100
+5 +1 100
+8 * 100
+8 * 100
+8 +1 100
+5 * 100
+3 * 100
+2 * 100
cob=(2)
cfi=(227)
cfn=(766)
calls=100 0x189480 158 
* * 445700
fi=(475)
+6 -8 100
fi=(459)
+7 196 100
+8 * 100
+3 * 100
+8 +62 100
+2 +1 100
+4 * 100
fi=(455)
+2 547 100
+5 * 100
fi=(459)
+5 239 100
+4 * 100
+7 -43 100
+4 +63 100
+4 * 100
jfi=(455)
jcnd=100/100 0x1f107c 547 
* * 
fi=(455)
0x1f107c 547 100
+5 * 100
fi=(459)
+8 239 100
+4 * 100
jump=100 0x1f11d6 * 
* * 
0x1f11d6 * 100
fi=(443)
+7 851 100
fi=(457)
+12 1231 100
fe=(469)
+6 0 100
+8 0 100
+8 63 100
+5 * 100
+3 * 100
+8 * 100
+3 * 100
cfi=(458)
cfn=(2508) hqc::symmetric::hash_h
calls=100 0x244370 -15 
* * 10562800
+6 * 100
+5 * 100
+5 * 100
+8 +2 100
+5 * 100
+3 * 100
+3 * 100
+3 * 100
cfi=(458)
cfn=(2524) hqc::symmetric::hash_g
calls=100 0x244130 -10 
* * 650900
fi=(455)
+6 547 100
+5 * 100
+5 * 100
+5 * 100
fe=(469)
+5 71 100
+8 * 100
+5 * 100
+5 * 100
+6 * 100
+3 * 100
+3 * 100
+3 * 100
cfi=(470)
cfn=(2532) hqc::hqc::hqc_pke_encrypt
calls=100 0x23d7d0 -14 
* * 5647259500
+6 * 100
+8 * 100
+8 +2 100
+3 * 100
cfi=(481) /home/ecuodah/Documents/ssi/hqc/hqc/src/parsing.rs
cfn=(2600) hqc::parsing::hqc_c_kem_to_string
calls=100 0x239800 -47 
* * 51498
fi=(460)
+6 451 100
+4 * 100
fi=(455)
+6 +96 100
+5 * 100
+5 * 100
+8 * 100
+4 * 100
+3 2171 100
+5 * 100
+5 * 100
+5 * 100
+5 * 100
+5 * 100
+5 * 100
+5 * 100
+5 * 100
+5 * 100
+5 * 100
+5 * 100
+5 * 100
+5 * 100
+5 * 100
+5 * 100
+5 * 100
+5 * 100
+5 * 100
+5 * 100
+5 * 100
+5 * 100
+5 * 100
+5 * 100
+5 * 100
+5 * 100
+5 * 100
+5 * 100
+5 * 100
+5 * 100
+5 * 100
+5 * 100
+5 * 100
+5 * 100
+5 * 100
+5 * 100
+5 * 100
+5 * 100
+5 * 100
+5 * 100
+5 * 100
+5 * 100
+5 * 100
+5 * 100
+5 * 100
+5 * 100
+5 * 100
+5 * 100
+5 * 100
+5 * 100
+5 * 100
+5 * 100
+5 * 100
+5 * 100
+5 * 100
+5 * 100
+5 * 100
+5 * 100
+5 * 100
+5 * 100
+5 * 100
+5 * 100
+5 * 100
+5 * 100
+5 * 100
+5 * 100
+5 * 100
+5 * 100
+5 * 100
+5 * 100
+5 * 100
+5 * 100
+5 * 100
+5 * 100
+5 * 100
+5 * 100
+5 * 100
+5 * 100
+5 * 100
+5 * 100
+5 * 100
+5 * 100
+5 * 100
+5 * 100
+5 * 100
+5 * 100
+5 * 100
+5 * 100
+5 * 100
+5 * 100
+5 * 100
+5 * 100
+5 * 100
+5 * 100
+5 * 100
+5 * 100
+5 * 100
+5 * 100
+5 * 100
+5 * 100
+5 * 100
+5 * 100
+5 * 100
+5 * 100
+5 * 100
+5 * 100
+5 * 100
+5 * 100
+5 * 100
+5 * 100
+5 * 100
+5 * 100
fe=(469)
+5 79 100
+7 * 100
+1 * 100
+2 * 100
+2 * 100
+2 * 100
+2 * 100
+1 * 100

fn=(2608) hqc::kem::crypto_kem_dec
0x23e1b0 81 100
+1 * 100
+2 * 100
+2 * 100
+2 * 100
+2 * 100
+1 * 100
+3 * 100
+7 * 100
+7 * 100
+8 * 100
+3 * 100
jcnd=100/100 -18 * 
* * 
-18 * 1300
+7 * 1300
+8 * 1300
+3 * 1300
jcnd=1200/1300 -18 * 
* * 
+2 * 100
+7 * 100
+3 * 100
+3 * 100
+3 * 100
+3 * 100
+8 * 100
+3 * 100
+8 * 100
+7 +1 100
+5 * 100
+2 * 100
cob=(2)
cfi=(227)
cfn=(766)
calls=100 0x189480 +76 
* * 225800
+3 +1 100
+3 * 100
+8 * 100
+8 +1 100
+8 +1 100
+8 +1 100
+8 * 100
+8 +1 100
+5 * 100
+5 * 100
+5 * 100
+5 * 100
+5 * 100
+5 * 100
+5 * 100
+5 * 100
+5 * 100
+5 * 100
+5 * 100
+5 * 100
+5 * 100
+5 * 100
+5 * 100
+5 * 100
+5 * 100
+5 * 100
+5 * 100
+5 * 100
+5 * 100
+5 * 100
+5 * 100
+5 * 100
+5 * 100
+5 * 100
+5 * 100
+5 * 100
+5 * 100
+5 * 100
+5 * 100
+5 * 100
+5 * 100
+5 * 100
+5 * 100
+5 * 100
+5 * 100
+5 * 100
+5 * 100
+5 * 100
+5 * 100
+5 * 100
+5 * 100
+5 * 100
+5 * 100
+5 * 100
+5 * 100
+5 * 100
+5 * 100
+5 * 100
+5 * 100
+5 * 100
+5 * 100
+5 * 100
+5 * 100
+5 * 100
+5 * 100
+5 * 100
+5 * 100
+5 * 100
+5 * 100
+5 * 100
+5 * 100
+4 +1 100
+5 * 100
+5 * 100
+5 * 100
+5 * 100
+5 * 100
+5 * 100
+5 * 100
+5 * 100
+5 * 100
+5 * 100
+5 * 100
+5 * 100
+5 * 100
+5 * 100
+5 * 100
+5 * 100
+5 * 100
+5 * 100
+5 * 100
+5 * 100
+5 * 100
+5 * 100
+5 * 100
+5 * 100
+5 * 100
+5 * 100
+5 * 100
+5 * 100
+5 * 100
+5 * 100
+5 * 100
+5 +1 100
+5 * 100
+5 +7 100
+8 +3 100
+8 -8 100
+12 +8 100
+5 * 100
+2 * 100
cob=(2)
cfi=(227)
cfn=(766)
calls=100 0x189480 +59 
* * 444100
fi=(460)
+3 438 100
+7 * 100
+6 0 100
fi=(455)
+8 547 100
+5 * 100
+3 * 100
cob=(2)
cfi=(214)
cfn=(708)
calls=100 0x188a80 255 
* * 24500
fi=(460)
+6 438 100
+7 * 100
fi=(455)
+6 547 100
+9 * 100
+10 * 100
+9 * 100
fi=(460)
+8 438 100
+7 * 100
fi=(455)
+6 547 100
+9 * 100
fi=(460)
+8 438 100
+7 * 100
fi=(481)
+6 40 100
fi=(455)
+8 547 100
+5 * 100
+3 * 100
+3 * 100
cob=(2)
cfi=(214)
cfn=(708)
calls=100 0x188a80 255 
* * 24500
fi=(460)
+6 438 100
+7 * 100
fe=(469)
+6 0 100
fi=(460)
+8 89 100
fi=(455)
+7 547 100
+5 * 100
cob=(2)
cfi=(214)
cfn=(708)
calls=100 0x188a80 255 
* * 24498
fi=(460)
+6 438 100
+7 * 100
fi=(455)
+6 547 100
+9 * 100
+9 * 100
fi=(470)
+8 100 100
+5 * 100
+3 * 100
+2 * 100
cob=(2)
cfi=(227)
cfn=(766)
calls=100 0x189480 +58 
* * 223300
+3 * 100
+8 +1 100
+5 * 100
+2 * 100
cob=(2)
cfi=(227)
cfn=(766)
calls=100 0x189480 +57 
* * 222500
+3 * 100
+8 +1 100
+5 * 100
+2 * 100
cob=(2)
cfi=(227)
cfn=(766)
calls=100 0x189480 +56 
* * 222500
+3 * 100
+8 +2 100
+5 * 100
+5 * 100
+3 * 100
cfi=(481)
cfn=(2618) hqc::parsing::hqc_dk_pke_from_string
calls=100 0x2398b0 -85 
* * 11122553
+6 * 100
fi=(478) /home/ecuodah/Documents/ssi/hqc/hqc/src/gf2x.rs
+8 -26 100
+5 * 100
+3 * 100
+2 * 100
cob=(2)
cfi=(227)
cfn=(766)
calls=100 0x189480 +80 
* * 444900
+3 * 100
+8 +1 100
+5 * 100
+3 * 100
+2 * 100
cob=(2)
cfi=(227)
cfn=(766)
calls=100 0x189480 +79 
* * 3547300
+3 +2 100
+4 * 100
+5 * 100
+5 * 100
+6 * 100
+3 * 100
+3 * 100
+3 * 100
+5 * 100
+1 * 100
+5 * 100
cfn=(2478) hqc::gf2x::karatsuba_mul
calls=100 0x23fc70 -53 
* * 2793324000
+5 * 100
+4 * 100
+5 -81 100
+13 71 100
+9 * 100
+9 -1 100
+9 * 100
+9 +2 100
+9 * 100
+9 * 100
+5 * 100
+5 * 100
+4 * 100
+4 * 100
+5 * 100
+5 * 100
+4 * 100
+4 * 100
+9 * 100
fi=(439)
+9 763 100
+4 * 100
+6 * 100
jfi=(478)
jcnd=100/100 0x23e5f0 71 
* * 
fi=(478)
0x23e5f0 71 6800
+9 * 6800
+9 -1 6800
+9 * 6800
+9 +2 6800
+9 * 6800
+9 * 6800
+5 * 6800
+5 * 6800
+4 * 6800
+4 * 6800
+5 * 6800
+5 * 6800
+4 * 6800
+4 * 6800
+9 * 6800
fi=(439)
+9 763 6800
+4 * 6800
+6 * 6800
jfi=(478)
jcnd=6700/6800 0x23e5f0 71 
* * 
fi=(478)
+2 70 100
+8 +1 100
+8 +1 100
+5 * 100
+8 * 100
fi=(473)
+8 +80 100
+12 * 100
+5 0 100
+2 126 100
+8 * 100
+8 * 100
+8 * 100
+8 * 100
+8 * 100
fi=(439)
+8 763 100
+6 * 100
fi=(473)
-54 126 3400
+8 * 3400
+8 * 3400
+8 * 3400
+8 * 3400
+8 * 3400
fi=(439)
+8 763 3400
+6 * 3400
jfi=(482) /home/ecuodah/Documents/ssi/hqc/hqc/src/code.rs
jcnd=100/3400 +62 16 
* * 
fi=(473)
+2 126 3400
+9 * 3400
+9 * 3400
+9 * 3400
+9 * 3400
+9 * 3400
fi=(439)
+9 763 3400
+4 * 3400
jfi=(473)
jump=3400 0x23e6a0 126 
* * 
fi=(482)
+2 16 100
+4 * 100
+9 * 100
+9 * 100
+9 * 100
+8 * 100
+8 +2 100
+5 * 100
+5 * 100
+3 * 100
cfi=(485)
cfn=(2638)
calls=100 0x2404a0 +75 
* * 22846200
+6 * 100
+8 +1 100
+3 * 100
cfi=(483)
cfn=(2644)
calls=100 0x232200 199 
* * 31171435
fi=(455)
+6 2171 100
+12 * 100
+12 * 100
+12 * 100
+12 * 100
+12 * 100
+12 * 100
+5 * 100
fi=(476)
+12 1692 100
fi=(464)
+6 180 100
+2 0 100
fi=(455)
+8 2171 100
+12 * 100
+12 * 100
fi=(464)
+12 180 100
fi=(455)
+4 2171 100
fi=(476)
+12 1692 100
fi=(464)
+6 180 100
jfi=(455)
jcnd=100/100 -58 2171 
* * 
fi=(455)
-58 2171 6800
+12 * 6800
+12 * 6800
fi=(464)
+12 180 6800
fi=(455)
+4 2171 6800
fi=(476)
+12 1692 6800
fi=(464)
+6 180 6800
jfi=(455)
jcnd=6700/6800 -58 2171 
* * 
+2 0 100
fi=(455)
+5 2171 100
fi=(476)
+12 1692 100
fi=(464)
+6 180 100
+2 0 100
fi=(455)
+11 2171 100
+12 * 100
+12 * 100
fi=(464)
+12 180 100
fi=(455)
+4 2171 100
fi=(476)
+12 1692 100
fi=(464)
+6 180 100
jfi=(455)
jcnd=100/100 -58 2171 
* * 
fi=(455)
-58 2171 6800
+12 * 6800
+12 * 6800
fi=(464)
+12 180 6800
fi=(455)
+4 2171 6800
fi=(476)
+12 1692 6800
fi=(464)
+6 180 6800
jfi=(455)
jcnd=6700/6800 -58 2171 
* * 
+2 0 100
+5 0 100
fi=(455)
+15 2171 100
+12 * 100
+12 * 100
+12 * 100
+12 * 100
+12 * 100
fi=(476)
+12 1692 100
+4 * 100
fi=(464)
+6 180 100
jfi=(455)
jcnd=100/100 -82 2171 
* * 
fi=(455)
-82 2171 4500
+12 * 4500
+12 * 4500
+12 * 4500
+12 * 4500
+12 * 4500
fi=(476)
+12 1692 4500
+4 * 4500
fi=(464)
+6 180 4500
jfi=(455)
jcnd=4400/4500 -82 2171 
* * 
fi=(466)
+2 15 100
+4 * 100
+9 * 100
+9 * 100
+9 * 100
+9 * 100
+9 * 100
+9 * 100
+9 * 100
+9 * 100
+9 * 100
+9 * 100
+9 * 100
+9 * 100
fi=(459)
+12 +61 100
+9 * 100
+9 * 100
+9 * 100
+9 * 100
+9 * 100
+9 * 100
+9 * 100
+9 * 100
fi=(461)
+9 -53 100
+12 * 100
+8 * 100
fi=(471) /home/ecuodah/.cargo/registry/src/index.crates.io-1949cf8c6b5b557f/digest-0.10.7/src/digest.rs
+8 +52 100
+5 * 100
+3 * 100
cfi=(461)
cfn=(2418)
calls=100 0x244d60 +73 
* * 9923700
+5 * 100
+7 * 100
+5 * 100
+3 * 100
cfi=(461)
cfn=(2418)
calls=100 0x244d60 +73 
* * 4800
+5 * 100
+8 * 100
fi=(458)
+7 -23 100
+5 * 100
+3 * 100
+3 * 100
cob=(2)
cfi=(214)
cfn=(708)
calls=100 0x188a80 255 
* * 6500
+3 * 100
fi=(471)
+8 +34 100
+3 * 100
+3 * 100
cfi=(472)
cfn=(2428)
calls=100 0x244aa0 +13 
* * 629900
fi=(466)
+5 -71 100
+4 * 100
+9 * 100
+9 * 100
+9 * 100
+9 * 100
+9 * 100
+9 * 100
+9 * 100
+9 * 100
+9 * 100
+9 * 100
+9 * 100
+9 * 100
fi=(459)
+12 +61 100
+9 * 100
+9 * 100
+9 * 100
+9 * 100
fi=(461)
+9 -53 100
+12 * 100
fi=(471)
+8 +52 100
+5 * 100
+3 * 100
+3 * 100
cfi=(461)
cfn=(2418)
calls=100 0x244bd0 +73 
* * 4400
+5 * 100
+8 * 100
+5 * 100
+3 * 100
cfi=(461)
cfn=(2418)
calls=100 0x244bd0 +73 
* * 4300
+5 * 100
+8 * 100
+5 * 100
+3 * 100
cfi=(461)
cfn=(2418)
calls=100 0x244bd0 +73 
* * 4300
+5 * 100
+7 * 100
+5 * 100
+3 * 100
cfi=(461)
cfn=(2418)
calls=100 0x244bd0 +73 
* * 4800
+5 * 100
fi=(458)
+8 -14 100
+5 * 100
+3 * 100
+3 * 100
cob=(2)
cfi=(214)
cfn=(708)
calls=100 0x188a80 255 
* * 6500
+3 * 100
fi=(471)
+8 +25 100
+3 * 100
cfi=(472)
cfn=(2428)
calls=100 0x2449b0 +13 
* * 628700
fi=(455)
+5 547 100
+8 * 100
+8 * 100
+4 * 100
+4 * 100
+8 * 100
+4 * 100
+8 * 100
+4 * 100
+8 * 100
+4 * 100
+8 * 100
+4 * 100
+8 * 100
+4 * 100
+8 * 100
+4 * 100
+8 * 100
+4 * 100
+8 * 100
+8 * 100
+4 * 100
+4 * 100
+8 * 100
+4 * 100
+8 * 100
+4 * 100
+8 * 100
+4 * 100
+8 * 100
+4 * 100
+8 * 100
+4 * 100
+8 * 100
+4 * 100
+8 * 100
+4 * 100
+8 * 100
+4 * 100
+8 * 100
+8 * 100
+4 * 100
+4 * 100
+8 * 100
+4 * 100
+8 * 100
+4 * 100
+8 * 100
+4 * 100
+8 * 100
+4 * 100
+8 * 100
+4 * 100
+8 * 100
+4 * 100
+8 * 100
+4 * 100
+8 * 100
+4 * 100
+8 * 100
+4 * 100
+8 * 100
+4 * 100
+8 * 100
+4 * 100
+8 * 100
+4 * 100
+8 * 100
+4 * 100
+8 * 100
+5 * 100
+8 * 100
+5 * 100
+8 * 100
+5 * 100
+8 * 100
+5 * 100
+8 * 100
+5 * 100
+8 * 100
+5 * 100
+8 * 100
+5 * 100
+8 * 100
+5 * 100
+8 * 100
+5 * 100
+8 * 100
+5 * 100
+8 * 100
+5 * 100
+8 * 100
+5 * 100
+8 * 100
+5 * 100
+8 * 100
+5 * 100
+8 * 100
+5 * 100
+8 * 100
+5 * 100
+8 * 100
+5 * 100
+8 * 100
+5 * 100
+8 * 100
+5 * 100
+8 * 100
+5 * 100
+8 * 100
+5 * 100
+8 * 100
+5 * 100
+8 * 100
+5 * 100
+8 * 100
+5 * 100
+8 * 100
+5 * 100
+8 * 100
+5 * 100
+8 * 100
+5 * 100
+8 * 100
+5 * 100
+8 * 100
+5 * 100
+8 * 100
+4 * 100
fi=(460)
+8 -96 100
+4 * 100
fi=(455)
+6 +96 100
+5 * 100
+3 * 100
+5 * 100
+4 * 100
+5 * 100
+4 * 100
+5 * 100
+4 * 100
+5 * 100
+4 * 100
+5 * 100
+4 * 100
+5 * 100
+4 * 100
+5 * 100
+4 * 100
+5 * 100
+4 * 100
+5 * 100
+4 * 100
+5 * 100
+4 * 100
+5 * 100
+4 * 100
+5 * 100
+4 * 100
+5 * 100
+4 * 100
+5 * 100
+4 * 100
+5 * 100
+4 * 100
+5 * 100
+4 * 100
+5 * 100
+4 * 100
+5 * 100
+4 * 100
+5 * 100
+4 * 100
+5 * 100
+4 * 100
+5 * 100
+4 * 100
+5 * 100
+4 * 100
+5 * 100
+4 * 100
+5 * 100
+4 * 100
+5 * 100
+4 * 100
+5 * 100
+4 * 100
+5 * 100
+4 * 100
+5 * 100
+4 * 100
+5 * 100
+4 * 100
+5 * 100
+4 * 100
+5 * 100
+4 * 100
+4 * 100
+4 * 100
+5 * 100
+5 * 100
+4 * 100
+5 * 100
+4 * 100
+5 * 100
+4 * 100
+5 * 100
+4 * 100
+5 * 100
+4 * 100
+5 * 100
+4 * 100
+5 * 100
+4 * 100
+5 * 100
+4 * 100
+5 * 100
+4 * 100
+5 * 100
+4 * 100
+5 * 100
+4 * 100
+5 * 100
+4 * 100
+5 * 100
+4 * 100
+5 * 100
+4 * 100
+5 * 100
+4 * 100
+5 * 100
+4 * 100
+5 * 100
+4 * 100
+5 * 100
+4 * 100
+5 * 100
+4 * 100
+5 * 100
+4 * 100
+5 * 100
+4 * 100
+5 * 100
+4 * 100
+5 * 100
+4 * 100
+5 * 100
+4 * 100
+5 * 100
+4 * 100
+5 * 100
+4 * 100
+5 * 100
+4 * 100
+5 * 100
+4 * 100
+4 * 100
fe=(469)
+4 124 100
+4 * 100
+8 * 100
+8 * 100
+5 * 100
+5 * 100
+6 * 100
+8 * 100
+2 * 100
cfi=(470)
cfn=(2532)
calls=100 0x23d7d0 -67 
* * 5647259500
+6 * 100
fi=(455)
+4 547 100
+9 * 100
fi=(466)
+9 15 100
+4 * 100
+9 * 100
+9 * 100
+9 * 100
+9 * 100
+9 * 100
+9 * 100
+9 * 100
+9 * 100
+9 * 100
+9 * 100
+9 * 100
+9 * 100
fi=(459)
+12 +61 100
+9 * 100
+9 * 100
+9 * 100
+9 * 100
+9 * 100
+9 * 100
+9 * 100
+9 * 100
fi=(461)
+9 -53 100
+12 * 100
+8 * 100
fi=(471)
+8 +52 100
+5 * 100
+3 * 100
cfi=(461)
cfn=(2418)
calls=100 0x244d60 +73 
* * 4400
+5 * 100
+8 * 100
+5 * 100
+3 * 100
cfi=(461)
cfn=(2418)
calls=100 0x244d60 +73 
* * 4300
+5 * 100
+5 * 100
+3 * 100
+3 * 100
cfi=(461)
cfn=(2418)
calls=100 0x244d60 +73 
* * 9926300
+5 * 100
+5 * 100
+3 * 100
+8 * 100
cfi=(461)
cfn=(2418)
calls=100 0x244d60 +73 
* * 9925300
+5 * 100
+8 * 100
+5 * 100
+3 * 100
cfi=(461)
cfn=(2418)
calls=100 0x244d60 +73 
* * 4300
+5 * 100
+7 * 100
+5 * 100
+3 * 100
cfi=(461)
cfn=(2418)
calls=100 0x244d60 +73 
* * 4800
+5 * 100
fi=(458)
+8 +6 100
+5 * 100
+3 * 100
+3 * 100
cob=(2)
cfi=(214)
cfn=(708)
calls=100 0x188a80 255 
* * 6500
+6 * 100
fi=(471)
+8 +5 100
+3 * 100
cfi=(472)
cfn=(2428)
calls=100 0x244aa0 +13 
* * 629500
fi=(466)
+5 -71 100
fi=(455)
+4 547 100
+8 * 100
+8 * 100
+4 * 100
+4 * 100
+8 * 100
+4 * 100
+8 * 100
+4 * 100
+8 * 100
+4 * 100
+8 * 100
+4 * 100
+8 * 100
+4 * 100
+8 * 100
+4 * 100
+8 * 100
+4 * 100
+8 * 100
+8 * 100
+4 * 100
+4 * 100
+8 * 100
+4 * 100
+8 * 100
+4 * 100
+8 * 100
+4 * 100
+8 * 100
+4 * 100
+8 * 100
+4 * 100
+8 * 100
+4 * 100
+8 * 100
+4 * 100
+8 * 100
+4 * 100
+8 * 100
+4 * 100
+8 * 100
+4 * 100
+8 * 100
+4 * 100
+8 * 100
+4 * 100
+8 * 100
+4 * 100
+8 * 100
+4 * 100
+8 * 100
+4 * 100
+8 * 100
+4 * 100
+8 * 100
+4 * 100
+8 * 100
+4 * 100
+8 * 100
+4 * 100
+8 * 100
+4 * 100
+8 * 100
+4 * 100
+8 * 100
+5 * 100
+4 0 100
fi=(473)
+1 134 100
+8 * 100
+8 * 100
+8 * 100
+8 * 100
+5 * 100
+5 * 100
+4 * 100
+4 * 100
+4 * 100
+4 * 100
+8 * 100
+8 * 100
+8 * 100
+8 * 100
+5 * 100
+5 * 100
+4 * 100
+4 * 100
+4 * 100
fi=(439)
+4 763 100
+4 * 100
+6 * 100
jfi=(473)
jcnd=100/100 0x23f400 134 
* * 
fi=(473)
0x23f400 134 6800
+8 * 6800
+8 * 6800
+8 * 6800
+8 * 6800
+5 * 6800
+5 * 6800
+4 * 6800
+4 * 6800
+4 * 6800
+4 * 6800
+8 * 6800
+8 * 6800
+8 * 6800
+8 * 6800
+5 * 6800
+5 * 6800
+4 * 6800
+4 * 6800
+4 * 6800
fi=(439)
+4 763 6800
+4 * 6800
+6 * 6800
jfi=(473)
jcnd=6700/6800 0x23f400 134 
* * 
fi=(474)
+2 +9 100
+4 * 100
+5 * 100
+4 * 100
+5 * 100
+4 * 100
+4 * 100
+5 * 100
fi=(473)
+4 134 100
+8 * 100
fi=(474)
+7 772 100
fi=(473)
+4 134 100
+3 * 100
+2 +3 100
+2 * 100
+4 * 100
+8 * 100
+5 * 100
+4 0 100
+14 134 100
+8 * 100
+8 * 100
+8 * 100
+8 * 100
+5 * 100
+5 * 100
+4 * 100
+4 * 100
+4 * 100
+4 * 100
+8 * 100
+8 * 100
+8 * 100
+8 * 100
+5 * 100
+5 * 100
+4 * 100
+4 * 100
+4 * 100
fi=(439)
+4 763 100
+4 * 100
+6 * 100
jfi=(473)
jcnd=100/100 0x23f4e0 134 
* * 
fi=(473)
0x23f4e0 134 6800
+8 * 6800
+8 * 6800
+8 * 6800
+8 * 6800
+5 * 6800
+5 * 6800
+4 * 6800
+4 * 6800
+4 * 6800
+4 * 6800
+8 * 6800
+8 * 6800
+8 * 6800
+8 * 6800
+5 * 6800
+5 * 6800
+4 * 6800
+4 * 6800
+4 * 6800
fi=(439)
+4 763 6800
+4 * 6800
+6 * 6800
jfi=(473)
jcnd=6700/6800 0x23f4e0 134 
* * 
fi=(474)
+2 +9 100
+4 * 100
+5 * 100
+4 * 100
+5 * 100
+4 * 100
+4 * 100
+5 * 100
+4 * 100
fi=(473)
+4 134 100
+9 * 100
+9 * 100
+5 * 100
+4 * 100
+5 * 100
+4 * 100
+4 * 100
+5 * 100
+4 * 100
+4 * 100
+5 * 100
+4 * 100
+4 * 100
+3 +3 100
+2 * 100
fe=(469)
+5 +9 100
+2 +1 100
+2 * 100
+3 * 100
+6 * 100
jfi=(455)
jcnd=100/100 0x23f727 2171 
* * 
fi=(455)
0x23f727 2171 100
+8 * 100
+8 * 100
+8 * 100
+8 * 100
+8 * 100
+8 * 100
+8 * 100
+8 * 100
+8 * 100
+8 * 100
+8 * 100
+8 * 100
+8 * 100
+8 * 100
+8 * 100
+8 * 100
+8 * 100
+8 * 100
+8 * 100
+8 * 100
+8 * 100
+8 * 100
+8 * 100
+8 * 100
+8 * 100
+8 * 100
+8 * 100
+8 * 100
+8 * 100
+8 * 100
+8 * 100
+8 * 100
+8 * 100
+8 * 100
+8 * 100
+8 * 100
+8 * 100
+8 * 100
+8 * 100
+8 * 100
+8 * 100
+8 * 100
+8 * 100
+8 * 100
+8 * 100
+8 * 100
+8 * 100
+8 * 100
+8 * 100
+8 * 100
+8 * 100
+8 * 100
+8 * 100
+8 * 100
+8 * 100
+8 * 100
+8 * 100
+8 * 100
+8 * 100
+8 * 100
+8 * 100
+8 * 100
+8 * 100
+8 * 100
+5 * 100
+5 * 100
+5 * 100
+5 * 100
+5 * 100
+5 * 100
+5 * 100
+5 * 100
+5 * 100
+5 * 100
+5 * 100
+5 * 100
+5 * 100
+5 * 100
+5 * 100
+5 * 100
+5 * 100
+5 * 100
+5 * 100
+5 * 100
+5 * 100
+5 * 100
+5 * 100
+5 * 100
+5 * 100
+5 * 100
+5 * 100
+5 * 100
+5 * 100
+5 * 100
+5 * 100
+5 * 100
+5 * 100
+5 * 100
+5 * 100
+5 * 100
+5 * 100
+5 * 100
+5 * 100
+5 * 100
+5 * 100
+5 * 100
+5 * 100
+5 * 100
+5 * 100
+5 * 100
+5 * 100
+5 * 100
+5 * 100
+5 * 100
+5 * 100
+5 * 100
+5 * 100
+5 * 100
+5 * 100
+5 * 100
+5 * 100
+5 * 100
+5 * 100
+5 * 100
+5 * 100
+5 * 100
+5 * 100
+4 * 100
+5 * 100
+5 * 100
+5 * 100
+5 * 100
+5 * 100
+5 * 100
+5 * 100
+5 * 100
+5 * 100
+5 * 100
+5 * 100
+5 * 100
+5 * 100
+5 * 100
+5 * 100
+5 * 100
+5 * 100
+5 * 100
+5 * 100
+5 * 100
+5 * 100
+5 * 100
+5 * 100
+5 * 100
+5 * 100
+5 * 100
+5 * 100
+5 * 100
+5 * 100
+5 * 100
+5 * 100
+5 * 100
+5 * 100
+5 * 100
+5 * 100
+5 * 100
+5 * 100
+5 * 100
+5 * 100
+5 * 100
+5 * 100
+5 * 100
+5 * 100
+5 * 100
+5 * 100
+5 * 100
+5 * 100
+5 * 100
+5 * 100
+5 * 100
+5 * 100
+5 * 100
+5 * 100
+5 * 100
+5 * 100
+5 * 100
+5 * 100
+5 * 100
+5 * 100
+5 * 100
+5 * 100
+5 * 100
+5 * 100
fe=(469)
+5 160 100
+7 * 100
+1 * 100
+2 * 100
+2 * 100
+2 * 100
+2 * 100
+1 * 100

fl=(470)
fn=(2416)
0x23cb90 13 100
+1 * 100
+2 * 100
+2 * 100
+2 * 100
+2 * 100
+1 * 100
+3 * 100
+7 * 100
+7 * 100
+8 * 100
+3 * 100
jcnd=100/100 -18 * 
* * 
-18 * 1100
+7 * 1100
+8 * 1100
+3 * 1100
jcnd=1000/1100 -18 * 
* * 
+2 * 100
+7 * 100
+3 * 100
+3 * 100
+5 * 100
+5 * 100
+5 * 100
+5 +1 100
+3 * 100
+5 * 100
+5 * 100
+5 * 100
+4 * 100
+5 * 100
+8 * 100
+7 +2 100
+5 * 100
+2 * 100
cob=(2)
cfi=(227)
cfn=(766)
calls=100 0x189480 158 
* * 223300
+3 * 100
+8 +1 100
+5 * 100
+2 * 100
cob=(2)
cfi=(227)
cfn=(766)
calls=100 0x189480 158 
* * 223300
+3 * 100
+8 +1 100
+5 * 100
+2 * 100
cob=(2)
cfi=(227)
cfn=(766)
calls=100 0x189480 158 
* * 223300
+3 * 100
+8 +1 100
+5 * 100
+2 * 100
cob=(2)
cfi=(227)
cfn=(766)
calls=100 0x189480 158 
* * 223300
+3 -5 100
fi=(466)
+3 +1 100
+8 * 100
+8 * 100
+8 * 100
+8 * 100
+8 * 100
+8 * 100
+8 * 100
+8 * 100
+8 * 100
+8 * 100
+8 * 100
+8 * 100
fi=(459)
+12 +61 100
+8 * 100
+8 * 100
+8 * 100
+8 * 100
fi=(461)
+8 -53 100
+12 * 100
fi=(471)
+8 +52 100
+3 * 100
+3 * 100
+3 * 100
cfi=(461)
cfn=(2418)
calls=100 0x244bd0 +73 
* * 4400
+5 * 100
+7 * 100
+5 * 100
+3 * 100
cfi=(461)
cfn=(2418)
calls=100 0x244bd0 +73 
* * 4800
+5 * 100
+8 * 100
fi=(458)
+7 -30 100
+5 * 100
+3 * 100
+3 * 100
cob=(2)
cfi=(214)
cfn=(708)
calls=100 0x188a80 255 
* * 6500
+3 * 100
fi=(471)
+5 +41 100
+3 * 100
cfi=(472)
cfn=(2428)
calls=100 0x2449b0 +13 
* * 627200
fi=(455)
+5 547 100
+5 * 100
+5 * 100
+8 * 100
+8 * 100
+4 * 100
+5 * 100
+5 * 100
fe=(470)
+5 14 100
fi=(466)
+3 +1 100
+8 * 100
+8 * 100
+8 * 100
+8 * 100
+8 * 100
+8 * 100
+8 * 100
+8 * 100
+8 * 100
+8 * 100
+8 * 100
+8 * 100
fi=(461)
+12 +8 100
fi=(459)
+8 +53 100
+8 * 100
+8 * 100
+8 * 100
+8 * 100
+8 * 100
+8 * 100
+8 * 100
+8 * 100
fi=(461)
+8 -53 100
+12 149 100
+8 * 100
+3 * 100
+8 +1 100
+5 * 100
+3 * 100
cfi=(459)
cfn=(2370)
calls=100 0x243ef0 -12 
* * 4300
fi=(458)
+5 33 100
fi=(461)
+5 149 100
+8 * 100
+5 * 100
+8 +1 100
+5 * 100
+3 * 100
cfi=(459)
cfn=(2370)
calls=100 0x243ef0 -12 
* * 4700
+5 * 100
fi=(458)
+8 35 100
+5 * 100
+3 * 100
+3 * 100
cob=(2)
cfi=(214)
cfn=(708)
calls=100 0x188a80 255 
* * 6500
fe=(470)
+3 -21 100
fi=(466)
+3 +1 100
+8 * 100
+8 * 100
+8 * 100
+8 * 100
+8 * 100
+8 * 100
+8 * 100
+8 * 100
+8 * 100
+8 * 100
+8 * 100
+8 * 100
fi=(461)
+12 +8 100
fi=(459)
+8 +53 100
+8 * 100
+8 * 100
+8 * 100
+8 * 100
+8 * 100
+8 * 100
+8 * 100
+8 * 100
fi=(461)
+8 -53 100
+12 149 100
+8 * 100
+8 +1 100
+5 * 100
+3 * 100
+3 * 100
cfi=(459)
cfn=(2370)
calls=100 0x243ef0 -12 
* * 4300
fi=(458)
+5 33 100
fi=(461)
+5 149 100
+8 * 100
+5 * 100
+8 +1 100
+5 * 100
+3 * 100
cfi=(459)
cfn=(2370)
calls=100 0x243ef0 -12 
* * 4700
+5 * 100
fi=(458)
+8 35 100
+5 * 100
+3 * 100
cob=(2)
cfi=(214)
cfn=(708)
calls=100 0x188a80 255 
* * 6500
fi=(461)
+3 203 100
+8 * 100
+8 * 100
+5 * 100
cob=(2)
cfi=(214)
cfn=(708)
calls=100 0x188a80 +52 
* * 3000
+3 * 100
+8 * 100
+5 * 100
+3 * 100
+3 * 100
cob=(2)
cfi=(214)
cfn=(708)
calls=100 0x188a80 +52 
* * 3000
fi=(459)
+3 -7 100
fi=(460)
+9 -95 100
+4 * 100
+7 * 100
fi=(464)
+5 +79 100
+5 * 100
fi=(459)
+3 +8 100
+2 * 100
cob=(2)
cfi=(227)
cfn=(766)
calls=100 0x189480 -30 
* * 1900
fi=(462)
+3 -49 100
+9 +2 100
fi=(466)
+8 34 100
+8 * 100
+8 * 100
+8 * 100
+8 * 100
+8 * 100
+8 * 100
+8 * 100
+8 * 100
+8 * 100
+8 * 100
+8 * 100
+8 * 100
+8 * 100
+8 * 100
+8 * 100
+8 * 100
+8 * 100
+8 * 100
+8 * 100
+8 * 100
+8 * 100
+8 * 100
+8 * 100
fi=(457)
+8 1718 100
fi=(466)
+8 34 100
+8 +3 100
+8 * 100
+7 * 100
+3 * 100
cfi=(463)
cfn=(2380)
calls=100 0x244f90 166 
* * 615800
+3 * 100
+8 -31 100
+5 * 100
+3 * 100
+3 * 100
cob=(2)
cfi=(214)
cfn=(708)
calls=100 0x188a80 255 
* * 3000
fe=(470)
+3 +8 100
fi=(459)
+3 +62 100
+8 * 100
+8 * 100
+8 * 100
+8 * 100
+8 * 100
+8 * 100
+8 * 100
+8 * 100
fe=(470)
+8 -45 100
+5 * 100
+5 * 100
+3 * 100
+8 * 100
cfi=(473)
cfn=(2444)
calls=100 0x243470 +69 
* * 10467453
+5 +1 100
+5 * 100
+5 * 100
+3 * 100
+8 * 100
cfi=(473)
cfn=(2444)
calls=100 0x243470 +68 
* * 9843743
fi=(461)
+5 203 100
+8 * 100
+8 * 100
+5 * 100
cob=(2)
cfi=(214)
cfn=(708)
calls=100 0x188a80 +52 
* * 3000
+3 * 100
+8 * 100
+5 * 100
+3 * 100
+8 * 100
cob=(2)
cfi=(214)
cfn=(708)
calls=100 0x188a80 +52 
* * 3000
fi=(459)
+3 -7 100
fi=(460)
+9 -95 100
+4 * 100
fi=(464)
+7 +79 100
fi=(459)
+3 +8 100
+2 * 100
+3 * 100
cob=(2)
cfi=(227)
cfn=(766)
calls=100 0x189480 -30 
* * 1900
fi=(462)
+3 -49 100
+9 +2 100
fi=(466)
+8 34 100
+8 * 100
+9 * 100
+9 * 100
+8 * 100
+9 * 100
+8 * 100
+9 * 100
+9 * 100
+9 * 100
+9 * 100
+9 * 100
+9 * 100
+8 * 100
+8 * 100
+8 * 100
+8 * 100
+8 * 100
+8 * 100
+8 * 100
+8 * 100
+8 * 100
+9 * 100
+9 * 100
fi=(457)
+9 1718 100
fi=(466)
+8 34 100
+8 +3 100
+8 * 100
+3 * 100
cfi=(463)
cfn=(2380)
calls=100 0x244f90 166 
* * 615800
+3 * 100
+5 -31 100
+5 * 100
+3 * 100
+3 * 100
cob=(2)
cfi=(214)
cfn=(708)
calls=100 0x188a80 255 
* * 3000
fe=(470)
+3 +8 100
fi=(459)
+4 +62 100
+9 * 100
+9 * 100
+9 * 100
+9 * 100
+9 * 100
+9 * 100
+9 * 100
+9 * 100
fe=(470)
+9 -40 100
+5 * 100
+3 * 100
+8 * 100
+3 * 100
cfi=(473)
cfn=(2460)
calls=100 0x2432f0 +79 
* * 10604000
+5 * 100
fi=(478)
+8 +42 100
+5 * 100
+3 * 100
+2 * 100
cob=(2)
cfi=(227)
cfn=(766)
calls=100 0x189480 +80 
* * 444900
+3 +1 100
+5 * 100
+3 * 100
+2 * 100
cob=(2)
cfi=(227)
cfn=(766)
calls=100 0x189480 +79 
* * 3547300
+3 +2 100
+4 * 100
+5 * 100
+5 * 100
+6 * 100
+3 * 100
+8 * 100
+3 * 100
+5 * 100
+1 * 100
+5 * 100
cfn=(2478)
calls=100 0x23fc70 -53 
* * 2793324000
+5 * 100
+4 * 100
+5 -81 100
+3 71 100
+9 * 100
+9 -1 100
+9 * 100
+9 +2 100
+9 * 100
+9 * 100
+5 * 100
+5 * 100
+4 * 100
+4 * 100
+5 * 100
+5 * 100
+4 * 100
+4 * 100
+9 * 100
fi=(439)
+9 763 100
+4 * 100
+6 * 100
jfi=(478)
jcnd=100/100 0x23d3c0 71 
* * 
fi=(478)
0x23d3c0 71 6800
+9 * 6800
+9 -1 6800
+9 * 6800
+9 +2 6800
+9 * 6800
+9 * 6800
+5 * 6800
+5 * 6800
+4 * 6800
+4 * 6800
+5 * 6800
+5 * 6800
+4 * 6800
+4 * 6800
+9 * 6800
fi=(439)
+9 763 6800
+4 * 6800
+6 * 6800
jfi=(478)
jcnd=6700/6800 0x23d3c0 71 
* * 
fi=(478)
+2 70 100
+7 +2 100
+3 * 100
+7 +2 100
+3 * 100
+8 * 100
+8 * 100
fe=(470)
+8 -35 100
+5 * 100
cob=(2)
cfi=(214)
cfn=(708)
calls=100 0x188a80 255 
* * 24500
+6 * 100
+5 * 100
+5 -39 100
fi=(473)
+7 126 100
+8 * 100
+8 * 100
+8 * 100
+3 * 100
+8 * 100
+3 * 100
+8 * 100
fi=(439)
+8 763 100
+6 * 100
fi=(473)
-60 126 3400
+8 * 3400
+8 * 3400
+8 * 3400
+3 * 3400
+8 * 3400
+3 * 3400
+8 * 3400
fi=(439)
+8 763 3400
+6 * 3400
jfi=(473)
jcnd=100/3400 +73 126 
* * 
fi=(473)
+2 126 3400
+9 * 3400
+9 * 3400
+9 * 3400
+4 * 3400
+9 * 3400
+4 * 3400
+9 * 3400
fi=(439)
+9 763 3400
+4 * 3400
jfi=(473)
jump=3400 0x23d480 126 
* * 
fi=(473)
+5 126 100
+8 * 100
+8 * 100
fi=(460)
+8 451 100
+4 * 100
+6 0 100
fi=(455)
+5 547 100
+3 * 100
+4 * 100
+5 * 100
+4 * 100
fi=(460)
+3 -96 100
+7 * 100
+6 101 100
+4 * 100
fi=(455)
+8 547 100
+5 * 100
cob=(2)
cfi=(214)
cfn=(708)
calls=100 0x188a80 255 
* * 24500
+6 * 100
fi=(460)
+5 -96 100
+4 * 100
fi=(455)
+6 +96 100
+4 * 100
+5 * 100
+5 * 100
+4 * 100
+3 2171 100
+4 * 100
+5 * 100
+5 * 100
+5 * 100
+5 * 100
+5 * 100
+5 * 100
+5 * 100
+5 * 100
+5 * 100
+5 * 100
+5 * 100
+5 * 100
+5 * 100
+5 * 100
+5 * 100
+5 * 100
+5 * 100
+5 * 100
+5 * 100
+5 * 100
+5 * 100
+5 * 100
+5 * 100
+5 * 100
+5 * 100
+5 * 100
+5 * 100
+5 * 100
+5 * 100
+5 * 100
+5 * 100
+5 * 100
+5 * 100
+5 * 100
+5 * 100
+5 * 100
+5 * 100
+5 * 100
+5 * 100
+5 * 100
+5 * 100
+5 * 100
+5 * 100
+5 * 100
+5 * 100
+5 * 100
+5 * 100
+5 * 100
+5 * 100
+5 * 100
+5 * 100
+5 * 100
+5 * 100
+5 * 100
+5 * 100
+5 * 100
+5 * 100
+5 * 100
+5 * 100
+5 * 100
+5 * 100
+5 * 100
+5 * 100
+5 * 100
fi=(476)
+12 1692 100
fi=(464)
+6 180 100
+2 0 100
fi=(455)
+1 2171 100
+12 * 100
+12 * 100
fi=(464)
+12 180 100
fi=(455)
+4 2171 100
fi=(476)
+12 1692 100
fi=(464)
+6 180 100
jfi=(455)
jcnd=100/100 -58 2171 
* * 
fi=(455)
-58 2171 6800
+12 * 6800
+12 * 6800
fi=(464)
+12 180 6800
fi=(455)
+4 2171 6800
fi=(476)
+12 1692 6800
fi=(464)
+6 180 6800
jfi=(455)
jcnd=6700/6800 -58 2171 
* * 
+2 0 100
fi=(455)
+5 2171 100
fi=(476)
+12 1692 100
fi=(464)
+6 180 100
+2 0 100
fi=(455)
+11 2171 100
+12 * 100
+12 * 100
fi=(464)
+12 180 100
fi=(455)
+4 2171 100
fi=(476)
+12 1692 100
fi=(464)
+6 180 100
jfi=(455)
jcnd=100/100 -58 2171 
* * 
fi=(455)
-58 2171 6800
+12 * 6800
+12 * 6800
fi=(464)
+12 180 6800
fi=(455)
+4 2171 6800
fi=(476)
+12 1692 6800
fi=(464)
+6 180 6800
jfi=(455)
jcnd=6700/6800 -58 2171 
* * 
fe=(470)
+2 55 100
+7 * 100
+1 * 100
+2 * 100
+2 * 100
+2 * 100
+2 * 100
+1 * 100

fn=(2532)
0x23d7d0 57 200
+1 * 200
+2 * 200
+2 * 200
+2 * 200
+2 * 200
+1 * 200
+3 * 200
+7 * 200
+7 * 200
+8 * 200
+3 * 200
jcnd=200/200 -18 * 
* * 
-18 * 2600
+7 * 2600
+8 * 2600
+3 * 2600
jcnd=2400/2600 -18 * 
* * 
+2 * 200
+7 * 200
+3 * 200
+5 * 200
+5 * 200
+5 * 200
+4 * 200
+3 * 200
+8 * 200
+8 * 200
+7 +1 200
+5 * 200
+2 * 200
cob=(2)
cfi=(227)
cfn=(766)
calls=200 0x189480 158 
* * 446600
+3 * 200
+8 +1 200
+5 * 200
+2 * 200
cob=(2)
cfi=(227)
cfn=(766)
calls=200 0x189480 +99 
* * 446600
+3 * 200
+8 +1 200
+5 * 200
+2 * 200
cob=(2)
cfi=(227)
cfn=(766)
calls=200 0x189480 +98 
* * 446600
+3 * 200
+8 +1 200
+5 * 200
+2 * 200
cob=(2)
cfi=(227)
cfn=(766)
calls=200 0x189480 +97 
* * 446600
+3 * 200
+8 +1 200
+5 * 200
+2 * 200
cob=(2)
cfi=(227)
cfn=(766)
calls=200 0x189480 +96 
* * 446600
+3 * 200
+8 +1 200
+5 * 200
+2 * 200
cob=(2)
cfi=(227)
cfn=(766)
calls=200 0x189480 +95 
* * 446600
fi=(466)
+3 -48 200
+3 * 200
+8 * 200
+8 * 200
+8 * 200
+8 * 200
+8 * 200
+8 * 200
+8 * 200
+8 * 200
+8 * 200
+8 * 200
+8 * 200
+8 * 200
fi=(461)
+12 +8 200
fi=(459)
+8 +53 200
+8 * 200
+8 * 200
+8 * 200
+8 * 200
+8 * 200
+8 * 200
+8 * 200
+8 * 200
fi=(461)
+8 -53 200
+12 * 200
+8 149 200
+8 * 200
+8 +1 200
+3 * 200
+3 * 200
+3 * 200
cfi=(459)
cfn=(2370)
calls=200 0x243ef0 -12 
* * 8600
fi=(458)
+5 33 200
fi=(461)
+8 149 200
+8 * 200
+8 * 200
+8 +1 200
+5 * 200
+3 * 200
cfi=(459)
cfn=(2370)
calls=200 0x243ef0 -12 
* * 9400
+5 * 200
+8 * 200
fi=(458)
+7 35 200
+5 * 200
+3 * 200
+3 * 200
cob=(2)
cfi=(214)
cfn=(708)
calls=200 0x188a80 255 
* * 13000
fi=(461)
+2 203 200
+8 * 200
+8 * 200
+5 * 200
cob=(2)
cfi=(214)
cfn=(708)
calls=200 0x188a80 +52 
* * 6000
+2 * 200
+8 * 200
+5 * 200
+3 * 200
+3 * 200
cob=(2)
cfi=(214)
cfn=(708)
calls=200 0x188a80 +52 
* * 6000
fi=(459)
+2 -7 200
fi=(460)
+9 -95 200
+4 * 200
+7 * 200
fi=(464)
+5 +79 200
fi=(459)
+3 +8 200
+2 * 200
cob=(2)
cfi=(227)
cfn=(766)
calls=200 0x189480 -30 
* * 3800
fi=(462)
+3 -49 200
+9 +2 200
fi=(466)
+8 34 200
+8 * 200
+9 * 200
+9 * 200
+8 * 200
+9 * 200
+8 * 200
+9 * 200
+9 * 200
+9 * 200
+9 * 200
+9 * 200
+9 * 200
+8 * 200
+8 * 200
+8 * 200
+8 * 200
+8 * 200
+8 * 200
+8 * 200
+8 * 200
+8 * 200
+9 * 200
+9 * 200
fi=(457)
+9 1718 200
fi=(466)
+8 34 200
+8 +3 200
+8 * 200
+3 * 200
cfi=(463)
cfn=(2380)
calls=200 0x244f90 166 
* * 1231600
+6 * 200
+5 -31 200
+5 * 200
+3 * 200
+3 * 200
cob=(2)
cfi=(214)
cfn=(708)
calls=200 0x188a80 255 
* * 6000
+2 +9 200
fi=(459)
+4 +61 200
+9 * 200
+9 * 200
+9 * 200
+9 * 200
+9 * 200
+9 * 200
+9 * 200
+9 * 200
fe=(470)
+9 -8 200
+5 * 200
+5 * 200
+8 * 200
+8 * 200
+4 * 200
+5 * 200
cfi=(481)
cfn=(2544) hqc::parsing::hqc_ek_pke_from_string
calls=200 0x239bd0 -60 
* * 22569400
+6 +4 200
+5 * 200
+5 * 200
+3 * 200
+8 * 200
+3 * 200
cfi=(473)
cfn=(2558)
calls=200 0x243700 +35 
* * 23727800
+5 +1 200
+5 * 200
+5 * 200
+3 * 200
+8 * 200
cfi=(473)
cfn=(2558)
calls=200 0x243700 +34 
* * 22487000
+5 +1 200
+5 * 200
+5 * 200
+3 * 200
+8 * 200
cfi=(473)
cfn=(2558)
calls=200 0x243700 +33 
* * 22489000
+5 * 200
+8 +4 200
+5 * 200
+2 * 200
+3 * 200
cob=(2)
cfi=(227)
cfn=(766)
calls=200 0x189480 +80 
* * 446600
+3 * 200
+8 * 200
+5 * 200
+3 * 200
+2 * 200
cob=(2)
cfi=(227)
cfn=(766)
calls=200 0x189480 +80 
* * 889800
fi=(478)
+3 +1 200
+5 * 200
+8 * 200
+3 * 200
+2 * 200
+3 * 200
cob=(2)
cfi=(227)
cfn=(766)
calls=200 0x189480 +79 
* * 7094600
+3 +2 200
+4 * 200
+5 * 200
+5 * 200
+6 * 200
+3 * 200
+3 * 200
+8 * 200
+5 * 200
+2 * 200
+5 * 200
cfn=(2478)
calls=200 0x23fc70 -53 
* * 5586648000
+5 * 200
+4 * 200
+5 -81 200
+9 71 200
+9 * 200
+9 -1 200
+9 * 200
+9 +2 200
+9 * 200
+9 * 200
+5 * 200
+5 * 200
+4 * 200
+4 * 200
+5 * 200
+5 * 200
+4 * 200
+4 * 200
+9 * 200
fi=(439)
+9 763 200
+4 * 200
+6 * 200
jfi=(478)
jcnd=200/200 0x23dc80 71 
* * 
fi=(478)
0x23dc80 71 13600
+9 * 13600
+9 -1 13600
+9 * 13600
+9 +2 13600
+9 * 13600
+9 * 13600
+5 * 13600
+5 * 13600
+4 * 13600
+4 * 13600
+5 * 13600
+5 * 13600
+4 * 13600
+4 * 13600
+9 * 13600
fi=(439)
+9 763 13600
+4 * 13600
+6 * 13600
jfi=(478)
jcnd=13400/13600 0x23dc80 71 
* * 
fi=(478)
+2 70 200
+7 +2 200
+3 * 200
+7 +2 200
+3 * 200
+8 * 200
+5 -74 200
fi=(473)
+7 126 200
+8 * 200
+8 * 200
+8 * 200
+3 * 200
+8 * 200
+3 * 200
+8 * 200
fi=(439)
+8 763 200
+6 * 200
fi=(473)
-60 126 6800
+8 * 6800
+8 * 6800
+8 * 6800
+3 * 6800
+8 * 6800
+3 * 6800
+8 * 6800
fi=(439)
+8 763 6800
+6 * 6800
jfi=(473)
jcnd=200/6800 +73 126 
* * 
fi=(473)
+2 126 6800
+9 * 6800
+9 * 6800
+9 * 6800
+4 * 6800
+9 * 6800
+4 * 6800
+9 * 6800
fi=(439)
+9 763 6800
+4 * 6800
jfi=(473)
jump=6800 0x23dd20 126 
* * 
fi=(473)
+5 126 200
+8 * 200
+8 * 200
+7 * 200
fe=(470)
+8 -42 200
+5 * 200
+3 * 200
+2 * 200
cob=(2)
cfi=(227)
cfn=(766)
calls=200 0x189480 +74 
* * 445000
+3 +1 200
+5 * 200
+3 * 200
+5 * 200
+5 * 200
cfi=(482)
cfn=(2580) hqc::code::code_encode
calls=200 0x239700 -79 
* * 7683200
+6 * 200
fi=(478)
+8 -7 200
+5 * 200
+3 * 200
+2 * 200
cob=(2)
cfi=(227)
cfn=(766)
calls=200 0x189480 +80 
* * 889800
+3 +1 200
+5 * 200
+3 * 200
+2 * 200
cob=(2)
cfi=(227)
cfn=(766)
calls=200 0x189480 +79 
* * 7094600
+3 +2 200
+4 * 200
+8 * 200
+8 * 200
+5 * 200
+5 * 200
+6 * 200
+3 * 200
+5 * 200
+2 * 200
+5 * 200
cfn=(2478)
calls=200 0x23fc70 -53 
* * 5586648000
+5 * 200
+4 * 200
+5 -81 200
+4 71 200
+9 * 200
+9 -1 200
+9 * 200
+9 +2 200
+9 * 200
+9 * 200
+5 * 200
+5 * 200
+4 * 200
+4 * 200
+5 * 200
+5 * 200
+4 * 200
+4 * 200
+9 * 200
fi=(439)
+9 763 200
+4 * 200
+6 * 200
jfi=(478)
jcnd=200/200 0x23de50 71 
* * 
fi=(478)
0x23de50 71 13600
+9 * 13600
+9 -1 13600
+9 * 13600
+9 +2 13600
+9 * 13600
+9 * 13600
+5 * 13600
+5 * 13600
+4 * 13600
+4 * 13600
+5 * 13600
+5 * 13600
+4 * 13600
+4 * 13600
+9 * 13600
fi=(439)
+9 763 13600
+4 * 13600
+6 * 13600
jfi=(478)
jcnd=13400/13600 0x23de50 71 
* * 
fi=(478)
+2 70 200
+7 +2 200
+3 * 200
+7 +2 200
+3 * 200
+8 * 200
+8 * 200
fe=(470)
+8 +13 200
+5 * 200
cob=(2)
cfi=(214)
cfn=(708)
calls=200 0x188a80 255 
* * 49000
+6 * 200
+5 -87 200
fi=(473)
+12 126 200
+8 * 200
+8 * 200
+8 * 200
+3 * 200
+8 * 200
+3 * 200
+8 * 200
fi=(439)
+8 763 200
+6 * 200
fi=(473)
-60 126 6800
+8 * 6800
+8 * 6800
+8 * 6800
+3 * 6800
+8 * 6800
+3 * 6800
+8 * 6800
fi=(439)
+8 763 6800
+6 * 6800
jfi=(473)
jcnd=200/6800 +73 152 
* * 
fi=(473)
+2 126 6800
+9 * 6800
+9 * 6800
+9 * 6800
+4 * 6800
+9 * 6800
+4 * 6800
+9 * 6800
fi=(439)
+9 763 6800
+4 * 6800
jfi=(473)
jump=6800 0x23df10 126 
* * 
fi=(473)
+5 152 200
+12 * 200
+5 0 200
+10 126 200
+8 * 200
+8 * 200
+8 * 200
+3 * 200
+8 * 200
+3 * 200
+5 * 200
fi=(439)
+5 763 200
+6 * 200
fi=(473)
-54 126 6800
+8 * 6800
+8 * 6800
+8 * 6800
+3 * 6800
+8 * 6800
+3 * 6800
+5 * 6800
fi=(439)
+5 763 6800
+6 * 6800
jcnd=200/6800 +63 0 
* * 
fi=(473)
+2 126 6800
+9 * 6800
+9 * 6800
+9 * 6800
+4 * 6800
+9 * 6800
+4 * 6800
+6 * 6800
fi=(439)
+5 763 6800
+4 * 6800
jfi=(473)
jump=6800 0x23dfb0 126 
* * 
+2 0 200
fi=(455)
+5 2171 200
fi=(476)
+12 1692 200
fi=(464)
+6 180 200
+2 0 200
fi=(455)
+2 2171 200
+12 * 200
+12 * 200
fi=(464)
+12 180 200
fi=(455)
+4 2171 200
fi=(476)
+12 1692 200
fi=(464)
+6 180 200
jfi=(455)
jcnd=200/200 -58 2171 
* * 
fi=(455)
-58 2171 13600
+12 * 13600
+12 * 13600
fi=(464)
+12 180 13600
fi=(455)
+4 2171 13600
fi=(476)
+12 1692 13600
fi=(464)
+6 180 13600
jfi=(455)
jcnd=13400/13600 -58 2171 
* * 
+2 0 200
fi=(455)
+5 2171 200
fi=(476)
+12 1692 200
fi=(464)
+6 180 200
+2 0 200
fi=(455)
+11 2171 200
+12 * 200
+12 * 200
fi=(464)
+12 180 200
fi=(455)
+4 2171 200
fi=(476)
+12 1692 200
fi=(464)
+6 180 200
jfi=(455)
jcnd=200/200 -58 2171 
* * 
fi=(455)
-58 2171 13600
+12 * 13600
+12 * 13600
fi=(464)
+12 180 13600
fi=(455)
+4 2171 13600
fi=(476)
+12 1692 13600
fi=(464)
+6 180 13600
jfi=(455)
jcnd=13400/13600 -58 2171 
* * 
+2 0 200
fi=(455)
+5 2171 200
fi=(476)
+12 1692 200
fi=(464)
+6 180 200
+2 0 200
fi=(455)
+11 2171 200
+12 * 200
+12 * 200
fi=(464)
+12 180 200
fi=(455)
+4 2171 200
fi=(476)
+12 1692 200
fi=(464)
+6 180 200
jfi=(455)
jcnd=200/200 -58 2171 
* * 
fi=(455)
-58 2171 13600
+12 * 13600
+12 * 13600
fi=(464)
+12 180 13600
fi=(455)
+4 2171 13600
fi=(476)
+12 1692 13600
fi=(464)
+6 180 13600
jfi=(455)
jcnd=13400/13600 -58 2171 
* * 
+2 0 200
fi=(455)
+5 2171 200
fi=(476)
+12 1692 200
fi=(464)
+6 180 200
+2 0 200
fi=(455)
+11 2171 200
+12 * 200
+12 * 200
fi=(464)
+12 180 200
fi=(455)
+4 2171 200
fi=(476)
+12 1692 200
fi=(464)
+6 180 200
jfi=(455)
jcnd=200/200 -58 2171 
* * 
fi=(455)
-58 2171 13600
+12 * 13600
+12 * 13600
fi=(464)
+12 180 13600
fi=(455)
+4 2171 13600
fi=(476)
+12 1692 13600
fi=(464)
+6 180 13600
jfi=(455)
jcnd=13400/13600 -58 2171 
* * 
fe=(470)
+2 -83 200
+7 * 200
+1 * 200
+2 * 200
+2 * 200
+2 * 200
+2 * 200
+1 * 200

fl=(244)
fn=(888)
0x245670 48 1608
cob=(2)
cfi=(194)
cfn=(738)
calls=1608 0xadd50 3359 
* * 310258

fl=(251)
fn=(834)
0x1f2020 162 1
fi=(438) /home/ecuodah/.rustup/toolchains/stable-x86_64-unknown-linux-gnu/lib/rustlib/src/rust/library/core/src/ops/function.rs
+1 +88 1
cfi=(252) /home/ecuodah/Documents/ssi/hqc/hqc/tests/kats.rs
cfn=(836) kats::main
calls=1 0x1f32c0 0 
* * 518767
fe=(251)
+2 -78 1
+1 * 1

fl=(334)
fn=(1510)
0x208d10 695 3
+1 * 3
+3 * 3
+1 * 3
+4 * 3
fi=(335) /rustc/4a4ef493e3a1488c6e321570238084b38948f6db/library/core/src/hash/sip.rs
+10 204 3
+3 * 3
+10 +1 3
+3 * 3
+10 +1 3
+3 * 3
+10 +1 3
fi=(279)
+3 13 3
+4 * 3
+4 * 3
+4 * 3
+4 * 3
+4 * 3
+4 * 3
+3 * 3
+4 * 3
+8 * 3
fi=(335)
+4 307 3
+3 * 3
+3 * 3
+3 * 3
cfn=(1512) <core::hash::sip::Hasher<S> as core::hash::Hasher>::write
calls=3 0x2299c0 -50 
* * 101
fe=(334)
+5 +57 3
+4 * 3
+4 * 3
+5 * 3
+3 * 3
cfi=(335)
cfn=(1512)
calls=3 0x2299c0 257 
* * 105
fi=(335)
+5 -49 3
+4 * 3
+4 * 3
+4 -2 3
+4 * 3
+4 +4 3
+3 * 3
fi=(172)
+4 2376 3
+3 * 3
fi=(307)
+4 2027 3
fi=(172)
+4 2376 3
fi=(335)
+3 76 3
fi=(307)
+3 2027 3
fi=(335)
+4 77 3
fi=(307)
+3 2027 3
fi=(172)
+4 2376 3
+3 * 3
fi=(307)
+3 2027 3
fi=(335)
+4 77 3
fi=(307)
+3 2027 3
+4 * 3
fi=(335)
+4 76 3
+3 319 3
+3 +2 3
fi=(172)
+7 2376 3
+3 * 3
fi=(307)
+3 2027 3
fi=(335)
+4 76 3
fi=(307)
+3 2027 3
+4 * 3
fi=(335)
+4 77 3
fi=(172)
+3 2376 3
fi=(307)
+3 2027 3
fi=(172)
+4 2376 3
fi=(335)
+3 77 3
fi=(307)
+3 2027 3
fi=(335)
+4 76 3
fi=(307)
+3 2027 3
fi=(172)
+4 2376 3
+3 * 3
fi=(307)
+3 2027 3
fi=(335)
+4 76 3
fi=(307)
+3 2027 3
+4 * 3
fi=(335)
+4 77 3
fi=(172)
+3 2376 3
fi=(307)
+3 2027 3
fi=(172)
+4 2376 3
fi=(335)
+3 77 3
fi=(307)
+3 2027 3
fi=(335)
+4 76 3
fi=(307)
+3 2027 3
fi=(172)
+4 2376 3
+3 * 3
fi=(307)
+3 2027 3
fi=(335)
+4 76 3
fi=(307)
+3 2027 3
fi=(335)
+4 77 3
fi=(172)
+3 2376 3
fi=(307)
+3 2027 3
+4 * 3
+4 * 3
+3 * 3
fi=(335)
+4 324 3
+3 * 3
+3 * 3
fe=(334)
+3 703 3
+4 * 3
+1 * 3
+1 * 3
+7 -8 462
+1 * 462
+3 * 462
+1 * 462
+4 * 462
fi=(335)
+10 204 462
+3 * 462
+10 +1 462
+3 * 462
+10 +1 462
+3 * 462
+10 +1 462
fi=(279)
+3 13 462
+4 * 462
+4 * 462
+4 * 462
+4 * 462
+4 * 462
+4 * 462
+3 * 462
+4 * 462
fe=(334)
+8 944 462
+4 * 462
+4 * 462
fi=(335)
+4 307 462
+3 * 462
cfn=(1512)
calls=462 0x2299c0 -50 
* * 15929
fe=(334)
+5 +57 462
+4 * 462
+4 * 462
+5 * 462
+3 * 462
cfi=(335)
cfn=(1512)
calls=462 0x2299c0 257 
* * 19570
fi=(335)
+5 -49 462
+4 * 462
+4 * 462
+4 -2 462
+4 * 462
+4 +4 462
+3 * 462
fi=(172)
+4 2376 462
+3 * 462
fi=(307)
+4 2027 462
fi=(172)
+4 2376 462
fi=(335)
+3 76 462
fi=(307)
+3 2027 462
fi=(335)
+4 77 462
fi=(307)
+3 2027 462
fi=(172)
+4 2376 462
+3 * 462
fi=(307)
+3 2027 462
fi=(335)
+4 77 462
fi=(307)
+3 2027 462
+4 * 462
fi=(335)
+4 76 462
+3 319 462
+3 +2 462
fi=(172)
+7 2376 462
+3 * 462
fi=(307)
+3 2027 462
fi=(335)
+4 76 462
fi=(307)
+3 2027 462
+4 * 462
fi=(335)
+4 77 462
fi=(172)
+3 2376 462
fi=(307)
+3 2027 462
fi=(172)
+4 2376 462
fi=(335)
+3 77 462
fi=(307)
+3 2027 462
fi=(335)
+4 76 462
fi=(307)
+3 2027 462
fi=(172)
+4 2376 462
+3 * 462
fi=(307)
+3 2027 462
fi=(335)
+4 76 462
fi=(307)
+3 2027 462
+4 * 462
fi=(335)
+4 77 462
fi=(172)
+3 2376 462
fi=(307)
+3 2027 462
fi=(172)
+4 2376 462
fi=(335)
+3 77 462
fi=(307)
+3 2027 462
fi=(335)
+4 76 462
fi=(307)
+3 2027 462
fi=(172)
+4 2376 462
+3 * 462
fi=(307)
+3 2027 462
fi=(335)
+4 76 462
fi=(307)
+3 2027 462
fi=(335)
+4 77 462
fi=(172)
+3 2376 462
fi=(307)
+3 2027 462
+4 * 462
+4 * 462
+3 * 462
fi=(335)
+4 324 462
+3 * 462
+3 * 462
fe=(334)
+3 703 462
+4 * 462
+1 * 462
+1 * 462
+5 -8 2
+1 * 2
+3 * 2
+4 * 2
fi=(279)
+10 13 2
+4 * 2
+10 * 2
+4 * 2
+10 * 2
+4 * 2
+10 * 2
+4 * 2
+3 * 2
+4 * 2
+4 * 2
fe=(334)
+8 944 2
fi=(172)
+3 3846 2
+4 * 2
+4 * 2
fi=(335)
+4 234 2
+5 * 2
cfn=(1512)
calls=2 0x2299c0 +23 
* * 112
+5 +81 2
+4 * 2
+4 * 2
+4 -2 2
+4 * 2
+4 +4 2
+3 * 2
fi=(172)
+4 2376 2
+3 * 2
fi=(307)
+4 2027 2
fi=(172)
+4 2376 2
fi=(335)
+3 76 2
fi=(307)
+3 2027 2
fi=(335)
+4 77 2
fi=(307)
+3 2027 2
fi=(172)
+4 2376 2
+3 * 2
fi=(307)
+3 2027 2
fi=(335)
+4 77 2
fi=(307)
+3 2027 2
+4 * 2
fi=(335)
+4 76 2
+3 319 2
+3 +2 2
fi=(172)
+7 2376 2
+3 * 2
fi=(307)
+3 2027 2
fi=(335)
+4 76 2
fi=(307)
+3 2027 2
+4 * 2
fi=(335)
+4 77 2
fi=(172)
+3 2376 2
fi=(307)
+3 2027 2
fi=(172)
+4 2376 2
fi=(335)
+3 77 2
fi=(307)
+3 2027 2
fi=(335)
+4 76 2
fi=(307)
+3 2027 2
fi=(172)
+4 2376 2
+3 * 2
fi=(307)
+3 2027 2
fi=(335)
+4 76 2
fi=(307)
+3 2027 2
+4 * 2
fi=(335)
+4 77 2
fi=(172)
+3 2376 2
fi=(307)
+3 2027 2
fi=(172)
+4 2376 2
fi=(335)
+3 77 2
fi=(307)
+3 2027 2
fi=(335)
+4 76 2
fi=(307)
+3 2027 2
fi=(172)
+4 2376 2
+3 * 2
fi=(307)
+3 2027 2
fi=(335)
+4 76 2
fi=(307)
+3 2027 2
fi=(335)
+4 77 2
fi=(172)
+3 2376 2
fi=(307)
+3 2027 2
+4 * 2
+4 * 2
+3 * 2
fi=(335)
+4 324 2
+3 * 2
+3 * 2
fe=(334)
+3 703 2
+4 * 2
+1 * 2

fl=(353)
fn=(2930) std::sys::thread::unix::Thread::join
0x257d70 133 1
+1 * 1
+3 * 1
+1 * 1
+4 +2 1
+2 * 1
cob=(2)
cfi=(504)
cfn=(2932)
calls=1 0x9e630 23 
* * 243
+6 +1 1
+2 * 1
+2 +1 1
+4 * 1
+1 * 1
+1 * 1

fn=(2210)
0x257980 117 1
+1 * 1
+3 * 1
+2 * 1
+2 * 1
+2 * 1
+1 * 1
fi=(177)
+4 445 1
fi=(176)
+3 4060 1
fi=(373)
+5 2405 1
+6 0 1
+3 0 1
fi=(171)
+4 122 1
+9 * 1
+7 * 1
+4 * 1
+2 0 1
+3 34 1
+9 * 1
fi=(297)
+7 555 1
fi=(376)
+3 204 1
fi=(171)
+5 -78 1
+3 * 1
jfi=(173)
jcnd=1/1 +56 901 
* * 
fi=(173)
+56 901 1
fi=(171)
+3 134 1
cfi=(406)
cfn=(2124)
calls=1 0x253720 9 
* * 50
+5 0 1
fi=(173)
+5 901 1
fi=(376)
+3 308 1
+5 * 1
+3 * 1
fi=(377)
+2 562 1
fe=(353)
+5 404 1
+3 * 1
fi=(284)
+4 -98 1
+3 * 1
jfi=(236)
jcnd=1/1 +40 1068 
* * 
fi=(236)
+40 1068 1
+4 * 1
+5 * 1
+4 * 1
fe=(353)
+4 406 1
cob=(2)
cfi=(214)
cfn=(708)
calls=1 0x188a80 255 
* * 13
+6 +2 1
+4 * 1
+4 +40 1
cob=(2)
cfi=(188)
cfn=(606)
calls=1 0xa36d0 23 
* * 3
+6 * 1
+4 * 1
+3 * 1
cob=(2)
cfi=(428)
cfn=(2222)
calls=1 0xa3aa0 32 
* * 83
fi=(374)
+6 169 1
+4 * 1
fi=(176)
+4 4079 1
fi=(373)
+5 2811 1
jfi=(242)
jcnd=1/1 +11 115 
* * 
fi=(242)
+11 115 1
+5 * 1
+5 * 1
+3 * 1
cfi=(162)
cfn=(886)
calls=1 0x1f3610 0 
* * 1394
fi=(189)
+6 12 1
+2 * 1
cfn=(784)
calls=1 0x255d60 250 
* * 1811
fe=(353)
+5 -12 1
fi=(246)
+3 2206 1
+3 * 1
cfi=(347)
cfn=(2268)
calls=1 0x2038f0 250 
* * 17094670033
fi=(173)
+4 428 1
fi=(246)
+4 1886 1
+3 * 1
+2 0 1
fi=(242)
+4 115 1
+3 * 1
cfi=(162)
cfn=(886)
calls=1 0x1f3610 0 
* * 87
fi=(189)
+6 -92 1
+3 * 1
cfn=(2832)
calls=1 0x255800 284 
* * 490
fe=(353)
+5 130 1
+2 * 1
+4 * 1
+1 * 1
+2 * 1
+2 * 1
+2 * 1
+1 * 1

fn=(2022) std::sys::thread::unix::Thread::new
0x257b70 46 1
+1 * 1
+3 * 1
+2 * 1
+2 * 1
+1 * 1
+4 * 1
+3 * 1
+3 * 1
+4 +12 1
cob=(2)
cfi=(191)
cfn=(612)
calls=1 0x9a120 -26 
* * 24
+6 * 1
+3 * 1
+2 * 1
fi=(176)
+6 4028 1
+7 * 1
fi=(387) /rustc/4a4ef493e3a1488c6e321570238084b38948f6db/library/std/src/sys/pal/unix/weak/dlsym.rs
+5 70 1
+3 * 1
+2 * 1
+4 * 1
jcnd=1/1 0x257cbb +19 
* * 
+6 -70 1
fe=(353)
+4 889 1
cob=(2)
cfi=(392)
cfn=(2040)
calls=1 0x99250 143 
* * 13
+2 * 1
fi=(236)
+3 1029 1
+3 * 1
+4 * 1
fe=(353)
+4 80 1
+3 * 1
cob=(2)
cfi=(393)
cfn=(2042)
calls=1 0x9a540 -50 
* * 7
+6 * 1
+2 * 1
jfi=(233)
jcnd=1/1 +95 1710 
* * 
fi=(233)
+95 1710 1
fe=(353)
+8 107 1
+7 * 1
+4 * 1
+4 * 1
+3 * 1
cob=(2)
cfi=(394)
cfn=(2046)
calls=1 0x9cbc0 626 
* * 1249
+6 +1 1
+2 * 1
jcnd=1/1 +31 +1 
* * 
+31 +1 1
+4 * 1
+2 0 1
+4 60 1
cob=(2)
cfi=(232)
cfn=(782)
calls=1 0x99e10 -34 
* * 6
+6 * 1
+3 * 1
+2 * 1
+2 +71 1
+3 * 1
+3 * 1
+4 * 1
+1 * 1
+2 * 1
+2 * 1
+1 * 1
fi=(387)
+34 -42 1
+7 * 1
+2 * 1
cob=(2)
cfi=(388)
cfn=(2028)
calls=1 0x982c0 -25 
* * 1048
+6 * 1
fi=(176)
+5 4013 1
fe=(353)
+7 887 1
+3 * 1
jfi=(387)
jcnd=1/1 0x257bb3 0 
* * 

fl=(356)
fn=(2090)
0x256780 148 3
+1 * 3
+3 * 3
+1 * 3
+4 * 3
+3 * 3
fi=(236)
+3 1992 3
+3 * 3
fe=(356)
+3 26 3
+4 * 3
+3 * 3
+3 * 3
+3 * 3
fi=(236)
+4 530 3
fe=(356)
+3 26 3
fi=(236)
+3 530 3
fe=(356)
+4 26 3
+4 155 3
+3 * 3
+2 +1 3
+7 * 3
+3 * 3
+3 * 3
+3 * 3
+3 * 3
+4 * 3
+4 * 3
+3 0 3
fi=(359)
+2 195 3
+5 * 3
jfi=(356)
jcnd=3/3 +16 -23 
* * 
fe=(356)
+16 -23 3
+4 * 3
+3 * 3
+7 +7 3
+4 * 3
+1 * 3
+1 * 3

fn=(1752)
0x25df40 289 7
+5 * 7
cfn=(1754)
calls=7 0x256850 111 
* * 189

fn=(1754)
0x256850 111 9
+1 * 9
+3 * 9
+1 * 9
+4 * 9
+4 +32 9
cob=(2)
cfi=(357)
cfn=(1756)
calls=9 0xec950 30 
* * 99
fi=(175)
+6 +92 9
+3 +10 9
fe=(356)
+2 144 9
fi=(245)
+4 1231 9
+7 * 9
fe=(356)
+2 144 9
+4 +2 9
+4 * 9
+1 * 9
+1 * 9

fl=(512) /rustc/4a4ef493e3a1488c6e321570238084b38948f6db/library/core/src/num/flt2dec/mod.rs
fn=(3100) core::num::flt2dec::digits_to_dec_str
0x293c60 177 1
+1 * 1
+3 +6 1
+3 * 1
+6 +1 1
+3 * 1
+6 +1 1
+4 * 1
+6 0 1
+6 200 1
+3 * 1
+2 +15 1
+3 +1 1
+3 0 1
+4 216 1
+3 * 1
+6 +2 1
+4 +1 1
+7 * 1
+7 * 1
+4 * 1
fi=(275)
+8 89 1
fe=(512)
+3 220 1
+7 * 1
+4 * 1
+4 * 1
+5 +1 1
+3 * 1
+6 +23 1
+3 * 1
+1 * 1

fl=(305)
fn=(1314) <std::path::Components as core::iter::traits::double_ended::DoubleEndedIterator>::next_back
0x2815d0 951 32
+1 * 32
+3 * 32
+2 * 32
+2 * 32
+2 * 32
+2 * 32
+1 * 32
+4 * 32
+5 * 32
+3 * 32
+4 680 32
+6 0 32
+3 0 32
+4 680 32
+3 * 32
+4 * 32
+3 * 32
+3 * 32
+3 * 32
+3 * 32
+4 * 32
+4 * 32
+5 * 32
+4 * 32
+6 0 32
+4 0 32
+6 680 32
+2 * 32
+6 0 32
+4 0 32
+3 953 32
+3 * 32
+6 * 32
+3 * 32
+3 * 32
+6 +1 32
+4 * 32
+2 0 32
+4 955 32
+3 * 32
+3 * 32
+3 * 32
cfn=(1316) std::path::Components::parse_next_component_back
calls=32 0x25c8c0 768 
* * 4824
+5 * 32
+4 * 32
+4 +1 32
+3 -1 32
+4 * 32
+5 * 32
+5 * 32
+5 * 32
+4 * 32
+4 * 32
+3 +1 32
fi=(172)
+4 842 32
+6 0 32
fe=(305)
+3 956 32
+4 * 32
fi=(263)
+2 636 32
+3 * 32
+3 * 32
fe=(305)
+4 957 32
jcnd=32/32 0x281924 +37 
* * 
0x281924 +37 32
+3 * 32
+4 * 32
+1 * 32
+2 * 32
+2 * 32
+2 * 32
+2 * 32
+1 * 32

fn=(1316)
0x25c8c0 768 64
+1 * 64
fi=(236)
+3 511 64
fe=(305)
+4 672 64
+2 +44 64
+4 * 64
+2 +55 64
+4 * 64
fi=(275)
+5 568 64
+3 * 64
jfi=(305)
jcnd=64/64 +65 771 
* * 
fe=(305)
+65 771 64
fi=(275)
+3 89 64
+4 * 64
+7 * 64
+2 * 64
fi=(177)
+3 1692 64
fi=(265)
+3 25 64
fi=(177)
-3 1692 984
fi=(265)
+3 25 984
+2 407 1048
+4 * 1048
+3 * 1048
fi=(306)
+3 7 1048
+6 * 1048
fi=(265)
+3 407 1048
jfi=(177)
jcnd=984/1048 -24 1692 
* * 
fi=(275)
+2 568 64
+3 * 64
+3 * 64
+3 * 64
fe=(305)
+2 773 64
+4 * 64
+3 * 64
+5 0 64
+3 744 64
+3 * 64
+2 * 64
+4 * 64
jcnd=2/64 +24 -1 
* * 
+2 * 62
+4 * 62
jcnd=60/62 +23 0 
* * 
+2 -1 2
+3 * 2
jcnd=2/2 +18 0 
* * 
+13 * 2
+3 * 2
+2 0 64
+3 776 64
+3 * 64
+3 * 64
+4 * 64
+4 * 64
+4 +1 64
+1 * 64

fn=(1692)
0x25cc60 2737 16
+1 * 16
+3 * 16
+2 * 16
+2 * 16
+2 * 16
+2 * 16
+1 * 16
+7 304 16
+3 * 16
fi=(306)
+2 7 16
+3 * 16
fe=(305)
+4 304 16
+3 * 16
fi=(306)
+2 7 16
+3 * 16
+3 * 16
jfi=(305)
jump=16 +12 3156 
* * 
fe=(305)
+12 3156 16
+7 * 16
+7 * 16
+7 * 16
+6 * 16
+9 * 16
+4 * 16
+2 * 16
+2 * 16
+2 * 16
+7 * 16
+7 * 16
fi=(263)
+7 2225 16
+3 * 16
jfi=(305)
jcnd=16/16 +39 593 
* * 
fe=(305)
+39 593 78
+4 * 78
+4 * 78
+3 * 78
+7 * 78
+4 * 78
+7 * 78
+7 * 78
+5 * 78
+4 * 78
+4 * 78
+3 * 78
+3 286 78
+7 * 78
+4 * 78
cfn=(1696) <std::path::Components as core::iter::traits::iterator::Iterator>::next
calls=78 0x280900 898 
* * 5704
+3 * 78
+7 * 78
+3 * 78
cfn=(1696)
calls=78 0x280900 898 
* * 4934
+3 * 78
+7 * 78
+7 * 78
+7 * 78
+7 * 78
+7 * 78
+7 * 78
+7 * 78
+7 * 78
+7 * 78
+4 * 78
+7 * 78
+7 * 78
+7 * 78
+4 * 78
+4 * 78
+3 * 78
+7 * 78
+7 * 78
jcnd=4/78 +92 * 
* * 
+2 * 74
+2 * 74
jfi=(263)
jcnd=12/74 0x25ce38 636 
* * 
fi=(236)
+2 2115 62
+7 * 62
+3 * 62
cfi=(305)
cfn=(1702) <std::path::Component as core::cmp::PartialEq>::eq
calls=62 0x280000 500 
* * 2730
fe=(305)
+5 287 62
+2 * 62
+2 +6 62
+4 * 62
+4 * 62
+4 * 62
+4 * 62
+5 * 62
+7 * 62
+4 * 62
+4 * 62
+4 * 62
+4 * 62
+4 * 62
fi=(263)
+5 2225 62
+3 * 62
+6 * 62
jfi=(305)
jump=62 0x25cd04 593 
* * 
fe=(305)
+5 286 4
+2 * 4
+4 * 4
+6 * 4
+4 * 4
jfi=(263)
jump=4 +5 636 
* * 
fi=(263)
+5 636 16
+4 * 16
fe=(305)
+3 2739 16
+7 * 16
+1 * 16
+2 * 16
+2 * 16
+2 * 16
+2 * 16
+1 * 16

fn=(1244)
0x25d700 1316 7
+1 * 7
+3 * 7
+2 * 7
+2 * 7
+2 * 7
+1 * 7
+3 * 7
fi=(256)
+3 1753 7
fi=(270)
+4 282 7
+3 * 7
fi=(255)
+2 597 7
fi=(306)
+4 7 7
+6 * 7
fe=(305)
+3 304 7
+3 * 7
jfi=(306)
jcnd=7/7 +11 7 
* * 
fi=(306)
+11 7 7
fe=(305)
+3 1337 7
jcnd=7/7 +7 +53 
* * 
+7 +53 7
+2 * 7
fi=(255)
+2 736 7
+3 -80 7
jcnd=3/7 +98 +2 
* * 
+2 -59 7
fi=(233)
+4 -50 7
fi=(256)
+5 2822 7
fe=(305)
+3 0 7
fi=(255)
+4 602 7
fi=(172)
+3 2413 7
fi=(255)
+3 736 7
+3 -80 7
jcnd=1/7 +34 +2 
* * 
+2 0 7
fi=(239)
+4 961 7
fi=(233)
+3 547 7
+3 * 7
cob=(2)
cfi=(214)
cfn=(708)
calls=7 0x188a80 255 
* * 102
fi=(256)
+6 2822 7
+3 * 7
fe=(305)
+4 1395 7
+1 * 7
+2 * 7
+2 * 7
+2 * 7
+1 * 7
fi=(255)
+1 658 1
+5 * 1
+6 * 1
+3 * 1
+3 * 1
+3 * 1
+3 * 1
cfn=(1250)
calls=1 0x276ab0 -14 
* * 427
+5 * 1
fi=(256)
+3 2933 1
+4 * 1
jfi=(255)
jump=1 -67 0 
* * 
fi=(255)
+2 658 3
+5 * 3
+5 * 3
+6 * 3
+3 * 3
+3 * 3
+3 * 3
cfn=(1250)
calls=3 0x276ab0 -14 
* * 1203
+5 * 3
fi=(256)
+3 2933 3
+4 * 3
jfi=(255)
jump=3 0x25d748 597 
* * 
fe=(305)

fn=(1702)
0x280000 500 62
+1 * 62
+3 * 62
+2 * 62
+1 * 62
+3 * 62
+4 * 62
+2 * 62
+4 * 62
+4 * 62
+3 * 62
+4 * 62
+4 * 62
+4 * 62
+3 * 62
+2 0 62
+2 500 62
+3 * 62
+2 * 62
+4 * 62
jcnd=16/62 +31 * 
* * 
+2 0 46
+4 0 46
+4 0 46
+2 0 46
+4 0 46
+4 0 46
cob=(2)
cfi=(283)
cfn=(1044)
calls=46 0x188320 73 
* 0 874
+6 0 46
+2 0 46
+3 500 46
+1 * 46
+2 * 46
+1 * 46
-4 * 16
+1 * 16
+2 * 16
+1 * 16

fn=(1310)
0x25d630 1417 32
+1 * 32
+3 * 32
+2 * 32
+2 * 32
+1 * 32
+4 * 32
fi=(255)
+3 597 32
fi=(256)
+4 1753 32
fe=(305)
+4 304 32
+3 * 32
fi=(306)
+2 7 32
+4 * 32
+3 * 32
jfi=(305)
jump=32 +4 3156 
* * 
fe=(305)
+4 3156 32
+4 * 32
+4 * 32
+4 * 32
+3 * 32
+6 * 32
+7 * 32
+4 2594 32
cfn=(1314)
calls=32 0x2815d0 951 
* * 7096
fi=(263)
+6 1545 32
+7 * 32
+2 * 32
+2 * 32
+2 0 32
fe=(305)
+4 2597 32
cfn=(1328) std::path::Components::as_path
calls=32 0x25c9c0 703 
* * 7660
fi=(263)
+6 1164 32
+3 * 32
fi=(314)
+2 259 32
+3 * 32
+3 * 32
+3 * 32
+3 * 32
+2 * 32
+2 +3 32
+3 * 32
fi=(315)
+2 488 32
fi=(314)
+6 263 32
jcnd=32/32 +34 0 
* * 
+34 0 32
fi=(256)
+2 1711 32
+3 * 32
+2 +5 32
+4 * 32
jfi=(305)
jump=32 +4 1425 
* * 
fe=(305)
+4 1425 32
+4 * 32
+1 * 32
+2 * 32
+2 * 32
+1 * 32

fn=(1328)
0x25c9c0 703 32
+1 * 32
+3 * 32
+2 * 32
+2 * 32
+2 * 32
+1 * 32
+7 593 32
+3 * 32
fi=(263)
+4 2225 32
+4 * 32
+4 * 32
jfi=(305)
jcnd=32/32 +35 593 
* * 
fe=(305)
+35 593 32
+4 375 32
+4 * 32
+4 593 32
+4 * 32
+4 * 32
+4 * 32
+7 * 32
+7 * 32
+4 * 32
+4 * 32
+7 * 32
+4 * 32
+3 * 32
+3 * 32
+3 705 32
+3 * 32
jcnd=32/32 0x25cac4 +3 
* * 
0x25cac4 +3 32
+3 * 32
+6 0 32
+3 0 32
+2 0 32
+2 0 32
+6 793 32
+4 * 32
+6 0 32
+7 0 32
+4 0 32
+1 794 32
+3 * 32
+3 * 32
cfn=(1316)
calls=32 0x25c8c0 -26 
* * 5932
fi=(263)
+5 636 32
fe=(305)
+7 795 32
jcnd=32/32 0x25cb6f -83 
* * 
0x25cb6f -83 32
+3 * 32
+3 * 32
+7 * 32
+1 * 32
+2 * 32
+2 * 32
+2 * 32
+1 * 32

fn=(1696)
0x280900 898 156
+1 * 156
+3 * 156
+1 * 156
+1 * 156
+5 680 156
+4 * 156
+6 0 156
+4 0 156
+3 0 156
+6 0 156
+3 0 156
+4 0 156
+4 0 156
+4 0 156
+2 0 156
+4 0 156
+4 0 156
+3 680 156
jcnd=156/156 0x280a68 0 
* * 
0x280a68 0 156
+3 900 156
+4 * 156
jcnd=32/156 0x280b18 +3 
* * 
+6 * 124
+4 * 124
+3 * 124
+6 +2 124
+3 * 124
jcnd=18/124 0x280b5a +1 
* * 
+6 0 106
+3 0 106
fi=(306)
+2 7 106
fi=(265)
+5 384 106
fi=(306)
-5 7 438
fi=(265)
+5 384 438
jcnd=84/438 +17 0 
* * 
+2 +6 460
fi=(177)
+3 1692 460
fi=(265)
+3 180 460
jfi=(306)
jcnd=438/460 -13 7 
* * 
+2 0 22
+3 0 22
+2 0 22
jump=22 +7 0 
* 0 
+2 0 84
+5 0 84
+3 0 84
fe=(305)
+3 744 84
+3 * 84
fi=(265)
-9 0 22
+3 0 22
fe=(305)
+3 744 22
+3 * 22
+2 * 106
+4 * 106
+2 * 106
+4 * 106
jcnd=74/106 +29 0 
* * 
+2 -1 32
+4 * 32
jcnd=32/32 +23 0 
* * 
+23 0 106
+3 0 106
+3 763 106
fi=(275)
+3 568 106
+3 * 106
+3 * 106
+6 89 106
fe=(305)
+3 904 106
+3 * 106
+4 +1 106
+3 * 106
jcnd=106/106 0x280b76 -2 
* * 
+25 -2 32
+4 * 32
+4 +10 32
fi=(275)
+4 568 32
+3 * 32
+6 +5 32
+3 89 32
fe=(305)
+3 916 32
+3 * 32
+4 * 32
+3 +1 32
jump=32 +44 0 
* * 
+29 -14 18
+4 * 18
+4 +7 18
+4 0 18
+3 0 18
+3 946 18
+3 * 18
+4 * 18
+1 * 18
+1 * 18
-12 0 138
+3 946 138
+3 * 138
+4 * 138
+1 * 138
+1 * 138
+1 -43 106
+4 * 106
+4 * 106
jump=106 -21 0 
* * 

fl=(318)
fn=(1354)
0x291110 14 1
+1 * 1
+3 * 1
+4 +19 1
+3 * 1
+3 * 1
+7 +3 1
+3 -36 1
+8 35 1
+2 * 1
+3 +1 1
+4 +5 1
fi=(296)
+4 564 1
fe=(318)
+5 42 1
+3 * 1
+4 * 1
+3 * 1
jcnd=1/1 -28 -7 
* * 
-28 -7 1
+2 * 1
+3 +1 1
+4 +5 1
fi=(296)
+4 564 1
fe=(318)
+5 42 1
+3 * 1
+4 * 1
+3 * 1
fi=(275)
+2 410 1
fe=(318)
+4 49 1
+3 * 1
+7 * 1
+5 * 1
+3 * 1
+5 * 1
cfi=(317)
cfn=(1358)
calls=1 0x2924a0 1825 
* * 240
+6 +1 1
+4 * 1
+1 * 1

fn=(1818) core::fmt::num::imp::<impl u64>::_fmt_inner
0x2907a0 190 6
+1 * 6
+3 * 6
+2 * 6
+2 * 6
+2 * 6
+1 * 6
+3 * 6
+3 * 6
+3 +8 6
+7 * 6
jcnd=6/6 0x290897 +22 
* * 
0x290897 +22 6
+4 * 6
jcnd=6/6 +88 0 
* * 
+88 0 6
+3 0 6
+3 236 6
jcnd=4/6 +7 +7 
* * 
+2 * 2
+3 * 2
+2 +7 6
+3 +5 6
+3 * 6
+2 * 6
+3 * 6
+7 * 6
fi=(296)
+5 564 6
fe=(318)
+3 253 6
+1 * 6
+2 * 6
+2 * 6
+2 * 6
+1 * 6

fn=(2710) core::fmt::num::imp::<impl u32>::_fmt_inner
0x2905f0 190 1
+1 * 1
+3 * 1
+2 * 1
+2 * 1
+2 * 1
+1 * 1
+3 * 1
+3 +8 1
+6 * 1
jcnd=1/1 0x2906e8 +22 
* * 
0x2906e8 +22 1
+4 * 1
+2 +7 1
+4 +4 1
+3 * 1
+2 0 1
+4 0 1
+4 0 1
+7 0 1
+4 0 1
+4 0 1
+3 0 1
+4 231 1
+7 * 1
fi=(296)
+5 564 1
fe=(318)
+5 232 1
+3 * 1
+3 * 1
+2 * 1
fi=(296)
+6 564 1
+4 * 1
fe=(318)
+2 236 1
jcnd=1/1 +14 * 
* * 
+14 * 1
+3 * 1
+2 +7 1
+3 +5 1
+3 * 1
+2 * 1
+4 * 1
+7 * 1
fi=(296)
+6 564 1
fe=(318)
+3 253 1
+1 * 1
+2 * 1
+2 * 1
+2 * 1
+1 * 1

fn=(1816)
0x290c40 135 6
+1 * 6
+3 * 6
+2 * 6
+1 * 6
+4 * 6
+3 +8 6
+3 * 6
+4 * 6
+6 +42 6
+5 * 6
cfn=(1818)
calls=6 0x2907a0 +5 
* * 178
fi=(275)
+5 410 6
+3 89 6
+4 * 6
fe=(318)
+4 +54 6
+5 * 6
+3 * 6
+5 * 6
+2 * 6
+3 * 6
cfi=(317)
cfn=(1358)
calls=6 0x2924a0 1825 
* * 690
+6 +8 6
+4 * 6
+1 * 6
+2 * 6
+1 * 6

fn=(2708)
0x290b10 156 1
+1 * 1
+3 * 1
+2 * 1
+2 * 1
+1 * 1
+4 * 1
+3 +8 1
fi=(369)
+3 2398 1
+3 * 1
+2 * 1
+4 * 1
+4 * 1
fe=(318)
+6 185 1
+5 * 1
cfn=(2710)
calls=1 0x2905f0 +5 
* * 47
fi=(275)
+5 410 1
+3 89 1
+4 * 1
fe=(318)
+4 +75 1
+3 * 1
+4 * 1
+5 * 1
+3 * 1
+3 * 1
+2 * 1
+3 * 1
cfi=(317)
cfn=(1358)
calls=1 0x2924a0 1825 
* * 220
+6 +8 1
+4 * 1
+1 * 1
+2 * 1
+2 * 1
+1 * 1

fl=(482)
fn=(2580)
0x239700 6 200
+1 * 200
+4 * 200
+3 +1 200
+3 * 200
+5 * 200
+5 * 200
+4 * 200
+3 +2 200
cfi=(483)
cfn=(2582)
calls=200 0x236c70 +10 
* * 7237600
+6 * 200
+2 -9 200
fi=(485)
+12 84 200
+4 -72 200
+2 * 200
+3 -4 200
+2 * 200
+2 * 200
+3 * 200
+2 +5 200
+6 * 200
+2 +1 200
+2 * 200
+3 * 200
+3 * 200
+6 +1 200
+2 * 200
+3 * 200
+3 * 200
+6 -1 200
+2 +1 200
+2 +1 200
+2 * 200
+3 * 200
+3 * 200
+6 +1 200
+2 * 200
+3 * 200
+3 * 200
+6 -1 200
+2 +1 200
+2 +2 200
+2 -11 200
+2 * 200
+3 * 200
+3 +13 200
+2 +1 200
+3 -14 200
+3 * 200
+3 +15 200
+2 +1 200
+3 +1 200
+2 +1 200
+3 +62 200
+3 * 200
+4 * 200
fi=(439)
+4 763 200
fi=(448)
+3 1908 200
+4 * 200
fi=(474)
+4 772 200
jfi=(485)
jcnd=200/200 0x239730 84 
* * 
fi=(485)
0x239730 84 9000
+4 -72 9000
+2 * 9000
+3 -4 9000
+2 * 9000
+2 * 9000
+3 * 9000
+2 +5 9000
+6 * 9000
+2 +1 9000
+2 * 9000
+3 * 9000
+3 * 9000
+6 +1 9000
+2 * 9000
+3 * 9000
+3 * 9000
+6 -1 9000
+2 +1 9000
+2 +1 9000
+2 * 9000
+3 * 9000
+3 * 9000
+6 +1 9000
+2 * 9000
+3 * 9000
+3 * 9000
+6 -1 9000
+2 +1 9000
+2 +2 9000
+2 -11 9000
+2 * 9000
+3 * 9000
+3 +13 9000
+2 +1 9000
+3 -14 9000
+3 * 9000
+3 +15 9000
+2 +1 9000
+3 +1 9000
+2 +1 9000
+3 +62 9000
+3 * 9000
+4 * 9000
fi=(439)
+4 763 9000
fi=(448)
+3 1908 9000
+4 * 9000
fi=(474)
+4 772 9000
jfi=(485)
jcnd=8800/9000 0x239730 84 
* * 
fi=(455)
+6 2171 200
+8 * 200
+9 * 200
+9 * 200
+9 * 200
+9 * 200
fe=(482)
+9 13 200
+4 * 200
+1 * 200

fl=(458)
fn=(2368) hqc::symmetric::prng_init
0x244700 14 100
+2 * 100
+2 * 100
+2 * 100
+2 * 100
+1 * 100
+7 * 100
+3 * 100
+3 * 100
fi=(466)
+3 +1 100
+3 * 100
+8 * 100
+8 * 100
+8 * 100
+8 * 100
+8 * 100
+8 * 100
+8 * 100
+8 * 100
+8 * 100
+8 * 100
+8 * 100
+8 * 100
fi=(461)
+12 +8 100
fi=(459)
+8 +53 100
+8 * 100
+8 * 100
+8 * 100
+8 * 100
+8 * 100
+8 * 100
+8 * 100
+8 * 100
fi=(461)
+8 -53 100
+12 * 100
+8 149 100
+4 * 100
+3 +1 100
+3 * 100
cfi=(459)
cfn=(2370)
calls=100 0x243ef0 -12 
* * 4300
+5 -1 100
+4 * 100
+3 +1 100
+3 * 100
+3 * 100
+3 * 100
cfi=(459)
cfn=(2370)
calls=100 0x243ef0 -12 
* * 4400
fe=(458)
+5 19 100
fi=(461)
+8 149 100
+4 * 100
+8 * 100
+3 +1 100
+5 * 100
+3 * 100
cfi=(459)
cfn=(2370)
calls=100 0x243ef0 -12 
* * 4700
+5 * 100
+8 * 100
+7 +53 100
+5 * 100
+3 * 100
cob=(2)
cfi=(214)
cfn=(708)
calls=100 0x188a80 +52 
* * 3000
+3 * 100
+3 * 100
+5 * 100
+3 * 100
+3 * 100
cob=(2)
cfi=(214)
cfn=(708)
calls=100 0x188a80 +52 
* * 3000
fi=(459)
+3 -7 100
fi=(460)
+9 -95 100
+4 * 100
+7 * 100
fi=(464)
+5 +79 100
fi=(459)
+3 +8 100
+2 * 100
cob=(2)
cfi=(227)
cfn=(766)
calls=100 0x189480 -30 
* * 1900
fi=(462)
+6 -49 100
+9 +2 100
fi=(466)
+8 34 100
+4 * 100
+5 * 100
+5 * 100
+8 * 100
+5 * 100
+4 * 100
+8 * 100
+5 * 100
+8 * 100
+5 * 100
+8 * 100
+5 * 100
+5 * 100
+8 * 100
+5 * 100
+5 * 100
+8 * 100
+5 * 100
+5 * 100
+8 * 100
+5 * 100
+5 * 100
+8 * 100
fi=(457)
+5 1718 100
fi=(466)
+8 34 100
+8 +3 100
+8 * 100
+3 * 100
cfi=(463)
cfn=(2380)
calls=100 0x244f90 166 
* * 615800
+6 -31 100
+5 * 100
+3 * 100
+3 * 100
cob=(2)
cfi=(214)
cfn=(708)
calls=100 0x188a80 255 
* * 3000
+3 +9 100
fi=(459)
+3 +61 100
+7 * 100
+7 * 100
+7 * 100
+7 * 100
+7 * 100
+7 * 100
+7 * 100
+7 * 100
fe=(458)
+7 -54 100
+3 * 100
+7 * 100
+1 * 100
+2 * 100
+2 * 100
+2 * 100
+2 * 100

fn=(2524)
0x244130 55 100
+2 * 100
+2 * 100
+2 * 100
+2 * 100
+1 * 100
+7 * 100
+3 * 100
+3 * 100
+3 * 100
+3 * 100
fi=(466)
+3 -40 100
+3 * 100
+8 * 100
+8 * 100
+8 * 100
+8 * 100
+8 * 100
+8 * 100
+8 * 100
+8 * 100
+8 * 100
+8 * 100
+8 * 100
+8 * 100
fi=(459)
+12 +61 100
+8 * 100
+8 * 100
+8 * 100
+8 * 100
fi=(461)
+8 -53 100
+12 * 100
fi=(471)
+8 +52 100
+5 * 100
+3 * 100
+3 * 100
cfi=(461)
cfn=(2418)
calls=100 0x244bd0 +73 
* * 4400
+5 * 100
+5 * 100
+3 * 100
+3 * 100
cfi=(461)
cfn=(2418)
calls=100 0x244bd0 +73 
* * 4300
+5 * 100
+5 * 100
+3 * 100
+3 * 100
cfi=(461)
cfn=(2418)
calls=100 0x244bd0 +73 
* * 4300
+5 * 100
+7 * 100
+5 * 100
+3 * 100
cfi=(461)
cfn=(2418)
calls=100 0x244bd0 +73 
* * 4800
+5 * 100
fe=(458)
+5 -14 100
+5 * 100
+3 * 100
+3 * 100
cob=(2)
cfi=(214)
cfn=(708)
calls=100 0x188a80 255 
* * 5300
fi=(459)
+6 196 100
fi=(460)
+9 -95 100
+4 * 100
+7 * 100
fi=(464)
+5 +79 100
fi=(459)
+3 +8 100
+2 * 100
cob=(2)
cfi=(227)
cfn=(766)
calls=100 0x189480 -30 
* * 1500
+6 +51 100
fi=(462)
+8 43 100
+9 +2 100
fi=(466)
+8 -11 100
+5 * 100
+5 * 100
+5 * 100
+8 * 100
+5 * 100
+5 * 100
+8 * 100
+5 * 100
+8 * 100
+5 * 100
+8 * 100
fi=(457)
+5 1718 100
fi=(466)
+8 34 100
+8 +3 100
+8 * 100
+3 * 100
cfi=(463)
cfn=(2380)
calls=100 0x244f90 166 
* * 615800
fi=(455)
+6 547 100
+5 * 100
+5 * 100
+5 * 100
+5 * 100
+5 * 100
+5 * 100
+5 * 100
fi=(443)
+4 5360 100
+4 * 100
fi=(455)
+2 547 100
+4 * 100
+5 * 100
+5 * 100
+5 * 100
+4 * 100
+4 * 100
+4 * 100
fe=(458)
+3 62 100
+7 * 100
+1 * 100
+2 * 100
+2 * 100
+2 * 100
+2 * 100

fn=(2410)
0x2445e0 28 100
+2 * 100
+2 * 100
+1 * 100
+7 * 100
fi=(466)
+3 -13 100
+3 * 100
+8 * 100
+8 * 100
+8 * 100
+8 * 100
+8 * 100
+5 * 100
+5 * 100
+5 * 100
+5 * 100
+5 * 100
+5 * 100
+5 * 100
fi=(461)
+12 +8 100
fi=(459)
+8 +53 100
+8 * 100
+8 * 100
+8 * 100
+8 * 100
+8 * 100
+8 * 100
+8 * 100
+8 * 100
fi=(461)
+8 -53 100
+12 * 100
+5 149 100
+5 * 100
+5 +1 100
+3 * 100
cfi=(459)
cfn=(2370)
calls=100 0x243ef0 -12 
* * 4300
fe=(458)
+5 33 100
fi=(461)
+5 149 100
+5 * 100
+5 * 100
+5 +1 100
+5 * 100
+3 * 100
cfi=(459)
cfn=(2370)
calls=100 0x243ef0 -12 
* * 4700
fe=(458)
+5 35 100
+5 * 100
+3 * 100
+3 * 100
cob=(2)
cfi=(214)
cfn=(708)
calls=100 0x188a80 255 
* * 6500
+6 +1 100
+3 * 100
+7 * 100
+1 * 100
+2 * 100
+2 * 100

fn=(2508)
0x244370 48 100
+2 * 100
+2 * 100
+2 * 100
+1 * 100
+7 * 100
+3 * 100
+3 * 100
fi=(466)
+3 -33 100
+3 * 100
+8 * 100
+8 * 100
+8 * 100
+8 * 100
+8 * 100
+8 * 100
+8 * 100
+8 * 100
+8 * 100
+8 * 100
+8 * 100
+8 * 100
fi=(459)
+12 +61 100
+8 * 100
+8 * 100
+8 * 100
+8 * 100
+8 * 100
+8 * 100
+8 * 100
+8 * 100
fi=(461)
+8 -53 100
+12 * 100
fi=(471)
+8 +52 100
+5 * 100
+3 * 100
+3 * 100
cfi=(461)
cfn=(2418)
calls=100 0x244d60 +73 
* * 9923700
+5 * 100
+7 * 100
+5 * 100
+3 * 100
cfi=(461)
cfn=(2418)
calls=100 0x244d60 +73 
* * 4800
+5 * 100
fe=(458)
+5 -23 100
+5 * 100
+3 * 100
+3 * 100
cob=(2)
cfi=(214)
cfn=(708)
calls=100 0x188a80 255 
* * 6500
fi=(459)
+6 196 100
fi=(460)
+9 -95 100
+4 * 100
+7 * 100
fi=(464)
+5 +79 100
fi=(459)
+3 +8 100
+2 * 100
cob=(2)
cfi=(227)
cfn=(766)
calls=100 0x189480 -30 
* * 1900
+6 +51 100
fi=(462)
+8 43 100
+9 +2 100
fi=(466)
+8 -11 100
+5 * 100
+5 * 100
+5 * 100
+8 * 100
+5 * 100
+5 * 100
+8 * 100
+5 * 100
+8 * 100
+5 * 100
+8 * 100
+5 * 100
+5 * 100
+8 * 100
+5 * 100
+5 * 100
+8 * 100
+5 * 100
+8 * 100
+8 * 100
+8 * 100
+8 * 100
+8 * 100
fi=(457)
+8 1718 100
fi=(466)
+8 34 100
+8 +3 100
+8 * 100
+3 * 100
cfi=(463)
cfn=(2380)
calls=100 0x244f90 166 
* * 615800
fi=(455)
+6 547 100
+5 * 100
+5 * 100
+5 * 100
fi=(443)
+4 5360 100
+4 * 100
fi=(455)
+2 547 100
+4 * 100
+5 * 100
+5 * 100
fe=(458)
+4 53 100
+7 * 100
+1 * 100
+2 * 100
+2 * 100
+2 * 100

fl=(373)
fn=(2812)
0x228f30 2109 1
+1 * 1
+3 * 1
+2 * 1
+1 +6 1
fi=(177)
+3 445 1
fi=(176)
+4 4079 1
fe=(373)
+4 2811 1
jfi=(494) /rustc/4a4ef493e3a1488c6e321570238084b38948f6db/library/alloc/src/rc.rs
jcnd=1/1 +12 3245 
* * 
fi=(494)
+12 3245 1
fe=(373)
+4 +82 1
fi=(176)
+2 4079 1
fe=(373)
+5 3479 1
fi=(242)
+2 115 1
+5 * 1
+5 * 1
+3 * 1
+1 * 1
+2 * 1
+1 * 1
cfi=(162)
cfn=(886)
calls=1 0x1f3610 0 
* * 87
fe=(373)
+68 2109 1
+1 * 1
+3 * 1
+2 * 1
+1 +6 1
fi=(233)
+3 805 1
+4 * 1
jfi=(494)
jcnd=1/1 +11 3245 
* * 
fi=(494)
+11 3245 1
fe=(373)
+4 +82 1
fi=(176)
+2 4079 1
fe=(373)
+5 3479 1
fi=(242)
+2 115 1
+5 * 1
+5 * 1
+3 * 1
+1 * 1
+2 * 1
+1 * 1
cfi=(162)
cfn=(886)
calls=1 0x1f3610 0 
* * 87
fe=(373)
+57 2109 1
+1 * 1
+3 * 1
+2 * 1
+1 +6 1
+3 +5 1
+4 * 1
cfi=(233)
cfn=(2958)
calls=1 0x2069a0 805 
* * 32
fi=(494)
+5 3245 1
fe=(373)
+4 +82 1
fi=(176)
+2 4079 1
fe=(373)
+5 3479 1
fi=(242)
+2 115 1
+5 * 1
+5 * 1
+3 * 1
+1 * 1
+2 * 1
+1 * 1
cfi=(162)
cfn=(886)
calls=1 0x1f3610 0 
* * 87
fe=(373)
0x276210 2109 1
+1 * 1
+3 * 1
+1 * 1
+1 +6 1
+3 +5 1
fi=(233)
+4 805 1
+3 * 1
fe=(373)
+2 2120 1
fi=(377)
+4 702 1
fi=(246)
+3 1886 1
+3 * 1
fi=(242)
+2 115 1
+5 * 1
cfi=(162)
cfn=(886)
calls=1 0x1f3610 0 
* * 87
fi=(494)
+6 3245 1
fe=(373)
+4 +82 1
fi=(176)
+2 4079 1
fe=(373)
+5 3479 1
fi=(244)
+2 48 1
+3 * 1
+4 * 1
+1 * 1
+1 * 1
cob=(2)
cfi=(194)
cfn=(738)
calls=1 0xadd50 3359 
* * 85
fe=(373)
+17 2109 1
+1 * 1
+3 * 1
+1 * 1
+1 +6 1
+3 +5 1
fi=(255)
+4 617 1
+3 * 1
jfi=(494)
jcnd=1/1 +17 3245 
* * 
fi=(494)
+17 3245 1
fe=(373)
+4 +82 1
fi=(176)
+2 4079 1
fe=(373)
+5 3479 1
fi=(242)
+2 115 1
+5 * 1
+5 * 1
+3 * 1
+4 * 1
+1 * 1
+1 * 1
cfi=(162)
cfn=(886)
calls=1 0x1f3610 0 
* * 95
fe=(373)

fl=(382) /rustc/4a4ef493e3a1488c6e321570238084b38948f6db/library/std/src/sys/thread_local/destructors/linux_like.rs
fn=(2002) std::sys::thread_local::destructors::linux_like::register
0x253640 15 3
+1 * 3
+3 * 3
+2 * 3
+2 * 3
+2 * 3
+1 * 3
+4 * 3
+3 * 3
+3 +25 3
+8 * 3
+2 +2 3
+7 * 3
+3 * 3
+3 * 3
+4 * 3
+1 * 3
+2 * 3
+2 * 3
+2 * 3
+1 * 3
cob=(2)
cfi=(383)
cfn=(2004)
calls=3 0x47610 +60 
* * 1130

fl=(463)
fn=(2382) keccak::keccak_p
0x244fa0 236 15100
+1 * 15100
+2 * 15100
+2 * 15100
+2 * 15100
+2 * 15100
+1 * 15100
+7 +1 15100
+4 * 15100
+6 0 15100
fi=(476)
+3 1692 15100
fi=(464)
+3 180 15100
+6 0 15100
+3 0 15100
+5 0 15100
+4 0 15100
+5 0 15100
+3 0 15100
+4 0 15100
+5 0 15100
+4 0 15100
+4 0 15100
+7 0 15100
+5 0 15100
+4 0 15100
+4 0 15100
+5 0 15100
+7 0 15100
+7 0 15100
+5 0 15100
+4 0 15100
+5 0 15100
+4 0 15100
+4 0 15100
+7 0 15100
+7 0 15100
+5 0 15100
+3 180 15100
+4 * 15100
+3 * 15100
+4 * 15100
+5 * 15100
+4 * 15100
+5 * 15100
+4 * 15100
+7 * 15100
+7 * 15100
+5 * 15100
+4 * 15100
+5 * 15100
+4 * 15100
+5 * 15100
+4 * 15100
+7 * 15100
+5 * 15100
+8 * 15100
+7 * 15100
+4 * 15100
+3 0 15100
+9 0 15100
+8 0 15100
fi=(465) /home/ecuodah/.rustup/toolchains/stable-x86_64-unknown-linux-gnu/lib/rustlib/src/rust/library/core/src/ops/bit.rs
+8 896 15100
+3 * 15100
+5 * 15100
+3 * 15100
+5 * 15100
+3 * 15100
+5 * 15100
+3 * 15100
+3 * 15100
+8 * 15100
+5 * 15100
fi=(464)
-59 0 347300
+8 0 347300
fi=(465)
+8 896 347300
+3 * 347300
+5 * 347300
+3 * 347300
+5 * 347300
+3 * 347300
+5 * 347300
+3 * 347300
+3 * 347300
+8 * 347300
+5 * 347300
+5 * 347300
+8 * 347300
+3 * 347300
+3 * 347300
+3 * 347300
+5 * 347300
+3 * 347300
+8 * 347300
+3 * 347300
+3 * 347300
+3 * 347300
+3 * 347300
+5 * 347300
+3 * 347300
+5 * 347300
+3 * 347300
+5 * 347300
+4 * 347300
+5 * 347300
+3 * 347300
+5 * 347300
+3 * 347300
+5 * 347300
+3 * 347300
+5 * 347300
+5 * 347300
fi=(456) /home/ecuodah/.rustup/toolchains/stable-x86_64-unknown-linux-gnu/lib/rustlib/src/rust/library/core/src/intrinsics/mod.rs
+3 2027 347300
+3 * 347300
fi=(465)
+3 386 347300
fi=(456)
+3 2027 347300
fi=(465)
+3 386 347300
+3 896 347300
+3 * 347300
+8 * 347300
+5 * 347300
+3 * 347300
+3 * 347300
+5 * 347300
+8 * 347300
+5 * 347300
fi=(456)
+3 2027 347300
fi=(465)
+3 386 347300
fi=(456)
+3 2027 347300
fi=(465)
+3 386 347300
+3 896 347300
+3 * 347300
+3 * 347300
0x2450f0 * 15100
+8 * 15100
+3 * 15100
+3 * 15100
+3 * 15100
+5 * 15100
+3 * 15100
+8 * 15100
+3 * 15100
+3 * 15100
+3 * 15100
+3 * 15100
+5 * 15100
+3 * 15100
+5 * 15100
+3 * 15100
+5 * 15100
+4 * 15100
+5 * 15100
+3 * 15100
+5 * 15100
+3 * 15100
+5 * 15100
+3 * 15100
+5 * 15100
+5 * 15100
fi=(456)
+3 2027 15100
+3 * 15100
fi=(465)
+3 386 15100
fi=(456)
+3 2027 15100
fi=(465)
+3 386 15100
+3 896 15100
+3 * 15100
+8 * 15100
+5 * 15100
+3 * 15100
+3 * 15100
+5 * 15100
+8 * 15100
+5 * 15100
fi=(456)
+3 2027 15100
fi=(465)
+3 386 15100
fi=(456)
+3 2027 15100
fi=(465)
+3 386 15100
+3 896 15100
+3 * 15100
+3 * 15100
+3 * 15100
+5 * 15100
+8 * 15100
+5 * 15100
+3 * 15100
+8 * 15100
+3 * 15100
+8 * 15100
+5 * 15100
+3 * 15100
+5 * 15100
+5 * 15100
+3 * 15100
-61 * 347300
+5 * 347300
+8 * 347300
+5 * 347300
+3 * 347300
+8 * 347300
+3 * 347300
+8 * 347300
+5 * 347300
+3 * 347300
+5 * 347300
+5 * 347300
+3 * 347300
+8 * 347300
+3 * 347300
+5 * 347300
fi=(456)
+8 2027 347300
fi=(465)
+3 386 347300
+3 896 347300
+3 * 347300
+5 * 347300
+5 * 347300
+3 * 347300
+5 * 347300
+4 * 347300
fi=(456)
+3 2027 347300
+4 * 347300
+4 * 347300
+8 * 347300
+5 * 347300
+4 * 347300
+3 * 347300
fi=(465)
+4 63 347300
+3 * 347300
+3 178 347300
+3 * 347300
+5 63 347300
+3 * 347300
+3 178 347300
+3 386 347300
+3 * 347300
+5 63 347300
+3 178 347300
+3 386 347300
+3 * 347300
+5 * 347300
+8 63 347300
+3 * 347300
+3 178 347300
fi=(456)
+3 2027 347300
+4 * 347300
+4 * 347300
+4 * 347300
+3 * 347300
+4 * 347300
+4 * 347300
fi=(465)
+4 63 347300
+3 * 347300
+3 178 347300
+3 386 347300
0x2451ef 896 15100
+3 * 15100
+5 * 15100
fi=(456)
+8 2027 15100
fi=(465)
+3 386 15100
+3 896 15100
+3 * 15100
+5 * 15100
+5 * 15100
+3 * 15100
+5 * 15100
+4 * 15100
fi=(456)
+3 2027 15100
+4 * 15100
+4 * 15100
+8 * 15100
+5 * 15100
+4 * 15100
+3 * 15100
fi=(465)
+4 63 15100
+3 * 15100
+3 178 15100
+3 * 15100
+5 63 15100
+3 * 15100
+3 178 15100
+3 386 15100
+3 * 15100
+5 63 15100
+3 178 15100
+3 386 15100
+3 * 15100
+5 * 15100
+8 63 15100
+3 * 15100
+3 178 15100
fi=(456)
+3 2027 15100
+4 * 15100
+4 * 15100
+4 * 15100
+3 * 15100
+4 * 15100
+4 * 15100
fi=(465)
+4 63 15100
+3 * 15100
+3 178 15100
+3 386 15100
+3 * 15100
+5 63 15100
+3 * 15100
+3 * 15100
+8 178 15100
+3 386 15100
+3 * 15100
+5 63 15100
+3 178 15100
+3 386 15100
+3 * 15100
+5 63 15100
+3 * 15100
-47 386 347300
+5 63 347300
+3 * 347300
+3 * 347300
+8 178 347300
+3 386 347300
+3 * 347300
+5 63 347300
+3 178 347300
+3 386 347300
+3 * 347300
+5 63 347300
+3 * 347300
+3 178 347300
+3 63 347300
+3 178 347300
+3 * 347300
+4 * 347300
fi=(456)
+5 2027 347300
+4 * 347300
+8 * 347300
+4 * 347300
+4 * 347300
+5 * 347300
+5 * 347300
fi=(465)
+4 63 347300
+3 * 347300
+3 178 347300
+3 386 347300
+3 * 347300
+5 63 347300
+3 * 347300
+3 178 347300
+3 386 347300
+3 63 347300
+3 * 347300
+3 178 347300
+3 63 347300
+3 178 347300
+3 * 347300
+3 63 347300
+3 * 347300
+3 178 347300
+3 386 347300
+3 * 347300
+5 * 347300
+3 * 347300
+5 * 347300
+8 63 347300
+3 * 347300
+3 178 347300
+3 386 347300
+3 * 347300
+3 * 347300
+5 * 347300
+3 * 347300
fi=(456)
+5 2027 347300
+8 * 347300
+4 * 347300
+5 * 347300
fi=(465)
0x2452d8 178 15100
+3 63 15100
+3 178 15100
+3 * 15100
+4 * 15100
fi=(456)
+5 2027 15100
+4 * 15100
+8 * 15100
+4 * 15100
+4 * 15100
+5 * 15100
+5 * 15100
fi=(465)
+4 63 15100
+3 * 15100
+3 178 15100
+3 386 15100
+3 * 15100
+5 63 15100
+3 * 15100
+3 178 15100
+3 386 15100
+3 63 15100
+3 * 15100
+3 178 15100
+3 63 15100
+3 178 15100
+3 * 15100
+3 63 15100
+3 * 15100
+3 178 15100
+3 386 15100
+3 * 15100
+5 * 15100
+3 * 15100
+5 * 15100
+8 63 15100
+3 * 15100
+3 178 15100
+3 386 15100
+3 * 15100
+3 * 15100
+5 * 15100
+3 * 15100
fi=(456)
+5 2027 15100
+8 * 15100
+4 * 15100
+5 * 15100
+4 * 15100
+8 * 15100
+4 * 15100
+4 * 15100
+5 * 15100
+4 * 15100
+5 * 15100
+8 * 15100
+4 * 15100
+8 * 15100
+5 * 15100
+4 * 15100
+8 * 15100
-67 * 347300
+8 * 347300
+4 * 347300
+4 * 347300
+5 * 347300
+4 * 347300
+5 * 347300
+8 * 347300
+4 * 347300
+8 * 347300
+5 * 347300
+4 * 347300
+8 * 347300
fi=(465)
+4 386 347300
+3 * 347300
+5 * 347300
fi=(456)
+8 2027 347300
fi=(465)
+4 63 347300
+3 * 347300
+3 178 347300
+3 63 347300
+3 * 347300
+3 178 347300
+3 63 347300
+3 * 347300
+3 178 347300
+3 386 347300
+3 63 347300
+3 178 347300
+3 386 347300
+3 63 347300
+3 * 347300
+3 178 347300
+3 63 347300
+3 * 347300
+3 178 347300
+3 386 347300
+3 63 347300
+3 178 347300
+3 * 347300
+3 63 347300
+3 * 347300
+3 * 347300
+8 178 347300
+3 386 347300
+3 * 347300
+3 * 347300
+3 * 347300
+3 * 347300
+5 63 347300
+3 178 347300
+3 * 347300
+3 386 347300
+3 * 347300
+5 * 347300
+3 * 347300
+3 * 347300
+3 63 347300
+3 178 347300
+3 * 347300
0x2453d4 386 15100
+3 * 15100
+5 * 15100
fi=(456)
+8 2027 15100
fi=(465)
+4 63 15100
+3 * 15100
+3 178 15100
+3 63 15100
+3 * 15100
+3 178 15100
+3 63 15100
+3 * 15100
+3 178 15100
+3 386 15100
+3 63 15100
+3 178 15100
+3 386 15100
+3 63 15100
+3 * 15100
+3 178 15100
+3 63 15100
+3 * 15100
+3 178 15100
+3 386 15100
+3 63 15100
+3 178 15100
+3 * 15100
+3 63 15100
+3 * 15100
+3 * 15100
+8 178 15100
+3 386 15100
+3 * 15100
+3 * 15100
+3 * 15100
+3 * 15100
+5 63 15100
+3 178 15100
+3 * 15100
+3 386 15100
+3 * 15100
+5 * 15100
+3 * 15100
+3 * 15100
+3 63 15100
+3 178 15100
+3 * 15100
+8 386 15100
+8 * 15100
+5 * 15100
+4 * 15100
+8 * 15100
+4 896 15100
+7 * 15100
+5 * 15100
+8 * 15100
+8 * 15100
fi=(476)
+5 1692 15100
fi=(464)
+4 180 15100
jcnd=15100/15100 0x2450b0 0 
* * 
fi=(465)
-66 386 347300
+8 * 347300
+5 * 347300
+4 * 347300
+8 * 347300
+4 896 347300
+7 * 347300
+5 * 347300
+8 * 347300
+8 * 347300
fi=(476)
+5 1692 347300
fi=(464)
+4 180 347300
jcnd=332200/347300 0x2450b0 0 
* * 
+6 0 15100
+8 0 15100
+3 0 15100
+5 0 15100
+4 0 15100
+4 0 15100
+4 0 15100
+5 0 15100
+7 0 15100
+5 0 15100
+4 0 15100
+4 0 15100
+5 0 15100
+4 0 15100
+7 0 15100
+5 0 15100
+7 0 15100
+5 0 15100
+4 0 15100
+4 0 15100
+4 0 15100
+7 0 15100
+5 0 15100
+7 0 15100
+5 0 15100
+4 0 15100
+5 0 15100
+4 0 15100
+4 0 15100
+7 0 15100
+5 0 15100
+7 0 15100
+5 0 15100
+4 0 15100
+5 0 15100
+4 0 15100
+4 0 15100
+5 0 15100
+7 0 15100
+4 0 15100
+7 0 15100
+5 0 15100
fe=(463)
+3 291 15100
+7 * 15100
+1 * 15100
+2 * 15100
+2 * 15100
+2 * 15100
+2 * 15100
+1 * 15100

fn=(2380)
0x244f90 166 15100
cfn=(2382)
calls=15100 +16 +70 
* * 92970700

fl=(438)
fn=(2310) core::ops::function::FnOnce::call_once
0x1f2460 250 1
+1 * 1
+2 * 1
+2 * 1
+2 * 1
+2 * 1
+1 * 1
+7 * 1
+8 * 1
fi=(252)
+10 8 1
+5 +1 1
+8 +1 1
+8 +1 1
+8 +1 1
fi=(444) /home/ecuodah/.rustup/toolchains/stable-x86_64-unknown-linux-gnu/lib/rustlib/src/rust/library/core/src/str/iter.rs
+8 679 1
+8 * 1
+8 * 1
+3 * 1
+7 * 1
+8 * 1
+3 * 1
+5 * 1
+5 * 1
+5 * 1
+2 * 1
jfi=(439)
jump=1 +43 842 
* * 
+2 0 100
+8 0 100
+3 0 100
+5 0 100
+5 0 100
+5 0 100
+4 0 100
+3 679 100
+2 * 100
-9 0 602
+4 0 602
+3 679 602
+2 * 602
fi=(439)
+6 842 703
+7 * 703
jcnd=703/703 +32 +4 
* * 
+32 +4 703
+5 * 703
fi=(460)
+3 89 703
fi=(440) /home/ecuodah/.rustup/toolchains/stable-x86_64-unknown-linux-gnu/lib/rustlib/src/rust/library/core/src/slice/memchr.rs
+4 -62 703
+7 * 703
jcnd=701/703 +29 +4 
* * 
+2 +12 2
+7 * 2
jcnd=1/2 +36 -39 
* * 
+2 -39 1
+2 0 1
jump=1 +80 0 
* 0 
+16 31 701
+5 * 701
+3 * 701
cfi=(281)
cfn=(1462)
calls=701 0x298720 +20 
* * 1980308
+6 * 701
jfi=(441) /home/ecuodah/.rustup/toolchains/stable-x86_64-unknown-linux-gnu/lib/rustlib/src/rust/library/core/src/str/pattern.rs
jump=701 +52 439 
* * 
+2 -31 1
+3 0 1
+2 0 1
+11 40 1
+4 * 1
+4 * 1
jfi=(441)
jcnd=1/1 +66 -40 
* * 
+24 -40 1
fi=(441)
+2 439 1
+2 * 1
jcnd=1/1 +60 0 
* * 
-2 * 701
+2 * 701
+2 +18 702
+4 * 702
+3 +1 702
+3 * 702
+7 * 702
fi=(442) /home/ecuodah/.rustup/toolchains/stable-x86_64-unknown-linux-gnu/lib/rustlib/src/rust/library/core/src/slice/cmp.rs
+6 160 702
fi=(441)
+5 461 702
+6 * 702
jfi=(443)
jump=702 +95 0 
* * 
+2 0 1
+5 439 1
+2 * 1
jcnd=1/1 -43 +18 
* * 
+15 0 1
+6 0 1
fi=(444)
+7 693 1
jfi=(455)
jcnd=1/1 0x1f2e78 0 
* * 
fi=(443)
+58 0 702
+3 0 702
+3 0 702
+3 0 702
+4 2655 702
+3 * 702
+3 * 702
+2 0 702
fi=(442)
+4 160 702
+5 * 702
fi=(552) /home/ecuodah/.rustup/toolchains/stable-x86_64-unknown-linux-gnu/lib/rustlib/src/rust/library/core/src/str/mod.rs
+10 3164 702
fi=(443)
+2 2655 702
+3 * 702
+3 * 702
jcnd=101/702 +26 0 
* * 
fi=(442)
+2 160 601
fi=(441)
+5 1040 601
jfi=(443)
jcnd=601/601 +56 0 
* * 
fi=(443)
+19 0 101
+2 0 101
+13 2624 101
+4 * 101
+5 * 101
+2 * 101
+4 * 101
+2 * 101
jfi=(252)
jump=101 0x1f2990 0 
* * 
+5 0 601
+3 2624 601
+4 * 601
+5 * 601
+2 0 601
+12 0 601
fi=(442)
+2 160 601
+5 * 601
+2 * 601
+3 * 601
+5 * 601
+2 * 601
fi=(441)
+2 1017 601
jfi=(445) /home/ecuodah/.rustup/toolchains/stable-x86_64-unknown-linux-gnu/lib/rustlib/src/rust/library/core/src/str/traits.rs
jcnd=100/601 0x1f282a 218 
* * 
+6 0 501
fi=(442)
+2 160 501
+5 * 501
+2 * 501
+4 * 501
+3 * 501
fi=(441)
+2 1017 501
jfi=(445)
jcnd=100/501 0x1f27b0 218 
* * 
+6 0 401
fi=(442)
+2 160 401
+5 * 401
+2 * 401
+4 * 401
+3 * 401
fi=(441)
+2 1017 401
jfi=(445)
jcnd=100/401 0x1f2888 218 
* * 
+6 0 301
fi=(442)
+2 160 301
+5 * 301
+2 * 301
+4 * 301
+3 * 301
fi=(441)
+2 1017 301
jfi=(445)
jcnd=100/301 0x1f2906 218 
* * 
+6 0 201
fi=(442)
+2 160 201
+5 * 201
+2 * 201
+4 * 201
+3 * 201
fi=(441)
+2 1017 201
jfi=(252)
jcnd=101/201 0x1f2990 0 
* * 
fi=(445)
+6 218 100
fi=(542)
+4 863 100
fi=(446)
+4 297 100
+8 * 100
cfn=(2330)
calls=100 0x1f2170 191 
* * 297413
fi=(457)
+5 1231 100
+8 * 100
+6 +1 100
+8 * 100
+5 * 100
+8 * 100
+5 * 100
fi=(455)
+5 805 100
+3 * 100
jfi=(252)
jcnd=100/100 +26 24 
* * 
fi=(252)
+26 24 100
+5 * 100
+8 * 100
+6 * 100
+9 * 100
jump=100 0x1f2990 -24 
* * 
fi=(445)
+10 218 100
fi=(542)
+4 863 100
fi=(446)
+4 297 100
+8 * 100
cfn=(2330)
calls=100 0x1f2170 191 
* * 13419532
fi=(457)
+5 1231 100
+8 * 100
+6 +1 100
+8 * 100
+5 * 100
+8 * 100
+5 * 100
fi=(455)
+8 805 100
+3 * 100
jfi=(252)
jcnd=100/100 +23 18 
* * 
fi=(252)
+23 18 100
+5 * 100
+5 * 100
+6 * 100
+6 * 100
jump=100 0x1f2990 -18 
* * 
fi=(445)
+5 218 100
fi=(542)
+4 863 100
fi=(446)
+4 297 100
+8 * 100
cfn=(2330)
calls=100 0x1f2170 191 
* * 450912
fi=(457)
+5 1231 100
+8 * 100
+3 * 100
+6 +1 100
+8 * 100
+8 * 100
+8 * 100
fi=(455)
+5 805 100
+8 * 100
+3 * 100
+6 0 100
+5 805 100
jfi=(252)
jump=100 0x1f2995 0 
* * 
fi=(445)
+5 218 100
fi=(542)
+4 863 100
fi=(446)
+4 297 100
+8 * 100
cfn=(2330)
calls=100 0x1f2170 191 
* * 13899218
fi=(457)
+5 1231 100
+8 * 100
+6 +1 100
+8 * 100
+5 * 100
+8 * 100
fi=(455)
+5 805 100
+3 * 100
jfi=(252)
jcnd=100/100 +29 20 
* * 
fi=(252)
+29 20 100
+5 * 100
+8 * 100
+6 * 100
+9 * 100
jump=100 0x1f2990 -20 
* * 
fi=(445)
+5 218 100
fi=(542)
+4 863 100
fi=(446)
+4 297 100
+8 * 100
cfn=(2330)
calls=100 0x1f2170 191 
* * 26188591
fi=(457)
+5 1231 100
+8 * 100
+6 +1 100
+8 * 100
+5 * 100
+8 * 100
+5 * 100
fi=(455)
+5 805 100
+3 * 100
jfi=(252)
jcnd=100/100 +26 22 
* * 
fi=(252)
+26 22 100
+5 * 100
+8 * 100
+6 * 100
+9 -22 100
+15 0 100
+5 0 100
+5 28 100
+3 * 100
+3 * 100
+5 * 100
+8 * 100
+3 * 100
+3 -1 100
+2 * 100
+8 * 100
+3 * 100
+3 * 100
+8 * 100
+5 * 100
+3 * 100
+3 * 100
+2 * 100
+2 * 100
+8 * 100
+5 * 100
+3 * 100
+3 * 100
+2 * 100
jfi=(444)
jcnd=100/100 0x1f24fa -27 
* * 
-95 -27 502
+5 0 502
+5 28 502
+3 * 502
+3 * 502
+5 * 502
+8 * 502
+3 * 502
+3 -1 502
+2 * 502
+8 * 502
+3 * 502
+3 * 502
+8 * 502
+5 * 502
+3 * 502
+3 * 502
+2 * 502
+2 * 502
+8 * 502
+5 * 502
+3 * 502
+3 * 502
+2 * 502
jfi=(444)
jcnd=402/502 0x1f24fa -27 
* * 
-90 -27 100
+5 28 100
+3 * 100
+3 * 100
+5 * 100
+8 * 100
+3 * 100
+3 -1 100
+2 * 100
+8 * 100
+3 * 100
+3 * 100
+8 * 100
+5 * 100
+3 * 100
+3 * 100
+2 * 100
+2 * 100
+8 * 100
+5 * 100
+3 * 100
+3 * 100
+2 * 100
jfi=(444)
jcnd=100/100 0x1f24fa -27 
* * 
+6 +3 100
+5 * 100
+8 * 100
+5 * 100
+8 * 100
+3 * 100
cfi=(458)
cfn=(2368)
calls=100 0x244700 -16 
* * 652300
+6 -30 100
+7 0 100
cfi=(162)
cfn=(812)
calls=100 0x1f3640 0 
* 0 100
fi=(467)
+3 178 100
+5 * 100
+5 * 100
+7 * 100
cfi=(162)
cfn=(2394)
calls=100 0x1f3630 0 
* * 266955
fi=(449)
+3 453 100
+3 * 100
fi=(468) /home/ecuodah/.rustup/toolchains/stable-x86_64-unknown-linux-gnu/lib/rustlib/src/rust/library/alloc/src/vec/spec_from_elem.rs
+6 51 100
+12 * 100
+8 * 100
+8 * 100
fi=(449)
+12 -51 100
cfi=(162)
cfn=(812)
calls=100 0x1f3640 0 
* 0 100
fi=(467)
+3 178 100
+5 * 100
+5 * 100
cfi=(162)
cfn=(2394)
calls=100 0x1f3630 0 
* * 276634
fi=(449)
+3 453 100
+3 * 100
fi=(468)
+6 51 100
+12 * 100
+8 * 100
+8 * 100
fi=(449)
+12 -51 100
cfi=(162)
cfn=(812)
calls=100 0x1f3640 0 
* 0 100
fi=(467)
+3 178 100
+5 * 100
+5 * 100
cfi=(162)
cfn=(2394)
calls=100 0x1f3630 0 
* * 485425
fi=(449)
+3 453 100
+3 * 100
fi=(468)
+6 51 100
+12 * 100
+8 * 100
+8 * 100
fi=(449)
+12 -51 100
cfi=(162)
cfn=(812)
calls=100 0x1f3640 0 
* 0 100
fi=(467)
+3 178 100
+5 * 100
+5 * 100
cfi=(162)
cfn=(2394)
calls=100 0x1f3630 0 
* * 38282
fi=(449)
+3 453 100
+3 * 100
+6 0 100
fi=(468)
+3 51 100
+3 * 100
+12 * 100
+8 * 100
fi=(449)
+12 -51 100
cfi=(162)
cfn=(812)
calls=100 0x1f3640 0 
* 0 100
fi=(467)
+3 178 100
+5 * 100
+5 * 100
cfi=(162)
cfn=(2394)
calls=100 0x1f3630 0 
* * 26901
fi=(449)
+3 453 100
+3 * 100
fi=(468)
+6 51 100
+3 * 100
+9 * 100
+5 * 100
fi=(252)
+9 -13 100
+5 * 100
+5 * 100
+8 * 100
+8 * 100
+8 * 100
cfi=(469)
cfn=(2404)
calls=100 0x1f1540 -26 
* * 2833650296
fi=(442)
+5 152 100
+9 * 100
fi=(449)
+6 597 100
fi=(442)
+5 160 100
+5 * 100
+8 * 100
cob=(2)
cfi=(283)
cfn=(1044)
calls=100 0x188320 -87 
* * 32700
+6 * 100
fi=(252)
+2 39 100
fi=(442)
+6 152 100
+12 * 100
fi=(449)
+6 597 100
fi=(442)
+8 160 100
+5 * 100
+8 * 100
cob=(2)
cfi=(283)
cfn=(1044)
calls=100 0x188320 -87 
* * 33200
+6 * 100
fi=(252)
+2 40 100
+6 +3 100
+8 * 100
+4 * 100
+5 * 100
+5 * 100
+6 * 100
+8 * 100
+3 * 100
+8 * 100
cfi=(469)
cfn=(2500)
calls=100 0x1f0de0 +1 
* * 5658991398
fi=(442)
+5 152 100
+12 * 100
fi=(449)
+6 597 100
fi=(442)
+8 160 100
+5 * 100
+8 * 100
cob=(2)
cfi=(283)
cfn=(1044)
calls=100 0x188320 -87 
* * 61600
+6 * 100
fi=(252)
+2 44 100
fi=(442)
+6 152 100
+9 * 100
fi=(449)
+6 597 100
fi=(442)
+8 160 100
+6 * 100
+7 * 100
+5 * 100
+4 * 100
+6 * 100
+4 * 100
+4 * 100
+4 * 100
fi=(252)
+5 45 100
+6 +3 100
+5 * 100
+5 * 100
+6 * 100
+3 * 100
+8 * 100
+8 * 100
cfi=(469)
cfn=(2608)
calls=100 0x23e1b0 +33 
* * 8543595786
fi=(442)
+6 160 100
+6 * 100
+6 * 100
+5 * 100
+4 * 100
+6 * 100
+4 * 100
+4 * 100
+4 * 100
fi=(252)
+5 49 100
+6 +2 100
+4 * 100
fi=(449)
+5 617 100
+3 * 100
+10 * 100
+7 * 100
+8 * 100
fi=(467)
+2 115 100
+5 * 100
+5 * 100
cfi=(162)
cfn=(886)
calls=100 0x1f3610 0 
* * 12104
fi=(455)
+3 805 100
+5 * 100
+3 * 100
fi=(449)
+2 617 100
+3 * 100
+2 408 100
fi=(467)
+5 115 100
+5 * 100
+3 * 100
cfi=(162)
cfn=(886)
calls=100 0x1f3610 0 
* * 18400
fi=(252)
+3 -63 100
fi=(455)
+5 805 100
+8 * 100
+3 * 100
fi=(449)
+2 617 100
+3 * 100
+2 408 100
fi=(467)
+8 115 100
+5 * 100
cfi=(162)
cfn=(886)
calls=100 0x1f3610 0 
* * 21814
fi=(252)
+3 -63 100
fi=(455)
+8 805 100
+8 * 100
+3 * 100
fi=(449)
+2 617 100
+3 * 100
+2 408 100
fi=(467)
+8 115 100
+5 * 100
cfi=(162)
cfn=(886)
calls=100 0x1f3610 0 
* * 18433
fi=(252)
+3 -63 100
fi=(455)
+8 805 100
+8 * 100
+3 * 100
fi=(449)
+2 617 100
+3 * 100
+2 408 100
fi=(467)
+8 115 100
+5 * 100
cfi=(162)
cfn=(886)
calls=100 0x1f3610 0 
* * 12244
fi=(252)
+3 -63 100
fi=(449)
+8 408 100
+5 617 100
+3 * 100
+2 408 100
fi=(467)
+5 115 100
+5 * 100
cfi=(162)
cfn=(886)
calls=100 0x1f3610 0 
* * 12440
fi=(449)
+3 408 100
+8 617 100
+3 * 100
+2 408 100
fi=(467)
+8 115 100
+5 * 100
cfi=(162)
cfn=(886)
calls=100 0x1f3610 0 
* * 12468
fi=(449)
+3 408 100
+8 617 100
+3 * 100
+2 408 100
fi=(467)
+8 115 100
+5 * 100
cfi=(162)
cfn=(886)
calls=100 0x1f3610 0 
* * 58609
fi=(449)
+3 408 100
+8 617 100
+3 * 100
+2 408 100
fi=(467)
+8 115 100
+5 * 100
cfi=(162)
cfn=(886)
calls=100 0x1f3610 0 
* * 24318
fi=(449)
+3 408 100
+8 617 100
+3 * 100
+6 408 100
fi=(467)
+8 115 100
+5 * 100
cfi=(162)
cfn=(886)
calls=100 0x1f3610 0 
* * 24754
+3 * 100
jfi=(444)
jump=100 0x1f24e0 0 
* * 
fi=(455)
+31 0 1
fi=(252)
+5 56 1
+8 * 1
+7 * 1
+8 * 1
+7 * 1
+8 * 1
+10 * 1
+5 * 1
+5 * 1
cfi=(292)
cfn=(2694)
calls=1 0x251b10 1274 
* * 749
fi=(455)
+6 805 1
+3 * 1
jcnd=1/1 +29 * 
* * 
+29 * 1
+8 * 1
+3 * 1
jcnd=1/1 +26 * 
* * 
+26 * 1
+8 * 1
+3 * 1
jcnd=1/1 +26 * 
* * 
+26 * 1
+5 * 1
+3 * 1
jcnd=1/1 +23 * 
* * 
+23 * 1
+8 * 1
+3 * 1
jfi=(467)
jcnd=1/1 +21 0 
* * 
fi=(467)
+21 0 1
fi=(553) /home/ecuodah/.rustup/toolchains/stable-x86_64-unknown-linux-gnu/lib/rustlib/src/rust/library/test/src/lib.rs
+8 268 1
fe=(438)
+3 -18 1
+7 * 1
+1 * 1
+2 * 1
+2 * 1
+2 * 1
+2 * 1
+1 * 1

fl=(451)
fn=(2340)
0x1f33b0 115 907500
fi=(452)
+1 1506 907500
+4 * 907500
+3 * 907500
jfi=(446)
jcnd=500/907500 +69 0 
* * 
+2 +4 907000
+3 -1 907000
fi=(448)
+4 1068 907000
+3 * 907000
+3 * 907000
fi=(542)
+4 863 907000
fi=(443)
+4 2053 907000
fi=(452)
+3 1511 907000
+3 * 907000
fi=(446)
+4 199 907000
+3 * 907000
fi=(453) /home/ecuodah/.rustup/toolchains/stable-x86_64-unknown-linux-gnu/lib/rustlib/src/rust/library/core/src/iter/adapters/enumerate.rs
+6 -80 907000
fi=(446)
+4 +80 907000
+4 * 907000
+4 -22 907000
+4 * 907000
+3 * 907000
jcnd=567836/907000 +14 +1 
* * 
+2 * 339164
+4 * 339164
jump=339164 +21 0 
* * 
+2 0 500
fe=(451)
+2 122 500
+2 * 500
+1 * 500
fi=(446)
+1 +56 567836
+4 * 567836
+3 * 567836
jcnd=567836/567836 +63 +1 
* * 
+6 0 339164
+3 199 339164
+4 * 339164
-4 * 567836
+4 * 567836
+2 * 907000
+5 -22 907000
+4 * 907000
+4 * 907000
jcnd=566264/907000 +8 +1 
* * 
+2 * 340736
+4 * 340736
jump=340736 +16 0 
* * 
+2 +1 566264
+4 * 566264
+4 * 566264
jcnd=566264/566264 +30 +1 
* * 
+6 0 340736
+3 199 340736
+3 * 340736
+3 * 340736
+2 * 340736
jfi=(453)
jump=340736 +53 -79 
* * 
-8 * 566264
+3 * 566264
+3 * 566264
+2 * 566264
jfi=(453)
jump=566264 +53 -79 
* * 
+2 -20 567836
+4 * 567836
+3 * 567836
jcnd=567836/567836 -61 +20 
* * 
+4 * 566264
+4 * 566264
+4 * 566264
jcnd=566264/566264 -29 +20 
* * 
fi=(453)
+32 -59 907000
+3 * 907000
fe=(451)
+4 +2 907000
+2 * 907000
+1 * 907000

fl=(309)
fn=(1278)
0x254020 153 19
+1 * 19
+3 * 19
+2 * 19
+2 * 19
+1 * 19
+7 * 19
fi=(176)
+3 4027 19
fe=(309)
+8 179 19
+4 * 19
jfi=(233)
jcnd=19/19 +14 709 
* * 
fi=(233)
+14 709 19
+3 * 19
+4 * 19
+4 * 19
+4 * 19
+4 * 19
+4 * 19
+4 * 19
+7 * 19
+7 * 19
+7 * 19
+7 * 19
+7 * 19
+7 * 19
+7 * 19
+7 * 19
+7 * 19
fi=(241)
+7 12 19
+8 * 19
+6 -12 19
+7 13 19
+2 * 19
+3 * 19
+2 * 19
+5 * 19
cob=(2)
cfi=(310)
cfn=(1284)
calls=19 0x11bf40 +14 
* * 225
fi=(175)
+6 235 19
+3 +10 19
jfi=(311) /rustc/4a4ef493e3a1488c6e321570238084b38948f6db/library/std/src/sys/io/error/unix.rs
jcnd=4/19 0x25424f 42 
* * 
fe=(309)
+6 -34 15
+3 * 15
jfi=(312)
jcnd=15/15 +9 5662 
* * 
fi=(312)
+9 5662 15
fe=(309)
+6 218 15
fi=(312)
+6 5665 15
+2 * 15
+3 * 15
+6 +1 15
+6 * 15
+4 * 15
+3 +1 15
+3 * 15
+3 +1 15
+4 * 15
+6 * 15
+3 -6 15
fe=(309)
+6 224 15
fi=(312)
+6 5665 15
+2 * 15
+3 * 15
+6 +1 15
+6 * 15
+4 * 15
+3 +1 15
+3 * 15
fi=(233)
+3 709 15
+3 * 15
+7 * 15
fi=(312)
+11 5668 15
+4 * 15
+7 * 15
fe=(309)
+3 237 15
+6 +1 15
+7 * 15
fi=(279)
+4 13 15
+7 * 15
+3 * 15
fe=(309)
+4 219 15
fi=(279)
+7 13 15
fe=(309)
+4 220 15
fi=(279)
+6 13 15
fe=(309)
+4 221 15
fi=(279)
+7 13 15
fe=(309)
+3 222 15
fi=(279)
+7 13 15
+4 * 15
+7 * 15
fe=(309)
+4 225 15
fi=(279)
+7 13 15
fe=(309)
+4 226 15
fi=(279)
+6 13 15
fe=(309)
+4 227 15
fi=(279)
+7 13 15
fe=(309)
+4 228 15
fi=(279)
+7 13 15
fe=(309)
+4 230 15
fi=(279)
+6 13 15
fe=(309)
+4 231 15
fi=(279)
+7 13 15
fe=(309)
+4 232 15
fi=(279)
+6 13 15
fe=(309)
+7 233 15
fi=(279)
+7 13 15
fe=(309)
+7 234 15
fi=(279)
+6 13 15
+7 * 15
jfi=(309)
jump=15 +79 249 
* * 
fi=(311)
+37 +29 4
cob=(2)
cfi=(247)
cfn=(826)
calls=4 0x2a6e0 -17 
* * 16
+6 * 4
fi=(351)
+3 168 4
+3 * 4
+4 * 4
fi=(176)
+4 4027 4
fe=(309)
+7 185 4
+2 * 4
jfi=(241)
jcnd=1/4 +27 12 
* * 
+2 0 4
+7 0 4
+4 249 4
+7 * 4
+1 * 4
+2 * 4
+2 * 4
+1 * 4
-13 * 15
+7 * 15
+1 * 15
+2 * 15
+2 * 15
+1 * 15
fi=(241)
+1 12 1
+8 * 1
+2 +1 1
+2 * 1
+2 * 1
+2 * 1
+5 * 1
+3 * 1
cob=(2)
cfi=(310)
cfn=(1284)
calls=1 0x11bf40 +14 
* * 15
fi=(175)
+6 235 1
+3 +10 1
+2 * 1
jump=1 +35 0 
* * 
+35 0 1
fi=(263)
+4 2389 1
fi=(176)
+2 4012 1
fi=(279)
+7 13 1
jfi=(309)
jump=1 0x25426e -13 
* * 
fe=(309)

fn=(1390)
0x253cc0 1349 17
+1 * 17
+3 * 17
+2 * 17
+2 * 17
+2 * 17
+2 * 17
+1 * 17
+1 * 17
+3 * 17
+3 -77 17
+4 * 17
+4 * 17
+4 * 17
+2 * 17
+2 * 17
jcnd=17/17 +51 * 
* * 
+51 * 17
+2 * 17
jcnd=17/17 0x253de7 +28 
* * 
+54 +45 17
+4 * 17
+4 * 17
jcnd=17/17 +18 * 
* * 
+18 * 17
+3 * 17
jcnd=17/17 +9 * 
* * 
+9 * 17
+3 * 17
+3 0 17
+5 1353 17
+2 -3 17
+3 * 17
+3 * 17
+7 * 17
+4 * 17
+7 * 17
+7 0 17
+15 1358 17
+3 * 17
+3 * 17
+3 * 17
+2 * 17
cob=(2)
cfi=(322)
cfn=(1392)
calls=17 0x11b150 30 
* * 642
fi=(175)
+3 235 17
+3 +10 17
jfi=(245)
jcnd=11/17 +27 0 
* * 
fi=(311)
+2 42 6
cob=(2)
cfi=(247)
cfn=(826)
calls=6 0x2a6e0 -17 
* * 24
+2 * 6
+3 * 6
fi=(175)
+4 256 6
fi=(351)
+2 -88 6
+4 * 6
+4 * 6
fi=(245)
+4 2189 6
jump=6 0x253e43 * 
* * 
+2 0 11
fe=(309)
+4 1359 11
+3 * 11
+2 * 11
jump=11 0x253e4c 0 
* * 
+2 -59 17
+4 * 17
+2 * 17
+4 * 17
+2 0 17
+3 1300 17
+4 * 17
+5 * 17
+5 * 17
jcnd=17/17 0x253d4f +17 
* * 
fi=(245)
+63 2189 6
+4 * 6
fe=(309)
+5 0 6
+2 1360 6
+4 * 6
+1 * 6
+2 * 6
+2 * 6
+2 * 6
+2 * 6
+1 * 6
-16 0 11
+2 1360 11
+4 * 11
+1 * 11
+2 * 11
+2 * 11
+2 * 11
+2 * 11
+1 * 11

fl=(484)
fn=(2672)
0x243190 67 800
+1 * 800
+2 * 800
+2 * 800
+1 -36 800
+2 * 800
+3 +1 800
+4 +1 800
+3 * 800
+2 +16 800
+2 * 800
+3 * 800
+3 * 800
+3 +3 800
+4 * 800
+3 * 800
+4 * 800
+4 * 800
+3 * 800
+4 * 800
+3 * 800
+4 * 800
+2 * 800
+4 * 800
+3 -3 800
+3 * 800
+4 * 800
+4 +3 800
+5 * 800
+3 * 800
+4 * 800
+5 * 800
+3 * 800
+4 * 800
+3 * 800
+5 * 800
+3 * 800
+4 -17 800
+4 +17 800
+3 -3 800
+3 * 800
+3 +3 800
+4 * 800
+2 * 800
+4 * 800
+4 * 800
+3 * 800
+4 +7 800
+4 -7 800
+3 * 800
+4 * 800
+2 * 800
+4 * 800
+3 +7 800
+3 -4 800
+3 * 800
+4 * 800
+3 * 800
+3 -20 800
+3 +4 800
+4 +2 800
+4 +14 800
+8 -16 800
+4 +2 800
+4 -2 800
+4 +2 800
+4 * 800
+3 +19 800
+3 * 800
+3 * 800
+2 -19 800
+2 +14 800
+2 * 800
+3 * 800
+3 +5 800
+2 -4 800
+3 * 800
+4 * 800
+3 +14 800
+2 -9 800
+3 * 800
+3 +9 800
+3 * 800
+3 * 800
+3 -52 800
+8 +1 800
+2 -1 800
+8 * 800
+3 * 800
+3 +1 800
+2 * 800
+2 * 800
+3 -9 800
+3 +1 800
+3 +7 800
+7 +1 800
+2 -1 800
+7 * 800
+2 * 800
+3 +1 800
+2 * 800
+2 * 800
+2 +53 800
+1 * 800
+2 * 800
+2 * 800
+1 * 800

fn=(2652)
0x2427d0 85 9200
+1 * 9200
+2 * 9200
+2 * 9200
+2 * 9200
+2 * 9200
+1 -6 9200
+2 * 9200
+2 * 9200
+2 -1 9200
+4 -47 9200
+2 +45 9200
+3 * 9200
+4 +3 9200
+3 * 9200
+4 * 9200
+3 * 9200
+3 * 9200
+3 * 9200
+3 -1 9200
+5 * 9200
+8 * 9200
+4 +1 9200
+8 * 9200
+4 * 9200
+5 * 9200
+4 * 9200
+4 * 9200
+5 * 9200
+4 * 9200
+5 -69 9200
+2 * 9200
+3 +2 9200
+2 +6 9200
+2 * 9200
+3 * 9200
+3 * 9200
+4 +1 9200
+3 * 9200
+3 -1 9200
+3 +1 9200
+3 -9 9200
+3 +1 9200
+3 +7 9200
+8 +1 9200
+3 -1 9200
+7 * 9200
+3 * 9200
+4 +1 9200
+3 * 9200
+3 * 9200
+3 * 9200
+4 +12 9200
+3 +1 9200
+4 +1 9200
+3 * 9200
+3 +16 9200
+3 * 9200
+3 * 9200
+3 * 9200
+3 +3 9200
+3 * 9200
+3 * 9200
+4 * 9200
+3 * 9200
+3 * 9200
+4 * 9200
+3 * 9200
+3 * 9200
+3 * 9200
+4 * 9200
+3 -3 9200
+3 * 9200
+3 * 9200
+3 +3 9200
+3 * 9200
+3 * 9200
+4 * 9200
+3 * 9200
+3 * 9200
+4 * 9200
+3 * 9200
+3 * 9200
+3 * 9200
+4 * 9200
+2 -3 9200
+2 * 9200
+3 +3 9200
+3 * 9200
+3 * 9200
+4 * 9200
+3 * 9200
+3 * 9200
+4 * 9200
+3 * 9200
+3 * 9200
+3 * 9200
+4 +7 9200
+4 -7 9200
+3 +7 9200
+3 -4 9200
+3 * 9200
+3 * 9200
+3 * 9200
+4 -20 9200
+3 * 9200
+3 +4 9200
+3 +2 9200
+4 +14 9200
+8 -16 9200
+3 +2 9200
+4 -2 9200
+3 +2 9200
+4 * 9200
+3 +15 9200
+4 * 9200
+3 * 9200
+4 +14 9200
+3 -9 9200
+2 * 9200
+2 +9 9200
+3 * 9200
+3 -52 9200
+8 * 9200
+7 * 9200
+2 * 9200
+3 +1 9200
+2 +57 9200
+3 * 9200
+3 +3 9200
+3 * 9200
+4 * 9200
+4 * 9200
+3 * 9200
+4 * 9200
+4 * 9200
+3 * 9200
+4 * 9200
+4 -1 9200
+5 * 9200
+5 * 9200
+4 -18 9200
+4 * 9200
+3 -19 9200
+3 +14 9200
+3 * 9200
+3 * 9200
+3 +5 9200
+3 +10 9200
+3 -51 9200
+3 * 9200
+2 * 9200
+2 -9 9200
+3 +1 9200
+3 +7 9200
+7 +1 9200
+2 -1 9200
+7 * 9200
+2 * 9200
+3 +1 9200
+2 * 9200
+2 * 9200
+2 +60 9200
+4 * 9200
+5 * 9200
+4 * 9200
+4 * 9200
+5 * 9200
+4 * 9200
+5 -69 9200
+2 * 9200
+3 +2 9200
+3 +6 9200
+2 * 9200
+3 * 9200
+2 * 9200
+3 +1 9200
+2 * 9200
+2 -1 9200
+3 +1 9200
+2 -9 9200
+3 +1 9200
+3 +7 9200
+7 +1 9200
+2 -1 9200
+7 * 9200
+2 * 9200
+3 +1 9200
+2 * 9200
+2 * 9200
+2 * 9200
+4 * 9200
+5 * 9200
+3 +12 9200
+2 * 9200
+3 +1 9200
+4 +1 9200
+3 * 9200
+3 +16 9200
+3 * 9200
+4 * 9200
+4 +3 9200
+4 * 9200
+2 * 9200
+6 * 9200
+4 * 9200
+4 * 9200
+3 * 9200
+4 * 9200
+2 * 9200
+4 * 9200
+3 * 9200
+4 * 9200
+3 -3 9200
+3 * 9200
+3 +3 9200
+3 * 9200
+2 * 9200
+4 * 9200
+3 * 9200
+3 * 9200
+4 * 9200
+2 * 9200
+3 * 9200
+3 * 9200
+4 * 9200
+2 -3 9200
+3 * 9200
+4 +3 9200
+4 * 9200
+2 * 9200
+4 * 9200
+4 * 9200
+3 * 9200
+4 * 9200
+2 * 9200
+4 * 9200
+3 * 9200
+4 * 9200
+2 +7 9200
+3 -7 9200
+3 +7 9200
+3 -4 9200
+3 * 9200
+3 * 9200
+3 * 9200
+4 * 9200
+5 -20 9200
+3 * 9200
+3 +4 9200
+3 +2 9200
+4 -2 9200
+3 +2 9200
+4 -2 9200
+3 +2 9200
+3 * 9200
+3 +19 9200
+3 * 9200
+4 * 9200
+2 * 9200
+3 -19 9200
+3 +14 9200
+2 * 9200
+8 * 9200
+2 * 9200
+3 +5 9200
+3 -4 9200
+4 * 9200
+3 * 9200
+4 +14 9200
+3 * 9200
+5 -9 9200
+2 * 9200
+5 * 9200
+2 +9 9200
+2 * 9200
+3 * 9200
+4 -52 9200
+7 +1 9200
+2 -1 9200
+7 * 9200
+2 * 9200
+3 +1 9200
+2 * 9200
+2 * 9200
+2 -9 9200
+3 +1 9200
+3 +7 9200
+7 +1 9200
+2 -1 9200
+7 * 9200
+2 * 9200
+3 +1 9200
+2 * 9200
+2 * 9200
+2 +12 9200
+2 * 9200
+3 +21 9200
+4 * 9200
+2 * 9200
+6 * 9200
+4 * 9200
+4 -20 9200
+3 +20 9200
+4 * 9200
+3 * 9200
+4 -19 9200
+3 * 9200
+3 +19 9200
+4 * 9200
+3 * 9200
+5 * 9200
+4 * 9200
+3 * 9200
+2 * 9200
+4 * 9200
+3 * 9200
+3 * 9200
+4 * 9200
+3 * 9200
+3 * 9200
+4 * 9200
+4 * 9200
+2 * 9200
+5 * 9200
+4 * 9200
+4 * 9200
+3 * 9200
+4 * 9200
+4 * 9200
+4 * 9200
+3 * 9200
+4 -13 9200
+3 +2 9200
+4 -2 9200
+3 +2 9200
+6 * 9200
+4 -2 9200
+3 +2 9200
+5 * 9200
+3 +11 9200
+5 * 9200
+3 * 9200
+3 * 9200
+3 * 9200
+3 * 9200
+3 +3 9200
+3 * 9200
+3 * 9200
+3 * 9200
+3 * 9200
+2 +4 9200
+3 * 9200
+3 +1 9200
+3 -19 9200
+3 * 9200
+5 -10 9200
+3 +10 9200
+3 +14 9200
+8 * 9200
+3 * 9200
+3 +5 9200
+3 -4 9200
+4 * 9200
+4 * 9200
+4 +14 9200
+3 * 9200
+5 -9 9200
+2 +9 9200
+3 * 9200
+3 * 9200
+4 -52 9200
+7 +1 9200
+2 -1 9200
+7 * 9200
+2 * 9200
+3 +1 9200
+2 * 9200
+2 * 9200
+2 -9 9200
+3 +1 9200
+3 +7 9200
+7 +1 9200
+2 -1 9200
+7 * 9200
+3 * 9200
+4 +1 9200
+3 * 9200
+3 * 9200
+3 * 9200
+4 +12 9200
+3 +1 9200
+4 +1 9200
+3 * 9200
+2 +16 9200
+3 * 9200
+3 * 9200
+3 +3 9200
+3 * 9200
+2 * 9200
+6 * 9200
+4 * 9200
+3 * 9200
+3 * 9200
+4 * 9200
+2 * 9200
+3 * 9200
+3 * 9200
+4 * 9200
+3 -3 9200
+3 * 9200
+3 * 9200
+3 +3 9200
+3 * 9200
+2 * 9200
+4 * 9200
+3 * 9200
+3 * 9200
+4 * 9200
+2 * 9200
+3 * 9200
+2 * 9200
+4 * 9200
+2 -3 9200
+3 * 9200
+3 +3 9200
+3 * 9200
+2 * 9200
+4 * 9200
+3 * 9200
+3 * 9200
+4 * 9200
+2 * 9200
+3 * 9200
+3 * 9200
+4 * 9200
+3 +7 9200
+4 -7 9200
+3 +7 9200
+4 -4 9200
+3 * 9200
+3 * 9200
+2 * 9200
+3 -20 9200
+3 * 9200
+3 +4 9200
+3 +2 9200
+4 -2 9200
+3 +2 9200
+4 -2 9200
+3 +2 9200
+4 +19 9200
+4 * 9200
+3 -19 9200
+3 * 9200
+3 +14 9200
+3 * 9200
+3 * 9200
+8 * 9200
+2 +5 9200
+3 -4 9200
+4 * 9200
+3 * 9200
+4 +14 9200
+3 -9 9200
+3 * 9200
+3 +9 9200
+3 * 9200
+3 * 9200
+3 -52 9200
+8 +1 9200
+2 -1 9200
+8 * 9200
+3 * 9200
+3 +1 9200
+2 * 9200
+2 * 9200
+3 -9 9200
+3 +1 9200
+3 +7 9200
+7 +1 9200
+2 -1 9200
+7 * 9200
+2 * 9200
+3 +1 9200
+2 * 9200
+2 * 9200
+2 +57 9200
+2 * 9200
+3 +3 9200
+2 * 9200
+3 * 9200
+3 * 9200
+2 * 9200
+3 * 9200
+3 -1 9200
+4 +1 9200
+3 * 9200
+3 -1 9200
+5 * 9200
+4 +1 9200
+4 * 9200
+5 * 9200
+4 * 9200
+4 * 9200
+5 * 9200
+4 * 9200
+5 -69 9200
+2 * 9200
+3 +2 9200
+2 +6 9200
+2 * 9200
+3 * 9200
+2 * 9200
+3 +1 9200
+2 * 9200
+2 -1 9200
+3 +1 9200
+2 -9 9200
+3 +1 9200
+3 +7 9200
+7 +1 9200
+2 -1 9200
+7 * 9200
+2 * 9200
+3 +1 9200
+2 * 9200
+2 * 9200
+2 +57 9200
+2 * 9200
+3 +3 9200
+2 * 9200
+3 * 9200
+3 * 9200
+2 * 9200
+3 * 9200
+3 -1 9200
+4 +1 9200
+3 * 9200
+3 -1 9200
+5 * 9200
+4 +1 9200
+4 * 9200
+5 * 9200
+4 * 9200
+4 * 9200
+5 * 9200
+4 * 9200
+5 -69 9200
+2 * 9200
+3 +2 9200
+2 +6 9200
+2 * 9200
+3 * 9200
+2 * 9200
+3 +1 9200
+2 * 9200
+2 -1 9200
+3 +1 9200
+2 -9 9200
+3 +1 9200
+3 +7 9200
+7 +1 9200
+2 -1 9200
+7 * 9200
+2 * 9200
+3 +1 9200
+2 * 9200
+2 * 9200
+2 +57 9200
+2 * 9200
+3 +3 9200
+2 * 9200
+3 * 9200
+3 * 9200
+2 * 9200
+3 * 9200
+3 -1 9200
+4 +1 9200
+3 * 9200
+3 -1 9200
+5 * 9200
+4 +1 9200
+4 * 9200
+5 * 9200
+4 * 9200
+4 * 9200
+5 * 9200
+4 * 9200
+5 -69 9200
+2 * 9200
+3 +2 9200
+2 +6 9200
+2 * 9200
+3 * 9200
+2 * 9200
+3 +1 9200
+2 * 9200
+2 -1 9200
+3 +1 9200
+2 -9 9200
+3 +1 9200
+3 +7 9200
+7 +1 9200
+2 -1 9200
+7 * 9200
+3 * 9200
+4 +1 9200
+3 * 9200
+3 * 9200
+3 +30 9200
+3 * 9200
+3 * 9200
+3 +3 9200
+3 * 9200
+5 * 9200
+3 * 9200
+4 * 9200
+3 * 9200
+4 * 9200
+2 * 9200
+4 * 9200
+2 * 9200
+3 * 9200
+4 * 9200
+3 * 9200
+4 * 9200
+3 -3 9200
+3 * 9200
+3 * 9200
+3 +3 9200
+3 * 9200
+3 * 9200
+4 * 9200
+3 * 9200
+2 * 9200
+4 * 9200
+2 * 9200
+3 * 9200
+2 * 9200
+4 -33 9200
+4 +33 9200
+2 -3 9200
+3 * 9200
+3 +3 9200
+3 * 9200
+3 * 9200
+4 * 9200
+3 * 9200
+2 * 9200
+4 * 9200
+2 * 9200
+3 * 9200
+3 * 9200
+4 * 9200
+3 +3 9200
+3 * 9200
+3 * 9200
+2 * 9200
+3 -20 9200
+3 * 9200
+3 +4 9200
+3 +2 9200
+4 -2 9200
+3 +2 9200
+4 -2 9200
+3 * 9200
+3 +2 9200
+4 +19 9200
+4 * 9200
+3 -19 9200
+3 * 9200
+2 * 9200
+2 +14 9200
+3 * 9200
+2 * 9200
+8 * 9200
+2 +5 9200
+2 -4 9200
+3 * 9200
+4 +14 9200
+3 -9 9200
+3 * 9200
+3 -5 9200
+4 +14 9200
+3 * 9200
+3 * 9200
+3 -52 9200
+8 +1 9200
+2 -1 9200
+8 * 9200
+3 * 9200
+3 +1 9200
+2 * 9200
+2 * 9200
+3 -9 9200
+3 +1 9200
+3 +7 9200
+7 +1 9200
+2 -1 9200
+7 * 9200
+2 * 9200
+3 +1 9200
+2 * 9200
+2 * 9200
+2 +57 9200
+2 * 9200
+3 +3 9200
+2 * 9200
+3 * 9200
+3 * 9200
+2 * 9200
+3 * 9200
+3 -1 9200
+4 +1 9200
+3 * 9200
+3 -1 9200
+5 * 9200
+4 +1 9200
+4 * 9200
+5 * 9200
+4 * 9200
+4 * 9200
+5 * 9200
+4 * 9200
+5 -69 9200
+2 * 9200
+3 +2 9200
+2 +6 9200
+2 * 9200
+3 * 9200
+2 * 9200
+3 +1 9200
+2 * 9200
+2 -1 9200
+3 +1 9200
+2 -9 9200
+3 +1 9200
+3 +7 9200
+7 +1 9200
+2 -1 9200
+7 * 9200
+2 * 9200
+3 +1 9200
+2 * 9200
+2 * 9200
+2 +80 9200
+1 * 9200
+2 * 9200
+2 * 9200
+2 * 9200
+2 * 9200
+1 * 9200

fl=(165)
fn=(546)
0x256b80 131 1
fi=(176)
+3 4012 1
+7 * 1
fe=(165)
+7 132 1

fl=(170)
fn=(568)
0x252140 152 1
+1 * 1
+3 * 1
+2 * 1
+2 * 1
+2 * 1
+2 * 1
+1 * 1
+7 * 1
+3 * 1
+3 * 1
+4 * 1
+3 * 1
fi=(171)
+3 34 1
+9 * 1
fi=(297)
+7 555 1
fi=(263)
+3 1065 1
+3 * 1
fi=(171)
+2 108 1
fi=(176)
+3 4027 1
+7 0 1
fi=(172)
+10 688 1
fi=(307)
+4 458 1
fi=(172)
+6 688 1
fi=(176)
+4 4168 1
fi=(375) /rustc/4a4ef493e3a1488c6e321570238084b38948f6db/library/std/src/thread/id.rs
+9 53 1
fi=(173)
+2 901 1
+3 0 1
+4 0 1
+4 0 1
fi=(176)
+4 4012 1
fi=(175)
+7 95 1
+11 * 1
+7 * 1
+7 * 1
+7 * 1
+7 * 1
+7 -95 1
+3 101 1
+5 * 1
+3 * 1
+2 * 1
cob=(2)
cfi=(174)
cfn=(576)
calls=1 0x11b4b0 -74 
* * 8
+3 * 1
+3 * 1
jfi=(176)
jcnd=1/1 0x252337 0 
* * 
0x252308 +71 1
+4 * 1
+6 0 1
+5 0 1
+4 0 1
+7 172 1
+4 * 1
+3 * 1
jump=1 0x2523a7 +11 
* * 
fi=(176)
+14 0 1
+6 0 1
+7 0 1
+7 0 1
+2 0 1
fi=(177)
+3 1692 1
fi=(265)
+4 180 1
fi=(177)
-4 1692 3
fi=(265)
+4 180 3
jfi=(175)
jcnd=1/3 -76 -8 
* * 
fi=(177)
+2 660 3
fi=(175)
+4 118 3
+8 * 3
+3 * 3
jfi=(177)
jcnd=3/3 -21 1692 
* * 
+66 +65 1
+5 * 1
cob=(2)
cfi=(178)
cfn=(584)
calls=1 0x451a0 30 
* * 120
+6 * 1
+4 * 1
fi=(183) /rustc/4a4ef493e3a1488c6e321570238084b38948f6db/library/std/src/sys/pal/unix/os.rs
+6 401 1
+5 * 1
cob=(2)
cfi=(184)
cfn=(598)
calls=1 0x110050 32 
* * 58
fi=(176)
+6 4012 1
+7 +15 1
fi=(233)
+7 709 1
+3 * 1
+7 * 1
+7 * 1
+7 * 1
fi=(189)
+11 372 1
cob=(2)
cfi=(188)
cfn=(606)
calls=1 0xa36d0 23 
* * 3
+6 * 1
+7 * 1
+3 * 1
cob=(2)
cfi=(190)
cfn=(610)
calls=1 0x9de50 33 
* * 100115
+6 * 1
+3 +1 1
+2 * 1
+4 * 1
jfi=(230)
jcnd=1/1 +7 133 
* * 
fi=(230)
+7 133 1
fi=(189)
+8 375 1
+8 * 1
+7 * 1
+4 * 1
+4 +2 1
cob=(2)
cfi=(231)
cfn=(780)
calls=1 0x9a070 24 
* * 9
+6 * 1
+3 -1 1
+2 * 1
+6 +4 1
+4 * 1
+7 +3 1
cob=(2)
cfi=(232)
cfn=(782)
calls=1 0x99e10 26 
* * 191
+6 * 1
+3 * 1
+2 * 1
+6 +15 1
+3 * 1
+6 * 1
+3 * 1
+3 * 1
+4 * 1
+2 * 1
+3 * 1
+2 * 1
+3 * 1
jump=1 +10 +1 
* * 
+10 +1 1
+3 * 1
+3 * 1
+3 * 1
+4 * 1
+3 +45 1
+3 * 1
fi=(233)
+3 709 1
+3 * 1
+4 * 1
+7 * 1
+7 * 1
+7 * 1
+7 * 1
+7 * 1
+7 * 1
+7 * 1
+7 * 1
+8 * 1
fi=(189)
+7 168 1
+5 * 1
+2 * 1
cob=(2)
cfi=(181)
cfn=(590)
calls=1 0x452e0 26 
* * 59
+6 +2 1
+8 * 1
fi=(176)
+2 4027 1
fi=(189)
+7 171 1
+2 * 1
fi=(176)
+2 4013 1
fi=(189)
+7 174 1
+5 * 1
cfn=(784)
calls=1 0x255d60 +76 
* * 248
fi=(176)
+5 4012 1
fi=(189)
+7 373 1
+3 * 1
+2 179 1
+3 * 1
+3 * 1
cfi=(240)
cfn=(800)
calls=1 0x254790 -67 
* * 507
+5 0 1
+3 183 1
+7 +1 1
+7 * 1
+7 * 1
+7 +4 1
+5 * 1
+2 * 1
cob=(2)
cfi=(181)
cfn=(590)
calls=1 0x452e0 26 
* * 60
+6 0 1
+7 168 1
+5 * 1
+2 * 1
cob=(2)
cfi=(181)
cfn=(590)
calls=1 0x452e0 26 
* * 59
+6 +2 1
+8 * 1
fi=(176)
+2 4027 1
fi=(189)
+7 171 1
+2 * 1
jcnd=1/1 +42 +12 
* * 
+42 +12 1
+7 +1 1
+7 * 1
+7 * 1
+7 +4 1
+5 * 1
+2 * 1
cob=(2)
cfi=(181)
cfn=(590)
calls=1 0x452e0 26 
* * 60
+6 0 1
fi=(176)
+4 4012 1
+7 * 1
+4 * 1
+7 * 1
+4 * 1
fi=(347)
+4 287 1
cfi=(250)
cfn=(832)
calls=1 0x1f2010 -81 
* * 518777
fe=(170)
+3 185 1
fi=(176)
+3 4028 1
fi=(294)
+6 82 1
fi=(295)
+2 +72 1
jcnd=1/1 +77 +4 
* * 
fi=(516) /rustc/4a4ef493e3a1488c6e321570238084b38948f6db/library/std/src/sys/exit_guard.rs
+2 37 1
cob=(2)
cfi=(247)
cfn=(826)
calls=1 0x2a6e0 -12 
* * 4
+6 * 1
fi=(176)
+3 4112 1
+2 * 1
fi=(516)
+9 38 1
fe=(170)
+2 195 1
+3 * 1
+7 * 1
+1 * 1
+2 * 1
+2 * 1
+2 * 1
+2 * 1
+1 * 1
fi=(295)
+33 -37 1
+4 * 1
+4 +1 1
+7 * 1
+7 * 1
+7 * 1
+7 * 1
+7 * 1
+2 * 1
cfi=(294)
cfn=(1174)
calls=1 0x256ba0 -18 
* * 753
+6 * 1
jfi=(516)
jump=1 0x252613 37 
* * 
fe=(170)

fl=(255)
fn=(920)
0x229540 527 23
+1 * 23
+3 * 23
+2 * 23
+2 * 23
+2 * 23
+1 * 23
+3 * 23
+3 * 23
fi=(379)
+3 306 23
+4 * 23
+3 * 23
+3 * 23
+3 * 23
fi=(172)
+3 2970 23
+3 * 23
+3 * 23
+3 * 23
+10 * 23
+3 * 23
+3 * 23
fi=(307)
+3 458 23
+2 * 23
+6 * 23
jfi=(255)
jcnd=23/23 +12 617 
* * 
fe=(255)
+12 617 23
+3 * 23
jfi=(242)
jcnd=8/23 +31 186 
* * 
fi=(172)
+2 1151 15
fi=(242)
+4 135 15
+3 * 15
+3 * 15
+3 * 15
+3 * 15
cfi=(162)
cfn=(928)
calls=15 0x1f3620 0 
* * 4944
fe=(255)
+6 547 15
+3 * 15
jcnd=15/15 +46 +1 
* * 
fi=(242)
+4 186 8
+3 * 8
+2 +4 8
cfi=(162)
cfn=(812)
calls=8 0x1f3640 0 
* * 8
+6 -95 8
+3 * 8
+3 * 8
cfi=(162)
cfn=(814)
calls=8 0x1f3600 -95 
* * 1366
fe=(255)
+6 547 8
+3 * 8
jcnd=8/8 +16 +1 
* * 
+16 +1 23
+4 * 23
+5 * 23
+3 0 23
+4 0 23
+3 551 23
+1 * 23
+2 * 23
+2 * 23
+2 * 23
+1 * 23
0x22f140 -24 4
+1 * 4
+3 * 4
+2 * 4
+2 * 4
+2 * 4
+1 * 4
+3 * 4
+3 * 4
fi=(379)
+3 306 4
+4 * 4
+3 * 4
+3 * 4
+3 * 4
fi=(172)
+3 2970 4
+3 * 4
+3 * 4
+3 * 4
+10 * 4
+3 * 4
+3 * 4
fi=(307)
+3 458 4
+2 * 4
+6 * 4
jfi=(255)
jcnd=4/4 +12 617 
* * 
fe=(255)
+12 617 4
+3 * 4
jfi=(242)
jcnd=1/4 +31 186 
* * 
fi=(172)
+2 1151 3
fi=(242)
+4 135 3
+3 * 3
+3 * 3
+3 * 3
+3 * 3
cfi=(162)
cfn=(928)
calls=3 0x1f3620 0 
* * 1549
fe=(255)
+6 547 3
+3 * 3
jcnd=3/3 +46 +1 
* * 
fi=(242)
+4 186 1
+3 * 1
+2 -93 1
cfi=(162)
cfn=(812)
calls=1 0x1f3640 -93 
* * 1
+6 +2 1
+3 * 1
+3 * 1
cfi=(162)
cfn=(814)
calls=1 0x1f3600 -95 
* * 197
fe=(255)
+6 547 1
+3 * 1
jcnd=1/1 +16 +1 
* * 
+16 +1 4
+4 * 4
+5 * 4
+3 0 4
+4 0 4
+3 551 4
+1 * 4
+2 * 4
+2 * 4
+2 * 4
+1 * 4
0x2768e0 -24 9
+1 * 9
+3 * 9
+2 * 9
+2 * 9
+2 * 9
+1 * 9
+3 * 9
+3 * 9
fi=(379)
+3 306 9
+4 * 9
+3 * 9
+3 * 9
+3 * 9
fi=(172)
+3 2970 9
+3 * 9
+3 * 9
+3 * 9
+10 * 9
+3 * 9
+3 * 9
fi=(307)
+3 458 9
+2 * 9
+6 * 9
jfi=(255)
jcnd=9/9 +12 617 
* * 
fe=(255)
+12 617 9
+3 * 9
jfi=(242)
jcnd=1/9 +31 186 
* * 
fi=(172)
+2 1151 8
fi=(242)
+4 135 8
+3 * 8
+3 * 8
+3 * 8
+3 * 8
cfi=(162)
cfn=(928)
calls=8 0x1f3620 0 
* * 3214
fe=(255)
+6 547 8
+3 * 8
jcnd=8/8 +46 +1 
* * 
fi=(242)
+4 186 1
+3 * 1
+2 +4 1
cfi=(162)
cfn=(812)
calls=1 0x1f3640 0 
* * 1
+6 -95 1
+3 * 1
+3 * 1
cfi=(162)
cfn=(814)
calls=1 0x1f3600 -95 
* * 200
fe=(255)
+6 547 1
+3 * 1
jcnd=1/1 +16 +1 
* * 
+16 +1 9
+4 * 9
+5 * 9
+3 0 9
+4 0 9
+3 551 9
+1 * 9
+2 * 9
+2 * 9
+2 * 9
+1 * 9
0x28fa10 -24 2
+1 * 2
+3 * 2
+2 * 2
+2 * 2
+1 * 2
+1 * 2
+3 * 2
+6 * 2
fi=(307)
+3 -69 2
jcnd=2/2 +12 0 
* * 
+12 0 2
fe=(255)
+3 617 2
+3 * 2
jfi=(242)
jcnd=1/2 +26 186 
* * 
+2 0 1
fi=(242)
+3 135 1
+5 * 1
+3 * 1
cfi=(162)
cfn=(928)
calls=1 0x1f3620 0 
* * 65
fe=(255)
+6 547 1
+3 * 1
jcnd=1/1 +54 +1 
* * 
fi=(242)
+4 186 1
+3 * 1
+2 -93 1
cfi=(162)
cfn=(812)
calls=1 0x1f3640 -93 
* * 1
+6 +2 1
+5 * 1
+3 * 1
cfi=(162)
cfn=(814)
calls=1 0x1f3600 -95 
* * 52
fe=(255)
+6 547 1
+3 * 1
jcnd=1/1 +22 +1 
* * 
+22 +1 2
+4 * 2
+5 * 2
+3 0 2
+4 0 2
+3 551 2
+4 * 2
+1 * 2
+2 * 2
+2 * 2
+1 * 2

fn=(918)
0x2291c0 186 3
+1 * 3
+3 * 3
+2 * 3
+1 * 3
+4 * 3
+3 476 3
+3 +30 3
fi=(236)
+4 1029 3
+4 * 3
+6 * 3
fe=(255)
+4 512 3
+4 * 3
+4 * 3
+6 * 3
+6 * 3
+3 * 3
cfn=(920)
calls=3 0x229540 +15 
* * 904
fi=(245)
+5 2173 3
+4 * 3
+2 +1 3
fe=(255)
+4 745 3
+4 +1 3
+3 189 3
+4 * 3
+1 * 3
+2 * 3
+1 * 3
0x2292a0 -3 2
+1 * 2
+3 * 2
+2 * 2
+1 * 2
+4 * 2
+3 476 2
+3 +30 2
fi=(236)
+4 1029 2
+4 * 2
+6 * 2
fe=(255)
+4 512 2
+4 * 2
+4 * 2
+6 * 2
+6 * 2
+3 * 2
cfn=(920)
calls=2 0x229540 +15 
* * 756
fi=(245)
+5 2173 2
+4 * 2
+2 +1 2
fe=(255)
+4 745 2
+4 +1 2
+3 189 2
+4 * 2
+1 * 2
+2 * 2
+1 * 2
+24 -3 1
+1 * 1
+3 * 1
+2 * 1
+1 * 1
+4 * 1
+3 476 1
+3 +30 1
fi=(236)
+4 1029 1
+4 * 1
+6 * 1
fe=(255)
+4 512 1
+4 * 1
+4 * 1
+6 * 1
+6 * 1
+3 * 1
cfn=(920)
calls=1 0x229540 +15 
* * 234
fi=(245)
+5 2173 1
+4 * 1
+2 +1 1
fe=(255)
+4 745 1
+4 +1 1
+3 189 1
+4 * 1
+1 * 1
+2 * 1
+1 * 1
0x229460 -3 1
+1 * 1
+3 * 1
+2 * 1
+1 * 1
+4 * 1
+3 476 1
+3 +30 1
fi=(236)
+4 1029 1
+4 * 1
+6 * 1
fe=(255)
+4 512 1
+4 * 1
+4 * 1
+6 * 1
+6 * 1
+3 * 1
cfn=(920)
calls=1 0x229540 +15 
* * 243
fi=(245)
+5 2173 1
+4 * 1
+2 +1 1
fe=(255)
+4 745 1
+4 +1 1
+3 189 1
+4 * 1
+1 * 1
+2 * 1
+1 * 1
0x22f060 -3 4
+1 * 4
+3 * 4
+2 * 4
+1 * 4
+4 * 4
+3 476 4
+3 +30 4
fi=(236)
+4 1029 4
+4 * 4
+6 * 4
fe=(255)
+4 512 4
+4 * 4
+4 * 4
+6 * 4
+6 * 4
+3 * 4
cfn=(920)
calls=4 0x22f140 +15 
* * 1927
fi=(245)
+5 2173 4
+4 * 4
+2 +1 4
fe=(255)
+4 745 4
+4 +1 4
+3 189 4
+4 * 4
+1 * 4
+2 * 4
+1 * 4
0x2763e0 -3 1
+1 * 1
+3 * 1
+2 * 1
+1 * 1
+4 * 1
+3 476 1
+3 +30 1
fi=(236)
+4 1029 1
+4 * 1
+6 * 1
fe=(255)
+4 512 1
+4 * 1
+4 * 1
+6 * 1
+6 * 1
+3 * 1
cfn=(920)
calls=1 0x2768e0 +15 
* * 246
fi=(245)
+5 2173 1
+4 * 1
+2 +1 1
fe=(255)
+4 745 1
+4 +1 1
+3 189 1
+4 * 1
+1 * 1
+2 * 1
+1 * 1

fn=(1250)
0x229600 644 9
+1 * 9
+3 * 9
+2 * 9
+1 * 9
fi=(172)
+4 +44 9
fi=(307)
+3 458 9
+2 0 9
+3 0 9
+3 0 9
fe=(255)
+3 506 9
+3 * 9
fi=(236)
+4 1029 9
+3 * 9
fe=(255)
+4 159 9
+2 * 9
+4 * 9
+3 * 9
fi=(236)
+8 1029 9
+3 * 9
fe=(255)
+4 512 9
+4 * 9
+4 * 9
+3 * 9
+3 * 9
cfn=(920)
calls=9 0x229540 +15 
* * 2808
fi=(245)
+5 2173 9
+4 * 9
+2 +1 9
fe=(255)
+4 745 9
+4 +1 9
+3 -92 9
+4 * 9
+1 * 9
+2 * 9
+1 * 9
0x276ab0 -10 8
+1 * 8
+3 * 8
+2 * 8
+1 * 8
fi=(172)
+4 +44 8
fi=(307)
+3 458 8
+2 0 8
+3 0 8
+3 0 8
fe=(255)
+3 506 8
+3 * 8
fi=(236)
+4 1029 8
+3 * 8
fe=(255)
+4 159 8
+2 * 8
+4 * 8
+3 * 8
fi=(236)
+8 1029 8
+3 * 8
fe=(255)
+4 512 8
+4 * 8
+4 * 8
+3 * 8
+3 * 8
cfn=(920)
calls=8 0x2768e0 +15 
* * 3574
fi=(245)
+5 2173 8
+4 * 8
+2 +1 8
fe=(255)
+4 745 8
+4 +1 8
+3 -92 8
+4 * 8
+1 * 8
+2 * 8
+1 * 8
0x28fab0 -10 1
+1 * 1
+3 * 1
+2 * 1
+1 * 1
fi=(172)
+4 +44 1
fi=(307)
+3 458 1
+2 0 1
fe=(255)
+3 506 1
+3 * 1
fi=(236)
+4 1029 1
+3 * 1
+4 * 1
+4 * 1
+6 * 1
fe=(255)
+4 512 1
+4 * 1
+4 * 1
+3 * 1
+3 * 1
cfn=(920)
calls=1 0x28fa10 +15 
* * 85
fi=(245)
+5 2173 1
+4 * 1
+2 +1 1
fe=(255)
+4 745 1
+4 +1 1
+3 -92 1
+4 * 1
+1 * 1
+2 * 1
+1 * 1

fl=(269)
fn=(1068)
0x22f540 1075 6
+1 * 6
+3 * 6
+2 * 6
+2 * 6
+2 * 6
+2 * 6
+1 * 6
+4 * 6
+4 * 6
+10 * 6
+4 901 6
cfn=(1054) getopts::Matches::opt_vals
calls=6 0x22f870 -8 
* * 3078
fi=(285)
+6 84 6
+4 * 6
+4 * 6
fi=(239)
+4 961 6
+3 * 6
+4 * 6
+3 * 6
+3 * 6
fi=(177)
+3 1692 6
fi=(264)
+3 224 6
jfi=(263)
jcnd=6/6 +18 0 
* * 
fi=(263)
+18 0 6
fi=(233)
+4 805 6
+3 * 6
+2 * 6
jfi=(242)
jump=6 +84 0 
* * 
fi=(242)
+84 0 6
fi=(255)
+4 617 6
+3 * 6
jfi=(242)
jcnd=6/6 +20 0 
* * 
fi=(242)
+20 0 6
fe=(269)
+10 1076 6
+4 * 6
+3 * 6
+2 0 6
+3 0 6
+3 0 6
+4 1076 6
jump=6 +14 0 
* * 
+14 0 6
+3 1080 6
+4 * 6
+1 * 6
+2 * 6
+2 * 6
+2 * 6
+2 * 6
+1 * 6

fn=(908)
0x2317d0 220 17
+1 * 17
+3 * 17
+2 * 17
+2 * 17
+2 * 17
+2 * 17
+1 * 17
+7 702 17
+4 * 17
+6 0 17
+3 708 17
+4 * 17
+6 0 17
+3 0 17
+3 0 17
+4 0 17
+4 0 17
+6 0 17
fi=(255)
+6 444 17
+3 * 17
jfi=(233)
jcnd=15/17 +40 547 
* * 
+2 0 2
fi=(242)
+3 93 2
cfi=(162)
cfn=(812)
calls=2 0x1f3640 -93 
* * 2
+6 +2 2
+5 * 2
+3 * 2
cfi=(162)
cfn=(814)
calls=2 0x1f3600 -95 
* * 388
+6 * 2
+3 * 2
fi=(255)
+3 453 2
+3 * 2
fi=(233)
+6 +94 17
+3 * 17
+3 * 17
cob=(2)
cfi=(214)
cfn=(708)
calls=17 0x188a80 255 
* * 227
fi=(255)
+6 444 17
+3 * 17
+4 * 17
fi=(242)
+2 93 17
cfi=(162)
cfn=(812)
calls=17 0x1f3640 -93 
* * 17
+6 +2 17
+5 * 17
+3 * 17
cfi=(162)
cfn=(814)
calls=17 0x1f3600 -95 
* * 3503
+6 * 17
fi=(255)
+3 453 17
+3 * 17
+6 0 17
+4 0 17
fi=(233)
+4 547 17
+3 * 17
+4 * 17
+3 * 17
cob=(2)
cfi=(214)
cfn=(708)
calls=17 0x188a80 255 
* * 233
fi=(255)
+6 444 17
+3 * 17
fi=(242)
+2 93 17
cfi=(162)
cfn=(812)
calls=17 0x1f3640 -93 
* * 17
+6 +2 17
+5 * 17
+3 * 17
cfi=(162)
cfn=(814)
calls=17 0x1f3600 -95 
* * 2916
+6 * 17
fi=(255)
+3 453 17
+3 * 17
jfi=(233)
jcnd=17/17 +27 +94 
* * 
fi=(233)
+27 +94 17
+3 * 17
+4 * 17
+3 * 17
cob=(2)
cfi=(214)
cfn=(708)
calls=17 0x188a80 255 
* * 359
fe=(269)
+6 222 17
+7 * 17
+4 * 17
+7 * 17
+7 * 17
+7 * 17
+4 * 17
+7 * 17
+7 * 17
+8 * 17
+8 * 17
+8 * 17
+4 * 17
+4 * 17
+4 * 17
fi=(256)
+6 1030 17
+4 +3 17
+3 * 17
jfi=(255)
jcnd=14/17 +11 597 
* * 
+2 +1 3
+3 * 3
cfi=(255)
cfn=(918)
calls=3 0x22f060 186 
* * 1334
fi=(255)
+6 597 17
fi=(239)
+4 961 17
fi=(279)
+4 29 17
+4 * 17
+5 * 17
+4 * 17
+5 * 17
+4 * 17
+5 * 17
+7 * 17
+7 * 17
+7 * 17
+4 * 17
+5 * 17
+5 * 17
+5 * 17
fi=(256)
+4 1039 17
+3 * 17
fe=(269)
+4 231 17
+3 * 17
+7 * 17
+1 * 17
+2 * 17
+2 * 17
+2 * 17
+2 * 17
+1 * 17

fn=(934)
0x2314d0 367 6
+1 * 6
+3 * 6
+2 * 6
+2 * 6
+2 * 6
+2 * 6
+1 * 6
+7 702 6
+4 * 6
+6 0 6
+3 708 6
+4 * 6
+6 0 6
+3 0 6
+3 0 6
+3 0 6
+4 0 6
+5 0 6
+4 0 6
fi=(255)
+5 444 6
+3 * 6
jfi=(233)
jcnd=5/6 +40 547 
* * 
+2 0 1
fi=(242)
+3 93 1
cfi=(162)
cfn=(812)
calls=1 0x1f3640 -93 
* * 1
+6 +2 1
+5 * 1
+3 * 1
cfi=(162)
cfn=(814)
calls=1 0x1f3600 -95 
* * 187
+6 * 1
+3 * 1
fi=(255)
+3 453 1
+3 * 1
fi=(233)
+6 +94 6
+3 * 6
+4 * 6
+3 * 6
cob=(2)
cfi=(214)
cfn=(708)
calls=6 0x188a80 255 
* * 81
fi=(255)
+6 444 6
+3 * 6
+4 * 6
jcnd=1/6 +35 0 
* * 
fi=(242)
+2 93 5
cfi=(162)
cfn=(812)
calls=5 0x1f3640 -93 
* * 5
+6 +2 5
+5 * 5
+3 * 5
cfi=(162)
cfn=(814)
calls=5 0x1f3600 -95 
* * 973
+6 * 5
fi=(255)
+4 453 5
+3 * 5
+6 0 6
+4 0 6
fi=(233)
+4 547 6
+3 * 6
+3 * 6
cob=(2)
cfi=(214)
cfn=(708)
calls=6 0x188a80 255 
* * 84
+6 * 6
+6 * 6
fi=(255)
+6 444 6
+3 * 6
fi=(242)
+2 93 6
cfi=(162)
cfn=(812)
calls=6 0x1f3640 -93 
* * 6
+6 +2 6
+5 * 6
+3 * 6
cfi=(162)
cfn=(814)
calls=6 0x1f3600 -95 
* * 1172
+6 * 6
fi=(255)
+3 453 6
+3 * 6
+6 0 6
+4 0 6
+3 0 6
fi=(233)
+4 547 6
+3 * 6
cob=(2)
cfi=(214)
cfn=(708)
calls=6 0x188a80 255 
* * 76
fi=(255)
+6 444 6
+3 * 6
fi=(242)
+2 93 6
cfi=(162)
cfn=(812)
calls=6 0x1f3640 -93 
* * 6
+6 +2 6
+5 * 6
+3 * 6
cfi=(162)
cfn=(814)
calls=6 0x1f3600 -95 
* * 1178
+6 * 6
fi=(255)
+3 453 6
+3 * 6
fi=(233)
+6 +94 6
+3 * 6
+4 * 6
+3 * 6
cob=(2)
cfi=(214)
cfn=(708)
calls=6 0x188a80 255 
* * 128
+6 * 6
fe=(269)
+4 375 6
+7 * 6
+4 * 6
+7 * 6
+7 * 6
+7 * 6
+4 * 6
+7 * 6
+7 * 6
+4 * 6
+4 * 6
+4 * 6
+4 * 6
+4 * 6
+4 * 6
+4 * 6
fi=(256)
+6 1030 6
+5 +3 6
+4 * 6
jfi=(255)
jcnd=5/6 +11 597 
* * 
+2 +1 1
+3 * 1
cfi=(255)
cfn=(918)
calls=1 0x22f060 186 
* * 701
fi=(255)
+6 597 6
fi=(239)
+5 961 6
fi=(279)
+4 29 6
+4 * 6
+5 * 6
+4 * 6
+5 * 6
+4 * 6
+5 * 6
+7 * 6
+7 * 6
+7 * 6
+4 * 6
+5 * 6
+5 * 6
+5 * 6
fi=(256)
+4 1039 6
+3 * 6
fe=(269)
+5 384 6
+3 * 6
+7 * 6
+1 * 6
+2 * 6
+2 * 6
+2 * 6
+2 * 6
+1 * 6

fn=(968)
0x231d60 853 24
+1 * 24
+3 * 24
+2 * 24
+2 * 24
+2 * 24
+2 * 24
+1 * 24
+7 * 24
+3 * 24
+7 +7 24
cfn=(970) <getopts::OptGroup as core::clone::Clone>::clone
calls=24 0x22eb00 -88 
* * 13449
+5 -5 24
+7 * 24
+4 * 24
+7 * 24
+7 +1 24
+7 * 24
+4 * 24
+7 * 24
+4 * 24
+7 +1 24
+5 +1 24
+4 * 24
+3 +2 24
fi=(255)
+4 617 24
+3 * 24
jfi=(269)
jcnd=17/24 +17 860 
* * 
fe=(269)
+2 860 7
fi=(242)
+4 115 7
+5 * 7
cfi=(162)
cfn=(886)
calls=7 0x1f3610 0 
* * 609
fe=(269)
+6 860 24
fi=(255)
+4 617 24
+3 * 24
fe=(269)
+2 860 24
fi=(242)
+4 115 24
+5 * 24
cfi=(162)
cfn=(886)
calls=24 0x1f3610 0 
* * 2088
fe=(269)
+6 862 24
+3 * 24
jcnd=21/24 0x231e9c * 
* * 
+6 * 3
+4 * 3
+6 * 3
+3 * 3
+3 * 3
jcnd=1/3 0x231f0c +9 
* * 
fi=(242)
+6 93 2
cfi=(162)
cfn=(812)
calls=2 0x1f3640 -93 
* * 2
+6 +2 2
+5 * 2
+5 * 2
cfi=(162)
cfn=(814)
calls=2 0x1f3600 -95 
* * 110
+6 489 2
+3 * 2
fe=(269)
+6 881 2
+4 -1 2
+7 * 2
+8 * 2
+8 * 2
+10 * 2
+4 * 2
+3 * 2
+4 * 2
+4 * 2
+3 * 2
+4 -4 2
+4 * 2
+4 * 2
+4 * 2
+4 * 2
+4 * 2
+4 * 2
+8 * 2
+4 * 2
+8 +13 2
jump=2 +70 0 
* * 
+2 -27 21
+3 * 21
+3 * 21
+6 0 21
+4 864 21
+4 * 21
+4 * 21
+4 * 21
+4 * 21
+4 * 21
+4 * 21
+4 * 21
+8 * 21
+8 * 21
+8 0 21
fi=(255)
+4 617 21
+3 * 21
jfi=(269)
jcnd=21/21 +16 889 
* * 
fe=(269)
-7 0 3
fi=(255)
+4 617 3
+3 * 3
fi=(242)
+2 115 3
+5 * 3
+3 * 3
cfi=(162)
cfn=(886)
calls=3 0x1f3610 0 
* * 261
fe=(269)
+6 889 24
+3 * 24
+7 * 24
+1 * 24
+2 * 24
+2 * 24
+2 * 24
+2 * 24
+1 * 24
+1 -18 1
+4 * 1
+10 -1 1
+4 * 1
+4 * 1
+4 * 1
+4 * 1
+4 * 1
+8 * 1
+8 * 1
+8 * 1
fi=(255)
+4 617 1
+3 * 1
jfi=(269)
jcnd=1/1 0x231ee0 0 
* * 
fe=(269)

fn=(1032)
0x22f2b0 834 1
+1 * 1
+3 * 1
+2 * 1
+2 * 1
+1 * 1
+1 * 1
+3 * 1
+3 +1 1
+3 * 1
+2 * 1
+4 * 1
jcnd=1/1 +31 0 
* * 
+31 0 1
fi=(242)
+3 93 1
cfi=(162)
cfn=(812)
calls=1 0x1f3640 -93 
* * 1
+6 +2 1
+5 * 1
+3 * 1
cfi=(162)
cfn=(814)
calls=1 0x1f3600 -95 
* * 200
+6 * 1
+3 * 1
fi=(255)
+3 453 1
+3 * 1
fi=(233)
+2 +94 1
+3 * 1
+3 * 1
cob=(2)
cfi=(214)
cfn=(708)
calls=1 0x188a80 255 
* * 13
fe=(269)
+6 838 1
+3 * 1
+4 * 1
+4 +2 1
+3 * 1
+4 * 1
+1 * 1
+2 * 1
+2 * 1
+1 * 1

fn=(1052)
0x22f490 913 15
+1 * 15
+3 * 15
+2 * 15
+2 * 15
+2 * 15
+2 * 15
+1 * 15
+4 * 15
+3 * 15
+3 * 15
+3 * 15
+4 +1 15
cfn=(1054)
calls=15 0x22f870 -21 
* * 7781
fi=(233)
+6 805 15
fi=(256)
+4 2933 15
fi=(233)
+4 805 15
+3 * 15
jcnd=14/15 +75 * 
* * 
+2 * 1
+3 * 1
+4 * 1
+3 * 1
+7 * 1
jump=1 +23 * 
* * 
+14 * 1
+4 * 1
+3 * 1
jcnd=1/1 +35 * 
* * 
+2 * 1
+5 * 1
+8 * 1
+3 * 1
jcnd=1/1 -25 * 
* * 
+17 * 15
fi=(255)
+4 617 15
+3 * 15
jfi=(256)
jcnd=14/15 +20 2958 
* * 
fi=(172)
+2 1151 1
fi=(242)
+4 115 1
+5 * 1
+3 * 1
cfi=(162)
cfn=(886)
calls=1 0x1f3610 0 
* * 87
fi=(256)
+6 2958 15
+3 * 15
fe=(269)
+3 915 15
+4 * 15
+1 * 15
+2 * 15
+2 * 15
+2 * 15
+2 * 15
+1 * 15

fn=(1054)
0x22f870 893 22
+1 * 22
+3 * 22
+2 * 22
+2 * 22
+2 * 22
+2 * 22
+1 * 22
+4 * 22
+3 * 22
+3 * 22
+3 * 22
+4 * 22
+7 * 22
fi=(255)
+7 597 22
fi=(256)
+4 1753 22
fe=(269)
+4 835 22
+3 * 22
+2 * 22
+4 * 22
jcnd=20/22 +37 0 
* * 
+2 0 2
+10 836 2
+4 * 2
+3 * 2
+4 * 2
jump=2 +81 0 
* * 
+14 0 20
fi=(242)
+4 93 20
cfi=(162)
cfn=(812)
calls=20 0x1f3640 -93 
* * 20
+6 +2 20
+5 * 20
+3 * 20
cfi=(162)
cfn=(814)
calls=20 0x1f3600 -95 
* * 1215
+6 * 20
fi=(255)
+3 453 20
+3 * 20
fi=(233)
+6 +94 20
+3 * 20
+3 * 20
+3 * 20
cob=(2)
cfi=(214)
cfn=(708)
calls=20 0x188a80 255 
* * 276
fe=(269)
+6 838 20
+4 * 20
+4 * 20
+4 * 20
+4 0 20
+4 894 20
+3 * 20
cfn=(1038)
calls=20 0x232000 1179 
* * 5609
-7 0 2
+4 894 2
+3 * 2
cfn=(1038)
calls=2 0x232000 1179 
* * 868
+6 * 22
+2 * 22
+6 0 22
fi=(256)
+4 1753 22
fi=(275)
+4 272 22
+3 * 22
fi=(255)
+6 597 22
fi=(275)
+4 272 22
fe=(269)
+4 895 22
fi=(255)
+5 444 22
+3 * 22
jfi=(256)
jcnd=21/22 0x22f9fe 967 
* * 
fe=(269)
+6 895 1
fi=(255)
+5 0 1
+3 0 1
fi=(242)
+4 93 1
cfi=(162)
cfn=(812)
calls=1 0x1f3640 -93 
* * 1
+6 +2 1
+5 * 1
+4 * 1
+3 * 1
cfi=(162)
cfn=(814)
calls=1 0x1f3600 -95 
* * 55
fi=(255)
+6 453 1
+3 * 1
fi=(256)
+6 967 1
+3 * 1
+4 * 1
fi=(288)
+4 37 1
+4 * 1
+3 * 1
+3 * 1
jfi=(177)
jump=1 +54 1692 
* * 
fe=(269)
+13 789 1
fi=(272)
+7 0 1
fi=(296)
+3 564 1
+7 * 1
+4 * 1
+6 * 1
fi=(288)
+5 37 1
+4 * 1
+3 * 1
jfi=(256)
jcnd=1/1 +71 2106 
* * 
fi=(177)
+2 1692 1
fi=(265)
+4 180 1
fi=(289) /rustc/4a4ef493e3a1488c6e321570238084b38948f6db/library/core/src/clone.rs
+2 +56 1
+5 * 1
+7 * 1
fe=(269)
+10 789 1
+4 * 1
jcnd=1/1 -73 * 
* * 
fi=(256)
+21 967 21
+8 * 21
+8 2106 21
+4 * 21
fi=(272)
+4 440 21
+4 * 21
+4 * 21
+3 * 21
+4 * 21
+4 * 21
fi=(233)
+4 805 21
+8 * 21
+3 * 21
jfi=(269)
jcnd=2/21 +17 +93 
* * 
fi=(256)
-42 2106 1
+4 * 1
fi=(272)
+4 440 1
+4 * 1
+4 * 1
+3 * 1
+4 * 1
+4 * 1
fi=(233)
+4 805 1
+8 * 1
+3 * 1
fe=(269)
+2 +93 20
fi=(242)
+4 115 20
+5 * 20
cfi=(162)
cfn=(886)
calls=20 0x1f3610 0 
* * 1740
fe=(269)
+6 898 22
+3 * 22
+4 * 22
+1 * 22
+2 * 22
+2 * 22
+2 * 22
+2 * 22
+1 * 22

fn=(1084)
0x22f650 1042 1
+1 * 1
+3 * 1
+2 * 1
+2 * 1
+2 * 1
+2 * 1
+1 * 1
+4 * 1
+4 * 1
+4 +1 1
cfn=(1054)
calls=1 0x22f870 893 
* * 578
fi=(285)
+6 84 1
+4 * 1
+4 * 1
fi=(239)
+4 961 1
+3 * 1
+4 * 1
fi=(172)
+4 1151 1
+3 * 1
+4 * 1
+10 * 1
fi=(286) /rustc/4a4ef493e3a1488c6e321570238084b38948f6db/library/alloc/src/vec/in_place_collect.rs
+4 263 1
+3 * 1
+3 * 1
fi=(177)
+3 1692 1
fi=(264)
+3 351 1
jfi=(239)
jcnd=1/1 0x22f750 0 
* * 
fi=(239)
0x22f750 0 1
+4 0 1
fi=(328)
+4 729 1
+3 * 1
+4 * 1
fi=(286)
+4 298 1
+4 * 1
+4 * 1
+4 * 1
fi=(264)
+4 150 1
+8 +1 1
+8 +1 1
+8 +1 1
fi=(233)
+8 805 1
+3 * 1
jfi=(286)
jcnd=1/1 +66 211 
* * 
fi=(286)
+66 211 1
+5 * 1
+3 * 1
+4 * 1
+8 * 1
+4 * 1
+4 * 1
+3 * 1
+3 * 1
+2 +94 1
+3 * 1
jcnd=1/1 +53 0 
* * 
+53 0 1
fi=(256)
+4 1302 1
+3 * 1
+4 * 1
fe=(269)
+4 1050 1
+4 * 1
+1 * 1
+2 * 1
+2 * 1
+2 * 1
+2 * 1
+1 * 1

fn=(942)
0x231a60 326 1
+1 * 1
+3 * 1
+2 * 1
+2 * 1
+2 * 1
+2 * 1
+1 * 1
+7 702 1
+4 * 1
+6 0 1
+3 708 1
+4 * 1
+6 0 1
+3 0 1
+3 0 1
+3 0 1
+4 0 1
+5 0 1
+4 0 1
fi=(255)
+5 444 1
+3 * 1
jfi=(233)
jcnd=1/1 +40 547 
* * 
fi=(233)
+40 547 1
+3 * 1
+4 * 1
+3 * 1
cob=(2)
cfi=(214)
cfn=(708)
calls=1 0x188a80 255 
* * 13
fi=(255)
+6 444 1
+3 * 1
+4 * 1
fi=(242)
+2 93 1
cfi=(162)
cfn=(812)
calls=1 0x1f3640 -93 
* * 1
+6 +2 1
+5 * 1
+3 * 1
cfi=(162)
cfn=(814)
calls=1 0x1f3600 -95 
* * 194
+6 * 1
fi=(255)
+4 453 1
+3 * 1
+6 0 1
+4 0 1
fi=(233)
+4 547 1
+3 * 1
+3 * 1
cob=(2)
cfi=(214)
cfn=(708)
calls=1 0x188a80 255 
* * 15
+6 * 1
+6 * 1
fi=(255)
+6 444 1
+3 * 1
fi=(242)
+2 93 1
cfi=(162)
cfn=(812)
calls=1 0x1f3640 -93 
* * 1
+6 +2 1
+5 * 1
+3 * 1
cfi=(162)
cfn=(814)
calls=1 0x1f3600 -95 
* * 194
+6 * 1
fi=(255)
+3 453 1
+3 * 1
+6 0 1
+4 0 1
+3 0 1
fi=(233)
+4 547 1
+3 * 1
cob=(2)
cfi=(214)
cfn=(708)
calls=1 0x188a80 255 
* * 15
fi=(255)
+6 444 1
+3 * 1
fi=(242)
+2 93 1
cfi=(162)
cfn=(812)
calls=1 0x1f3640 -93 
* * 1
+6 +2 1
+5 * 1
+3 * 1
cfi=(162)
cfn=(814)
calls=1 0x1f3600 -95 
* * 200
+6 * 1
fi=(255)
+3 453 1
+3 * 1
fi=(233)
+6 +94 1
+3 * 1
+4 * 1
+3 * 1
cob=(2)
cfi=(214)
cfn=(708)
calls=1 0x188a80 255 
* * 22
+6 * 1
fe=(269)
+4 334 1
+7 * 1
+4 * 1
+7 * 1
+7 * 1
+7 * 1
+4 * 1
+7 * 1
+7 * 1
+4 * 1
+4 * 1
+4 * 1
+4 * 1
+4 * 1
+4 * 1
+4 * 1
fi=(256)
+6 1030 1
+5 +3 1
+4 * 1
jfi=(255)
jcnd=1/1 +11 597 
* * 
fi=(255)
+11 597 1
fi=(239)
+5 961 1
fi=(279)
+4 29 1
+4 * 1
+5 * 1
+4 * 1
+5 * 1
+4 * 1
+5 * 1
+7 * 1
+7 * 1
+7 * 1
+4 * 1
+5 * 1
+5 * 1
+5 * 1
fi=(256)
+4 1039 1
+3 * 1
fe=(269)
+5 343 1
+3 * 1
+7 * 1
+1 * 1
+2 * 1
+2 * 1
+2 * 1
+2 * 1
+1 * 1

fn=(970)
0x22eb00 772 24
+1 * 24
+3 * 24
+2 * 24
+2 * 24
+1 * 24
+4 * 24
+3 * 24
+3 +3 24
+7 * 24
+4 * 24
cfi=(262)
cfn=(972)
calls=24 0x28fb30 2351 
* * 1409
+3 +2 24
+4 * 24
+4 * 24
cfi=(262)
cfn=(972)
calls=24 0x28fb30 2351 
* * 4240
+3 +2 24
+4 * 24
+4 * 24
cfi=(262)
cfn=(972)
calls=24 0x28fb30 2351 
* * 2232
+6 +2 24
+4 * 24
+4 * 24
cfi=(262)
cfn=(972)
calls=24 0x28fb30 2351 
* * 4512
+6 -45 24
+5 +36 24
+4 * 24
+4 * 24
+4 * 24
+3 * 24
+4 * 24
+4 * 24
+4 * 24
+4 * 24
+4 * 24
+4 * 24
+4 * 24
+4 * 24
+4 * 24
+4 * 24
+4 * 24
+4 * 24
+4 * 24
+4 * 24
+1 * 24
+2 * 24
+2 * 24
+1 * 24

fn=(1038)
0x232000 1179 23
+1 * 23
+3 * 23
+2 * 23
+2 * 23
+2 * 23
+2 * 23
+1 * 23
fi=(177)
+4 1692 23
fi=(265)
+3 180 23
+6 0 23
+4 0 23
+4 0 23
+4 0 23
+10 0 23
+3 0 23
+4 0 23
+4 0 23
+4 0 23
+2 0 23
+3 0 23
+4 0 23
+4 0 23
+4 0 23
jump=23 +39 0 
* 0 
fi=(236)
+16 1870 2
fi=(265)
+5 384 2
jcnd=1/2 0x2321d8 0 
* * 
+6 +6 301
fi=(177)
+3 1692 301
+4 * 301
fi=(265)
+3 180 301
jcnd=1/301 +76 0 
* * 
+2 0 323
+3 0 323
fe=(269)
+3 725 323
+5 * 323
+3 * 323
+4 * 323
+3 * 323
jfi=(265)
jcnd=47/323 -33 390 
* * 
+2 * 276
+3 * 276
jfi=(236)
jcnd=2/276 -49 1870 
* * 
fi=(276)
+2 152 274
+5 * 274
jfi=(265)
jcnd=233/274 -45 390 
* * 
+2 0 41
fi=(255)
+4 597 41
fi=(276)
+5 160 41
+3 * 41
cob=(2)
cfi=(283)
cfn=(1044)
calls=41 0x188320 -87 
* * 839
+6 * 41
+4 * 41
+4 * 41
+4 * 41
fi=(265)
+2 384 41
jcnd=20/41 -79 +6 
* * 
+2 * 21
jump=21 0x2321d8 0 
* * 
+5 0 1
+4 0 1
+3 0 1
+4 0 1
+4 0 1
+3 0 1
+4 0 1
+4 0 1
jfi=(177)
jump=1 +23 0 
* 0 
+5 0 8
fi=(177)
+4 660 8
+4 1692 8
+4 * 8
+6 0 9
fi=(256)
+4 1753 9
fi=(177)
+4 -61 9
fi=(265)
+3 180 9
jcnd=8/9 -29 0 
* * 
+2 0 1
+4 0 1
+4 0 1
+4 0 1
+2 0 1
jump=1 +19 0 
* 0 
fi=(236)
+3 1870 1
fi=(265)
+5 332 1
jcnd=1/1 +77 0 
* * 
+11 0 1
+3 0 1
fe=(269)
+3 725 1
+5 * 1
+3 * 1
+4 * 1
+3 * 1
+2 * 1
+3 * 1
jfi=(236)
jcnd=1/1 -42 1870 
* * 
fi=(265)
+40 0 1
+4 0 1
+4 0 1
+4 0 1
+4 0 1
+3 0 1
+3 0 1
+4 0 1
jump=1 +23 0 
* 0 
+11 390 8
fi=(177)
+3 1692 8
+4 * 8
fi=(265)
+3 180 8
+2 0 9
+3 0 9
fe=(269)
+3 725 9
+5 * 9
+3 * 9
+4 * 9
+3 * 9
+2 * 9
+3 * 9
fi=(276)
+2 152 9
+5 * 9
jfi=(265)
jcnd=6/9 -45 390 
* * 
+2 0 3
fi=(255)
+4 597 3
fi=(276)
+5 160 3
+3 * 3
cob=(2)
cfi=(283)
cfn=(1044)
calls=3 0x188320 -87 
* * 63
+6 * 3
+4 * 3
+4 * 3
+4 * 3
fi=(265)
+2 384 3
jcnd=2/3 -79 +6 
* * 
+2 0 23
+5 0 23
jfi=(269)
jump=23 +8 1194 
* 0 
fe=(269)
+8 1194 23
+3 * 23
+4 * 23
+1 * 23
+2 * 23
+2 * 23
+2 * 23
+2 * 23
+1 * 23

fl=(490)
fn=(2752) test::test_result::calc_result
0x210dc0 42 1
+1 * 1
+3 * 1
+2 * 1
+2 * 1
+2 * 1
+2 * 1
+1 * 1
+7 * 1
+3 +6 1
+3 * 1
+3 * 1
jcnd=1/1 +19 * 
* * 
+19 * 1
+3 * 1
jcnd=1/1 0x210f3a +49 
* * 
0x210f3a +49 1
+3 * 1
+3 * 1
+3 * 1
+3 * 1
+2 * 1
jfi=(279)
jcnd=1/1 0x211127 -84 
* * 
fi=(279)
0x211127 -84 1
fe=(490)
+7 +91 1
+7 * 1
+1 * 1
+2 * 1
+2 * 1
+2 * 1
+2 * 1
+1 * 1

fl=(510)
fn=(3076)
0x291bb0 212 1
+3 +1 1
fi=(317)
+4 2309 1
+3 517 1
+6 * 1
jfi=(510)
jcnd=1/1 +18 86 
* * 
fe=(510)
+18 86 1
+3 * 1
+3 +6 1
+4 * 1
+3 * 1
cfn=(3078) core::fmt::float::float_to_decimal_common_exact
calls=1 0x291460 -62 
* * 674

fn=(3078)
0x291460 30 1
+1 * 1
+3 * 1
+2 * 1
+2 * 1
+2 * 1
+2 * 1
+1 * 1
+7 * 1
+3 * 1
fi=(554) /rustc/4a4ef493e3a1488c6e321570238084b38948f6db/library/core/src/num/f64.rs
+10 1111 1
fi=(555) /rustc/4a4ef493e3a1488c6e321570238084b38948f6db/library/core/src/ops/bit.rs
+5 611 1
+3 * 1
fi=(556) /rustc/4a4ef493e3a1488c6e321570238084b38948f6db/library/core/src/num/dec2flt/float.rs
+4 204 1
+4 * 1
+10 * 1
+3 * 1
+4 * 1
+3 * 1
+4 * 1
+6 * 1
fi=(511) /rustc/4a4ef493e3a1488c6e321570238084b38948f6db/library/core/src/num/flt2dec/decoder.rs
+4 71 1
+2 * 1
+3 * 1
fi=(554)
+10 661 1
+3 * 1
+3 * 1
+3 * 1
+3 * 1
+4 * 1
+3 * 1
+4 * 1
+3 * 1
+4 * 1
+6 * 1
+4 * 1
+3 * 1
fi=(511)
+4 72 1
+4 * 1
+7 * 1
+4 * 1
fi=(416)
+3 +7 1
fi=(511)
+4 -7 1
jump=1 +7 +12 
* * 
+7 +12 1
+4 * 1
+3 * 1
+3 * 1
+4 * 1
+10 * 1
+4 * 1
+4 * 1
+4 * 1
+3 * 1
+7 -84 1
+3 0 1
jfi=(512)
jump=1 +30 600 
* 0 
fi=(512)
+30 600 1
+7 * 1
+11 * 1
+7 * 1
+8 * 1
+6 306 1
+3 * 1
jcnd=1/1 +70 * 
* * 
+70 * 1
+3 * 1
+4 600 1
+3 306 1
+7 * 1
+7 * 1
+4 * 1
+5 * 1
+4 * 1
+3 * 1
+4 * 1
+4 491 1
+4 * 1
+7 * 1
+5 * 1
+4 * 1
+4 * 1
+4 634 1
+7 * 1
+6 0 1
+4 0 1
+4 0 1
+4 0 1
+4 639 1
+3 * 1
+2 * 1
+4 * 1
+4 * 1
+6 * 1
+4 * 1
+7 * 1
+7 * 1
fi=(513) /rustc/4a4ef493e3a1488c6e321570238084b38948f6db/library/core/src/num/flt2dec/strategy/grisu.rs
+7 772 1
+3 * 1
+3 * 1
+3 * 1
cfn=(3084) core::num::flt2dec::strategy::grisu::format_exact_opt
calls=1 0x293f80 471 
* * 279
+6 * 1
+8 * 1
+6 +1 1
+7 * 1
+4 * 1
+8 * 1
fi=(512)
+5 640 1
+4 +1 1
+4 * 1
+6 0 1
+4 0 1
+4 0 1
+7 664 1
+6 * 1
+4 * 1
cfn=(3100)
calls=1 0x293c60 177 
* * 31
+6 * 1
+3 * 1
jump=1 0x29180b 0 
* * 
0x29180b 0 1
+4 0 1
+4 0 1
+4 0 1
+4 0 1
+4 0 1
fe=(510)
+4 50 1
cfi=(317)
cfn=(3102)
calls=1 0x2929b0 1980 
* * 234
+5 +1 1
+7 * 1
+1 * 1
+2 * 1
+2 * 1
+2 * 1
+2 * 1
+1 * 1

fl=(323)
fn=(1452)
0x22adc0 352 7
+1 * 7
+3 * 7
+2 * 7
+2 * 7
+2 * 7
+2 * 7
+1 * 7
+4 * 7
fi=(320)
+3 68 7
+4 -5 7
fe=(323)
+4 356 7
+3 * 7
jfi=(325)
jcnd=7/7 +56 238 
* * 
fi=(325)
+56 238 7
fi=(320)
+4 53 7
+3 +83 7
+3 * 7
jfi=(275)
jcnd=7/7 +85 410 
* * 
fi=(275)
+85 410 7
fi=(245)
+3 2173 7
+3 * 7
fi=(275)
+2 89 7
fi=(325)
+3 +4 7
+4 230 7
fi=(236)
+3 1068 7
+3 * 7
+4 * 7
fi=(275)
+3 101 7
+3 * 7
fi=(233)
+3 547 7
+3 * 7
+3 * 7
cob=(2)
cfi=(214)
cfn=(708)
calls=7 0x188a80 255 
* * 257
fi=(325)
+6 326 7
+4 * 7
fi=(236)
+3 1029 7
+3 * 7
fi=(325)
+4 326 7
+4 +22 7
fi=(320)
+4 85 7
+4 * 7
fi=(236)
+4 1068 7
+3 * 7
fi=(320)
+4 85 7
+4 * 7
fe=(323)
+2 369 7
+4 * 7
+1 * 7
+2 * 7
+2 * 7
+2 * 7
+2 * 7
+1 * 7

fn=(1400)
0x22a110 375 434
+1 * 434
+3 * 434
+2 * 434
+2 * 434
+2 * 434
+2 * 434
+1 * 434
+4 * 434
+3 * 434
+3 * 434
fi=(320)
+3 53 434
+4 * 434
fi=(275)
+4 410 434
+3 * 434
fi=(172)
+3 842 434
jfi=(242)
jcnd=433/434 0x22a375 0 
* * 
+6 0 1
+4 0 1
+4 0 1
+4 0 1
+4 0 1
+4 0 1
jfi=(324)
jump=1 +55 0 
* 0 
fi=(324)
+46 573 1
+3 * 1
jfi=(320)
jcnd=1/1 0x22a38e 0 
* * 
+6 0 1
fi=(320)
+4 68 1
+4 -5 1
fe=(323)
+4 342 1
+3 * 1
+2 * 1
+3 * 1
jfi=(275)
jcnd=1/1 +83 0 
* * 
fi=(324)
+43 574 1
+3 * 1
fi=(275)
+6 +6 1
+3 * 1
+3 * 1
+6 101 1
+3 * 1
+4 * 1
+3 * 1
jfi=(324)
jump=1 0x22a180 573 
* * 
+9 0 1
fi=(320)
+4 53 1
+3 +83 1
+3 * 1
fi=(325)
+2 -68 1
+4 * 1
+4 * 1
fi=(320)
+8 +74 1
fi=(325)
+4 +37 1
+4 * 1
fi=(329)
+4 21 1
+4 * 1
cfi=(321)
cfn=(1410)
calls=1 0x261c80 1498 
* * 36
fi=(320)
+6 147 1
fi=(325)
+8 -48 1
+4 * 1
fi=(320)
+4 +49 1
fi=(245)
+5 2173 1
+3 * 1
jfi=(324)
jcnd=1/1 +28 0 
* * 
fi=(324)
+28 0 1
fi=(275)
+2 410 1
+3 * 1
fi=(245)
+3 2173 1
+3 * 1
fe=(323)
+2 0 1
+3 0 1
fi=(236)
+4 1068 1
+3 * 1
fi=(329)
+4 307 1
+4 * 1
jfi=(324)
jcnd=1/1 +37 0 
* * 
fi=(324)
+37 0 1
fi=(233)
+4 547 1
+3 * 1
+3 * 1
cob=(2)
cfi=(214)
cfn=(708)
calls=1 0x188a80 255 
* * 18
fi=(320)
+6 85 1
fi=(236)
+3 1068 1
+3 * 1
+4 * 1
fi=(320)
+4 85 1
+3 * 1
+2 * 1
+4 * 1
fi=(324)
+4 574 1
+2 * 1
jcnd=1/1 0x22a1c8 * 
* * 
fi=(242)
0x22a375 0 433
fi=(275)
+3 89 433
fi=(233)
+3 547 433
+3 * 433
+3 * 433
cob=(2)
cfi=(214)
cfn=(708)
calls=433 0x188a80 255 
* * 7749
fi=(320)
+6 98 433
+3 * 433
+4 -98 433
fe=(323)
+3 381 433
+3 * 433
+4 * 433
+1 * 433
+2 * 433
+2 * 433
+2 * 433
+2 * 433
+1 * 433
fi=(320)
-20 0 1
fe=(323)
+3 381 1
+3 * 1
+4 * 1
+1 * 1
+2 * 1
+2 * 1
+2 * 1
+2 * 1
+1 * 1

fn=(1428)
0x22ac90 338 42
+1 * 42
+3 * 42
+2 * 42
+2 * 42
+2 * 42
+2 * 42
+1 * 42
+4 * 42
fi=(320)
+3 68 42
+4 * 42
+4 * 42
+4 -5 42
fe=(323)
+4 342 42
+3 * 42
+3 * 42
+3 * 42
+4 * 42
+3 * 42
+4 * 42
fi=(320)
+2 53 42
+3 +83 42
+3 * 42
jfi=(275)
jcnd=42/42 0x22ad5b 410 
* * 
fi=(275)
0x22ad5b 410 42
+3 * 42
fi=(245)
+3 2173 42
+3 * 42
fe=(323)
+2 0 42
fi=(236)
+3 1068 42
+3 * 42
fi=(329)
+4 307 42
+4 * 42
jfi=(233)
jcnd=2/42 +16 547 
* * 
+2 +1 40
+3 * 40
+2 -1 40
jfi=(233)
jump=40 +27 0 
* * 
fi=(233)
+9 547 2
+3 * 2
+3 * 2
+3 * 2
cob=(2)
cfi=(214)
cfn=(708)
calls=2 0x188a80 255 
* * 24
+6 * 2
+3 0 2
fi=(320)
+2 85 2
fi=(236)
+3 1068 2
+3 * 2
fi=(320)
+4 85 2
fe=(323)
+3 350 2
+4 * 2
+1 * 2
+2 * 2
+2 * 2
+2 * 2
+2 * 2
+1 * 2
fi=(233)
-29 0 40
fi=(320)
+2 85 40
fi=(236)
+3 1068 40
+3 * 40
fi=(320)
+4 85 40
fe=(323)
+3 350 40
+4 * 40
+1 * 40
+2 * 40
+2 * 40
+2 * 40
+2 * 40
+1 * 40

fl=(300)
fn=(1206)
0x254600 95 7
+1 * 7
+3 * 7
+2 * 7
+2 * 7
+2 * 7
+1 * 7
+3 * 7
fi=(176)
+3 4027 7
fi=(301)
+6 54 7
+5 * 7
+6 +45 7
fi=(176)
+3 4177 7
fi=(301)
+8 97 7
fi=(176)
+6 4027 7
fe=(300)
+7 97 7
+3 * 7
cob=(2)
cfi=(302)
cfn=(1212)
calls=7 0x487b0 -73 
* * 2484
+6 +2 7
+3 * 7
jfi=(255)
jcnd=5/7 +66 -99 
* * 
+2 -99 2
fi=(258)
+3 756 2
+3 * 2
cob=(2)
cfi=(218)
cfn=(722)
calls=2 0x18b7c0 52 
* * 28
+6 * 2
fi=(255)
+3 444 2
+3 * 2
+2 0 2
cfi=(162)
cfn=(812)
calls=2 0x1f3640 0 
* 0 2
fi=(242)
+6 95 2
+5 * 2
+3 * 2
cfi=(162)
cfn=(814)
calls=2 0x1f3600 -95 
* * 110
+6 * 2
fi=(255)
+3 453 2
+3 * 2
jfi=(233)
jcnd=2/2 +39 +94 
* * 
+18 0 5
fe=(300)
+10 100 5
+3 * 5
jump=5 +34 0 
* * 
fi=(233)
+8 547 2
+3 * 2
+3 * 2
+3 * 2
cob=(2)
cfi=(214)
cfn=(708)
calls=2 0x188a80 255 
* * 26
fe=(300)
+6 105 2
+3 * 2
+4 * 2
+4 0 2
fi=(176)
+5 4079 2
fi=(301)
+8 111 2
+2 +7 2
+2 * 2
+5 * 2
+2 * 2
fe=(300)
-24 0 5
fi=(176)
+5 4079 5
fi=(301)
+8 111 5
+2 +7 5
+2 * 5
+5 * 5
+2 * 5
fe=(300)
+2 -11 7
+3 * 7
+1 * 7
+2 * 7
+2 * 7
+2 * 7
+1 * 7

fl=(259)
fn=(860)
0x1fdf40 18 1
+1 * 1
+3 * 1
+2 * 1
+2 * 1
+2 * 1
+2 * 1
+1 * 1
fi=(282)
+7 661 1
+4 * 1
+6 0 1
+3 0 1
+4 665 1
+4 * 1
+4 * 1
+7 +1 1
+3 * 1
cfi=(280)
cfn=(1024)
calls=1 0x229df0 432 
* * 196
+5 * 1
+7 * 1
+2 +2 1
+7 * 1
+7 +1 1
fi=(278)
+3 218 1
fi=(328)
+3 863 1
fi=(282)
+3 670 1
fi=(255)
+3 444 1
+3 * 1
fi=(242)
+2 190 1
cfi=(162)
cfn=(812)
calls=1 0x1f3640 0 
* * 1
+6 -95 1
+5 * 1
+3 * 1
cfi=(162)
cfn=(814)
calls=1 0x1f3600 -95 
* * 55
fi=(255)
+6 453 1
+3 * 1
fi=(272)
+6 0 1
fi=(233)
+3 547 1
+3 * 1
+3 * 1
+3 * 1
cob=(2)
cfi=(214)
cfn=(708)
calls=1 0x188a80 255 
* * 13
fe=(259)
+6 24 1
+3 * 1
+3 * 1
+4 * 1
jfi=(242)
jcnd=1/1 +62 190 
* * 
fi=(242)
+62 190 1
cfi=(162)
cfn=(812)
calls=1 0x1f3640 0 
* * 1
+6 -95 1
+5 * 1
+5 * 1
cfi=(162)
cfn=(814)
calls=1 0x1f3600 -95 
* * 55
fi=(255)
+6 453 1
+3 * 1
fi=(233)
+6 1910 1
+3 * 1
+4 * 1
fe=(259)
+4 36 1
+8 * 1
+4 * 1
fi=(279)
+8 -23 1
+4 * 1
+4 * 1
+4 * 1
+5 * 1
+5 * 1
+5 * 1
+4 * 1
+4 * 1
+7 * 1
fi=(282)
+7 661 1
+4 * 1
jfi=(259)
jcnd=1/1 +76 0 
* * 
fe=(259)
+2 42 1
+4 * 1
+4 * 1
+4 * 1
+4 * 1
+3 * 1
+4 * 1
+4 +1 1
jump=1 +29 * 
* * 
+29 * 1
+7 * 1
+1 * 1
+2 * 1
+2 * 1
+2 * 1
+2 * 1
+1 * 1
+1 -43 1
+6 0 1
+6 0 1
jfi=(282)
jump=1 +45 0 
* 0 
fi=(233)
+10 1910 1
+5 * 1
+5 * 1
fi=(256)
+4 3916 1
+3 2106 1
fi=(282)
+4 661 1
+4 * 1
+4 * 1
jfi=(259)
jcnd=1/1 0x1fe090 42 
* * 
+6 0 1
+4 665 1
+7 +1 1
+7 * 1
+7 * 1
cfi=(280)
cfn=(1024)
calls=1 0x229df0 432 
* * 128
+5 * 1
+7 * 1
jcnd=1/1 0x1fe1c0 -20 
* * 
fi=(242)
+49 190 1
cfi=(162)
cfn=(812)
calls=1 0x1f3640 0 
* * 1
+6 -95 1
+5 * 1
+3 * 1
cfi=(162)
cfn=(814)
calls=1 0x1f3600 -95 
* * 55
fi=(255)
+6 453 1
+3 * 1
fi=(272)
+6 0 1
fi=(233)
+3 547 1
+3 * 1
+3 * 1
+3 * 1
cob=(2)
cfi=(214)
cfn=(708)
calls=1 0x188a80 255 
* * 11
fi=(256)
+6 3905 1
+10 * 1
+3 * 1
+4 * 1
+6 +2 1
+4 * 1
jfi=(233)
jcnd=1/1 0x1fe0f0 1910 
* * 
fi=(282)
+13 646 1
+4 * 1
+6 +1 1
+4 +4 1
+7 0 1
+7 0 1
+3 0 1
+3 649 1
+3 * 1
+2 * 1
fi=(328)
+6 863 1
fi=(255)
+7 444 1
+3 * 1
jfi=(242)
jcnd=1/1 0x1fe169 190 
* * 
fe=(259)
0x1fe2c0 18 1
+1 * 1
+3 * 1
+2 * 1
+2 * 1
+2 * 1
+2 * 1
+1 * 1
+4 * 1
+3 * 1
+3 * 1
+4 +6 1
cfi=(254)
cfn=(862)
calls=1 0x280660 870 
* * 134
+6 * 1
+4 * 1
+3 * 1
+3 * 1
jfi=(242)
jcnd=1/1 0x1fe35f -24 
* * 
fi=(242)
0x1fe35f -24 1
fe=(259)
+10 26 1
+4 * 1
+4 +1 1
fi=(328)
+4 729 1
+4 * 1
+3 * 1
+4 * 1
+10 * 1
fi=(236)
+4 1029 1
+4 * 1
+6 * 1
fi=(172)
+4 2970 1
+8 * 1
fi=(307)
+4 458 1
+4 * 1
+3 * 1
jfi=(242)
jcnd=1/1 +68 0 
* * 
fi=(242)
+68 0 1
+4 0 1
fi=(255)
+4 444 1
+3 * 1
+2 0 1
fi=(242)
+4 190 1
cfi=(162)
cfn=(812)
calls=1 0x1f3640 0 
* * 1
+6 * 1
+6 -95 1
+5 * 1
+3 * 1
cfi=(162)
cfn=(814)
calls=1 0x1f3600 -95 
* * 200
fi=(255)
+6 453 1
+3 * 1
+2 0 1
+3 0 1
+3 0 1
+4 0 1
jfi=(233)
jump=1 +10 1910 
* 0 
fi=(233)
+10 1910 1
+3 * 1
+4 * 1
+4 * 1
fe=(259)
+4 36 1
+4 * 1
+4 * 1
+8 +5 1
+4 * 1
+5 * 1
+4 * 1
+4 * 1
+6 * 1
+6 * 1
jfi=(256)
jump=1 +55 -41 
* * 
fi=(233)
+24 1910 2
+5 * 2
+3 * 2
+5 * 2
fi=(256)
+4 3916 2
+3 2106 2
+4 3905 2
+4 * 2
+3 0 2
+3 3905 2
+7 * 2
+4 * 2
cfi=(254)
cfn=(862)
calls=2 0x280660 870 
* * 152
-14 0 1
+3 3905 1
+7 * 1
+4 * 1
cfi=(254)
cfn=(862)
calls=1 0x280660 870 
* * 115
+6 * 3
+10 * 3
+10 * 3
+7 * 3
+3 * 3
jfi=(264)
jcnd=1/3 +83 515 
* * 
+2 0 2
+3 3905 2
+7 * 2
+4 +2 2
+4 * 2
jfi=(233)
jcnd=2/2 0x1fe48b 1910 
* * 
fi=(264)
+63 515 1
+4 * 1
fi=(233)
+4 805 1
+3 * 1
fi=(328)
+3 -76 1
fi=(233)
+3 +76 1
+3 * 1
+4 * 1
jfi=(264)
jcnd=1/1 +56 507 
* * 
fi=(264)
+56 507 1
fi=(255)
+4 617 1
+3 * 1
fi=(264)
+2 507 1
fi=(172)
+4 1151 1
+4 * 1
fi=(242)
+4 115 1
+5 * 1
cfi=(162)
cfn=(886)
calls=1 0x1f3610 0 
* * 87
fe=(259)
+6 -73 1
+4 * 1
+5 * 1
+4 * 1
+5 +1 1
+4 * 1
+1 * 1
+2 * 1
+2 * 1
+2 * 1
+2 * 1
+1 * 1
0x1fe640 +7 1
+1 * 1
+3 * 1
+2 * 1
+2 * 1
+2 * 1
+2 * 1
+1 * 1
fi=(328)
+7 729 1
+3 * 1
+3 * 1
+3 * 1
fi=(172)
+4 2970 1
+7 * 1
fi=(307)
+10 458 1
+3 * 1
jfi=(255)
jcnd=1/1 +17 0 
* * 
fi=(255)
+17 0 1
+3 0 1
+4 444 1
+3 * 1
+6 0 1
fi=(242)
+3 190 1
cfi=(162)
cfn=(812)
calls=1 0x1f3640 0 
* * 1
+6 * 1
+6 -95 1
+5 * 1
+3 * 1
cfi=(162)
cfn=(814)
calls=1 0x1f3600 -95 
* * 55
+6 * 1
+3 * 1
+3 * 1
fi=(255)
+3 453 1
+3 * 1
fi=(256)
+2 967 1
+4 * 1
fi=(177)
+4 1692 1
fi=(265)
+3 25 1
+6 -25 1
+7 0 1
+3 0 1
jump=1 0x1fe7aa 279 
* 0 
fi=(253)
+20 241 1
+4 * 1
+4 * 1
+3 * 1
+4 * 1
+7 * 1
cfi=(266)
cfn=(896)
calls=1 0x2296b0 -45 
* * 57
+5 0 1
+4 0 1
+7 0 1
+4 0 1
+7 0 1
+7 0 1
+7 0 1
+7 0 1
+7 0 1
+7 0 1
+7 0 1
+7 0 1
+7 0 1
+7 0 1
+7 0 1
+7 0 1
+7 0 1
+4 0 1
+4 0 1
+4 0 1
fi=(279)
+5 29 1
+5 * 1
+3 * 1
+7 * 1
cob=(2)
cfi=(214)
cfn=(708)
calls=1 0x188a80 255 
* * 30
fi=(267)
+6 -10 1
fi=(265)
+3 284 1
+7 * 1
+3 * 1
jfi=(267)
jcnd=1/1 +93 31 
* * 
+2 -5 1
fi=(253)
+4 -39 1
+7 * 1
+7 * 1
+3 * 1
jcnd=1/1 0x1fe6f0 +1 
* * 
fi=(267)
+70 31 1
+4 * 1
fe=(259)
+4 +30 1
+4 * 1
+4 * 1
+3 +1 1
+7 * 1
+1 * 1
+2 * 1
+2 * 1
+2 * 1
+2 * 1
+1 * 1

fl=(402)
fn=(2764) std::sync::mpmc::Sender<T>::send
0x2000c0 393 1
+1 * 1
+3 * 1
+2 * 1
+2 * 1
+2 * 1
+2 * 1
+1 * 1
+7 * 1
+3 * 1
+3 * 1
+4 +1 1
+3 * 1
+4 * 1
+2 * 1
+4 * 1
fi=(176)
+6 4028 1
+7 * 1
fi=(403)
+7 183 1
+4 * 1
+6 0 1
+3 0 1
+3 0 1
+4 0 1
jump=1 0x200943 189 
* 0 
0x200943 189 1
+3 * 1
+2 * 1
+3 +3 1
+3 * 1
jcnd=1/1 0x200a15 +9 
* * 
0x200a15 +9 1
+3 * 1
+4 * 1
+3 * 1
jcnd=1/1 +42 +6 
* * 
+42 +6 1
+3 * 1
fi=(242)
+2 -17 1
cfi=(162)
cfn=(812)
calls=1 0x1f3640 0 
* * 1
+6 -12 1
+5 * 1
+5 * 1
cfi=(162)
cfn=(2394)
calls=1 0x1f3630 0 
* * 10209
fi=(246)
+6 617 1
+3 * 1
fi=(403)
+6 0 1
fi=(176)
+3 4121 1
+2 * 1
+4 * 1
fi=(403)
+9 210 1
fi=(176)
+2 4013 1
fi=(403)
+4 231 1
fi=(176)
+5 4207 1
+3 * 1
+4 * 1
fi=(403)
+9 234 1
jcnd=1/1 0x200d37 -33 
* * 
fi=(233)
0x200b39 0 1
+3 805 1
+3 * 1
jfi=(242)
jcnd=1/1 +21 0 
* * 
fi=(242)
+21 0 1
fi=(279)
+3 13 1
+3 * 1
+4 * 1
+7 * 1
+5 * 1
cob=(2)
cfi=(214)
cfn=(708)
calls=1 0x188a80 255 
* * 65
fi=(403)
+6 265 1
+3 * 1
fi=(275)
+2 -12 1
fi=(279)
+7 29 1
+5 * 1
+4 * 1
+4 * 1
+7 * 1
+5 * 1
cob=(2)
cfi=(214)
cfn=(708)
calls=1 0x188a80 255 
* * 65
fi=(176)
+6 4260 1
fi=(403)
+10 279 1
+7 * 1
+3 * 1
jfi=(402)
jump=1 0x200c96 0 
* * 
fe=(402)
0x200c96 0 1
cfi=(412)
cfn=(2778) std::sync::mpmc::waker::SyncWaker::notify
calls=1 0x202a30 171 
* 0 202
+5 0 1
+11 0 1
fi=(245)
+5 966 1
+3 * 1
+2 0 1
+4 967 1
+7 * 1
jfi=(402)
jump=1 +93 403 
* * 
fe=(402)
+93 403 1
+7 * 1
+1 * 1
+2 * 1
+2 * 1
+2 * 1
+2 * 1
+1 * 1
fi=(403)
+14 201 1
+3 +41 1
jcnd=1/1 +75 0 
* * 
+75 0 1
+4 242 1
jfi=(233)
jump=1 0x200b39 0 
* * 
fe=(402)

fl=(513)
fn=(3084)
0x293f80 471 1
+1 * 1
+3 * 1
+2 * 1
+2 * 1
+2 * 1
+2 * 1
+1 * 1
+4 * 1
+4 +5 1
+3 * 1
+3 * 1
+6 0 1
+3 477 1
+3 * 1
+4 * 1
+6 +1 1
+3 * 1
+6 0 1
+3 0 1
+3 481 1
fi=(172)
+3 129 1
+4 * 1
fi=(514) /rustc/4a4ef493e3a1488c6e321570238084b38948f6db/library/core/src/num/diy_float.rs
+4 -94 1
+2 * 1
fe=(513)
+5 482 1
+2 124 1
+3 * 1
+3 * 1
+3 * 1
+6 * 1
+3 * 1
+7 * 1
+3 * 1
+4 * 1
+4 * 1
+2 +1 1
+3 * 1
+4 * 1
fi=(514)
+6 -91 1
fe=(513)
+3 +91 1
+4 * 1
fi=(172)
+7 3168 1
fi=(514)
+4 26 1
fe=(513)
+4 486 1
fi=(514)
+6 26 1
+3 * 1
fe=(513)
+5 486 1
+2 * 1
+4 +1 1
+3 * 1
+3 * 1
+3 * 1
+2 * 1
+3 * 1
+6 +1 1
+3 125 1
+6 488 1
+4 +14 1
+3 * 1
+3 * 1
+2 145 1
+6 * 1
+4 * 1
jcnd=1/1 +67 +7 
* * 
+67 +7 1
+6 * 1
+2 +1 1
+6 * 1
+3 * 1
+6 * 1
+6 * 1
+4 * 1
+3 * 1
jump=1 +98 524 
* * 
+98 524 1
+3 * 1
+3 * 1
+3 * 1
+3 +5 1
+4 * 1
+6 0 1
+4 543 1
+4 * 1
+3 * 1
+3 * 1
+3 * 1
+3 * 1
+4 * 1
+3 * 1
+3 * 1
+4 * 1
+4 +20 1
+3 * 1
+4 * 1
+3 * 1
+3 * 1
+6 * 1
+6 0 1
+14 564 1
+4 -1 1
+2 * 1
+2 * 1
+3 +3 1
+4 * 1
-15 -2 3
+4 -1 3
+2 * 3
+2 * 3
+3 +3 3
+4 * 3
+6 * 4
+2 * 4
+5 +4 4
+3 * 4
jcnd=1/4 0x29422b +1 
* * 
+2 0 3
+4 580 3
+4 * 3
+6 +8 3
+3 * 3
+4 * 3
+4 -25 3
+3 * 3
+4 * 3
+3 * 3
jcnd=3/3 -68 +1 
* * 
+87 +8 1
+2 * 1
+2 * 1
+3 * 1
+3 +3 1
+3 * 1
+3 * 1
+4 * 1
+4 * 1
+3 * 1
+3 * 1
+4 * 1
+3 * 1
+4 * 1
+3 * 1
+2 * 1
+1 * 1
jump=1 0x2942d8 0 
* * 
0x2942d8 0 1
cfn=(3088) core::num::flt2dec::strategy::grisu::format_exact_opt::possibly_round
calls=1 0x293dd0 648 
* 0 84
+5 0 1
+4 758 1
+3 * 1
+4 * 1
+1 * 1
+2 * 1
+2 * 1
+2 * 1
+2 * 1
+1 * 1

fn=(3088)
0x293dd0 648 1
+1 * 1
+3 * 1
+2 * 1
+2 * 1
+2 * 1
+2 * 1
+1 * 1
+1 * 1
+4 * 1
+4 +25 1
+3 * 1
+3 * 1
+2 +16 1
+3 * 1
+2 0 1
+4 714 1
+3 * 1
+3 * 1
+3 * 1
jcnd=1/1 +20 +22 
* * 
+20 +22 1
+3 * 1
+2 * 1
+3 * 1
+3 * 1
jcnd=1/1 +41 0 
* * 
+9 +21 1
+4 * 1
+1 * 1
+2 * 1
+2 * 1
+2 * 1
+2 * 1
+1 * 1
+18 0 1
fi=(172)
+3 842 1
+6 0 1
+7 0 1
+3 0 1
fi=(177)
+5 1692 1
fi=(265)
+3 25 1
+2 406 1
+4 +1 1
fi=(512)
+3 149 1
+6 * 1
fi=(265)
+3 407 1
fi=(512)
+2 152 1
+4 * 1
fi=(515) /rustc/4a4ef493e3a1488c6e321570238084b38948f6db/library/core/src/slice/specialize.rs
+3 34 1
+3 * 1
+3 * 1
+3 * 1
+3 * 1
+5 * 1
+3 * 1
+3 * 1
+3 * 1
+3 * 1
cob=(2)
cfi=(227)
cfn=(766)
calls=1 0x189480 158 
* * 16
+6 * 1
+3 * 1
+3 * 1
+3 * 1
fe=(513)
+3 737 1
jump=1 0x293f1c 0 
* * 
0x293f1c 0 1
fi=(172)
+3 842 1
fe=(513)
+2 -91 1
+3 0 1
+4 0 1
+5 0 1
jump=1 0x293e28 757 
* 0 

fl=(380)
fn=(1998) std::thread::spawnhook::run_spawn_hooks
0x2607e0 113 1
+1 * 1
+3 * 1
+2 * 1
+2 * 1
+2 * 1
+2 * 1
+1 * 1
+4 * 1
+4 * 1
fi=(491)
+3 -45 1
+9 * 1
fi=(297)
+7 555 1
+4 * 1
fi=(381)
+3 35 1
+2 * 1
+3 * 1
jcnd=1/1 +30 +14 
* * 
+30 +14 1
+7 * 1
+3 * 1
+3 * 1
cfi=(382)
cfn=(2002)
calls=1 0x253640 -34 
* * 336
+6 * 1
fi=(173)
+3 901 1
+4 -1 1
+3 * 1
+4 +1 1
fi=(263)
+7 2225 1
+3 * 1
jfi=(173)
jcnd=1/1 +17 0 
* * 
fi=(173)
+17 0 1
+2 900 1
+4 +1 1
+3 * 1
fi=(233)
+4 -96 1
cfi=(380)
cfn=(2016)
calls=1 0x280740 22 
* * 19
+6 * 1
+4 * 1
+3 * 1
jfi=(380)
jcnd=1/1 +18 119 
* * 
fe=(380)
+18 119 1
+4 -3 1
+4 * 1
fi=(263)
+5 745 1
+3 2726 1
jfi=(255)
jcnd=1/1 0x2609a3 0 
* * 
fi=(255)
0x2609a3 0 1
+3 0 1
+3 0 1
fi=(263)
+2 2726 1
jfi=(380)
jump=1 +43 127 
* * 
fe=(380)
+43 127 1
+4 * 1
+3 * 1
+4 * 1
+4 +6 1
+3 * 1
+4 * 1
+1 * 1
+2 * 1
+2 * 1
+2 * 1
+2 * 1
+1 * 1

fn=(2272)
0x260590 147 1
+1 * 1
+3 * 1
+2 * 1
+2 * 1
+2 * 1
+2 * 1
+1 * 1
+4 * 1
+3 +1 1
fi=(436) /rustc/4a4ef493e3a1488c6e321570238084b38948f6db/library/std/src/thread/local.rs
+4 532 1
+4 * 1
fi=(491)
+8 68 1
+9 * 1
fi=(297)
+7 555 1
+4 * 1
fi=(381)
+3 35 1
fi=(436)
+2 -35 1
fi=(381)
+4 35 1
+3 * 1
jcnd=1/1 +17 +14 
* * 
+17 +14 1
+7 * 1
+3 * 1
+3 * 1
cfi=(382)
cfn=(2002)
calls=1 0x253640 -34 
* * 441
+6 -49 1
fi=(173)
+3 901 1
+6 -1 1
+3 * 1
+4 +1 1
+3 * 1
fi=(233)
+4 -96 1
cfi=(380)
cfn=(2016)
calls=1 0x280740 22 
* * 19
+6 * 1
+4 * 1
+3 * 1
jfi=(380)
jcnd=1/1 +18 149 
* * 
fe=(380)
+18 149 1
+3 * 1
+4 * 1
fi=(239)
+4 961 1
+3 * 1
+4 * 1
fe=(380)
+3 149 1
+4 * 1
+4 * 1
+4 * 1
fi=(177)
+3 1692 1
fi=(264)
+3 224 1
jfi=(328)
jcnd=1/1 +94 729 
* * 
fi=(328)
+94 729 1
+3 * 1
fi=(264)
+4 515 1
+3 * 1
cfi=(233)
cfn=(2282)
calls=1 0x263580 805 
* * 18
fi=(255)
+5 617 1
+3 * 1
jfi=(380)
jcnd=1/1 +37 152 
* * 
fe=(380)
+37 152 1
+4 * 1
+1 * 1
+2 * 1
+2 * 1
+2 * 1
+2 * 1
+1 * 1

fn=(2016)
0x280740 22 4
+1 * 4
+3 * 4
+2 * 4
+2 * 4
+2 * 4
+1 * 4
+4 * 4
fi=(173)
+3 900 4
+3 +1 4
fi=(263)
+7 1545 4
+3 * 4
jfi=(380)
jcnd=4/4 0x2807d2 28 
* * 
fe=(380)
0x2807d2 28 4
+4 * 4
+1 * 4
+2 * 4
+2 * 4
+2 * 4
+1 * 4

fl=(367)
fn=(2084)
0x228900 2725 1
+1 * 1
+3 * 1
+2 * 1
+2 * 1
+1 * 1
+1 * 1
fi=(255)
+3 602 1
fe=(367)
+3 2730 1
cfi=(255)
cfn=(918)
calls=1 0x2292a0 186 
* * 277
+6 651 1
+4 * 1
+4 * 1
+3 * 1
+3 * 1
+3 * 1
jcnd=1/1 +87 2735 
* * 
+87 2735 1
+4 * 1
+1 * 1
+2 * 1
+2 * 1
+1 * 1

fl=(449)
fn=(2352)
0x1f3570 644 3300
+2 * 3300
+1 * 3300
+4 * 3300
+3 495 3300
+3 * 3300
jfi=(439)
jcnd=3300/3300 +10 688 
* * 
fi=(439)
+10 688 3300
fi=(456)
+3 458 3300
+2 0 3300
fe=(449)
+3 506 3300
+3 * 3300
fi=(448)
+4 1029 3300
+3 * 3300
fe=(449)
+4 159 3300
+2 * 3300
+7 * 3300
+3 * 3300
+4 * 3300
+5 * 3300
+5 * 3300
fi=(448)
+4 1029 3300
+3 * 3300
+4 * 3300
fe=(449)
+3 512 3300
+4 * 3300
+3 * 3300
+3 * 3300
cfn=(2358) alloc::raw_vec::RawVecInner<A>::finish_grow
calls=3300 0x1f34b0 +15 
* * 1404372
fi=(457)
+5 2173 3300
+4 * 3300
+2 +1 3300
fe=(449)
+5 745 3300
+4 +1 3300
+3 -92 3300
+4 * 3300
+1 * 3300
+2 * 3300

fn=(2358)
0x1f34b0 527 3300
+2 * 3300
+2 * 3300
+2 * 3300
+1 * 3300
+1 * 3300
+3 * 3300
+3 * 3300
fi=(557) /home/ecuodah/.rustup/toolchains/stable-x86_64-unknown-linux-gnu/lib/rustlib/src/rust/library/core/src/alloc/layout.rs
+3 306 3300
+4 * 3300
+3 * 3300
+3 * 3300
+3 * 3300
fi=(439)
+3 2970 3300
+3 * 3300
+3 * 3300
+3 * 3300
+10 * 3300
+3 * 3300
+3 * 3300
fi=(456)
+3 458 3300
+2 * 3300
+6 * 3300
jfi=(449)
jcnd=3300/3300 +12 617 
* * 
fe=(449)
+12 617 3300
+3 * 3300
fi=(439)
+2 1151 3300
fi=(467)
+4 135 3300
+3 * 3300
+3 * 3300
+3 * 3300
+3 * 3300
cfi=(162)
cfn=(928)
calls=3300 0x1f3620 0 
* * 1259172
fe=(449)
+6 547 3300
+3 * 3300
jcnd=3300/3300 +46 +1 
* * 
+46 +1 3300
+4 * 3300
+5 * 3300
+3 0 3300
+4 0 3300
+3 551 3300
+4 * 3300
+1 * 3300
+2 * 3300
+2 * 3300
+2 * 3300

fl=(431)
fn=(3126)
0x228530 1774 1
+1 * 1
+3 * 1
+2 * 1
+2 * 1
+2 * 1
+2 * 1
+1 * 1
+4 * 1
+3 +3 1
+4 * 1
+3 * 1
jfi=(173)
jcnd=1/1 0x2285d9 900 
* * 
fi=(173)
0x2285d9 900 1
+4 * 1
+4 * 1
fi=(263)
+4 2726 1
fi=(173)
+3 901 1
fi=(263)
+7 2726 1
jfi=(431)
jcnd=1/1 0x22867c 1779 
* * 
fe=(431)
0x22867c 1779 1
+8 -2 1
jump=1 0x22880d +7 
* * 
0x22880d +7 1
+4 * 1
+1 * 1
+2 * 1
+2 * 1
+2 * 1
+2 * 1
+1 * 1

fl=(495)
fn=(2856)
0x275920 26 2
+1 * 2
+3 * 2
+2 * 2
+2 * 2
+2 * 2
+2 * 2
+1 * 2
+7 * 2
+7 * 2
+3 * 2
fi=(433)
+7 314 2
+3 1272 2
+4 290 2
fi=(239)
+8 961 2
fi=(233)
+5 1710 2
+5 * 2
fi=(239)
+7 961 2
+4 * 2
fi=(433)
+4 1845 2
+3 * 2
+3 * 2
fi=(233)
+3 638 2
+4 * 2
+3 * 2
cob=(2)
cfi=(214)
cfn=(708)
calls=2 0x188a80 255 
* * 26
+6 * 2
fi=(239)
+4 961 2
+8 * 2
+3 * 2
fi=(233)
+5 1710 2
+5 * 2
+4 * 2
+5 * 2
+7 * 2
+8 * 2
+7 * 2
+6 * 2
fi=(239)
+7 961 2
+4 * 2
fi=(233)
+7 638 2
+4 * 2
cob=(2)
cfi=(214)
cfn=(708)
calls=2 0x188a80 255 
* * 26
+6 * 2
fi=(433)
+3 1274 2
+5 * 2
+8 +1 2
fe=(495)
+4 33 2
+4 * 2
fi=(433)
+2 338 2
fi=(263)
+3 745 2
+3 * 2
jfi=(433)
jcnd=2/2 0x275a7c 880 
* * 
fi=(433)
0x275a7c 880 2
+4 * 2
+4 * 2
jump=2 0x275b56 0 
* * 
0x275b56 0 2
+4 0 2
fe=(495)
+4 59 2
+4 * 2
+4 * 2
+4 * 2
fi=(433)
+4 338 2
fi=(263)
+3 745 2
+3 * 2
jfi=(496) /rustc/4a4ef493e3a1488c6e321570238084b38948f6db/library/alloc/src/collections/btree/fix.rs
jcnd=2/2 +32 0 
* * 
fi=(496)
+32 0 2
+4 0 2
+7 0 2
fe=(495)
+7 74 2
+3 * 2
+4 * 2
+4 * 2
+7 * 2
+4 * 2
+7 * 2
+4 * 2
+7 * 2
+4 * 2
+4 * 2
+4 * 2
+4 +1 2
+7 * 2
+1 * 2
+2 * 2
+2 * 2
+2 * 2
+2 * 2
+1 * 2

fl=(253)
fn=(2308)
0x212120 662 1
+1 * 1
+3 * 1
+1 * 1
+1 * 1
fi=(347)
+3 250 1
cfi=(438)
cfn=(2310)
calls=1 0x1f2460 * 
* * 17094657942
fe=(253)
+2 667 1
+4 * 1
+1 * 1
+1 * 1

fn=(1774)
0x211e20 556 1
+1 * 1
+3 * 1
+2 * 1
+2 * 1
+2 * 1
+2 * 1
+1 * 1
+7 * 1
fi=(285)
+3 84 1
+3 * 1
+4 * 1
fi=(239)
+4 961 1
+7 * 1
fi=(345)
+4 69 1
+4 * 1
+4 * 1
+4 * 1
fi=(177)
+3 1692 1
fi=(264)
+3 351 1
+6 0 1
+4 0 1
+4 0 1
+3 0 1
+4 0 1
+3 0 1
jump=1 0x211f62 0 
* 0 
+9 0 1
fe=(253)
+7 566 1
+4 * 1
+5 * 1
+5 * 1
+5 * 1
+7 * 1
+7 * 1
+7 * 1
+7 * 1
+5 * 1
+7 * 1
+5 * 1
+7 * 1
+5 * 1
+4 * 1
+5 * 1
+4 * 1
fi=(279)
+3 29 1
+4 * 1
+5 * 1
+4 * 1
+5 * 1
+7 * 1
+5 * 1
+7 * 1
+5 * 1
+7 * 1
+7 * 1
+7 * 1
+7 * 1
+5 * 1
+5 * 1
+5 * 1
+4 * 1
+7 * 1
fi=(286)
+8 -29 1
fi=(177)
+7 1692 1
+3 * 1
fi=(264)
+7 351 1
jfi=(253)
jcnd=1/1 0x212039 0 
* * 
+6 0 1
fi=(279)
+3 29 1
+5 * 1
+7 * 1
+3 * 1
cob=(2)
cfi=(214)
cfn=(708)
calls=1 0x188a80 255 
* * 30
+6 * 1
fi=(264)
+4 357 1
+7 * 1
fe=(253)
+7 561 1
+7 * 1
+4 * 1
+2 * 1
+4 * 1
jfi=(264)
jcnd=1/1 0x211e80 0 
* * 
0x212039 0 1
+3 0 1
+4 0 1
+4 0 1
fi=(328)
+4 729 1
+3 * 1
+3 * 1
+4 * 1
+10 * 1
fi=(286)
+4 298 1
+7 * 1
+7 * 1
fi=(328)
+7 729 1
+3 * 1
+4 * 1
fi=(264)
+4 150 1
+8 +1 1
+8 +1 1
+8 +1 1
+8 +5 1
cfi=(233)
cfn=(1780)
calls=1 0x206580 805 
* * 25
fi=(256)
+5 1302 1
+4 * 1
+5 * 1
fi=(264)
+5 515 1
+5 * 1
+2 * 1
cfi=(233)
cfn=(1780)
calls=1 0x206580 805 
* * 25
fe=(253)
+5 +54 1
+3 * 1
+7 * 1
+1 * 1
+2 * 1
+2 * 1
+2 * 1
+2 * 1
+1 * 1

fn=(838) test::test_main_static
0x211d50 180 1
+1 * 1
+3 * 1
+2 * 1
+2 * 1
+2 * 1
+1 * 1
+4 * 1
+3 * 1
+3 * 1
+4 +1 1
+3 * 1
cfi=(254)
cfn=(840)
calls=1 0x252cc0 821 
* * 1059
+6 * 1
fi=(540)
+4 33 1
+3 * 1
cfi=(259)
cfn=(860)
calls=1 0x1fe2c0 -15 
* * 833
fi=(239)
+5 961 1
+4 * 1
fi=(540)
+4 33 1
+3 * 1
cfi=(259)
cfn=(860)
calls=1 0x1fe640 +17 
* * 233
fi=(255)
+5 597 1
fi=(256)
+4 1753 1
+4 * 1
fe=(253)
+4 183 1
+3 * 1
+3 * 1
+5 * 1
cfn=(902) test::test_main
calls=1 0x226d00 -83 
* * 516155
fi=(233)
+6 805 1
+3 * 1
fi=(255)
+2 617 1
+4 * 1
+7 * 1
jfi=(233)
jump=1 +14 805 
* * 
fi=(233)
+5 805 3
+4 * 3
+3 * 3
jcnd=1/3 +24 * 
* * 
+2 * 3
fi=(255)
+4 617 3
+3 * 3
fi=(233)
+2 805 3
fi=(242)
+3 115 3
+5 * 3
cfi=(162)
cfn=(886)
calls=3 0x1f3610 0 
* * 321
+3 * 3
jfi=(233)
jump=3 -29 805 
* * 
fi=(233)
+2 805 1
fi=(255)
+4 617 1
+3 * 1
fi=(172)
+2 1151 1
+4 * 1
fi=(242)
+4 115 1
+5 * 1
+3 * 1
cfi=(162)
cfn=(886)
calls=1 0x1f3610 0 
* * 87
fe=(253)
+6 +69 1
+4 * 1
+1 * 1
+2 * 1
+2 * 1
+2 * 1
+1 * 1

fn=(1932)
0x223070 571 1
+1 * 1
+3 * 1
+2 * 1
+2 * 1
+2 * 1
+2 * 1
+1 * 1
+7 * 1
+3 * 1
fi=(279)
+3 13 1
+5 * 1
+7 * 1
+5 * 1
+7 * 1
+5 * 1
+7 * 1
+5 * 1
+7 * 1
+5 * 1
+6 * 1
+5 * 1
+5 * 1
+7 * 1
+7 * 1
+8 * 1
fe=(253)
+8 586 1
+2 * 1
+2 * 1
+7 * 1
+2 0 1
+3 0 1
+3 0 1
+7 0 1
+7 0 1
+7 0 1
+7 0 1
+4 0 1
fi=(266)
+7 106 1
+4 * 1
+3 * 1
+4 * 1
jfi=(253)
jump=1 +2 593 
* * 
fe=(253)
+2 593 1
+7 * 1
+7 * 1
fi=(266)
+10 157 1
jfi=(253)
jump=1 0x223422 0 
* * 
fe=(253)
0x22323e 658 1
+3 * 1
+7 * 1
+1 * 1
+2 * 1
+2 * 1
+2 * 1
+2 * 1
+1 * 1
0x223422 0 1
+7 0 1
fi=(266)
+4 40 1
+7 * 1
+4 * 1
+3 * 1
+3 * 1
+5 * 1
+4 * 1
+3 * 1
+2 * 1
+4 * 1
jfi=(371)
jcnd=1/1 0x2234bc -40 
* * 
fi=(371)
0x2234bc -40 1
+7 0 1
+3 0 1
+7 198 1
+3 * 1
+6 0 1
+3 198 1
jfi=(266)
jump=1 0x223b1a 30 
* * 
fi=(266)
0x223b1a 30 1
+7 +10 1
+7 * 1
+7 * 1
+7 * 1
+6 * 1
fe=(253)
+10 602 1
fi=(279)
+9 29 1
+8 * 1
+7 * 1
+9 * 1
+7 * 1
+9 * 1
+7 * 1
+6 * 1
+6 * 1
+9 * 1
+9 * 1
+7 * 1
+7 * 1
+7 * 1
fe=(253)
+7 604 1
+9 +2 1
+7 * 1
+7 * 1
fi=(279)
+7 13 1
+5 * 1
+7 * 1
+5 * 1
+7 * 1
+5 * 1
+7 * 1
+5 * 1
+7 * 1
+4 * 1
+6 * 1
+5 * 1
+5 * 1
+7 * 1
+7 * 1
+8 * 1
fe=(253)
+7 606 1
+6 * 1
+8 * 1
+8 * 1
+7 * 1
+7 * 1
+4 * 1
+7 * 1
+4 * 1
+7 * 1
fi=(372) /rustc/4a4ef493e3a1488c6e321570238084b38948f6db/library/std/src/thread/builder.rs
+6 79 1
+7 * 1
+11 * 1
fi=(266)
+7 -30 1
+3 * 1
jfi=(255)
jcnd=1/1 +59 -49 
* * 
fi=(255)
+59 -49 1
+7 0 1
+7 444 1
+3 * 1
fi=(242)
+2 190 1
cfi=(162)
cfn=(812)
calls=1 0x1f3640 0 
* * 1
+6 -95 1
+5 * 1
+3 * 1
cfi=(162)
cfn=(814)
calls=1 0x1f3600 -95 
* * 52
+6 * 1
fi=(255)
+3 453 1
+3 * 1
fi=(233)
+6 +94 1
+3 * 1
+3 * 1
+3 * 1
cob=(2)
cfi=(214)
cfn=(708)
calls=1 0x188a80 255 
* * 13
fi=(262)
+6 1014 1
+7 * 1
+7 * 1
+7 * 1
+7 * 1
+7 * 1
fe=(253)
+7 634 1
cfi=(372)
cfn=(1946) std::thread::builder::Builder::name
calls=1 0x25e620 107 
* * 28
fi=(279)
+6 13 1
+7 * 1
+7 * 1
+7 * 1
+5 * 1
cob=(2)
cfi=(214)
cfn=(708)
calls=1 0x188a80 255 
* * 65
fi=(373)
+2 422 1
+11 * 1
fi=(279)
+11 29 1
+10 * 1
+7 * 1
+7 * 1
+7 * 1
+5 * 1
cob=(2)
cfi=(214)
cfn=(708)
calls=1 0x188a80 255 
* * 65
fi=(242)
+2 190 1
cfi=(162)
cfn=(812)
calls=1 0x1f3640 0 
* * 1
+6 -95 1
+5 * 1
+5 * 1
cfi=(162)
cfn=(814)
calls=1 0x1f3600 -95 
* * 468
+6 489 1
+3 * 1
fi=(246)
+6 265 1
+3 * 1
fi=(279)
+7 13 1
+5 * 1
+3 * 1
cob=(2)
cfi=(214)
cfn=(708)
calls=1 0x188a80 255 
* * 65
fi=(373)
+6 310 1
fi=(176)
+4 4060 1
fi=(373)
+4 2405 1
fe=(253)
+6 637 1
fi=(263)
+7 1065 1
fe=(253)
+7 637 1
+7 * 1
+7 * 1
+8 * 1
+8 * 1
+7 * 1
fi=(263)
+4 1065 1
fi=(176)
+6 4027 1
+7 * 1
fi=(374)
+3 32 1
+3 * 1
jcnd=1/1 +10 -32 
* * 
+10 -32 1
fi=(254)
+3 260 1
+7 * 1
+7 * 1
+5 * 1
cfn=(1196)
calls=1 0x252ce0 +3 
* * 596
fi=(263)
+6 1545 1
+7 * 1
+6 * 1
+10 * 1
+3 * 1
jfi=(374)
jcnd=1/1 0x223eda 43 
* * 
fi=(374)
0x223eda 43 1
fi=(176)
+5 4012 1
+3 0 1
fi=(374)
+3 47 1
cfi=(176)
cfn=(1960) std::thread::id::ThreadId::new
calls=1 0x25e230 4027 
* * 9
+6 -47 1
+3 0 1
+7 48 1
+3 * 1
cfi=(376)
cfn=(1966)
calls=1 0x25e450 +45 
* * 312
+6 * 1
+7 +2 1
+3 * 1
jfi=(380)
jcnd=1/1 +42 -50 
* * 
fi=(380)
+42 -50 1
+7 0 1
fi=(374)
+7 53 1
cfi=(380)
cfn=(1998)
calls=1 0x2607e0 +60 
* * 413
+6 * 1
fi=(373)
+4 422 1
+11 * 1
+11 * 1
+4 * 1
fi=(242)
+8 190 1
cfi=(162)
cfn=(812)
calls=1 0x1f3640 0 
* * 1
+6 -95 1
+5 * 1
+5 * 1
cfi=(162)
cfn=(814)
calls=1 0x1f3600 -95 
* * 55
+6 489 1
+3 * 1
fi=(246)
+6 265 1
+3 * 1
+8 * 1
+8 * 1
+7 * 1
+4 * 1
+5 * 1
fi=(373)
+4 +45 1
fi=(176)
+7 4060 1
fi=(373)
+4 2405 1
fi=(374)
+6 87 1
+7 * 1
+8 * 1
+8 * 1
+8 * 1
+8 * 1
+7 +19 1
+4 * 1
+3 * 1
jcnd=1/1 +12 +7 
* * 
+12 +7 1
+8 * 1
+8 * 1
+7 * 1
+7 * 1
+7 * 1
+7 * 1
+8 * 1
fi=(242)
+8 +77 1
cfi=(162)
cfn=(812)
calls=1 0x1f3640 0 
* * 1
+6 -95 1
+5 * 1
+5 * 1
cfi=(162)
cfn=(814)
calls=1 0x1f3600 -95 
* * 55
+6 489 1
+3 * 1
fi=(246)
+6 265 1
+8 * 1
+8 * 1
+7 * 1
+4 * 1
+5 * 1
fi=(177)
+4 445 1
fi=(176)
+7 4060 1
fi=(373)
+4 2405 1
+6 +4 1
fi=(374)
+7 121 1
+7 * 1
+7 * 1
+7 * 1
fi=(242)
+7 +69 1
cfi=(162)
cfn=(812)
calls=1 0x1f3640 0 
* * 1
+6 -95 1
+5 * 1
+5 * 1
cfi=(162)
cfn=(814)
calls=1 0x1f3600 -95 
* * 193
+6 489 1
+3 * 1
fi=(246)
+6 265 1
+7 * 1
+4 * 1
+8 * 1
fi=(374)
+4 137 1
+3 * 1
+3 * 1
cfi=(353)
cfn=(2022)
calls=1 0x257b70 -91 
* * 2406
+6 * 1
fi=(245)
+3 2173 1
+2 * 1
jfi=(374)
jcnd=1/1 +80 138 
* * 
fi=(374)
+80 138 1
fe=(253)
+7 638 1
+3 * 1
+4 * 1
fi=(176)
+4 4079 1
fi=(373)
+4 2811 1
+6 * 1
jfi=(233)
jump=1 0x22428c 805 
* * 
fi=(233)
0x22428c 805 1
+7 * 1
+10 * 1
+4 * 1
+3 * 1
+3 * 1
+5 * 1
+4 * 1
+3 * 1
+6 * 1
+4 * 1
jcnd=1/1 +31 * 
* * 
+31 * 1
+8 * 1
+3 * 1
jfi=(253)
jcnd=1/1 0x22323e 658 
* * 
fe=(253)

fn=(2294)
0x225410 606 1
+1 * 1
+3 * 1
+2 * 1
+2 * 1
+2 * 1
+2 * 1
+1 * 1
+7 * 1
+3 * 1
+7 0 1
+7 0 1
+4 0 1
+3 606 1
+2 * 1
jfi=(279)
jcnd=1/1 0x22561d 13 
* * 
fi=(279)
0x22561d 13 1
+4 * 1
+7 * 1
+4 * 1
+7 * 1
+4 * 1
+7 * 1
+4 * 1
+7 * 1
+3 * 1
+4 * 1
+4 * 1
+4 * 1
+7 * 1
+7 * 1
+7 * 1
fe=(253)
+7 610 1
fi=(263)
+8 +26 1
fe=(253)
+7 -24 1
+7 * 1
+7 * 1
+7 * 1
+7 +1 1
+7 * 1
+4 * 1
+7 * 1
fi=(279)
+4 29 1
+7 * 1
+7 * 1
+7 * 1
+7 * 1
+7 * 1
+7 * 1
+7 * 1
+7 * 1
+7 * 1
+7 * 1
+7 * 1
+7 * 1
+7 * 1
fi=(242)
+7 190 1
cfi=(162)
cfn=(812)
calls=1 0x1f3640 0 
* * 1
+6 -95 1
+5 * 1
+5 * 1
cfi=(162)
cfn=(814)
calls=1 0x1f3600 -95 
* * 223
+6 489 1
+3 * 1
fi=(246)
+6 265 1
+7 * 1
+8 * 1
+7 * 1
+4 * 1
+8 * 1
+8 * 1
fi=(373)
+8 +45 1
fe=(253)
+4 681 1
+3 * 1
jfi=(263)
jcnd=1/1 +52 -45 
* * 
fi=(263)
+52 -45 1
fi=(437)
+7 62 1
+6 -62 1
+6 62 1
jump=1 0x225b01 -62 
* * 
0x225b01 -62 1
fe=(253)
+10 686 1
fi=(233)
+7 1710 1
fe=(253)
+7 686 1
fi=(233)
+7 1710 1
+7 * 1
+7 * 1
fe=(253)
+7 686 1
cfi=(266)
cfn=(2306)
calls=1 0x21ca50 143 
* * 17094657971
fi=(249)
+5 581 1
fe=(253)
+7 710 1
+4 * 1
+3 * 1
+2 0 1
+3 0 1
fi=(263)
+5 1164 1
+7 * 1
+2 * 1
jump=1 0x225be0 0 
* * 
0x225be0 0 1
fe=(253)
+6 692 1
+2 * 1
cfi=(292)
cfn=(2744)
calls=1 0x251680 1114 
* * 18
+6 * 1
fi=(233)
+7 805 1
+3 * 1
jfi=(373)
jcnd=1/1 +21 0 
* * 
fi=(373)
+21 0 1
fi=(263)
+2 745 1
+10 * 1
+7 * 1
+4 * 1
+10 * 1
+7 * 1
+4 * 1
+7 * 1
fe=(253)
+7 -47 1
+3 * 1
+3 * 1
cfi=(490)
cfn=(2752)
calls=1 0x210dc0 42 
* * 29
fi=(263)
+5 +47 1
fi=(233)
+3 +60 1
jfi=(177)
jcnd=1/1 +40 445 
* * 
fi=(177)
+40 445 1
fi=(373)
+4 2422 1
+4 * 1
fi=(176)
+5 4112 1
+2 * 1
+6 * 1
fi=(248)
+10 32 1
fi=(176)
+6 4027 1
+7 * 1
fi=(249)
+3 464 1
+3 * 1
+7 * 1
+6 0 1
fi=(176)
+7 4027 1
fi=(255)
+5 597 1
fi=(256)
+4 1753 1
fi=(255)
+4 444 1
+3 * 1
jcnd=1/1 +49 0 
* * 
+49 0 1
fi=(233)
+6 547 1
+3 * 1
+3 * 1
+3 * 1
cob=(2)
cfi=(214)
cfn=(708)
calls=1 0x188a80 255 
* * 13
fi=(413)
+6 129 1
+4 * 1
+7 * 1
fi=(176)
+2 4027 1
+7 * 1
fi=(249)
+3 464 1
+10 * 1
+3 * 1
+6 0 1
fi=(176)
+2 4045 1
fi=(248)
+4 90 1
+3 * 1
fi=(279)
+6 -77 1
+7 * 1
+7 * 1
+7 * 1
+7 * 1
+7 * 1
+7 * 1
+7 * 1
+7 * 1
+7 * 1
+7 * 1
+7 * 1
+7 * 1
+7 * 1
+7 * 1
+7 * 1
+7 * 1
+7 * 1
+7 * 1
+7 * 1
+7 * 1
+7 * 1
+7 * 1
+7 * 1
+7 * 1
+7 * 1
+7 * 1
+7 * 1
+7 * 1
+7 * 1
+7 * 1
+7 * 1
fe=(253)
+7 700 1
+7 * 1
+6 * 1
fi=(360)
+4 25 1
+7 * 1
+7 * 1
+6 * 1
+7 * 1
+7 * 1
+7 * 1
+7 * 1
+7 * 1
+4 * 1
fi=(558) /rustc/4a4ef493e3a1488c6e321570238084b38948f6db/library/std/src/sync/mpsc.rs
+4 608 1
cfi=(402)
cfn=(2764)
calls=1 0x2000c0 393 
* * 10636
fi=(245)
+5 1231 1
+7 * 1
fi=(177)
+6 445 1
fi=(176)
+4 4079 1
fi=(373)
+4 2811 1
+2 0 1
+4 2854 1
cfn=(2812)
calls=1 0x276260 2109 
* * 114
+6 0 1
+4 0 1
fe=(253)
+4 702 1
cfi=(233)
cfn=(2820)
calls=1 0x206ef0 805 
* * 15
+5 -77 1
+7 * 1
+1 * 1
+2 * 1
+2 * 1
+2 * 1
+2 * 1
+1 * 1

fn=(1762)
0x211170 515 1
+1 * 1
+3 * 1
+2 * 1
+2 * 1
+2 * 1
+2 * 1
+1 * 1
+4 * 1
+7 +1 1
+4 * 1
+4 * 1
+3 * 1
+4 * 1
fi=(256)
+7 2933 1
fe=(253)
+4 527 1
+3 * 1
fi=(256)
+6 2933 1
+4 * 1
+4 2396 1
+3 * 1
+6 0 1
+10 0 1
+4 0 1
+4 0 1
+7 0 1
+4 0 1
+4 0 1
fe=(253)
+4 520 1
+7 * 1
+3 * 1
+2 * 1
jfi=(256)
jcnd=1/1 0x21127b 0 
* * 
fi=(256)
0x21127b 0 1
+2 0 1
+4 0 1
+4 0 1
jump=1 +28 0 
* 0 
+11 0 1
+4 2444 1
+3 +1 1
+4 * 1
jcnd=1/1 0x211537 0 
* * 
+6 0 1
fi=(275)
+4 266 1
+7 * 1
+4 * 1
+4 * 1
+2 * 1
+4 * 1
+5 * 1
+3 * 1
+5 * 1
+4 * 1
+5 * 1
+3 0 1
fi=(265)
+13 332 1
+5 * 1
fi=(277)
+5 1352 1
+3 * 1
+3 * 1
cfi=(280)
cfn=(1766)
calls=1 0x227a80 987 
* * 53
fi=(265)
+5 332 1
+2 * 1
jfi=(256)
jcnd=1/1 0x211290 0 
* * 
fi=(256)
0x211537 0 1
+7 2933 1
fe=(253)
+4 532 1
+3 * 1
jfi=(256)
jcnd=1/1 0x21187f 0 
* * 
fi=(256)
0x21187f 0 1
fe=(253)
+7 537 1
+7 * 1
jfi=(256)
jcnd=1/1 +60 0 
* * 
fi=(256)
+60 0 1
fe=(253)
+7 542 1
+7 * 1
+2 * 1
+6 * 1
+3 * 1
jcnd=1/1 0x211b60 +11 
* * 
0x211b60 +11 1
+4 * 1
+7 * 1
+4 * 1
+4 * 1
+3 +1 1
+4 * 1
+1 * 1
+2 * 1
+2 * 1
+2 * 1
+2 * 1
+1 * 1

fn=(2914)
0x226970 390 1
+1 * 1
+3 * 1
+2 * 1
+2 * 1
+2 * 1
+2 * 1
+1 * 1
+7 * 1
+3 * 1
+3 * 1
+4 +4 1
cfi=(356)
cfn=(1752)
calls=1 0x25df40 289 
* * 29
+6 * 1
+7 * 1
fi=(256)
+3 +72 1
+8 * 1
+8 * 1
+8 * 1
+4 * 1
fi=(367)
+4 908 1
+3 * 1
+6 0 1
+4 0 1
+3 0 1
+4 0 1
+4 0 1
+4 0 1
+3 0 1
+4 0 1
+4 0 1
+4 0 1
+4 0 1
+4 0 1
+4 0 1
+5 0 1
+8 0 1
jump=1 0x226a94 0 
* 0 
0x226a94 0 1
+3 3543 1
+3 * 1
+5 * 1
+4 * 1
+3 * 1
fi=(236)
+3 1992 1
+7 * 1
fi=(356)
+7 26 1
+8 * 1
jfi=(253)
jcnd=1/1 +33 397 
* * 
fe=(253)
+33 397 1
jcnd=1/1 0x226c8f +8 
* * 
0x226c8f +8 1
+4 * 1
+4 * 1
+4 * 1
+4 * 1
+3 * 1
+4 * 1
+4 +1 1
+7 * 1
+1 * 1
+2 * 1
+2 * 1
+2 * 1
+2 * 1
+1 * 1

fn=(902)
0x226d00 100 1
+1 * 1
+3 * 1
+2 * 1
+2 * 1
+1 * 1
+7 * 1
+3 * 1
+3 * 1
+3 * 1
+3 * 1
+3 * 1
+7 +10 1
cfi=(268)
cfn=(904)
calls=1 0x212730 +90 
* * 63376
+6 * 1
+7 * 1
+4 * 1
+6 * 1
+3 * 1
+6 0 1
+7 0 1
fi=(279)
+7 13 1
+5 * 1
cob=(2)
cfi=(214)
cfn=(708)
calls=1 0x188a80 255 
* * 30
fe=(253)
+6 118 1
+4 * 1
jcnd=1/1 +20 +3 
* * 
+20 +3 1
+7 * 1
jcnd=1/1 0x226e1c +6 
* * 
0x226e1c +6 1
+7 * 1
+2 0 1
+4 0 1
+7 160 1
+3 * 1
cfi=(290)
cfn=(1158)
calls=1 0x21d250 310 
* * 452379
+6 +2 1
cfi=(249)
cfn=(3176)
calls=1 0x2616d0 +20 
* * 31
+6 * 1
+3 * 1
fi=(233)
+3 805 1
+3 * 1
+3 * 1
jfi=(173)
jcnd=1/1 +7 428 
* * 
fi=(173)
+7 428 1
fi=(246)
+4 1886 1
+3 * 1
jfi=(253)
jcnd=1/1 +15 164 
* * 
fe=(253)
+15 164 1
+4 * 1
+6 * 1
+4 * 1
+6 0 1
+7 173 1
cfi=(233)
cfn=(3184)
calls=1 0x205440 805 
* * 286
+5 -71 1
+7 * 1
+1 * 1
+2 * 1
+2 * 1
+1 * 1

fn=(2928)
0x226750 316 1
+1 * 1
+3 * 1
+2 * 1
+2 * 1
+2 * 1
+1 * 1
+4 +1 1
+4 * 1
+6 0 1
+3 317 1
+3 * 1
+4 * 1
+4 * 1
fi=(374)
+4 -76 1
cfi=(353)
cfn=(2930)
calls=1 0x257d70 133 
* * 255
fi=(177)
+6 445 1
+4 * 1
fi=(176)
+7 4112 1
+5 * 1
fi=(373)
+6 2762 1
fi=(176)
+6 4028 1
+3 -15 1
fi=(373)
+8 2766 1
+4 2617 1
+6 +77 1
fi=(173)
+4 900 1
+4 * 1
fi=(263)
+4 1014 1
fi=(173)
+4 901 1
fi=(263)
+8 1014 1
fi=(374)
+6 0 1
fi=(177)
+4 445 1
fi=(176)
+4 4079 1
fi=(373)
+4 2811 1
+2 0 1
+4 2854 1
cfn=(2812)
calls=1 0x276210 2109 
* * 195
fi=(177)
+6 445 1
fi=(176)
+4 4079 1
fi=(373)
+4 2811 1
+2 +43 1
+3 * 1
cfn=(2812)
calls=1 0x229020 2109 
* * 137
fe=(253)
+6 318 1
+3 * 1
jcnd=1/1 0x226897 +7 
* * 
0x226897 +7 1
+4 * 1
+1 * 1
+2 * 1
+2 * 1
+2 * 1
+1 * 1

fl=(481)
fn=(2618)
0x2398b0 19 100
+2 * 100
+2 * 100
+2 * 100
+2 * 100
+1 * 100
fi=(460)
+7 438 100
+4 * 100
+6 0 100
+3 0 100
+3 0 100
fi=(466)
+3 15 100
+3 * 100
+8 * 100
+8 * 100
+8 * 100
+8 * 100
+8 * 100
+8 * 100
+8 * 100
+8 * 100
+8 * 100
+8 * 100
+8 * 100
+8 * 100
fi=(461)
+12 +8 100
fi=(459)
+8 +53 100
+8 * 100
+8 * 100
+8 * 100
+8 * 100
+8 * 100
+8 * 100
+8 * 100
+8 * 100
fi=(461)
+8 -53 100
+12 * 100
+8 149 100
+8 * 100
+8 +1 100
+5 * 100
+3 * 100
+3 * 100
cfi=(459)
cfn=(2370)
calls=100 0x243ef0 -12 
* * 4300
fi=(458)
+5 33 100
fi=(461)
+4 149 100
+8 * 100
+3 * 100
+8 +1 100
+5 * 100
+3 * 100
cfi=(459)
cfn=(2370)
calls=100 0x243ef0 -12 
* * 4700
+5 * 100
+8 * 100
fi=(458)
+7 35 100
+5 * 100
+3 * 100
+3 * 100
cob=(2)
cfi=(214)
cfn=(708)
calls=100 0x188a80 255 
* * 6500
fi=(461)
+3 203 100
+8 * 100
+3 * 100
+5 * 100
cob=(2)
cfi=(214)
cfn=(708)
calls=100 0x188a80 +52 
* * 3000
+3 * 100
+8 * 100
+5 * 100
+3 * 100
+3 * 100
cob=(2)
cfi=(214)
cfn=(708)
calls=100 0x188a80 +52 
* * 3000
fi=(459)
+3 -7 100
fi=(460)
+9 -95 100
+4 * 100
fi=(464)
+5 +79 100
fi=(459)
+3 +8 100
+2 * 100
cob=(2)
cfi=(227)
cfn=(766)
calls=100 0x189480 -30 
* * 1900
fi=(462)
+6 -49 100
+5 +2 100
fi=(466)
+8 34 100
+8 * 100
+8 * 100
+8 * 100
+4 * 100
+8 * 100
+8 * 100
+5 * 100
+8 * 100
+5 * 100
+8 * 100
+5 * 100
+8 * 100
+8 * 100
+5 * 100
+8 * 100
+8 * 100
+5 * 100
+8 * 100
+8 * 100
+5 * 100
+8 * 100
+8 * 100
+5 * 100
fi=(457)
+8 1718 100
fi=(466)
+8 34 100
+8 +3 100
+8 * 100
+3 * 100
cfi=(463)
cfn=(2380)
calls=100 0x244f90 166 
* * 615800
+6 * 100
+8 -31 100
+5 * 100
+3 * 100
+3 * 100
cob=(2)
cfi=(214)
cfn=(708)
calls=100 0x188a80 255 
* * 3000
+3 +9 100
fi=(461)
+3 206 100
+8 * 100
+8 * 100
+8 * 100
+8 * 100
+8 * 100
+8 * 100
+8 * 100
+8 * 100
fe=(481)
+8 22 100
+5 * 100
+3 * 100
+3 * 100
+3 * 100
cfi=(473)
cfn=(2444)
calls=100 0x243470 +78 
* * 10467453
+5 +2 100
+7 * 100
+1 * 100
+2 * 100
+2 * 100
+2 * 100
+2 * 100

fn=(2544)
0x239bd0 8 200
+1 * 200
+2 * 200
+2 * 200
+2 * 200
+2 * 200
+1 * 200
+7 * 200
fi=(460)
+3 438 200
+4 * 200
+6 0 200
+3 0 200
fi=(466)
+4 15 200
+3 * 200
+8 * 200
+8 * 200
+8 * 200
+8 * 200
+8 * 200
+8 * 200
+8 * 200
+8 * 200
+8 * 200
+8 * 200
+8 * 200
+8 * 200
fi=(461)
+12 +8 200
fi=(459)
+8 +53 200
+8 * 200
+8 * 200
+8 * 200
+8 * 200
+8 * 200
+8 * 200
+8 * 200
+8 * 200
fi=(461)
+8 -53 200
+12 * 200
+8 149 200
+8 * 200
+8 +1 200
+5 * 200
+5 * 200
+3 * 200
+3 * 200
+3 * 200
cfi=(459)
cfn=(2370)
calls=200 0x243ef0 -12 
* * 8600
fi=(458)
+5 33 200
fi=(461)
+5 149 200
+8 * 200
+5 * 200
+8 +1 200
+5 * 200
+3 * 200
cfi=(459)
cfn=(2370)
calls=200 0x243ef0 -12 
* * 9400
+5 * 200
+8 * 200
fi=(458)
+7 35 200
+5 * 200
+3 * 200
+3 * 200
cob=(2)
cfi=(214)
cfn=(708)
calls=200 0x188a80 255 
* * 13000
fi=(461)
+3 203 200
+8 * 200
+5 * 200
+5 * 200
cob=(2)
cfi=(214)
cfn=(708)
calls=200 0x188a80 +52 
* * 6000
+3 * 200
+8 * 200
+5 * 200
+3 * 200
+3 * 200
cob=(2)
cfi=(214)
cfn=(708)
calls=200 0x188a80 +52 
* * 6000
fi=(459)
+3 -7 200
fi=(460)
+9 -95 200
+4 * 200
+4 * 200
fi=(464)
+5 +79 200
fi=(459)
+3 +8 200
+2 * 200
cob=(2)
cfi=(227)
cfn=(766)
calls=200 0x189480 -30 
* * 3800
fi=(462)
+6 -49 200
+6 +2 200
fi=(466)
+8 34 200
+8 * 200
+8 * 200
+8 * 200
+5 * 200
+8 * 200
+8 * 200
+5 * 200
+8 * 200
+5 * 200
+8 * 200
+5 * 200
+8 * 200
+8 * 200
+5 * 200
+8 * 200
+8 * 200
+5 * 200
+8 * 200
+8 * 200
+5 * 200
+8 * 200
+8 * 200
+8 * 200
fi=(457)
+8 1718 200
fi=(466)
+8 34 200
+8 +3 200
+8 * 200
+3 * 200
cfi=(463)
cfn=(2380)
calls=200 0x244f90 166 
* * 1231600
+6 * 200
+8 -31 200
+5 * 200
+3 * 200
+3 * 200
cob=(2)
cfi=(214)
cfn=(708)
calls=200 0x188a80 255 
* * 6000
+3 +9 200
fi=(461)
+3 206 200
+8 * 200
+8 * 200
+8 * 200
+8 * 200
+8 * 200
+8 * 200
+8 * 200
+8 * 200
fe=(481)
+8 11 200
+3 * 200
+5 * 200
+3 * 200
cfi=(473)
cfn=(2460)
calls=200 0x2432f0 115 
* * 21208000
fi=(460)
+5 438 200
+7 * 200
+2 89 200
fi=(455)
+4 547 200
+5 * 200
+4 * 200
+3 * 200
cob=(2)
cfi=(214)
cfn=(708)
calls=200 0x188a80 255 
* * 49000
fe=(481)
+6 17 200
+7 * 200
+1 * 200
+2 * 200
+2 * 200
+2 * 200
+2 * 200
+1 * 200

fn=(2600)
0x239800 26 100
+2 * 100
+2 * 100
+1 * 100
fi=(460)
+3 451 100
+7 * 100
+2 0 100
+3 0 100
fe=(481)
+3 28 100
fi=(455)
+7 547 100
+5 * 100
cob=(2)
cfi=(214)
cfn=(708)
calls=100 0x188a80 255 
* * 24498
fi=(460)
+6 -96 100
+7 * 100
fe=(481)
+2 0 100
fi=(460)
+4 101 100
fi=(455)
+7 547 100
+5 * 100
cob=(2)
cfi=(214)
cfn=(708)
calls=100 0x188a80 255 
* * 24500
fi=(460)
+6 -96 100
+7 * 100
fi=(455)
+2 +96 100
+4 * 100
fe=(481)
+8 36 100
+1 * 100
+2 * 100
+2 * 100

fl=(478)
fn=(2478)
0x23fc70 28 600
+1 * 600
+2 * 600
+2 * 600
+2 * 600
+2 * 600
+1 * 600
+4 * 600
+3 * 600
+3 * 600
+4 * 600
+5 * 600
+3 * 600
+3 * 600
+8 +1 600
+4 * 600
jfi=(474)
jcnd=600/600 0x23fec3 -29 
* * 
fi=(474)
0x23fec3 -29 600
fe=(478)
+8 38 600
fi=(443)
+4 2193 600
+3 * 600
+6 * 600
+3 * 600
+6 * 600
+3 * 600
+6 * 600
+3 * 600
+6 * 600
+3 * 600
+6 0 600
+8 0 600
+3 0 600
fi=(477)
+3 961 600
+4 * 600
+5 * 600
+4 * 600
+5 * 600
+4 * 600
+5 * 600
+4 * 600
+5 * 600
fe=(478)
+4 44 600
+4 * 600
+5 * 600
+5 * 600
+5 * 600
+3 * 600
+3 * 600
+5 * 600
+2 * 600
+5 * 600
+1 * 600
+1 * 600
cfn=(2479) hqc::gf2x::karatsuba_mul'2
calls=600 0x23fc70 -16 
* * 5546162400
+5 * 600
+3 * 600
+4 * 600
fi=(460)
+4 568 600
+3 * 600
+6 * 600
+3 * 600
+3 * 600
fe=(478)
+6 0 600
+3 0 600
+3 46 600
+4 +3 600
+4 * 600
+5 * 600
+5 * 600
+4 * 600
+5 * 600
+5 * 600
+5 -3 600
+3 * 600
+5 * 600
+4 * 600
+4 * 600
+1 * 600
+5 * 600
+5 * 600
cfn=(2479)
calls=600 0x23fc70 -18 
* * 5602656600
+5 * 600
+5 * 600
+5 * 600
+5 * 600
+4 +3 600
+4 * 600
+5 * 600
+3 * 600
+4 * 600
+2 * 600
+5 * 600
+5 * 600
+5 -49 600
+3 49 600
+3 * 600
-3 * 82800
+3 * 82800
jcnd=600/82800 +29 -49 
* * 
+2 -49 82800
+5 49 82800
+4 +1 82800
+4 * 82800
jump=82800 +18 +1 
* * 
+14 -50 600
+2 0 600
+2 51 600
+3 * 600
-3 * 82800
+3 * 82800
+6 * 83400
+3 * 83400
+6 * 83400
+5 * 83400
+4 +1 83400
+5 * 83400
+6 * 83400
+4 * 83400
+4 -52 83400
fi=(448)
+3 1908 83400
fi=(474)
+3 772 83400
jfi=(478)
jcnd=82800/83400 -88 49 
* * 
fe=(478)
+2 54 600
+4 * 600
+5 * 600
+3 * 600
+5 * 600
+3 * 600
+3 * 600
+3 * 600
+3 * 600
+4 * 600
+4 * 600
+4 * 600
cfn=(2479)
calls=600 0x23fc70 -26 
* * 5602656600
+5 * 600
fi=(479) /home/ecuodah/.rustup/toolchains/stable-x86_64-unknown-linux-gnu/lib/rustlib/src/rust/library/core/src/slice/specialize.rs
+4 +6 600
+8 * 600
+3 * 600
+2 * 600
cob=(2)
cfi=(227)
cfn=(766)
calls=600 0x189480 +98 
* * 2669400
fi=(448)
+6 1908 600
+3 * 600
+4 * 600
+8 * 600
fi=(474)
+5 772 600
fe=(478)
+6 57 600
+3 * 600
+3 * 600
+4 * 600
+4 * 600
+3 * 600
+4 * 600
+4 * 600
jcnd=600/600 +6 * 
* * 
+6 * 600
+3 * 600
+2 * 600
+3 * 600
+5 * 600
+4 * 600
+3 * 600
+2 -57 600
+2 57 600
+6 * 600
+7 * 600
+6 * 600
+4 * 600
+7 * 600
+4 * 600
+6 * 600
fi=(439)
+7 763 600
+4 * 600
+3 * 600
jfi=(478)
jcnd=600/600 -54 57 
* * 
fe=(478)
-54 57 40200
+6 * 40200
+7 * 40200
+6 * 40200
+4 * 40200
+7 * 40200
+4 * 40200
+6 * 40200
fi=(439)
+7 763 40200
+4 * 40200
+3 * 40200
jfi=(478)
jcnd=39600/40200 -54 57 
* * 
+2 0 600
fe=(478)
+8 57 600
+3 * 600
-3 * 1800
+3 * 1800
+6 * 2400
+3 * 2400
+6 * 2400
+4 * 2400
+4 * 2400
fi=(448)
+3 1908 2400
fi=(474)
+3 772 2400
jfi=(478)
jcnd=1800/2400 -32 57 
* * 
+2 0 600
fe=(478)
+5 58 600
+3 * 600
fi=(474)
+5 772 600
fe=(478)
+6 58 600
+3 * 600
+4 * 600
+3 * 600
+3 * 600
+3 * 600
+4 * 600
+2 * 600
+3 * 600
+3 * 600
+4 * 600
+3 * 600
+4 * 600
+4 * 600
+2 * 600
+3 * 600
+2 * 600
+3 * 600
+5 * 600
+4 * 600
+3 * 600
+3 * 600
+3 * 600
+4 * 600
+3 * 600
+4 * 600
+4 * 600
+4 * 600
+4 * 600
+2 -58 600
+11 58 600
+6 * 600
+5 * 600
+6 * 600
+4 * 600
+5 * 600
+4 * 600
+6 * 600
fi=(439)
+5 763 600
+4 * 600
+3 * 600
jfi=(478)
jcnd=600/600 -48 58 
* * 
fe=(478)
-48 58 40800
+6 * 40800
+5 * 40800
+6 * 40800
+4 * 40800
+5 * 40800
+4 * 40800
+6 * 40800
fi=(439)
+5 763 40800
+4 * 40800
+3 * 40800
jfi=(478)
jcnd=40200/40800 -48 58 
* * 
fe=(478)
+2 58 600
+3 * 600
+4 * 600
+3 * 600
+3 * 600
fi=(448)
+3 1908 600
+3 * 600
+3 0 600
fe=(478)
+8 58 600
+3 * 600
+3 * 600
-6 * 600
+3 * 600
+3 * 600
+6 * 1200
+4 * 1200
+3 * 1200
+6 * 1200
+5 * 1200
+4 * 1200
fi=(448)
+3 1908 1200
+3 * 1200
fi=(474)
+3 772 1200
jfi=(478)
jcnd=600/1200 -43 58 
* * 
fe=(478)
+2 60 600
+4 * 600
+2 -60 600
+13 60 600
+3 * 600
-3 * 166200
+3 * 166200
jcnd=1200/166200 +29 -60 
* * 
+2 * 165600
+3 * 165600
+6 * 165600
+4 * 165600
jump=165600 +17 -60 
* * 
+14 -60 1200
+3 0 1200
+3 0 1200
+3 61 1200
-6 -61 165600
+3 0 165600
+3 61 165600
+6 +2 166800
+4 * 166800
+3 * 166800
+6 -1 166800
+5 * 166800
+5 +1 166800
+4 -63 166800
fi=(448)
+3 1908 166800
+3 * 166800
fi=(474)
+3 772 166800
jfi=(478)
jcnd=166200/166800 -83 60 
* * 
fe=(478)
+2 66 600
+4 * 600
+1 * 600
+2 * 600
+2 * 600
+2 * 600
+2 * 600
+1 * 600

fn=(2479)
0x23fc70 28 217800
+1 * 217800
+2 * 217800
+2 * 217800
+2 * 217800
+2 * 217800
+1 * 217800
+4 * 217800
+3 * 217800
+3 * 217800
+4 * 217800
+5 * 217800
+3 * 217800
+3 * 217800
+8 +1 217800
+4 * 217800
jfi=(474)
jcnd=72000/217800 0x23fec3 -29 
* * 
fi=(479)
+6 +31 145800
+8 * 145800
+3 * 145800
+2 * 145800
cob=(2)
cfi=(227)
cfn=(766)
calls=145800 0x189480 +98 
* * 5248800
fi=(448)
+6 1908 145800
fi=(474)
+3 772 145800
fe=(478)
+6 10 145800
+4 * 145800
+5 * 145800
+4 * 145800
+5 * 145800
+5 * 145800
+2 * 145800
+5 * 145800
jfi=(439)
jump=145800 +49 763 
* * 
fi=(474)
+17 772 1290000
+5 * 1290000
+4 * 1290000
+6 * 1290000
+5 * 1290000
fi=(448)
+3 1908 1290000
fi=(474)
+3 772 1290000
jfi=(478)
jcnd=145800/1290000 0x2402b5 66 
* * 
fi=(439)
+6 -9 1290000
+3 * 1290000
+3 * 1290000
+5 * 1290000
+4 * 1290000
+3 * 1290000
+4 * 1290000
+5 * 1290000
+3 * 1290000
fe=(478)
+4 10 1290000
+4 * 1290000
+6 -10 1290000
+4 0 1290000
+4 0 1290000
+5 0 1290000
+5 10 1290000
+4 * 1290000
+5 * 1290000
+2 * 1290000
+3 * 1290000
+5 * 1290000
+4 * 1290000
+3 * 1290000
+5 * 1290000
fi=(474)
+5 772 1290000
+3 * 1290000
+3 * 1290000
+2 * 1290000
+5 * 1290000
jump=1290000 +35 0 
* * 
+17 0 82560000
fi=(448)
+3 1908 82560000
+4 * 82560000
fi=(474)
+5 772 82560000
jcnd=1290000/82560000 0x23fcf0 * 
* * 
+6 0 82560000
fi=(439)
+5 2413 82560000
+4 * 82560000
+5 * 82560000
fe=(478)
+3 13 82560000
+3 * 82560000
jfi=(474)
jcnd=1290000/82560000 0x23fe20 -13 
* * 
+2 -13 81270000
+2 0 81270000
+2 0 81270000
+3 0 81270000
+5 0 81270000
+3 0 81270000
+9 20 81270000
+3 * 81270000
-3 * 638971200
+3 * 638971200
+6 * 720241200
+4 * 720241200
+3 * 720241200
+6 * 720241200
+4 * 720241200
+3 * 720241200
+2 * 720241200
+3 * 720241200
+3 * 720241200
+5 +1 720241200
+3 * 720241200
+6 * 720241200
+2 * 720241200
+3 * 720241200
+3 * 720241200
+4 -21 720241200
fi=(448)
+3 1908 720241200
+3 * 720241200
fi=(474)
+3 772 720241200
jfi=(478)
jcnd=638971200/720241200 -72 20 
* * 
+2 * 81270000
jump=81270000 0x23fd90 0 
* * 
+6 0 1290000
fe=(478)
+6 15 1290000
jcnd=1290000/1290000 +6 -15 
* * 
+6 -15 1290000
+5 0 1290000
+5 0 1290000
+2 0 1290000
+8 15 1290000
+6 * 1290000
+7 * 1290000
+4 * 1290000
+4 * 1290000
+7 * 1290000
+4 * 1290000
+6 * 1290000
+4 * 1290000
+7 * 1290000
fi=(439)
+6 763 1290000
+4 * 1290000
+3 * 1290000
jfi=(478)
jcnd=1112400/1290000 -62 15 
* * 
fe=(478)
-62 15 1112400
+6 * 1112400
+7 * 1112400
+4 * 1112400
+4 * 1112400
+7 * 1112400
+4 * 1112400
+6 * 1112400
+4 * 1112400
+7 * 1112400
fi=(439)
+6 763 1112400
+4 * 1112400
+3 * 1112400
+2 0 1290000
+5 0 1290000
fe=(478)
+11 15 1290000
+3 * 1290000
-3 * 532800
+3 * 532800
+6 * 1822800
+4 * 1822800
+3 * 1822800
+6 -15 1822800
+4 15 1822800
+3 * 1822800
+5 * 1822800
+4 -15 1822800
fi=(448)
+3 1908 1822800
fi=(474)
+3 772 1822800
jfi=(478)
jcnd=532800/1822800 -44 15 
* * 
+2 * 1290000
jump=1290000 0x23fd90 0 
* * 
+5 0 72000
fe=(478)
+8 38 72000
fi=(443)
+4 2193 72000
+3 * 72000
+6 * 72000
+3 * 72000
+6 * 72000
+3 * 72000
+6 * 72000
+3 * 72000
+6 * 72000
+3 * 72000
+6 0 72000
+8 0 72000
+3 0 72000
fi=(477)
+3 961 72000
+4 * 72000
+5 * 72000
+4 * 72000
+5 * 72000
+4 * 72000
+5 * 72000
+4 * 72000
+5 * 72000
fe=(478)
+4 44 72000
+4 * 72000
+5 * 72000
+5 * 72000
+5 * 72000
+3 * 72000
+3 * 72000
+5 * 72000
+2 * 72000
+5 * 72000
+1 * 72000
+1 * 72000
cfn=(2479)
calls=72000 0x23fc70 -16 
* * 21570617400
+5 * 72000
+3 * 72000
+4 * 72000
fi=(460)
+4 568 72000
+3 * 72000
+6 * 72000
+3 * 72000
+3 * 72000
fe=(478)
+6 0 72000
+3 0 72000
+3 46 72000
+4 +3 72000
+4 * 72000
+5 * 72000
+5 * 72000
+4 * 72000
+5 * 72000
+5 * 72000
+5 -3 72000
+3 * 72000
+5 * 72000
+4 * 72000
+4 * 72000
+1 * 72000
+5 * 72000
+5 * 72000
cfn=(2479)
calls=72000 0x23fc70 -18 
* * 22598976600
+5 * 72000
+5 * 72000
+5 * 72000
+5 * 72000
+4 +3 72000
+4 * 72000
+5 * 72000
+3 * 72000
+4 * 72000
+2 * 72000
+5 * 72000
+5 * 72000
+5 -49 72000
+3 49 72000
+3 * 72000
-3 * 968400
+3 * 968400
jcnd=39600/968400 +29 -49 
* * 
+2 -49 1000800
+5 49 1000800
+4 +1 1000800
+4 * 1000800
jump=1000800 +18 +1 
* * 
+14 -50 39600
+2 0 39600
+2 51 39600
+3 * 39600
-3 * 1000800
+3 * 1000800
+6 * 1040400
+3 * 1040400
+6 * 1040400
+5 * 1040400
+4 +1 1040400
+5 * 1040400
+6 * 1040400
+4 * 1040400
+4 -52 1040400
fi=(448)
+3 1908 1040400
fi=(474)
+3 772 1040400
jfi=(478)
jcnd=968400/1040400 -88 49 
* * 
fe=(478)
+2 54 72000
+4 * 72000
+5 * 72000
+3 * 72000
+5 * 72000
+3 * 72000
+3 * 72000
+3 * 72000
+3 * 72000
+4 * 72000
+4 * 72000
+4 * 72000
cfn=(2479)
calls=72000 0x23fc70 -26 
* * 22598976600
+5 * 72000
fi=(479)
+4 +6 72000
+8 * 72000
+3 * 72000
+2 * 72000
cob=(2)
cfi=(227)
cfn=(766)
calls=72000 0x189480 +98 
* * 23774400
fi=(448)
+6 1908 72000
+3 * 72000
+4 * 72000
+8 * 72000
fi=(474)
+5 772 72000
fe=(478)
+6 57 72000
+3 * 72000
+3 * 72000
+4 * 72000
+4 * 72000
+3 * 72000
+4 * 72000
+4 * 72000
jcnd=72000/72000 +6 * 
* * 
+6 * 72000
+3 * 72000
+2 * 72000
+3 * 72000
+5 * 72000
+4 * 72000
+3 * 72000
+2 -57 72000
+2 57 72000
+6 * 72000
+7 * 72000
+6 * 72000
+4 * 72000
+7 * 72000
+4 * 72000
+6 * 72000
fi=(439)
+7 763 72000
+4 * 72000
+3 * 72000
jfi=(478)
jcnd=72000/72000 -54 57 
* * 
fe=(478)
-54 57 379800
+6 * 379800
+7 * 379800
+6 * 379800
+4 * 379800
+7 * 379800
+4 * 379800
+6 * 379800
fi=(439)
+7 763 379800
+4 * 379800
+3 * 379800
jfi=(478)
jcnd=307800/379800 -54 57 
* * 
+2 0 72000
fe=(478)
+8 57 72000
+3 * 72000
-3 * 122400
+3 * 122400
+6 * 194400
+3 * 194400
+6 * 194400
+4 * 194400
+4 * 194400
fi=(448)
+3 1908 194400
fi=(474)
+3 772 194400
jfi=(478)
jcnd=122400/194400 -32 57 
* * 
+2 0 72000
fe=(478)
+5 58 72000
+3 * 72000
fi=(474)
+5 772 72000
fe=(478)
+6 58 72000
+3 * 72000
+4 * 72000
+3 * 72000
+3 * 72000
+3 * 72000
+4 * 72000
+2 * 72000
+3 * 72000
+3 * 72000
+4 * 72000
+3 * 72000
+4 * 72000
+4 * 72000
+2 * 72000
+3 * 72000
+2 * 72000
+3 * 72000
+5 * 72000
+4 * 72000
+3 * 72000
+3 * 72000
+3 * 72000
+4 * 72000
+3 * 72000
+4 * 72000
+4 * 72000
+4 * 72000
+4 * 72000
+2 -58 72000
+11 58 72000
+6 * 72000
+5 * 72000
+6 * 72000
+4 * 72000
+5 * 72000
+4 * 72000
+6 * 72000
fi=(439)
+5 763 72000
+4 * 72000
+3 * 72000
jfi=(478)
jcnd=72000/72000 -48 58 
* * 
fe=(478)
-48 58 405000
+6 * 405000
+5 * 405000
+6 * 405000
+4 * 405000
+5 * 405000
+4 * 405000
+6 * 405000
fi=(439)
+5 763 405000
+4 * 405000
+3 * 405000
jfi=(478)
jcnd=333000/405000 -48 58 
* * 
fe=(478)
+2 58 72000
+3 * 72000
+4 * 72000
+3 * 72000
+3 * 72000
fi=(448)
+3 1908 72000
+3 * 72000
+3 0 72000
fe=(478)
+8 58 72000
+3 * 72000
+3 * 72000
-6 * 100800
+3 * 100800
+3 * 100800
+6 * 172800
+4 * 172800
+3 * 172800
+6 * 172800
+5 * 172800
+4 * 172800
fi=(448)
+3 1908 172800
+3 * 172800
fi=(474)
+3 772 172800
jfi=(478)
jcnd=100800/172800 -43 58 
* * 
fe=(478)
+2 60 72000
+4 * 72000
+2 -60 72000
+13 60 72000
+3 * 72000
-3 * 2008800
+3 * 2008800
jcnd=79200/2008800 +29 -60 
* * 
+2 * 2001600
+3 * 2001600
+6 * 2001600
+4 * 2001600
jump=2001600 +17 -60 
* * 
+14 -60 79200
+3 0 79200
+3 0 79200
+3 61 79200
-6 -61 2001600
+3 0 2001600
+3 61 2001600
+6 +2 2080800
+4 * 2080800
+3 * 2080800
+6 -1 2080800
+5 * 2080800
+5 +1 2080800
+4 -63 2080800
fi=(448)
+3 1908 2080800
+3 * 2080800
fi=(474)
+3 772 2080800
jfi=(478)
jcnd=2008800/2080800 -83 60 
* * 
fe=(478)
+2 66 217800
+4 * 217800
+1 * 217800
+2 * 217800
+2 * 217800
+2 * 217800
+2 * 217800
+1 * 217800

fl=(348)
fn=(1622)
0x221a50 7 2
+1 * 2
+3 * 2
+2 * 2
+2 * 2
+2 * 2
+1 * 2
fi=(254)
+4 223 2
+7 * 2
+4 * 2
+5 * 2
cfn=(1194)
calls=2 0x252c20 +3 
* * 1162
fe=(348)
+6 8 2
+4 * 2
fi=(233)
+2 805 2
+4 * 2
+8 * 2
+3 * 2
fe=(348)
+2 14 2
cfi=(349)
cfn=(1626)
calls=2 0x25eb10 690 
* * 55639
+6 * 2
fi=(245)
+3 835 2
+2 * 2
+2 * 2
jfi=(348)
jump=2 0x221b11 16 
* * 
fe=(348)
0x221b11 16 2
+3 * 2
+4 * 2
+1 * 2
+2 * 2
+2 * 2
+2 * 2
+1 * 2

fl=(405)
fn=(2112)
0x1ffd80 69 1
+1 * 1
+3 * 1
+1 * 1
fi=(297)
+1 555 1
+4 * 1
fe=(405)
+2 74 1
jfi=(263)
jcnd=1/1 +11 1545 
* * 
fi=(263)
+11 1545 1
+3 * 1
jfi=(405)
jcnd=1/1 +56 0 
* * 
fe=(405)
+27 17 1
+7 * 1
+3 * 1
cfi=(382)
cfn=(2002)
calls=1 0x253640 -2 
* * 416
+6 -17 1
+3 102 1
+3 * 1
+4 * 1
+1 * 1
+1 * 1
+1 0 1
fi=(404)
+3 43 1
cfn=(2116)
calls=1 0x25d7e0 +24 
* * 372
fi=(173)
+6 900 1
+4 * 1
+3 * 1
+4 +1 1
+3 * 1
+4 -1 1
fe=(405)
+3 88 1
jcnd=1/1 +28 * 
* * 
+28 * 1
+3 * 1
jcnd=1/1 +27 -88 
* * 
+27 -88 1
+3 0 1
jump=1 0x1ffdb5 17 
* 0 

fn=(3222)
0x1ffe30 112 1
+1 * 1
fi=(173)
+3 900 1
+4 +1 1
fe=(405)
+4 116 1
+2 * 1
fi=(233)
+2 805 1
+3 * 1
+3 * 1
fi=(176)
+2 4079 1
fi=(373)
+4 2811 1
+2 +43 1
cfn=(2812)
calls=1 0x228f30 2109 
* * 106
fe=(405)
+6 124 1
+1 * 1

fl=(412)
fn=(2152)
0x202ce0 152 1
+1 * 1
+3 * 1
+2 * 1
+2 * 1
+2 * 1
+2 * 1
+1 * 1
+4 * 1
+3 * 1
+3 * 1
fi=(176)
+5 4112 1
+2 * 1
fi=(248)
+4 32 1
fi=(176)
+6 4027 1
+7 * 1
fi=(249)
+4 464 1
+3 * 1
+3 * 1
+6 0 1
fi=(176)
+3 4027 1
fi=(413)
+4 123 1
fi=(245)
+2 1231 1
fi=(176)
+6 4060 1
fi=(373)
+4 2405 1
fe=(412)
+6 49 1
+4 * 1
+8 * 1
fi=(256)
+4 1030 1
+4 +3 1
+4 * 1
fe=(412)
+2 154 1
fi=(256)
+4 1034 1
cfi=(255)
cfn=(918)
calls=1 0x2291c0 186 
* * 225
fi=(255)
+6 597 1
fi=(239)
+4 961 1
+8 * 1
fi=(233)
+3 1910 1
+4 * 1
+5 * 1
+4 * 1
fi=(256)
+4 1039 1
+3 * 1
fe=(412)
+4 156 1
jfi=(413)
jcnd=1/1 +20 0 
* * 
fi=(413)
+20 0 1
fi=(176)
+2 4014 1
fi=(413)
+3 129 1
+3 * 1
+2 0 1
fi=(176)
+10 4027 1
fi=(249)
+4 464 1
+3 * 1
+6 0 1
fi=(176)
+2 4045 1
fi=(248)
+2 90 1
+3 * 1
fe=(412)
+2 +67 1
+4 * 1
+1 * 1
+2 * 1
+2 * 1
+2 * 1
+2 * 1
+1 * 1

fn=(2798) std::sync::mpmc::waker::Waker::notify
0x202540 98 1
+1 * 1
+3 * 1
+2 * 1
+2 * 1
+1 * 1
+4 +1 1
fi=(255)
+4 597 1
fi=(256)
+4 2933 1
+4 2106 1
fi=(239)
+8 961 1
+4 * 1
fe=(412)
+4 99 1
+4 * 1
+4 * 1
+4 * 1
+4 * 1
fi=(177)
+8 1692 1
fi=(265)
+3 180 1
jfi=(373)
jcnd=1/1 0x202602 0 
* * 
fi=(373)
0x202602 0 1
fe=(412)
+4 103 1
cfi=(233)
cfn=(2802)
calls=1 0x207920 805 
* * 30
+5 +1 1
+4 * 1
+1 * 1
+2 * 1
+2 * 1
+1 * 1

fn=(2778)
0x202a30 171 1
+1 * 1
+3 * 1
+2 * 1
+2 * 1
+2 * 1
+2 * 1
+1 * 1
fi=(176)
+4 4029 1
fe=(412)
+4 172 1
+2 * 1
+6 0 1
+3 0 1
fi=(176)
+5 4112 1
+2 * 1
fi=(248)
+4 32 1
fi=(176)
+6 4027 1
+7 * 1
fi=(249)
+4 464 1
+3 * 1
+3 * 1
+6 0 1
fi=(176)
+3 4027 1
fi=(413)
+4 123 1
fi=(245)
+2 1231 1
fi=(176)
+6 4029 1
fe=(412)
+4 174 1
+2 * 1
jfi=(256)
jcnd=1/1 +16 2933 
* * 
fi=(256)
+16 2933 1
fe=(412)
+4 68 1
+3 * 1
fi=(491)
+6 +7 1
+9 * 1
+7 * 1
fi=(255)
+3 597 1
fi=(239)
+4 961 1
+4 * 1
+4 * 1
+3 * 1
+3 * 1
jfi=(177)
jump=1 +33 445 
* * 
fi=(177)
+33 445 1
fe=(412)
+4 77 1
+4 * 1
+2 +3 1
fi=(176)
+5 4133 1
+2 * 1
fi=(245)
+6 835 1
fe=(412)
+2 84 1
fi=(404)
+5 +23 1
+3 * 1
jfi=(177)
jcnd=1/1 +6 445 
* * 
fi=(177)
+6 445 1
+4 * 1
fi=(176)
+5 4045 1
fi=(415)
+3 96 1
+3 * 1
+2 -96 1
+4 97 1
cfi=(492)
cfn=(2792)
calls=1 0x256920 +7 
* * 24
fi=(256)
+6 2933 1
+4 2318 1
+3 * 1
+3 * 1
fi=(255)
+6 597 1
fi=(233)
+4 1710 1
+4 * 1
+4 * 1
+4 * 1
+6 * 1
fi=(256)
+4 2332 1
+4 * 1
fi=(233)
+4 638 1
+4 * 1
+8 * 1
cob=(2)
cfi=(214)
cfn=(708)
calls=1 0x188a80 255 
* * 13
+6 * 1
fi=(256)
+4 2334 1
+3 2106 1
+4 2289 1
+3 * 1
+6 +1 1
+4 * 1
fi=(263)
+4 1165 1
fi=(176)
+4 4079 1
+4 * 1
fi=(373)
+7 2811 1
jfi=(412)
jcnd=1/1 +12 0 
* * 
fe=(412)
+12 0 1
+4 176 1
cfn=(2798)
calls=1 0x202540 -78 
* * 57
+5 +2 1
+5 * 1
jfi=(256)
jcnd=1/1 +14 2958 
* * 
fi=(256)
+14 2958 1
+5 * 1
fi=(176)
+3 4014 1
fi=(413)
+3 129 1
+3 * 1
+2 0 1
fi=(176)
+10 4027 1
fi=(249)
+4 464 1
+3 * 1
+6 0 1
fi=(176)
+2 4045 1
fi=(248)
+2 90 1
+3 * 1
fe=(412)
+2 +93 1
+4 * 1
+1 * 1
+2 * 1
+2 * 1
+2 * 1
+2 * 1
+1 * 1

fl=(176)
fn=(1170) std::sync::once_lock::OnceLock<T>::initialize
0x25dd7f 4028 1
fi=(294)
+6 82 1
fi=(295)
+2 214 1
jfi=(293)
jcnd=1/1 +3 557 
* * 
fi=(293)
+3 557 1
+1 * 1
+3 * 1
fi=(295)
+4 218 1
+7 * 1
+4 * 1
+3 * 1
+4 * 1
+4 * 1
+4 +1 1
+3 * 1
+7 * 1
+7 * 1
+7 * 1
+2 * 1
+1 * 1
cfi=(294)
cfn=(1174)
calls=1 0x256ba0 -78 
* * 130
+6 * 1
+4 * 1
fi=(293)
+1 557 1
fe=(176)

fn=(1960)
0x25e230 4027 1
+7 0 1
fi=(172)
+9 688 1
fi=(307)
+4 458 1
fi=(172)
+2 688 1
fe=(176)
+4 4168 1
fi=(375)
+9 53 1
+2 +47 1
+3 * 1
fe=(176)

fn=(1166)
0x251be0 4028 1
fi=(294)
+6 82 1
fi=(293)
+2 +74 1
jfi=(292)
jcnd=1/1 +10 721 
* * 
fi=(292)
+10 721 1
+1 * 1
fi=(293)
+3 410 1
cfi=(176)
cfn=(1170)
calls=1 0x25dd7f 4028 
* * 152
+5 * 1
fi=(292)
+1 721 1
+7 * 1
fe=(176)

fl=(361)
fn=(1930)
0x1fd230 224 1
+7 * 1
+6 +5 1
+2 * 1

fn=(2970)
0x1fbba0 231 1
+1 * 1
+3 * 1
+2 * 1
+2 * 1
+2 * 1
+2 * 1
+1 * 1
+7 * 1
+3 * 1
+3 * 1
+3 * 1
+3 +8 1
+7 * 1
+2 +1 1
+3 * 1
+3 * 1
cfn=(2972) test::formatters::pretty::PrettyFormatter<T>::write_test_name
calls=1 0x210b90 -71 
* * 1280
fi=(245)
+5 2173 1
+3 * 1
fe=(361)
+6 243 1
+4 * 1
+7 * 1
+4 * 1
+3 * 1
jump=1 0x1fbcda 71 
* * 
0x1fbcda 71 1
+3 * 1
+3 * 1
+6 +2 1
+7 * 1
jfi=(329)
jcnd=1/1 0x1fbf37 217 
* * 
fi=(329)
0x1fbf37 217 1
+4 * 1
+7 * 1
fe=(361)
+5 0 1
+3 0 1
cfi=(324)
cfn=(1830)
calls=1 0x1ff5a0 1875 
* 0 213
+4 0 1
+3 0 1
+6 0 1
jump=1 0x1fc0d7 0 
* 0 
0x1fc0d7 0 1
+3 0 1
cfi=(298)
cfn=(1890)
calls=1 0x22aee0 199 
* 0 160
+4 81 1
jfi=(245)
jump=1 +64 2173 
* * 
fi=(245)
+64 2173 1
+3 * 1
jfi=(279)
jcnd=1/1 +20 29 
* * 
fe=(361)
+2 256 1
+7 * 1
+1 * 1
+2 * 1
+2 * 1
+2 * 1
+2 * 1
+1 * 1
fi=(279)
+1 29 1
fe=(361)
+4 +71 1
+7 * 1
+3 * 1
+3 * 1
+3 * 1
+2 * 1
+2 -9 1
+7 * 1
+5 * 1
+3 * 1
cfi=(324)
cfn=(1830)
calls=1 0x1ff8f0 1875 
* * 309
fi=(245)
+5 2173 1
+3 * 1
fi=(290)
+2 37 1
+3 -37 1
+4 37 1
+3 * 1
fi=(329)
+6 212 1
+3 * 1
cfi=(298)
cfn=(1890)
calls=1 0x22aee0 -13 
* * 69
fi=(290)
+3 38 1
jfi=(361)
jump=1 -89 256 
* * 
fe=(361)

fn=(3064)
0x1fc9d0 266 1
+1 * 1
+3 * 1
+2 * 1
+2 * 1
+2 * 1
+2 * 1
+1 * 1
+7 * 1
+3 * 1
+3 * 1
+3 +1 1
+7 * 1
jcnd=1/1 +40 +3 
* * 
+40 +3 1
+7 * 1
+3 +1 1
jcnd=1/1 0x1fcab4 91 
* * 
0x1fcab4 91 1
+7 * 1
+5 * 1
+3 * 1
cfi=(324)
cfn=(1830)
calls=1 0x1ff8f0 1875 
* * 406
fi=(245)
+5 2173 1
+3 * 1
jfi=(290)
jcnd=1/1 +30 37 
* * 
fe=(361)
+9 305 1
+3 * 1
+7 * 1
+1 * 1
+2 * 1
+2 * 1
+2 * 1
+2 * 1
+1 * 1
fi=(290)
+1 37 1
+3 -37 1
+4 37 1
+3 * 1
fi=(329)
+2 212 1
+4 * 1
cfi=(298)
cfn=(1890)
calls=1 0x22aee0 -13 
* * 160
fi=(245)
+3 2173 1
+3 * 1
+2 * 1
jfi=(361)
jump=1 +16 71 
* * 
fe=(361)
+16 71 1
+3 * 1
+3 * 1
+6 +2 1
+8 * 1
+4 * 1
jfi=(329)
jcnd=1/1 0x1fcbfc 217 
* * 
fi=(329)
0x1fcbfc 217 1
+4 * 1
+7 * 1
+5 * 1
jump=1 +59 * 
* * 
+59 * 1
+3 * 1
cfi=(324)
cfn=(1830)
calls=1 0x1ff5a0 1875 
* * 213
fi=(245)
+4 2173 1
+3 * 1
+6 0 1
fi=(329)
+4 212 1
cfi=(298)
cfn=(1890)
calls=1 0x22aee0 -13 
* * 160
fi=(245)
+4 2173 1
+3 * 1
fe=(361)
+6 0 1
+7 290 1
+4 * 1
+7 * 1
+7 * 1
+7 * 1
+4 * 1
+7 * 1
+4 * 1
+4 * 1
+4 * 1
+4 * 1
+4 * 1
+4 * 1
+4 * 1
+4 * 1
fi=(316)
+4 654 1
+7 * 1
+7 * 1
+4 * 1
cfn=(1338)
calls=1 0x28f450 -9 
* * 1676
fe=(361)
+6 90 1
+7 * 1
+7 +1 1
+3 * 1
+4 * 1
cfi=(324)
cfn=(1830)
calls=1 0x1ff8f0 1875 
* * 337
+5 * 1
fi=(245)
+3 2173 1
+3 * 1
jfi=(290)
jcnd=1/1 +16 37 
* * 
fi=(290)
+16 37 1
+3 -37 1
+4 37 1
+3 * 1
fi=(329)
+2 212 1
+3 * 1
cfi=(298)
cfn=(1890)
calls=1 0x22aee0 -13 
* * 160
+3 * 1
jfi=(290)
jump=1 +11 0 
* * 
fi=(290)
+11 0 1
fi=(233)
+3 805 1
fi=(255)
+7 617 1
+3 * 1
fi=(242)
+2 115 1
+5 * 1
+4 * 1
cfi=(162)
cfn=(886)
calls=1 0x1f3610 0 
* * 87
fi=(245)
+6 2173 1
+3 * 1
jfi=(361)
jcnd=1/1 +11 297 
* * 
fe=(361)
+11 297 1
+8 * 1
+2 * 1
+4 * 1
+7 * 1
+7 +1 1
+4 * 1
+7 * 1
+4 * 1
+7 * 1
+7 * 1
+4 * 1
+3 * 1
cfi=(316)
cfn=(3074)
calls=1 0x2289b0 644 
* * 1131
+5 +1 1
+3 * 1
+3 * 1
cfn=(3110) test::formatters::pretty::PrettyFormatter<T>::write_plain
calls=1 0x20f750 89 
* * 533
fi=(245)
+5 2173 1
+3 * 1
fe=(361)
+6 302 1
+7 * 1
+5 * 1
+3 * 1
cfn=(3110)
calls=1 0x20f700 89 
* * 395
fi=(245)
+5 2173 1
+3 * 1
fe=(361)
+6 270 1
+3 +34 1
+4 * 1
+3 +1 1
jump=1 0x1fcad4 * 
* * 

fn=(1808)
0x1fc820 209 1
+1 * 1
+3 * 1
+2 * 1
+2 * 1
+1 * 1
+7 * 1
+3 * 1
+4 +1 1
+2 * 1
+4 * 1
+3 * 1
+7 * 1
+7 * 1
+4 * 1
+4 * 1
+7 * 1
+7 +1 1
+3 * 1
jfi=(262)
jcnd=1/1 +54 438 
* * 
fi=(262)
+54 438 1
+8 * 1
+8 * 1
+8 0 1
fe=(361)
+4 216 1
+7 * 1
+7 * 1
+4 * 1
+7 * 1
+4 * 1
+7 * 1
+4 * 1
+4 * 1
+4 * 1
+7 * 1
fi=(316)
+4 654 1
+7 * 1
+4 * 1
+7 * 1
cfn=(1338)
calls=1 0x28f450 -9 
* * 841
fe=(361)
+6 90 1
+4 * 1
+4 +1 1
+3 * 1
+3 * 1
cfi=(324)
cfn=(1830)
calls=1 0x1ff8f0 1875 
* * 282
+5 * 1
fi=(245)
+3 2173 1
+3 * 1
fi=(290)
+2 37 1
+3 -37 1
+4 37 1
+3 * 1
fi=(329)
+2 212 1
+3 * 1
cfi=(298)
cfn=(1890)
calls=1 0x22aee0 -13 
* * 69
+3 * 1
jfi=(290)
jump=1 +11 0 
* * 
fi=(290)
+11 0 1
fi=(233)
+3 805 1
fi=(255)
+4 617 1
+3 * 1
fi=(242)
+2 115 1
+5 * 1
+3 * 1
cfi=(162)
cfn=(886)
calls=1 0x1f3610 0 
* * 87
fi=(233)
+6 805 1
fi=(255)
+4 617 1
+3 * 1
jfi=(361)
jcnd=1/1 +17 217 
* * 
fe=(361)
+17 217 1
+3 * 1
+7 * 1
+1 * 1
+2 * 1
+2 * 1
+1 * 1

fn=(2972)
0x210b90 169 1
+1 * 1
+3 * 1
+2 * 1
+2 * 1
+1 * 1
+4 * 1
+3 * 1
+3 +1 1
+4 * 1
fi=(266)
+10 57 1
+4 * 1
+3 * 1
fe=(361)
+3 170 1
+3 * 1
+4 * 1
+3 * 1
cfi=(266)
cfn=(2974)
calls=1 0x21cc40 +43 
* * 124
fi=(266)
+6 +59 1
+5 * 1
jfi=(255)
jcnd=1/1 +83 0 
* * 
fe=(361)
+2 -55 1
+4 * 1
+7 * 1
fi=(316)
+4 654 1
+7 * 1
+4 * 1
+4 * 1
cfn=(1338)
calls=1 0x28f450 -9 
* * 514
fe=(361)
+6 90 1
+4 * 1
+4 +1 1
+3 * 1
+3 * 1
cfi=(324)
cfn=(1830)
calls=1 0x1ff8f0 1875 
* * 237
+5 * 1
fi=(245)
+3 2173 1
+3 * 1
jfi=(290)
jcnd=1/1 +40 37 
* * 
fi=(255)
+20 0 1
fi=(266)
+5 232 1
+4 * 1
jcnd=1/1 +38 +6 
* * 
fi=(290)
+11 37 1
+3 -37 1
+4 37 1
+3 * 1
fi=(329)
+6 212 1
+3 * 1
cfi=(298)
cfn=(1890)
calls=1 0x22aee0 -13 
* * 160
+3 * 1
jfi=(290)
jump=1 0x210d04 0 
* * 
fi=(266)
+5 +26 1
+5 * 1
jcnd=1/1 +11 +3 
* * 
+11 +3 1
+5 * 1
jfi=(361)
jcnd=1/1 0x210bd2 -67 
* * 
fi=(290)
0x210d04 0 1
fi=(233)
+3 805 1
fi=(255)
+4 617 1
+3 * 1
fi=(242)
+2 115 1
+5 * 1
+3 * 1
cfi=(162)
cfn=(886)
calls=1 0x1f3610 0 
* * 87
fi=(245)
+6 2173 1
+3 * 1
jfi=(233)
jcnd=1/1 +40 805 
* * 
fi=(233)
+11 805 1
fi=(242)
+4 115 1
+5 * 1
cfi=(162)
cfn=(886)
calls=1 0x1f3610 0 
* * 87
fe=(361)
+6 +63 1
+3 * 1
+4 * 1
+1 * 1
+2 * 1
+2 * 1
+1 * 1
fi=(233)
+1 805 1
+4 * 1
fi=(255)
+2 617 1
+3 * 1
jfi=(233)
jcnd=1/1 -38 805 
* * 
fe=(361)

fn=(3110)
0x20f700 89 1
+1 * 1
+3 * 1
+1 * 1
+1 * 1
+3 +2 1
cfi=(324)
cfn=(1830)
calls=1 0x1ff8f0 1875 
* * 309
fi=(245)
+5 2173 1
+3 * 1
jfi=(290)
jcnd=1/1 +9 37 
* * 
fi=(290)
+9 37 1
+3 -37 1
+4 37 1
+3 * 1
fi=(329)
+2 212 1
+3 * 1
+4 * 1
+1 * 1
+1 * 1
cfi=(298)
cfn=(1890)
calls=1 0x22aee0 -13 
* * 69
fe=(361)
+33 89 1
+1 * 1
+3 * 1
+2 * 1
+2 * 1
+1 * 1
+1 * 1
+3 * 1
+3 +1 1
+4 * 1
+4 +1 1
+3 * 1
cfi=(324)
cfn=(1830)
calls=1 0x1ff8f0 1875 
* * 251
fi=(245)
+5 2173 1
+3 * 1
fi=(290)
+2 37 1
+3 -37 1
+4 37 1
+3 * 1
fi=(329)
+2 212 1
+3 * 1
cfi=(298)
cfn=(1890)
calls=1 0x22aee0 -13 
* * 160
+3 * 1
jfi=(233)
jump=1 +11 805 
* * 
fi=(233)
+11 805 1
fi=(255)
+3 617 1
+3 * 1
fi=(242)
+2 115 1
+5 * 1
+3 * 1
+3 * 1
cfi=(162)
cfn=(886)
calls=1 0x1f3610 0 
* * 87
+6 * 1
fe=(361)
+3 -22 1
+4 * 1
+1 * 1
+2 * 1
+2 * 1
+1 * 1

fl=(369)
fn=(1922)
0x281480 2498 1
+3 * 1
+3 +82 1
+3 * 1
+3 * 1
fi=(307)
+2 458 1
fi=(356)
+2 186 1
+2 +1 1
+6 * 1
jfi=(370)
jcnd=1/1 +13 430 
* * 
fi=(370)
+13 430 1
+3 * 1
+2 * 1
fe=(369)

fl=(372)
fn=(1946)
0x25e620 107 1
+1 * 1
+3 * 1
+2 * 1
+2 * 1
+2 * 1
+1 * 1
+3 +1 1
+4 * 1
fi=(233)
+4 805 1
+8 * 1
+3 * 1
jfi=(372)
jcnd=1/1 +38 108 
* * 
fe=(372)
+38 108 1
+4 * 1
+4 * 1
+3 * 1
+3 +1 1
+3 * 1
+4 * 1
+4 * 1
+4 * 1
+4 * 1
+3 +1 1
+1 * 1
+2 * 1
+2 * 1
+2 * 1
+1 * 1

fl=(252)
fn=(836)
0x1f32c0 0 1
+7 0 1
+5 0 1
cfi=(253)
cfn=(838)
calls=1 0x211d50 180 
* 0 518764

fl=(335)
fn=(1512)
0x2299c0 257 932
+1 +2 932
+4 +4 932
+4 * 932
+3 * 932
jcnd=467/932 +49 0 
* * 
+2 0 465
+6 264 465
fi=(236)
+3 1068 465
+3 * 465
+3 * 465
fe=(335)
+4 124 465
+4 * 465
jcnd=465/465 +32 0 
* * 
+24 0 467
+3 0 467
jump=467 0x229ab5 279 
* 0 
+5 0 465
+2 0 465
+3 130 465
+3 * 465
+4 * 465
+3 * 465
jcnd=465/465 +23 +5 
* * 
+23 +5 465
+3 * 465
+2 +2 465
+5 * 465
+3 * 465
+2 * 465
+3 * 465
+3 266 465
+8 * 465
+3 * 465
+4 * 465
+4 +1 465
+3 * 465
jcnd=85/465 +11 0 
* * 
+2 +1 380
+3 0 380
+4 301 380
+1 * 380
+1 0 85
+4 271 85
+3 74 85
+4 * 85
fi=(172)
+3 2376 85
+3 * 85
+4 * 85
fi=(307)
+3 2027 85
fe=(335)
+4 76 85
fi=(307)
+3 2027 85
+4 * 85
fe=(335)
+4 77 85
fi=(172)
+3 2376 85
fi=(307)
+3 2027 85
fi=(172)
+4 2376 85
fe=(335)
+3 77 85
fi=(307)
+3 2027 85
fe=(335)
+4 77 85
+4 -1 85
fi=(307)
+3 2027 85
fe=(335)
+4 76 85
+4 +14 85
+4 273 85
+3 * 85
+3 +6 85
+3 +1 85
+3 * 85
+4 * 85
+4 +3 85
+3 * 85
jcnd=85/85 0x229b32 124 
* * 
-17 -4 467
+3 +1 467
+3 * 467
+4 * 467
+4 +3 467
+3 * 467
jcnd=464/467 0x229b32 124 
* * 
+2 0 3
+3 0 3
+4 0 3
+4 0 3
+4 0 3
fi=(233)
+9 547 3
fe=(335)
+4 289 3
fi=(172)
+3 2376 3
fi=(307)
+3 2027 3
fi=(172)
+4 2376 3
fe=(335)
+3 76 3
fi=(307)
+3 2027 3
fe=(335)
+4 77 3
fi=(307)
+3 2027 3
fi=(172)
+4 2376 3
+3 * 3
fi=(307)
+3 2027 3
fe=(335)
+4 77 3
fi=(307)
+3 2027 3
+4 * 3
fe=(335)
+4 76 3
+3 291 3
+3 +2 3
+4 -10 3
+3 * 3
+2 0 3
+4 0 3
+4 0 3
+4 0 3
+3 124 3
+4 * 3
jcnd=2/3 +23 0 
* * 
-4 * 549
+4 * 549
jcnd=231/549 +23 0 
* * 
fi=(233)
+2 547 319
+4 * 319
fe=(335)
+5 130 319
+2 * 319
+3 * 319
+3 * 319
jfi=(328)
jcnd=137/319 +18 863 
* * 
+2 * 182
jump=182 +42 +5 
* * 
+2 0 233
+2 0 233
+2 130 233
+2 * 233
+3 * 233
+3 * 233
jcnd=87/233 +28 +5 
* * 
fi=(328)
+2 863 283
fi=(233)
+4 547 283
fe=(335)
+5 132 283
+7 * 283
+3 * 283
+3 +1 283
+4 +2 283
+3 * 283
jcnd=96/283 +21 299 
* * 
-3 * 269
+3 * 269
jcnd=195/269 +21 299 
* * 
+2 +2 261
+3 * 261
+5 * 261
+3 * 261
+2 * 261
+3 * 261
+3 299 261
+4 0 261
+4 301 261
+1 * 261
-9 -2 291
+4 0 291
+4 301 291
+1 * 291

ob=(4) /usr/libexec/valgrind/vgpreload_core-amd64-linux.so
fl=(156) ???
fn=(3270) 0x0000000000001060
0x1060 0 1
+7 0 1
+7 0 1
+3 0 1
jcnd=1/1 +23 0 
* 0 
+23 0 1

fn=(504) 0x0000000000001110
0x1090 0 1
+7 0 1
+7 0 1
+3 0 1
+3 0 1
+4 0 1
+4 0 1
+3 0 1
+3 0 1
jcnd=1/1 +22 0 
* 0 
+22 0 1
+72 0 1
+4 0 1
jump=1 0x1090 0 
* 0 

fn=(3260) 0x00000000000010d0
0x10d0 0 1
+4 0 1
+7 0 1
+2 0 1
+1 0 1
+8 0 1
+3 0 1
+2 0 1
+7 0 1
cob=(3)
cfi=(153)
cfn=(3266)
calls=1 0x483d030 0 
* 0 80
+5 0 1
cfn=(3270)
calls=1 0x1060 0 
* 0 5
+5 0 1
+7 0 1
+1 0 1

ob=(1)
fl=(41) ./string/../sysdeps/x86_64/multiarch/../multiarch/strchr-sse2.S
fn=(114) index
0x272b0 32 20
+4 +1 20
+4 +1 20
+2 +1 20
+5 +1 20
+4 +1 20
+5 +1 20
+4 +1 20
+5 +1 20
+6 +1 20
+4 +1 20
+4 +1 20
+4 +1 20
+4 +1 20
+4 +1 20
+4 +1 20
+4 +1 20
+2 +1 20
jcnd=4/20 +27 +14 
* * 
+2 +1 16
+3 +4 16
+5 +1 16
+4 +1 16
+3 +1 16
+4 +2 16
+6 +4 4
+5 +1 4
+4 +1 4
+4 +1 4
+4 +1 4
+4 +1 4
+4 +1 4
+5 +1 4
+4 +1 4
+4 +1 4
+4 +1 4
+4 +1 4
+4 +1 4
+4 +1 4
+5 +1 4
+4 +1 4
+4 +1 4
+4 +1 4
+3 +1 4
+4 +1 4
+4 +1 4
+4 +1 4
+3 +1 4
+3 +1 4
jcnd=4/4 0x27420 +52 
* * 
0x27420 +52 4
+4 +4 4
+5 +1 4
+4 +1 4
+3 +1 4
+4 +2 4

fl=(51) ./setjmp/../sysdeps/x86_64/setjmp.S
fn=(158) __sigsetjmp
0x26000 31 8
+4 +2 8
+3 +9 8
+3 +1 8
+7 * 8
+4 +1 8
+4 +4 8
+4 +1 8
+4 +1 8
+4 +1 8
+4 +1 8
+5 +2 8
+7 * 8
+4 +2 8
+4 +1 8
+4 +1 8
+1 +2 8
+7 * 8
+4 +2 8
+4 +8 8
+2 +3 8
+5 +1 8
+4 +7 8
+2 +1 8

fl=(9) ./elf/../sysdeps/unix/sysv/linux/dl-sysdep.c
fn=(16) _dl_sysdep_start
0x1eec0 102 1
+4 * 1
+1 * 1
+3 * 1
+1 * 1
+3 +4 1
+4 -4 1
+4 +1 1
+7 +3 1
cfn=(18) _dl_sysdep_parse_arguments
calls=1 0x1e1d0 -28 
* * 477
+5 +4 1
+7 * 1
cfi=(11)
cfn=(22) __GI___tunables_init
calls=1 0x158b0 261 
* * 38186
+5 +3 1
cfi=(13) ./elf/./elf/dl-sort-maps.c
cfn=(26) _dl_sort_maps_init
calls=1 0x13370 289 
* * 38
+5 +2 1
+2 * 1
cfi=(14) ./elf/../sysdeps/unix/sysv/linux/brk.c
cfn=(30) brk
calls=1 0x249c0 -79 
* * 8
fi=(6) ./elf/../sysdeps/x86_64/dl-machine.h
+5 220 1
cfi=(15) ./elf/../sysdeps/x86/dl-get-cpu-features.c
cfn=(34) _dl_x86_init_cpu_features
calls=1 0x1a900 37 
* * 7349
fe=(9)
+5 -98 1
+7 * 1
+3 * 1
+2 +1 1
cfi=(22) ./string/../sysdeps/x86_64/multiarch/../multiarch/strlen-sse2.S
cfn=(62) strlen
calls=1 0x28b00 -66 
* * 17
+5 * 1
+7 +2 1
+2 * 1
cfi=(23) ./elf/../misc/sbrk.c
cfn=(64) sbrk
calls=1 0x25300 -88 
* * 16
+5 * 1
+7 * 1
+3 * 1
+2 +12 1
+6 * 1
+2 * 1
+2 +3 1
+3 * 1
+4 * 1
+4 * 1
+7 * 1
cfi=(2) ./elf/./elf/rtld.c
cfn=(66) dl_main
calls=1 0x20af0 1346 
* * 241950
+2 +3 1
+4 * 1
+4 * 1
+1 * 1

fn=(18)
0x1e1d0 78 1
+1 +2 1
+4 -2 1
+3 * 1
+3 * 1
+2 * 1
+2 * 1
+1 * 1
+7 +1 1
+4 +1 1
+7 -1 1
+6 +2 1
+2 * 1
+5 +2 1
+4 -2 1
+7 +2 1
+2 * 1
+4 -1 1
+4 +1 1
+4 * 1
jcnd=1/1 -8 -1 
* * 
-8 -1 60
+4 +1 60
+4 * 60
jcnd=59/60 -8 -1 
* * 
+2 +7 1
+2 * 1
+7 * 1
+5 * 1
jump=1 * * 
* * 
* * 52
jcnd=51/52 * * 
* * 
fi=(10) ./elf/../sysdeps/unix/sysv/linux/dl-parse_auxv.h
+3 -49 1
fe=(9)
+4 +45 1
fi=(10)
+4 -54 1
fe=(9)
+7 +54 1
fi=(10)
+7 -54 1
+7 +1 1
+11 +1 1
+11 +7 1
+3 * 1
+6 * 1
+9 +1 1
+4 * 1
-4 * 21
+4 * 21
+6 +1 22
+4 -2 22
+4 +2 22
+8 -2 22
+3 * 22
+3 * 22
jcnd=21/22 -32 +1 
* * 
+2 * 1
fe=(9)
+8 +52 1
+8 * 1
+8 * 1
+7 +1 1
+6 +1 1
+7 * 1
fi=(10)
+4 -49 1
+7 +1 1
fe=(9)
+7 +46 1
fi=(10)
+5 -45 1
+7 +3 1
+7 +1 1
+7 +1 1
+8 +1 1
+7 +2 1
+7 -5 1
+7 -4 1
+7 +1 1
+7 +4 1
+7 +1 1
+8 +3 1
+7 -7 1
+7 -4 1
+7 +1 1
+7 +8 1
fe=(9)
+7 +40 1
+4 -1 1
+3 +2 1
+4 +1 1
+7 * 1
+1 * 1
+2 * 1
+2 * 1
+1 * 1

fn=(480) _dl_sysdep_start_cleanup
0x1ef80 147 1
+4 +1 1

fl=(38) ./elf/../sysdeps/x86_64/dl-hwcaps-subdirs.c
fn=(106) _dl_hwcaps_subdirs_active
0x1ce80 29 1
fi=(19) ./elf/../sysdeps/x86/get-isa-level.h
+4 +2 1
fe=(38)
+6 +7 1
fi=(19)
+2 -8 1
+2 * 1
+2 * 1
+3 * 1
jcnd=1/1 +13 +2 
* * 
fe=(38)
+2 +22 1
fi=(19)
+11 -20 1
+6 * 1
+3 * 1
+2 +4 1
fe=(38)
+2 +2 1
fi=(19)
+2 -2 1
+6 * 1
+2 +3 1
+6 * 1
+2 * 1
+5 * 1
+2 +1 1
+6 * 1
+2 * 1
+3 * 1
+2 +5 1
fe=(38)
+2 -7 1
fi=(19)
+2 +7 1
+2 * 1
+6 * 1
fe=(38)
+2 -2 1
fi=(19)
+5 +5 1
+6 * 1
+2 +3 1
+6 * 1
+2 * 1
+2 * 1
+6 * 1
+2 +2 1
+2 * 1
+2 * 1
+6 * 1
+2 +1 1
+3 * 1
+2 +1 1
+6 * 1
+2 +3 1
fe=(38)
+2 -10 1
fi=(19)
+5 +10 1
+2 * 1
+6 * 1
jfi=(38)
jcnd=1/1 0x1ce95 -6 
* * 
fe=(38)

fl=(16) ./elf/../sysdeps/x86/cpu-features.c
fn=(36) init_cpu_features.constprop.0
0x195e0 682 1
+1 +17 1
+2 -17 1
+3 * 1
+2 * 1
+2 * 1
+2 * 1
+2 * 1
+1 * 1
+7 +3 1
+7 +1 1
+7 +1 1
+7 +3 1
+11 +9 1
+2 * 1
+6 +3 1
+6 * 1
+6 * 1
+6 * 1
+6 * 1
+6 * 1
jcnd=1/1 0x1a3f8 +6 
* * 
0x198bf 1001 1
+6 * 1
+6 * 1
+2 +1 1
+4 * 1
+7 +3 1
+6 * 1
+2 +1 1
+4 * 1
+7 +6 1
+6 +1 1
+6 +1 1
+6 +1 1
fi=(20) ./elf/../sysdeps/x86/dl-cacheinfo.h
+6 792 1
+8 +1 1
+8 +2 1
+7 +14 1
+3 * 1
jcnd=1/1 0x19ee8 +2 
* * 
0x199c1 +85 1
+7 +1 1
+7 +15 1
+3 -5 1
+7 +5 1
+5 -10 1
+7 -6 1
+7 +2 1
+4 +14 1
+4 -15 1
+7 +2 1
+7 -1 1
+7 +2 1
+7 -1 1
+7 +2 1
+7 -1 1
+7 +1 1
+7 +2 1
+7 +1 1
+7 +1 1
+7 +1 1
+7 +35 1
+7 * 1
+2 -15 1
+7 * 1
+2 * 1
+3 +8 1
+3 * 1
+4 +27 1
+10 * 1
+5 * 1
+3 * 1
+4 * 1
+7 * 1
+4 +9 1
+7 * 1
jcnd=1/1 0x19df0 +6 
* * 
+36 +19 1
+5 * 1
+7 +8 1
+3 * 1
+5 * 1
+4 * 1
+4 * 1
+2 * 1
cfi=(11)
cfn=(28)
calls=1 0x15c10 387 
* * 23
+5 * 1
+4 +2 1
+3 * 1
jcnd=1/1 +13 +3 
* * 
+13 +3 1
+2 * 1
+3 * 1
+5 * 1
cfi=(11)
cfn=(28)
calls=1 0x15c10 387 
* * 23
+5 * 1
+4 +2 1
+3 * 1
jcnd=1/1 +16 +3 
* * 
+16 +3 1
+2 * 1
+3 * 1
+5 * 1
cfi=(11)
cfn=(28)
calls=1 0x15c10 387 
* * 23
+5 * 1
+4 +1 1
+10 * 1
+7 * 1
+7 * 1
+3 * 1
+2 +16 1
+7 * 1
+3 -12 1
+2 * 1
+3 * 1
+5 * 1
+7 * 1
cfi=(11)
cfn=(28)
calls=1 0x15c10 387 
* * 23
+5 * 1
+4 +1 1
+7 * 1
+3 * 1
jcnd=1/1 +7 +6 
* * 
+7 +6 1
+2 * 1
+3 * 1
+7 +3 1
+4 -3 1
+5 * 1
cfi=(11)
cfn=(28)
calls=1 0x15c10 387 
* * 23
+5 * 1
+4 +3 1
+3 * 1
+3 * 1
+7 * 1
+5 * 1
+8 -3 1
+7 +3 1
+4 * 1
+4 * 1
+8 * 1
+8 * 1
cfi=(11)
cfn=(58) __GI___tunable_set_val
calls=1 0x15770 153 
* * 62
+5 +1 1
+7 * 1
+4 * 1
+3 * 1
+5 * 1
+8 * 1
+4 * 1
+3 * 1
+8 * 1
+8 * 1
cfi=(11)
cfn=(58)
calls=1 0x15770 153 
* * 62
+5 +1 1
+4 * 1
+3 * 1
+3 * 1
+7 * 1
+8 * 1
+10 * 1
+4 * 1
+5 * 1
+4 * 1
+8 * 1
cfi=(11)
cfn=(58)
calls=1 0x15770 153 
* * 62
+5 +3 1
+4 * 1
+4 * 1
+3 * 1
+3 * 1
+5 * 1
+4 * 1
+3 * 1
+8 * 1
+8 * 1
cfi=(11)
cfn=(58)
calls=1 0x15770 153 
* * 62
+5 +2 1
+3 * 1
+3 * 1
+3 * 1
+7 * 1
+5 * 1
+8 * 1
+8 * 1
+8 * 1
+4 * 1
cfi=(11)
cfn=(58)
calls=1 0x15770 153 
* * 62
+5 +13 1
+7 +2 1
fe=(16)
+4 -23 1
fi=(20)
+7 +21 1
+7 +3 1
fe=(16)
+7 -24 1
fi=(20)
+5 +26 1
+7 -5 1
+7 +2 1
+7 -2 1
+4 +3 1
fe=(16)
+7 -24 1
fi=(20)
+3 +25 1
+7 +3 1
+7 -1 1
fe=(16)
+7 -27 1
cfi=(11)
cfn=(28)
calls=1 0x15c10 387 
* * 22
+5 +3 1
+7 * 1
+3 * 1
+5 * 1
cfi=(11)
cfn=(28)
calls=1 0x15c10 387 
* * 24
+5 +6 1
+6 * 1
+5 * 1
jcnd=1/1 0x19e28 +14 
* * 
+95 +54 1
+7 -1 1
+11 +1 1
jcnd=1/1 0x19e50 +4 
* * 
+6 +45 1
+3 * 1
+7 * 1
+5 * 1
cfi=(11)
cfn=(28)
calls=1 0x15c10 387 
* * 22
+5 +2 1
+3 * 1
+5 * 1
+7 * 1
cfi=(11)
cfn=(28)
calls=1 0x15c10 387 
* * 22
+5 +6 1
+3 * 1
+5 * 1
+7 * 1
cfi=(11)
cfn=(28)
calls=1 0x15c10 387 
* * 24
+5 +7 1
+7 * 1
+1 * 1
+2 * 1
+2 * 1
+2 * 1
+2 * 1
+1 * 1
fi=(20)
+4 974 1
+3 * 1
+5 * 1
+3 * 1
+3 * 1
+7 * 1
+7 * 1
+3 * 1
+3 * 1
+3 * 1
+4 * 1
+7 * 1
jump=1 0x19ab0 +13 
* * 
fe=(16)
+8 +68 1
+6 -1 1
+2 * 1
+6 +1 1
+3 * 1
+2 * 1
jcnd=1/1 0x19d87 +40 
* * 
+21 +44 1
+6 * 1
+6 * 1
jcnd=1/1 +68 +17 
* * 
+25 +27 1
+7 * 1
jump=1 0x19d9f +14 
* * 
+36 -10 1
+3 * 1
+6 +1 1
+3 * 1
+6 +2 1
+2 * 1
+6 * 1
+6 +1 1
+7 * 1
+6 +2 1
+2 * 1
+5 * 1
+6 +1 1
+7 * 1
jump=1 0x19e75 +3 
* * 
fi=(20)
+7 811 1
+5 * 1
cfn=(50) handle_intel.constprop.0
calls=1 0x18e00 255 
* * 455
+5 +1 1
+5 -1 1
+7 +1 1
cfn=(50)
calls=1 0x18e00 255 
* * 503
+5 +1 1
+5 -1 1
+3 +1 1
cfn=(50)
calls=1 0x18e00 255 
* * 530
+5 +4 1
+5 -4 1
+4 +1 1
+4 * 1
+7 +3 1
cfn=(50)
calls=1 0x18e00 255 
* * 476
+5 +2 1
+5 -2 1
+7 +2 1
cfn=(50)
calls=1 0x18e00 255 
* * 468
+5 +3 1
+5 -3 1
+7 +1 1
+7 * 1
+4 +2 1
cfn=(50)
calls=1 0x18e00 255 
* * 446
+5 +2 1
+5 -2 1
+7 +2 1
cfn=(50)
calls=1 0x18e00 255 
* * 447
+5 +3 1
+5 -2 1
+7 -1 1
+7 +3 1
cfn=(50)
calls=1 0x18e00 255 
* * 494
+5 +2 1
+5 -2 1
+7 +2 1
cfn=(50)
calls=1 0x18e00 255 
* * 495
+5 +1 1
+7 +2 1
+5 -3 1
+7 +1 1
+7 +2 1
cfn=(50)
calls=1 0x18e00 255 
* * 521
+5 +2 1
+5 -2 1
+7 +2 1
cfn=(50)
calls=1 0x18e00 255 
* * 522
+5 +2 1
+5 -2 1
+3 +2 1
cfn=(50)
calls=1 0x18e00 255 
* * 523
+5 +2 1
+7 * 1
+4 * 1
+4 * 1
+4 -2 1
+7 +2 1
cfn=(56) get_common_cache_info.constprop.0
calls=1 0x185a0 571 
* * 223
+5 +93 1
+4 -6 1
+4 * 1
+7 * 1
+7 +6 1
+4 -6 1
+7 * 1
+7 +6 1
+3 * 1
+4 -6 1
+7 * 1
+7 +6 1
+4 * 1
+7 -1 1
+4 * 1
jump=1 0x199c1 -36 
* * 
fe=(16)
0x1a3f8 708 1
+4 * 1
+4 * 1
+4 * 1
+4 * 1
+3 * 1
cfn=(38) get_common_indices.constprop.0
calls=1 0x18400 398 
* * 74
+5 376 1
+5 * 1
+2 * 1
+2 +1 1
+5 * 1
+2 +1 1
+5 * 1
+2 * 1
+6 * 1
+6 * 1
+6 * 1
+6 +5 1
+6 * 1
jcnd=1/1 0x1a588 +1 
* * 
+6 713 1
cfn=(42) update_active.constprop.0
calls=1 0x18ef0 72 
* * 222
+5 +2 1
+3 +2 1
+3 1015 1
+3 715 1
+3 * 1
jcnd=1/1 0x1a620 +2 
* * 
+39 878 1
+7 * 1
+2 +7 1
+7 * 1
+2 +2 1
+7 * 1
+7 +4 1
+7 * 1
+2 +6 1
+7 * 1
jcnd=1/1 +16 +2 
* * 
+16 +2 1
+4 706 1
+5 * 1
+4 -3 1
jump=1 0x198bf 1001 
* * 
0x1a588 384 1
+5 * 1
+2 * 1
+6 * 1
+6 * 1
+6 * 1
+6 +5 1
+6 * 1
+6 +1 1
+5 * 1
+2 * 1
+6 * 1
+6 * 1
+6 * 1
+6 * 1
jump=1 0x1a44b 713 
* * 
+78 717 1
fi=(20)
+3 987 1
+6 -48 1
fe=(16)
+7 717 1
fi=(20)
+2 987 1
+6 * 1
fe=(16)
+3 717 1
+3 * 1
+2 * 1
+6 * 1
+6 * 1
+7 * 1
+5 +4 1
+4 * 1
+6 * 1
+7 * 1
+4 * 1
+4 * 1
+3 * 1
jump=1 0x1a6fa +78 
* * 
0x1a6fa +78 1
+11 -25 1
+7 * 1
+7 * 1
jcnd=1/1 0x1a849 +7 
* * 
+12 +92 1
+3 * 1
+6 +3 1
+7 * 1
fi=(20)
+7 +38 1
fe=(16)
+7 -37 1
jump=1 0x1a483 +8 
* * 
0x1a849 -89 1
+4 * 1
+7 +51 1
+4 * 1
jcnd=1/1 0x1a71f +34 
* * 

fn=(38)
0x18400 398 1
+1 * 1
+3 * 1
+1 +4 1
+3 * 1
+2 * 1
+3 * 1
+3 +3 1
+5 * 1
+2 * 1
+6 +5 1
+2 * 1
+3 -5 1
+6 +5 1
+3 -5 1
+6 +4 1
+6 +1 1
+2 +1 1
+2 * 1
+3 * 1
+3 * 1
+2 +1 1
+2 * 1
+3 * 1
+6 * 1
+3 +1 1
+2 * 1
+3 * 1
+3 +1 1
+3 * 1
+6 +7 1
+7 * 1
+6 +2 1
+6 * 1
+2 * 1
+3 * 1
+2 * 1
+2 +5 1
+5 -5 1
+6 +5 1
+3 -5 1
+6 +5 1
+2 -5 1
+6 * 1
+6 +5 1
+2 +7 1
+7 -7 1
+6 * 1
+6 * 1
+6 * 1
+6 +7 1
+2 +1 1
+5 * 1
+2 * 1
+2 +6 1
+7 -6 1
+6 * 1
+6 * 1
+6 * 1
+6 +6 1
jfi=(17) ./elf/../sysdeps/unix/sysv/linux/x86/dl-minsigstacksize.h
jcnd=1/1 +77 24 
* * 
fi=(17)
+77 24 1
+8 * 1
+2 +3 1
+7 * 1
+2 +1 1
+7 * 1
+2 +37 1
+5 * 1
+2 * 1
+2 +7 1
+6 +2 1
fe=(16)
+7 457 1
+4 * 1
+1 * 1

fn=(42)
0x18ef0 72 1
+1 * 1
+3 * 1
+2 * 1
+2 * 1
+2 * 1
+2 * 1
+1 * 1
+7 +4 1
+6 +10 1
+7 +9 1
+7 +9 1
+7 -19 1
+3 -1 1
+2 +29 1
+7 -4 1
+3 -24 1
+7 +9 1
+3 +9 1
+3 +9 1
+3 -28 1
+6 * 1
+6 +25 1
+7 -15 1
+5 -9 1
+3 +9 1
+6 +9 1
+6 +9 1
+6 -3 1
+3 +7 1
+3 -13 1
+6 +9 1
+6 +4 1
+6 * 1
+6 -22 1
+6 +22 1
+6 * 1
+6 -13 1
+6 +6 1
+7 +3 1
+6 +5 1
+6 +12 1
+7 -8 1
+2 -4 1
+6 +7 1
+6 -3 1
+6 * 1
+6 * 1
+6 * 1
+6 +1 1
+6 +2 1
+6 -2 1
+6 * 1
+6 +1 1
+6 * 1
+6 * 1
+6 +5 1
+2 +2 1
+6 -2 1
+6 * 1
+6 * 1
+6 * 1
+3 +1 1
+3 +1 1
+3 -1 1
+6 * 1
+6 +1 1
+6 -1 1
+6 +3 1
+7 * 1
+2 +1 1
+3 * 1
+6 * 1
+2 * 1
+6 +14 1
+3 * 1
jcnd=1/1 0x190e0 +4 
* * 
+8 356 1
+2 * 1
jcnd=1/1 +9 +4 
* * 
+9 +4 1
+6 * 1
+3 * 1
jfi=(18) ./elf/../sysdeps/unix/sysv/linux/x86/dl-hwcap2.h
jcnd=1/1 +34 25 
* * 
fi=(18)
+34 25 1
+7 * 1
jfi=(19)
jcnd=1/1 +13 +5 
* * 
fi=(19)
+13 +5 1
+2 -2 1
+2 +2 1
+2 * 1
+3 * 1
jcnd=1/1 0x192e0 +2 
* * 
fe=(16)
+6 369 1
+6 +1 1
+7 * 1
+1 * 1
+2 * 1
+2 * 1
+2 * 1
+2 * 1
+1 * 1
+5 151 1
+10 * 1
+3 +1 1
+2 * 1
+10 -1 1
+5 * 1
+6 * 1
+2 * 1
+6 * 1
+6 +1 1
+3 * 1
+3 +2 1
+2 * 1
+2 * 1
jcnd=1/1 0x19300 +4 
* * 
+6 +90 1
+6 +1 1
+6 -1 1
+2 * 1
jcnd=1/1 0x1919f +17 
* * 
0x1919f +17 1
+3 * 1
+2 * 1
+5 * 1
+6 +16 1
+7 * 1
jcnd=1/1 +16 +5 
* * 
+16 +5 1
+6 -1 1
+7 * 1
+7 +4 1
+3 * 1
+4 * 1
+7 * 1
+7 +4 1
+3 * 1
+6 +4 1
+5 * 1
+2 * 1
+2 +1 1
+2 * 1
+6 +3 1
+3 -1 1
+3 +9 1
+3 -5 1
+2 +2 1
+6 -2 1
+7 +5 1
jcnd=1/1 0x192c8 +51 
* * 
0x192c8 +51 1
fi=(19)
+3 31 1
fe=(16)
+6 356 1
+3 * 1
jump=1 0x1906b * 
* * 
fi=(19)
+12 32 1
+3 * 1
+3 * 1
+6 +4 1
+2 * 1
+5 * 1
jcnd=1/1 0x19468 +3 
* * 
fe=(16)
+13 158 1
+2 * 1
+5 * 1
+6 * 1
+2 +3 1
+7 +3 1
+4 * 1
jcnd=1/1 0x19508 +7 
* * 
+6 +14 1
+6 +2 1
+6 +10 1
+6 * 1
+10 * 1
+3 -12 1
+5 +12 1
+7 -12 1
+3 +2 1
+3 * 1
+3 -2 1
+7 +2 1
+2 +8 1
+6 -8 1
+6 +6 1
+3 * 1
+5 * 1
+2 +2 1
+6 -2 1
+6 +2 1
+5 * 1
+2 * 1
+6 +7 1
+10 * 1
+3 * 1
+2 * 1
+2 * 1
jcnd=1/1 0x19122 +49 
* * 
fi=(19)
0x19468 39 1
+7 * 1
+6 +1 1
+6 * 1
+2 * 1
+3 * 1
+6 -2 1
+2 +7 1
+3 * 1
+2 * 1
+6 * 1
+6 +2 1
+5 +1 1
+7 * 1
+6 +3 1
+6 * 1
+2 * 1
+2 * 1
+6 * 1
+6 +2 1
+3 * 1
+2 * 1
+6 * 1
+6 +1 1
+2 * 1
+2 +1 1
+7 * 1
+2 +3 1
+2 -1 1
+5 +1 1
+2 * 1
+5 * 1
jfi=(16)
jcnd=1/1 0x190c4 369 
* * 
fe=(16)
+27 171 1
+10 -5 1
+3 * 1
+6 +4 1
jump=1 0x19320 +8 
* * 

fl=(57) ./misc/../sysdeps/unix/sysv/linux/mmap64.c
fn=(178) mmap
0x25d00 47 16
+4 +3 16
+7 * 16
+2 -3 16
+1 * 16
+3 * 16
+2 * 16
+3 * 16
+1 * 16
+3 +6 16
+3 * 16
jcnd=6/16 +59 * 
* * 
+2 +5 16
+3 * 16
+3 * 16
+5 * 16
+2 * 16
+6 * 16
+2 +2 16
+1 * 16
+2 * 16
+1 * 16
+32 -7 6
+2 * 6
+6 * 6
+3 * 6
+2 * 6
jcnd=3/6 -70 +5 
* * 
+2 * 3
+7 * 3
jcnd=3/3 -79 +5 
* * 

fl=(78)
fn=(274) do_lookup_x
0xa530 347 220
+1 * 220
+3 * 220
+2 * 220
+2 * 220
+2 * 220
+2 * 220
+1 * 220
+7 * 220
+4 +1 220
+4 -1 220
+4 * 220
+4 * 220
+4 * 220
+4 +6 220
+3 -6 220
+4 +65 220
+2 -58 220
+3 +11 220
+4 +50 220
+3 -3 220
+3 * 220
+3 +3 220
+2 * 220
+3 -50 220
+4 +50 220
+3 * 220
+4 * 220
+3 * 220
jump=220 0xa61d -57 
* * 
+8 -19 898
+6 * 898
+2 * 898
+2 +8 898
+4 -4 898
+7 +1 898
+8 +3 898
+4 * 898
+2 * 898
+7 * 898
jcnd=898/898 +8 +1 
* * 
+8 +1 898
+4 * 898
+4 +3 898
+7 -3 898
+3 +4 898
+3 * 898
+6 +4 898
+3 * 898
+6 -2 898
+4 +5 898
+6 * 898
+3 * 898
+2 * 898
+2 +3 898
+3 * 898
+3 * 898
+4 * 898
+3 * 898
+3 * 898
+3 * 898
jcnd=215/898 0xa818 +4 
* * 
+6 +99 689
+4 * 689
+3 * 689
jcnd=11/689 0xa9b5 +4 
* * 
+6 358 898
+5 * 898
+4 +3 898
+3 * 898
+2 +4 898
+3 * 898
jcnd=898/898 +11 +21 
* * 
+11 +21 898
+7 * 898
jcnd=898/898 +17 +4 
* * 
+17 +4 898
+7 * 898
jcnd=898/898 0xa590 +6 
* * 
0xa785 +71 208
+7 * 208
+7 * 208
+3 * 208
+4 * 208
+4 * 208
+4 * 208
+7 * 208
fi=(4) ./elf/../sysdeps/generic/ldsodefs.h
+7 139 208
+4 * 208
+2 +1 208
+3 * 208
+3 * 208
fe=(78)
+3 476 208
+3 * 208
fi=(4)
-18 139 1
+4 * 1
+2 +1 1
+3 * 1
+3 * 1
fe=(78)
+3 476 1
+3 * 1
fi=(80) ./elf/../sysdeps/generic/dl-protected.h
+6 29 209
+3 * 209
+2 * 209
+3 * 209
fe=(78)
+6 483 209
+4 * 209
+3 * 209
+2 * 209
jcnd=63/209 0xab30 +4 
* * 
+6 * 146
+2 * 146
+6 * 146
+2 * 146
+6 +16 209
+4 * 209
+3 +1 209
+4 +22 209
+4 -21 209
+5 +21 209
+1 * 209
+2 * 209
+2 * 209
+2 * 209
+2 * 209
+1 * 209
+5 -99 215
+3 * 215
+2 * 215
+2 -1 215
+7 * 215
+3 +2 215
+2 * 215
jcnd=4/215 0xa610 +94 
* * 
+6 +2 211
+7 +6 211
+7 * 211
+3 * 211
+4 * 211
+4 -6 211
+4 +6 211
+4 * 211
+7 * 211
+4 * 211
+4 * 211
+4 * 211
+7 * 211
jump=211 +16 -3 
* * 
+4 +7 280
+4 * 280
+2 * 280
jcnd=3/280 0xa970 +31 
* * 
+6 -10 488
+3 * 488
+2 * 488
+3 * 488
+2 * 488
jcnd=273/488 -22 +10 
* * 
+2 +2 215
+3 +1 215
+4 * 215
+4 * 215
+4 -1 215
+7 +1 215
+4 * 215
+3 -1 215
+4 +1 215
+1 +1 215
+2 -1 215
+1 +1 215
+4 -1 215
+2 * 215
+1 * 215
+5 * 215
+4 * 215
+3 * 215
+4 * 215
cfn=(276) check_match
calls=215 0xa390 70 
* * 27290
+5 +4 215
+4 * 215
+3 * 215
jcnd=208/215 0xa785 +25 
* * 
+6 +3 7
+3 * 7
jump=7 0xa870 * 
* * 
0xa970 +31 3
+4 * 3
+7 * 3
+7 * 3
+4 * 3
+4 * 3
+4 * 3
+7 * 3
jcnd=2/3 0xa610 +48 
* * 
+6 * 1
+4 +2 1
+3 * 1
jfi=(4)
jcnd=1/1 0xa7b0 139 
* * 
+19 +50 11
+4 -1 11
+2 +1 11
+1 * 11
+2 * 11
+2 * 11
+2 * 11
+2 * 11
+1 * 11
0xab30 -35 63
+6 * 63
+2 * 63
jcnd=63/63 0xa7f5 +12 
* * 

fn=(276)
0xa390 70 215
+1 * 215
+3 * 215
+3 * 215
+2 * 215
+2 * 215
+3 * 215
+3 * 215
+2 * 215
+2 * 215
+3 * 215
+1 * 215
+3 * 215
+4 * 215
+5 * 215
+4 +3 215
+5 * 215
+3 * 215
+5 * 215
+6 * 215
+3 * 215
+3 +13 215
+5 -13 215
+4 +13 215
+2 -13 215
+3 +13 215
+3 * 215
+3 * 215
+6 +3 215
+3 * 215
jcnd=64/215 +24 +4 
* * 
+2 * 151
+2 * 151
+3 * 151
+4 * 151
cfi=(31) ./string/../sysdeps/x86_64/multiarch/../multiarch/strcmp-sse2.S
cfn=(90) strcmp
calls=151 0x274e0 +9 
* * 7893
+5 * 151
+2 * 151
+6 +4 215
+7 +1 215
+3 * 215
jcnd=3/215 +87 +50 
* * 
+2 +2 212
+3 * 212
+6 +19 212
+3 * 212
+5 +1 212
+3 * 212
+5 * 212
+4 * 212
+7 * 212
+4 * 212
+4 * 212
+4 * 212
jcnd=206/212 0xa4b8 +1 
* * 
+2 +2 6
+4 * 6
jcnd=6/6 0xa4b0 -40 
* * 
+8 +43 208
+3 +1 208
+4 * 208
+1 * 208
+2 * 208
+2 * 208
+2 * 208
+2 * 208
+1 * 208
-14 * 7
+4 * 7
+1 * 7
+2 * 7
+2 * 7
+2 * 7
+2 * 7
+1 * 7
+6 -18 3
+3 * 3
+2 +2 3
+3 * 3
+4 +1 3
+2 -1 3
+2 * 3
+6 +1 3
+4 * 3
+3 * 3
+3 -1 3
+2 * 3
jcnd=2/3 -57 +15 
* * 
+2 +4 1
+3 * 1
+2 +1 1
+4 * 1
+4 * 1
+2 * 1
+3 * 1
+2 * 1
+2 * 1
+2 +2 1
+4 * 1
+3 * 1
+5 -75 1
+2 * 1
jump=1 -94 +84 
* * 
-2 * 6
+2 * 6
jump=6 -94 +84 
* * 
+6 +39 206
+3 * 206
+3 * 206
cfi=(31)
cfn=(90)
calls=206 0x274e0 -19 
* * 5820
+5 * 206
+2 * 206
jcnd=206/206 0xa451 +44 
* * 

fn=(270)
0xb0d0 772 220
+4 * 220
+1 * 220
+3 * 220
+2 * 220
+2 * 220
+2 +3 220
+3 -3 220
+2 * 220
+3 * 220
+1 +3 220
+3 -3 220
+7 * 220
+4 * 220
+7 * 220
fi=(79) ./elf/../sysdeps/generic/dl-new-hash.h
+7 74 220
+5 +3 220
+2 * 220
+6 -8 220
+3 +1 220
+6 * 220
+7 +10 220
+4 +1 220
+2 * 220
-6 -1 1304
+4 +1 1304
+2 * 1304
jcnd=101/1304 0xb350 +6 
* * 
+6 +20 1423
+7 -2 1423
+2 +6 1423
+4 -3 1423
+3 * 1423
+2 +2 1423
+3 -30 1423
+3 +3 1423
+2 * 1423
jcnd=1304/1423 -38 +3 
* * 
fe=(78)
+2 774 220
+5 +1 220
+4 +3 220
+8 -4 220
+4 +1 220
+4 +7 220
+3 * 220
jcnd=14/220 +12 +5 
* * 
+2 * 206
+4 * 206
+6 +5 220
+7 -2 220
+5 +2 220
+3 -2 220
+6 +6 220
+3 * 220
+6 * 220
+2 * 220
+3 * 220
+4 * 220
+4 * 220
+7 * 220
+3 * 220
+7 * 220
+3 * 220
+3 * 220
+4 * 220
+3 * 220
jump=220 +23 +1 
* * 
+7 * 11
+5 * 11
+4 * 11
+2 * 11
+3 * 11
jcnd=11/11 +54 +29 
* * 
+2 +1 220
+6 * 220
+3 * 220
+3 * 220
+7 * 220
+1 * 220
+3 * 220
+3 * 220
+3 * 220
+4 * 220
+1 * 220
+3 * 220
+1 * 220
+1 * 220
cfn=(274)
calls=220 0xa530 347 
* * 92135
+5 * 220
+4 * 220
+2 * 220
jcnd=11/220 -66 -1 
* * 
+2 +28 220
+3 -23 220
+4 * 220
+3 * 220
+7 +23 220
+3 -23 220
+3 * 220
jcnd=11/220 0xb6d9 +31 
* * 
+6 +24 209
+3 * 209
jcnd=5/209 +12 +7 
* * 
+2 * 204
+4 * 204
+2 * 204
+2 * 204
+2 +7 209
+4 -7 209
+3 +35 209
+8 * 209
+3 * 209
+2 * 209
+6 +34 209
+3 * 209
+3 * 209
+3 * 209
+4 -20 209
+7 * 209
+2 * 209
jcnd=1/209 0xb3b0 +1 
* * 
+6 +3 209
+7 * 209
+6 -57 220
+4 +76 220
+4 * 220
+3 * 220
+1 * 220
+2 * 220
+2 * 220
+2 * 220
+2 * 220
+1 * 220
fi=(79)
0xb350 87 101
+3 +1 101
+3 +1 101
+3 * 101
+4 +1 101
jfi=(78)
jump=101 0xb148 774 
* * 
fe=(78)
+83 871 1
+11 * 1
jump=1 0xb266 +2 
* * 
0xb5cd -72 11
+3 * 11
+2 * 11
+4 * 11
+3 * 11
+2 * 11
jcnd=11/11 0xb65b +18 
* * 
0xb65b +18 11
+3 * 11
+3 * 11
jump=11 0xb273 -1 
* * 
0xb6d9 +11 11
+3 * 11
+3 * 11
+3 * 11
jump=11 0xb5cd -29 
* * 

fl=(45) ./elf/./elf/dl-debug.c
fn=(140) _dl_debug_initialize
0x2880 56 1
+4 * 1
+3 * 1
+3 +3 1
+3 * 1
+2 +4 1
+6 +22 1
+7 +10 1
+7 -32 1
+2 * 1
+6 +1 1
+10 +21 1
+3 * 1
jcnd=1/1 0x2989 -28 
* * 
0x2940 +5 1
+3 * 1
+8 +1 1
+7 +4 1
+5 -4 1
+4 -1 1
+4 +2 1
+8 +3 1
jcnd=1/1 +73 +1 
* * 
+2 +4 1
+3 * 1
jcnd=1/1 +15 +8 
* * 
+15 +8 1
+3 * 1
+11 -50 1
+2 +4 1
+7 * 1
jump=1 -82 +29 
* * 
+30 +35 1
+4 * 1
+7 * 1
+4 * 1
+4 * 1
+4 * 1
jump=1 -94 +3 
* * 

fn=(196) _dl_debug_update
0x2830 38 4
+4 +3 4
+7 -1 4
+3 * 4
jcnd=4/4 +22 +4 
* * 
+22 +4 4
+5 * 4
+2 +4 4

fn=(146) _dl_debug_state
0x2820 116 2
+4 +1 2

fl=(7) ./elf/./elf/dl-minimal.c
fn=(450) __rtld_malloc_init_real
0x1d4d0 76 1
+4 * 1
+1 +10 1
fi=(143) ./elf/../sysdeps/generic/dl-hash.h
+7 -41 1
+5 -1 1
fe=(7)
+4 +32 1
+3 * 1
+2 * 1
+2 * 1
+2 * 1
+2 * 1
+1 * 1
+3 * 1
+4 +11 1
+7 -1 1
fi=(143)
+4 -43 1
+5 +5 1
+4 * 1
+4 * 1
+3 +14 1
+3 * 1
+4 * 1
+6 * 1
+3 -17 1
+3 * 1
+2 * 1
jcnd=1/1 -32 +3 
* * 
-32 +3 5
+4 * 5
+4 * 5
+3 +14 5
+3 * 5
+4 * 5
+6 * 5
+3 -17 5
+3 * 5
+2 * 5
jcnd=4/5 -32 +3 
* * 
fe=(7)
+2 +46 1
+4 * 1
fi=(143)
+3 -24 1
fe=(7)
+5 +22 1
+8 +2 1
+3 * 1
fi=(143)
+7 -19 1
fe=(7)
+3 +19 1
cfn=(454) lookup_malloc_symbol
calls=1 0x1d400 -30 
* * 617
+5 +1 1
+3 * 1
+3 * 1
+7 -1 1
+3 +1 1
cfn=(454)
calls=1 0x1d400 -31 
* * 606
+5 +1 1
+3 * 1
+3 * 1
+7 -1 1
+3 +1 1
cfn=(454)
calls=1 0x1d400 -32 
* * 691
+5 +1 1
+3 * 1
+3 * 1
+7 -1 1
+3 +1 1
cfn=(454)
calls=1 0x1d400 -33 
* * 626
+5 +5 1
+7 +1 1
+7 +1 1
+7 +1 1
+7 +1 1
+4 * 1
+1 * 1
+2 * 1
+2 * 1
+2 * 1
+2 * 1
+1 * 1

fn=(130) strsep
0x1d680 239 2
+4 +3 2
+3 * 2
+2 +2 2
+3 +1 2
+3 * 2
jcnd=1/2 +48 +26 
* * 
+2 +4 1
+4 * 1
+2 * 1
+2 -2 1
+3 * 1
+4 +4 1
+3 * 1
jump=1 +14 +3 
* * 
-3 * 13
+3 * 13
jump=13 +14 +3 
* * 
+5 +5 28
+4 * 28
+3 * 28
jcnd=14/28 +25 -7 
* * 
+2 -2 28
+2 * 28
jcnd=28/28 -11 +2 
* * 
+9 +13 1
+3 +4 1
+3 * 1
-3 * 1
+3 * 1
+6 -22 14
+4 +15 14
+4 -15 14
+2 * 14
jcnd=13/14 -50 +2 
* * 
+2 * 1
+2 * 1
jump=1 -26 +18 
* * 

fn=(454)
0x1d400 61 4
+1 * 4
+3 +3 4
+3 -3 4
+3 * 4
+2 * 4
+2 +3 4
+4 -3 4
+1 * 4
+3 * 4
+3 +3 4
+3 -3 4
+4 +2 4
+8 +1 4
+7 * 4
+2 * 4
+2 * 4
cfi=(78)
cfn=(270)
calls=4 0xb0d0 772 
* * 2368
+5 +4 4
+4 * 4
+1 * 4
+1 * 4
+5 * 4
+3 * 4
+3 * 4
+2 +1 4
+6 * 4
+3 * 4
+2 * 4
+3 * 4
+2 * 4
+3 * 4
+4 +2 4
fi=(144) ./elf/./dl-sym-post.h
+4 -30 4
+3 * 4
+2 +12 4
+6 * 4
+2 * 4
fe=(7)
+2 +19 4
+4 * 4
+1 * 4
+2 * 4
+2 * 4
+1 * 4

fn=(12) __rtld_malloc_init_stubs
0x1d1f0 42 1
+4 +1 1
+7 * 1
+7 +1 1
+7 * 1
+7 +1 1
+7 * 1
+7 +1 1
+7 * 1
+7 +1 1

fl=(77) ./elf/./elf/dl-reloc.c
fn=(262) _dl_relocate_object
0xf240 207 6
+4 * 6
+1 * 6
+3 * 6
+2 * 6
+2 * 6
+2 * 6
+2 * 6
+1 * 6
+7 * 6
+7 * 6
+6 +1 6
+7 * 6
jcnd=1/6 0xf708 350 
* * 
+6 +12 5
+3 +4 5
+3 * 5
+3 * 5
+2 * 5
+7 -4 5
+4 +6 5
+6 * 5
+2 * 5
+3 +3 5
+6 -1 5
+7 +1 5
+2 * 5
jcnd=5/5 +84 +22 
* * 
+84 +22 5
+6 * 5
+6 * 5
+3 * 5
+2 * 5
jcnd=5/5 0xf720 +1 
* * 
+6 +4 3
+2 * 3
+6 +7 3
+7 * 3
+3 * 3
fi=(6)
+6 81 3
+3 * 3
+4 * 3
+8 * 3
jfi=(4)
jcnd=2/3 0xf3a0 -2 
* * 
+2 * 1
+3 * 1
+2 +6 1
+4 * 1
+4 * 1
+8 * 1
jcnd=1/1 +5 +4 
* * 
+5 +4 1
+4 * 1
+3 * 1
+6 +17 1
+6 -11 1
+4 +11 1
+2 * 1
+6 +21 1
+8 * 1
+6 +5 1
+7 * 1
+7 * 1
+7 * 1
+4 -2 1
+4 * 1
fi=(4)
+6 -53 1
fe=(77)
+8 301 1
+7 * 1
fi=(4)
+3 79 1
+2 * 1
fe=(77)
+3 301 1
+3 * 1
fi=(4)
-26 79 4
fe=(77)
+8 301 4
+7 * 4
fi=(4)
+3 79 4
+2 * 4
fe=(77)
+3 301 4
+3 * 4
jcnd=1/4 0xf458 * 
* * 
+6 * 4
+7 * 4
+3 * 4
jcnd=3/4 0xf458 * 
* * 
+6 * 1
+4 * 1
+3 * 1
+4 * 1
+4 * 1
+7 * 1
+4 * 1
+3 * 1
+3 * 1
+2 * 1
+2 * 1
jump=1 +31 * 
* * 
+12 * 3
+3 * 3
+4 * 3
+3 * 3
+4 * 3
+3 * 3
+2 * 32
+3 * 32
+2 * 32
jcnd=3/32 -24 * 
* * 
+2 * 29
+3 * 29
+3 * 29
+2 * 29
+6 * 29
+2 * 29
jcnd=10/29 +5 * 
* * 
-2 * 1650
+2 * 1650
jcnd=605/1650 +5 * 
* * 
+2 * 1064
+3 * 1064
+4 * 1064
+3 * 1064
jcnd=1035/1064 -14 * 
* * 
-7 * 615
+4 * 615
+3 * 615
jcnd=615/615 -14 * 
* * 
+2 * 29
+4 * 29
+7 * 29
+3 * 29
jcnd=28/29 -51 * 
* * 
fi=(4)
+2 79 1
fe=(77)
+8 301 1
fi=(4)
+3 79 1
+2 * 1
fe=(77)
+3 301 1
+4 * 1
+4 * 1
+4 * 1
+4 * 1
+4 * 1
+4 * 1
+3 * 1
-27 * 4
+4 * 4
+4 * 4
+4 * 4
+4 * 4
+4 * 4
+4 * 4
+3 * 4
+6 * 5
+4 * 5
+2 * 5
+3 * 5
+2 * 5
+4 * 5
+3 * 5
+4 * 5
+7 * 5
+4 * 5
+5 * 5
+7 * 5
+5 * 5
+4 * 5
+4 * 5
+3 * 5
jcnd=2/5 +10 * 
* * 
+2 * 3
+4 * 3
+4 * 3
+8 * 3
jcnd=1/3 0xf52f * 
* * 
-8 * 2
+8 * 2
jcnd=1/2 0xf52f * 
* * 
+2 * 3
+7 * 3
+3 * 3
+4 * 3
+4 * 3
+4 * 3
+4 * 3
+5 * 3
+4 * 3
+3 * 3
+4 * 3
+5 * 3
+4 * 3
+4 * 3
+4 * 3
+4 * 3
+3 * 3
jcnd=3/3 +13 * 
* * 
+13 * 3
+3 * 3
jcnd=1/3 0x103d0 * 
* * 
+6 * 2
+3 * 2
jcnd=2/2 0x104aa * 
* * 
+10 * 5
+4 -80 5
+6 * 5
fi=(6)
+4 393 5
+7 * 5
fe=(77)
+7 190 5
+4 +31 5
+6 -31 5
fi=(6)
+7 393 5
+7 * 5
+3 * 5
fi=(5) ./elf/./elf/do-rel.h
+3 49 5
fe=(77)
+5 301 5
fi=(5)
+4 50 5
+5 +30 5
+5 -31 5
+4 * 5
+4 +4 5
+4 -3 5
+3 +3 5
+3 -3 5
+7 +3 5
+4 * 5
+4 * 5
+4 +27 5
+3 * 5
jcnd=5/5 0xf8d0 +34 
* * 
-59 -31 5
fe=(77)
+5 301 5
fi=(5)
+4 50 5
+5 +30 5
+5 -31 5
+4 * 5
+4 +4 5
+4 -3 5
+3 +3 5
+3 -3 5
+7 +3 5
+4 * 5
+4 * 5
+4 +27 5
+3 * 5
jcnd=4/5 0xf8d0 +34 
* * 
+6 -7 1
+3 -1 1
+3 +11 1
+3 * 1
+6 * 1
+3 * 1
+7 * 1
+3 * 1
+3 * 1
+3 * 1
jump=1 +49 +2 
* * 
fi=(6)
+4 514 57
+3 * 57
+3 +4 57
+4 * 57
+6 +3 57
+7 * 57
+3 * 57
+6 +1 57
fi=(5)
+4 83 57
+4 * 57
+3 * 57
jcnd=1/57 +37 +13 
* * 
+2 +2 57
+4 * 57
+2 * 57
+3 * 57
jfi=(6)
jcnd=57/57 -54 514 
* * 
+26 +11 1
+3 * 1
+7 * 1
+3 * 1
+3 * 1
+3 * 1
jfi=(77)
jcnd=1/1 +81 301 
* * 
fe=(77)
+81 301 10
+4 * 10
+7 * 10
jfi=(4)
jcnd=5/10 +25 79 
* * 
fi=(5)
+2 51 5
fi=(4)
+3 +28 5
+8 * 5
jfi=(5)
jump=5 0xf569 -30 
* * 
+12 * 5
+8 * 5
+7 * 5
fi=(6)
+3 730 5
+3 * 5
jfi=(77)
jcnd=2/5 +15 304 
* * 
+2 +4 3
+7 * 3
fe=(77)
+6 304 5
+6 * 5
+2 * 5
+6 * 5
+7 * 5
+6 +24 5
+8 +3 5
+3 * 5
+6 +17 5
+7 * 5
+3 * 5
jcnd=5/5 0x10418 +8 
* * 
+6 +2 6
+4 * 6
+1 * 6
+2 * 6
+2 * 6
+2 * 6
+2 * 6
+1 * 6
+10 -98 5
+8 * 5
jcnd=3/5 0xf30d +3 
* * 
+6 +3 2
+2 * 2
+6 +7 2
+7 -9 2
+3 +9 2
+3 * 2
fi=(6)
+6 81 2
+3 * 2
jfi=(4)
jump=2 0xf3a0 -2 
* * 
fi=(5)
0xf8d0 +33 9
+7 * 9
+3 * 9
jcnd=2/9 +58 +12 
* * 
+2 +9 7
+3 * 7
jcnd=4/7 +53 +3 
* * 
+2 * 3
+7 +1 3
fi=(6)
+3 498 3
fi=(5)
+3 124 3
fi=(6)
+3 498 3
+4 * 3
fi=(5)
-13 124 2313
fi=(6)
+3 498 2313
fi=(5)
+3 124 2313
fi=(6)
+3 498 2313
+4 * 2313
+2 +5 2316
+4 * 2316
+6 +1 2316
fi=(5)
+4 123 2316
fi=(6)
+4 504 2316
+3 -5 2316
fi=(5)
+3 123 2316
+3 * 2316
jcnd=2313/2316 -42 +1 
* * 
+2 +3 9
+7 * 9
+3 * 9
jcnd=2/9 0x104e0 +54 
* * 
+6 +3 7
+4 * 7
+7 * 7
+8 * 7
+6 +2 7
+7 * 7
+3 * 7
jfi=(77)
jcnd=3/7 0xf684 301 
* * 
+6 * 4
fe=(77)
+6 +59 4
+4 * 4
fi=(5)
+4 73 4
fe=(77)
+11 190 4
fi=(5)
+7 72 4
fe=(77)
+3 190 4
+7 * 4
+2 * 4
+6 * 4
+7 * 4
+3 * 4
+7 * 4
+7 * 4
+7 * 4
fi=(5)
+2 -57 4
+4 * 4
+7 +1 4
+7 +1 4
+7 -2 4
+3 +2 4
+3 +3 4
+3 -5 4
+4 +2 4
+7 -2 4
+4 +1 4
+4 * 4
+4 +2 4
+5 -2 4
+4 +2 4
+4 * 4
+7 * 4
+4 +2 4
+4 * 4
-85 -5 275
+4 * 275
+7 +1 275
+7 +1 275
+7 -2 275
+3 +2 275
+3 +3 275
+3 -5 275
+4 +2 275
+7 -2 275
+4 +1 275
+4 * 275
+4 +2 275
+5 -2 275
+4 +2 275
+4 * 275
+7 * 275
+4 +2 275
+4 * 275
jcnd=47/275 0x100f8 +3 
* * 
+6 +9 232
fi=(6)
+4 267 232
+4 * 232
+6 +7 232
+4 * 232
+6 +4 232
+3 * 232
fe=(77)
+6 170 232
+6 * 232
+2 * 232
+4 * 232
jfi=(6)
jcnd=16/232 0x100d8 287 
* * 
fi=(4)
+6 -30 216
+6 * 216
+3 * 216
fe=(77)
+3 +31 216
+3 * 216
+6 +3 216
+7 * 216
jcnd=7/216 0x101b0 +1 
* * 
+6 +8 209
+4 * 209
+6 -8 209
+6 * 209
+7 * 209
jcnd=1/209 +25 +12 
* * 
+2 * 208
+6 * 208
+4 * 208
+2 * 208
+3 * 208
+4 * 208
+4 +12 208
+4 * 208
+4 -3 208
+7 +1 208
+7 +2 208
+4 * 208
+2 * 208
+8 * 208
jcnd=208/208 +6 * 
* * 
-36 * 1
+4 * 1
+4 -3 1
+7 +1 1
+7 +2 1
+4 * 1
+2 * 1
+8 * 1
jcnd=1/1 +6 * 
* * 
+6 * 209
+3 +1 209
+3 -1 209
+3 +2 209
+3 * 209
+2 -1 209
+4 * 209
+2 * 209
+4 * 209
+7 +3 209
+7 * 209
+3 * 209
+2 * 209
+7 * 209
+2 * 209
cfi=(78)
cfn=(270)
calls=209 0xb0d0 772 
* * 126415
+5 +3 209
+4 +1 209
+7 * 209
+5 -4 209
+3 +4 209
+5 * 209
+4 * 209
+8 * 209
+1 * 209
fi=(6)
+1 +93 209
+3 * 209
+3 * 209
jcnd=7/209 +43 +30 
* * 
-6 * 7
+3 * 7
+3 * 7
+2 * 209
+4 +3 209
+4 -3 209
+4 * 209
+6 * 225
+3 +3 225
+3 -3 225
+4 +5 225
+2 * 225
jcnd=219/225 +11 +25 
* * 
+2 * 6
+3 * 6
jcnd=6/6 0x10298 +3 
* * 
+6 +25 232
+4 * 232
+2 * 232
+7 * 232
+4 * 232
+3 * 232
jump=1 0x10050 +29 
* * 
jump=18 0x10010 +3 
* * 
jump=188 +38 423 
* * 
jump=16 0xffd0 +83 
* * 
jump=9 +34 423 
* * 
+34 423 9
+4 * 9
+7 * 9
fi=(5)
+3 150 9
+3 * 9
+4 * 9
fi=(6)
-17 423 206
+7 * 206
fi=(5)
+3 150 206
+3 * 206
+4 * 206
jcnd=18/206 0xfdf8 +1 
* * 
-4 * 17
+4 * 17
+6 -19 279
+7 * 279
+4 * 279
+3 * 279
jcnd=275/279 0xf9a0 +2 
* * 
+6 * 4
+7 * 4
+7 * 4
+3 +33 4
+7 * 4
+7 * 4
+3 * 4
jfi=(77)
jcnd=2/4 0xf684 301 
* * 
+6 +1 2
+7 * 2
+6 * 2
+7 * 2
+7 * 2
+3 * 2
+3 * 2
+7 * 2
jump=2 +22 +1 
* * 
+9 * 16
+4 * 16
+3 * 16
+6 +1 63
+4 * 63
+3 * 63
jcnd=16/63 -20 -1 
* * 
+2 +3 47
+7 * 47
+4 +4 47
+3 -1 47
+8 -3 47
+4 +2 47
+7 * 47
+4 +2 47
+3 -2 47
+4 * 47
fe=(77)
+4 -1 47
+5 * 47
+2 * 47
+4 * 47
jfi=(6)
jcnd=47/47 0x10150 287 
* * 
fi=(6)
0xfd2b 287 47
+3 +3 47
+3 -3 47
+4 +4 47
+2 * 47
jcnd=47/47 +11 476 
* * 
+11 476 47
+4 * 47
+4 +2 47
cfi=(15)
cfn=(462) __x86_cpu_features
calls=1 0x1a8d0 71 
* * 6
cob=(2)
cfi=(139)
cfn=(432)
calls=1 0xb4d70 31 
* * 21
cob=(2)
cfi=(138)
cfn=(428)
calls=1 0xb2100 33 
* * 22
cob=(2)
cfi=(137)
cfn=(424)
calls=1 0xca320 31 
* * 18
cob=(2)
cfi=(136)
cfn=(422)
calls=1 0xb5300 29 
* * 7
cob=(2)
cfi=(134)
cfn=(418)
calls=1 0xb15d0 29 
* * 23
cob=(2)
cfi=(133)
cfn=(414)
calls=1 0xb1fe0 29 
* * 22
cob=(2)
cfi=(132)
cfn=(410)
calls=1 0xb2460 33 
* * 17
cob=(2)
cfi=(131)
cfn=(406)
calls=1 0x137510 29 
* * 22
cob=(2)
cfi=(129)
cfn=(402)
calls=1 0xd8f30 29 
* * 24
cob=(2)
cfi=(128)
cfn=(398)
calls=1 0xb4fb0 29 
* * 19
cob=(2)
cfi=(127)
cfn=(394)
calls=1 0xb4ce0 29 
* * 25
cob=(2)
cfi=(100)
cfn=(390)
calls=1 0xca880 31 
* * 18
cob=(2)
cfi=(126)
cfn=(386)
calls=1 0xb25d0 31 
* * 21
cob=(2)
cfi=(125)
cfn=(382)
calls=1 0xb42c0 29 
* * 17
cob=(2)
cfi=(123)
cfn=(378)
calls=2 0xd8fe0 31 
* * 20
cob=(2)
cfi=(121)
cfn=(374)
calls=1 0xb1650 29 
* * 24
cob=(2)
cfi=(120)
cfn=(370)
calls=1 0xb3130 31 
* * 25
cob=(2)
cfi=(119)
cfn=(366)
calls=1 0xb4e10 31 
* * 21
cob=(2)
cfi=(117)
cfn=(362)
calls=1 0xb3040 29 
* * 17
cob=(2)
cfi=(116)
cfn=(360)
calls=1 0xcb8f0 60 
* * 16
cob=(2)
cfi=(115)
cfn=(358)
calls=1 0xb4330 29 
* * 7
cob=(2)
cfi=(113)
cfn=(354)
calls=1 0xb2530 31 
* * 21
cob=(2)
cfi=(112)
cfn=(352)
calls=1 0xb4f10 67 
* * 21
cob=(2)
cfi=(110)
cfn=(348)
calls=2 0xd8eb0 31 
* * 46
cob=(2)
cfi=(108)
cfn=(344)
calls=1 0xb24d0 31 
* * 19
cob=(2)
cfi=(107)
cfn=(340)
calls=1 0xca990 30 
* * 25
cob=(2)
cfi=(106)
cfn=(336)
calls=1 0xb5130 28 
* * 25
cob=(2)
cfi=(104)
cfn=(332)
calls=1 0x137750 29 
* * 24
cob=(2)
cfi=(103)
cfn=(330)
calls=1 0xb30b0 65 
* * 19
cob=(2)
cfi=(100)
cfn=(324)
calls=2 0xca8e0 31 
* * 50
cob=(2)
cfi=(98)
cfn=(320)
calls=1 0xb1740 29 
* * 22
cob=(2)
cfi=(96)
cfn=(316)
calls=1 0xcc350 31 
* * 18
cob=(2)
cfi=(95)
cfn=(312)
calls=1 0xb2220 29 
* * 25
cob=(2)
cfi=(94)
cfn=(308)
calls=1 0x1373f0 29 
* * 22
cob=(2)
cfi=(92)
cfn=(304)
calls=1 0x137630 29 
* * 22
cob=(2)
cfi=(91)
cfn=(300)
calls=1 0xcbb20 29 
* * 19
cob=(2)
cfi=(89)
cfn=(296)
calls=1 0xb22b0 29 
* * 24
cob=(2)
cfi=(87)
cfn=(292)
calls=1 0xcc3b0 30 
* * 19
cob=(2)
cfi=(86)
cfn=(290)
calls=1 0xb31c0 79 
* * 19
cob=(2)
cfi=(85)
cfn=(288)
calls=1 0xb5100 29 
* * 7
cob=(2)
cfi=(83)
cfn=(284)
calls=2 0xb5070 31 
* * 50
cob=(2)
cfi=(81)
cfn=(280)
calls=1 0xc86b0 86 
* * 28
fi=(5)
+2 165 47
fi=(6)
+4 479 47
fi=(5)
+3 165 47
+3 * 47
jcnd=45/47 0xfc05 +1 
* * 
+6 * 2
+3 * 2
+7 * 2
jfi=(77)
jump=2 0xf684 301 
* * 
0xfdf8 -14 18
+7 * 18
+3 * 18
jcnd=18/18 0xfb8b -20 
* * 
fi=(6)
0xffd0 400 16
+4 * 16
+3 * 16
+6 +2 16
+7 * 16
+4 * 16
+4 * 16
+6 +4 16
+4 +9 16
+7 -9 16
+3 * 16
+4 +9 16
fi=(5)
+3 150 16
+3 * 16
jump=16 0xfb81 * 
* * 
fi=(6)
+6 320 18
+8 +3 18
jump=18 0xfb74 423 
* * 
+56 +23 1
+3 * 1
+6 +1 1
+7 * 1
+7 * 1
fi=(5)
+3 150 1
+3 * 1
jump=1 0xfb81 * 
* * 
fi=(6)
0x100d8 287 16
+3 * 16
+3 * 16
+4 * 16
+4 * 16
jcnd=16/16 0xfb23 * 
* * 
fi=(5)
+18 141 47
+7 +1 47
+7 -1 47
+3 * 47
+4 * 47
+7 +2 47
jump=47 0xfb8b -12 
* * 
fi=(6)
+60 287 47
+3 * 47
+3 * 47
+4 * 47
+4 * 47
jcnd=47/47 0xfd2b * 
* * 
fe=(77)
+82 175 7
+7 * 7
+4 * 7
+6 * 7
+7 * 7
+2 * 7
+4 * 7
+6 * 7
+4 * 7
jcnd=7/7 0x11cc7 +3 
* * 
+21 +3 7
+7 -1 7
+8 +19 7
+7 -18 7
+4 * 7
jfi=(6)
jump=7 0xfb09 287 
* * 
fi=(6)
0x10298 295 6
+3 * 6
+6 +1 6
+8 * 6
+2 * 6
jcnd=6/6 0x1032b +11 
* * 
0x1032b +11 6
+7 * 6
+7 +7 6
cob=(2)
cfi=(127)
cfn=(394)
calls=1 0xb4ce0 29 
* * 25
cob=(2)
cfi=(133)
cfn=(414)
calls=1 0xb1fe0 29 
* * 22
cob=(2)
cfi=(121)
cfn=(374)
calls=2 0xb1650 29 
* * 48
cob=(2)
cfi=(98)
cfn=(320)
calls=1 0xb1740 29 
* * 22
cob=(2)
cfi=(89)
cfn=(296)
calls=1 0xb22b0 29 
* * 24
+3 * 6
+7 * 6
+7 * 6
+3 * 6
jump=6 0xfb3a +3 
* * 
fe=(77)
0x103d0 -13 1
+7 * 1
+4 * 1
jump=1 0xf52f * 
* * 
+61 +55 5
+7 * 5
+7 * 5
+3 * 5
+3 * 5
+3 +3 5
+3 -3 5
+3 +3 5
+3 +4 5
+3 * 5
+6 +1 5
+3 * 5
+5 * 5
+3 * 5
cfi=(140) ./misc/../sysdeps/unix/syscall-template.S
cfn=(436) mprotect
calls=5 0x25db0 117 
* * 30
+5 * 5
+2 * 5
jcnd=5/5 0xf708 -14 
* * 
+87 -63 2
+3 * 2
+4 * 2
jump=2 0xf52f * 
* * 
fi=(5)
+47 180 2
+7 * 2
+3 * 2
jfi=(77)
jcnd=1/2 0xf684 301 
* * 
+6 * 1
fe=(77)
+6 +10 1
+4 * 1
fi=(5)
+4 73 1
fe=(77)
+11 190 1
+7 * 1
+2 * 1
fi=(6)
+7 436 1
+7 * 1
+7 * 1
+7 * 1
+6 * 1
+7 * 1
+3 * 1
fi=(5)
+2 182 1
+4 * 1
+7 +1 1
+7 * 1
+3 -1 1
+3 +3 1
+3 -3 1
+4 * 1
+4 * 1
+4 * 1
+4 +3 1
+4 * 1
-47 -3 5
+4 * 5
+7 +1 5
+7 * 5
+3 -1 5
+3 +3 5
+3 -3 5
+4 * 5
+4 * 5
+4 * 5
+4 +3 5
+4 * 5
+6 +8 6
fi=(6)
+4 +74 6
+4 * 6
+6 +7 6
+4 * 6
+6 +4 6
+3 * 6
fe=(77)
+6 170 6
+6 * 6
+2 * 6
+4 * 6
fi=(4)
+6 -30 6
+6 * 6
+3 * 6
fe=(77)
+3 +31 6
+3 * 6
+6 +3 6
+7 * 6
+6 +8 6
+4 * 6
+6 -8 6
+6 * 6
+7 * 6
+2 * 6
+6 * 6
+4 * 6
+2 * 6
+3 * 6
+4 * 6
+4 +12 6
+4 * 6
+4 -3 6
+7 +1 6
+7 +2 6
+4 * 6
+2 * 6
+8 * 6
jcnd=6/6 +5 * 
* * 
+5 * 6
+7 * 6
+3 +4 6
+3 * 6
+3 * 6
+2 * 6
+7 -4 6
+3 +4 6
+2 * 6
+7 * 6
cfi=(78)
cfn=(270)
calls=6 0xb0d0 772 
* * 3134
+5 +3 6
+4 +1 6
+7 * 6
+5 -4 6
+3 +4 6
+5 * 6
+4 * 6
+8 * 6
+1 * 6
fi=(6)
+1 +93 6
+3 * 6
+3 * 6
jcnd=4/6 +43 +30 
* * 
+2 * 2
+4 +3 2
+4 -3 2
+4 * 2
+6 * 2
+3 +3 2
+3 -3 2
+4 +5 2
+2 * 2
jcnd=2/2 +11 +25 
* * 
+11 +25 6
+4 * 6
+2 * 6
+7 * 6
+4 * 6
+3 * 6
jump=6 +25 423 
* * 
+25 423 6
fi=(5)
+3 196 6
+3 * 6
+4 * 6
+6 -16 6
+7 * 6
+4 * 6
+3 * 6
jcnd=5/6 0x10540 +2 
* * 
+6 +31 1
+7 * 1
+3 * 1
+7 * 1
+7 * 1
+7 * 1
+3 * 1
jfi=(77)
jcnd=1/1 0xf684 +90 
* * 
fe=(77)
0x11cc7 -33 7
+3 -3 7
+2 * 7
+6 * 7
jump=7 0x101ed +3 
* * 

fl=(26) ./elf/./elf/dl-object.c
fn=(84) _dl_add_to_namespace_list
0xc610 31 4
+4 * 4
+1 * 4
+3 * 4
+2 +2 4
+7 -2 4
+2 * 4
+3 +2 4
+3 -2 4
+1 * 4
+3 * 4
+4 +2 4
cfi=(24) ./elf/../sysdeps/nptl/dl-tls_init_tp.c
cfn=(86) rtld_mutex_dummy
calls=4 0x14e60 +9 
* * 12
+6 +2 4
+8 * 4
+7 * 4
+4 * 4
+4 * 4
+3 * 4
+3 * 4
+3 * 4
jcnd=1/4 +89 +10 
* * 
+2 * 3
+7 +3 3
+3 * 3
+4 * 3
+3 * 3
jcnd=3/3 -10 * 
* * 
-10 * 6
+3 * 6
+4 * 6
+3 * 6
jcnd=3/6 -10 * 
* * 
+2 +2 3
+5 +2 3
+4 +4 3
+4 +4 3
+3 -4 3
+4 * 3
+5 +1 3
+7 * 3
+8 +1 3
+4 * 3
+7 +3 3
+4 * 3
+1 * 3
+2 * 3
+2 * 3
+1 -1 3
cfi=(24)
cfn=(86)
calls=3 0x14e60 -8 
* * 9
-52 -4 1
+4 +4 1
+3 -4 1
+4 * 1
+5 +1 1
+7 * 1
+8 +1 1
+4 * 1
+7 +3 1
+4 * 1
+1 * 1
+2 * 1
+2 * 1
+1 -1 1
cfi=(24)
cfn=(86)
calls=1 0x14e60 -8 
* * 3
+7 -5 1
+3 * 1
jump=1 -62 +1 
* * 

fn=(72) _dl_new_object
0xc6c0 59 4
+4 * 4
+1 * 4
+3 * 4
+2 * 4
+3 * 4
+2 * 4
+3 * 4
+2 * 4
+2 * 4
+1 * 4
+4 * 4
+4 * 4
+4 * 4
+3 * 4
+4 +3 4
+7 * 4
jcnd=1/4 0xca80 +2 
* * 
+6 +18 3
+6 * 3
+3 +3 3
cfi=(22)
cfn=(62)
calls=3 0x28b00 -26 
* * 69
+5 +4 3
+2 -4 3
+3 +4 3
+4 +5 3
+8 -9 3
+4 * 3
+4 * 3
fi=(28) ./elf/../include/rtld-malloc.h
+4 -39 3
+5 * 3
cfi=(27) ./elf/./elf/dl-minimal-malloc.c
cfn=(74) __minimal_calloc
calls=3 0xc1c0 +36 
* * 224
fe=(26)
-9 +39 1
fi=(28)
+4 -39 1
+5 * 1
cfi=(27)
cfn=(74)
calls=1 0xc1c0 +36 
* * 47
+6 * 4
fe=(26)
+3 +51 4
+3 * 4
+6 +5 4
+4 +4 4
+4 -6 4
+4 +2 4
+8 +4 4
+4 -5 4
+7 +4 4
+4 +1 4
+4 -1 4
+5 +1 4
+4 * 4
cfi=(29) ./string/../sysdeps/x86_64/multiarch/memmove-vec-unaligned-erms.S
cfn=(82) memcpy
calls=4 0x26920 210 
* * 55
+5 * 4
+4 +15 4
+4 -15 4
+4 +2 4
+8 +13 4
+3 * 4
jcnd=3/4 0xc998 +4 
* * 
+6 +6 1
+4 +2 1
+9 * 1
+5 * 1
+4 * 1
+3 * 1
+3 * 1
+2 * 1
+8 +3 1
+7 * 1
jcnd=1/1 0xc980 +1 
* * 
-41 -3 3
+9 * 3
+5 * 3
+4 * 3
+3 * 3
+3 * 3
+2 * 3
+8 +3 3
+7 * 3
jcnd=3/3 0xc980 +1 
* * 
+6 +2 4
+8 +4 4
+5 +3 4
+2 * 4
jcnd=3/4 +82 +16 
* * 
+2 * 1
+7 * 1
+3 * 1
+6 * 1
+4 +2 1
+3 * 1
+4 * 1
+3 * 1
jcnd=1/1 +27 * 
* * 
+27 * 8
+7 -2 8
+4 +2 8
+7 -2 8
+3 * 8
jcnd=7/8 -21 +2 
* * 
+2 +16 4
+4 * 4
+7 -5 4
+12 +5 4
+4 -6 4
+8 +6 4
+4 -6 4
+8 +6 4
+3 * 4
jcnd=1/4 0xc9b0 -2 
* * 
+6 +2 3
+7 * 3
+8 +3 3
+3 * 3
+6 -3 3
+5 * 3
+4 +7 3
+3 * 3
+7 * 3
+3 * 3
+2 +4 3
+7 * 3
+2 * 3
jcnd=3/3 0xca18 * 
* * 
+6 +8 1
+3 +13 1
+4 -10 1
+8 * 1
+8 +10 1
+4 * 1
+3 * 1
jcnd=1/1 0xc96e +74 
* * 
-27 * 3
+4 -10 3
+8 * 3
+8 +10 3
+4 * 3
+3 * 3
+6 +2 3
cfi=(22)
cfn=(62)
calls=3 0x28b00 57 
* * 105
+5 +21 3
+3 -21 3
+3 * 3
+4 * 3
+4 +17 3
+3 -13 3
+4 * 3
+2 * 3
jfi=(28)
jump=3 0xca60 56 
* * 
0xc941 +50 3
+4 * 3
+4 * 3
cfi=(29)
cfn=(122) mempcpy
calls=3 0x26910 -48 
* * 55
+5 * 3
+2 +5 3
+3 * 3
+4 +1 3
+3 * 3
jcnd=3/3 -10 -1 
* * 
-10 -1 54
+3 * 54
+4 +1 54
+3 * 54
jcnd=51/54 -10 -1 
* * 
+2 +4 3
+3 * 3
+4 +1 3
+3 +3 3
+8 +4 3
+4 * 3
+3 * 3
+1 * 3
+2 * 3
+2 * 3
+2 * 3
+2 * 3
+1 * 3
-17 * 1
+4 * 1
+3 * 1
+1 * 1
+2 * 1
+2 * 1
+2 * 1
+2 * 1
+1 * 1
+1 131 4
+12 * 4
jump=4 0xc7be +1 
* * 
+12 -8 3
+3 -4 3
+7 * 3
jcnd=3/3 0xc78f +8 
* * 
+14 +34 1
+2 +7 1
+3 * 1
+6 * 1
+8 * 1
jump=1 0xc896 +16 
* * 
+85 +8 3
+8 * 3
+7 * 3
+3 * 3
jcnd=3/3 0xc899 +21 
* * 
fi=(28)
+54 56 3
+3 * 3
cfi=(27)
cfn=(78) __minimal_malloc
calls=3 0xc070 -20 
* * 90
+6 * 3
fe=(26)
+3 200 3
+3 * 3
+2 -1 3
+3 * 3
jump=3 0xc941 +46 
* * 
+12 64 1
+7 * 1
jcnd=1/1 +73 +2 
* * 
+73 +2 1
+3 * 1
+2 * 1
+2 +1 1
+3 * 1
+2 +4 1
+7 * 1
+8 * 1
+5 * 1
+3 * 1
+4 * 1
+5 +6 1
+5 * 1
jump=1 0xc71e +6 
* * 

fl=(385)
fn=(2010)
0xcfe0 214 4
+4 * 4
+1 +4 4
+7 -4 4
+3 * 4
+2 * 4
+7 * 4
+2 * 4
+3 * 4
+2 * 4
+3 * 4
+1 +4 4
+3 * 4
+2 +1 4
+3 * 4
+3 * 4
+2 +1 4
+7 * 4
+2 * 4
+7 * 4
+2 +1 4
+7 * 4
jcnd=4/4 +71 +3 
* * 
+71 +3 4
+4 * 4
+2 +4 4
+3 * 4
+1 * 4
+2 * 4
+2 * 4
+2 * 4
+1 * 4

fl=(36) ./elf/./elf/dl-load.c
fn=(172) _dl_map_object_from_fd
0x7a20 944 3
+1 * 3
+3 * 3
+2 * 3
+2 * 3
+3 * 3
+2 * 3
+2 * 3
+1 * 3
+3 * 3
+7 +15 3
+3 -15 3
+7 * 3
+7 +15 3
+5 -15 3
+6 * 3
+7 +15 3
+6 * 3
jcnd=3/3 0x7fa0 1264 
* * 
+28 +77 3
+3 * 3
+3 * 3
+6 * 3
+6 +10 3
+7 * 3
+6 +7 3
+4 * 3
+4 * 3
+3 * 3
+3 * 3
+7 * 3
+7 * 3
cfi=(26)
cfn=(72)
calls=3 0xc6c0 59 
* * 1208
+5 * 3
+3 +1 3
+3 * 3
+6 +11 3
+4 +5 3
+4 -4 3
+5 -1 3
+7 +2 3
+5 +2 3
+8 -2 3
+8 +2 3
+3 * 3
+4 +1 3
+4 * 3
+3 * 3
jcnd=1/3 0x8060 +4 
* * 
+6 +1 2
+5 * 2
+7 +19 2
+8 * 2
+3 -2 2
+7 +2 2
+8 * 2
+3 * 2
+4 * 2
+4 * 2
+3 * 2
+6 * 2
+3 * 2
+4 * 2
+3 * 2
jcnd=2/2 +23 * 
* * 
-56 * 1
+8 * 1
+3 -2 1
+7 +2 1
+8 * 1
+3 * 1
+4 * 1
+4 * 1
+3 * 1
+6 * 1
+3 * 1
+4 * 1
+3 * 1
jcnd=1/1 +23 * 
* * 
+23 * 3
+6 * 3
+3 * 3
+3 * 3
+2 * 3
+6 * 3
+5 * 3
+3 * 3
+4 * 3
+7 +10 3
+7 -10 3
+4 +10 3
+3 * 3
+3 * 3
+6 +27 3
+7 -33 3
+3 -3 3
+2 +2 3
+7 -1 3
+7 +35 3
+4 +9 3
+3 -50 3
+10 +41 3
+7 +9 3
+3 -36 3
+7 +63 3
+8 * 3
+7 * 3
+7 * 3
+7 * 3
jump=3 0x7cf1 -62 
* * 
+6 -62 23
+3 * 23
jcnd=3/23 0x80f0 +6 
* * 
+6 * 20
+3 * 20
jcnd=1/20 0x80e0 +20 
* * 
+6 * 19
+3 * 19
jcnd=7/19 0x7ce8 -1 
* * 
+6 +26 12
+4 * 12
+4 * 12
+7 * 12
+3 * 12
+3 * 12
+3 * 12
+6 +8 12
+8 * 12
+7 +1 12
+3 -1 12
+4 +1 12
+3 * 12
+3 * 12
+3 * 12
+4 +1 12
+4 -1 12
+3 +1 12
+3 +2 12
+4 -2 12
+3 +2 12
+4 +2 12
+4 -4 12
+3 +1 12
+4 +3 12
+3 -4 12
+4 +4 12
+3 * 12
+4 * 12
+4 * 12
+3 * 12
+4 +2 12
+3 * 12
+4 +13 12
+4 * 12
jcnd=3/12 +28 +6 
* * 
+2 +1 9
+4 * 9
+7 * 9
+5 * 9
+3 * 9
+7 +5 9
+3 +1 9
+3 * 9
+5 * 9
+3 * 9
+3 * 9
+2 * 9
+2 * 9
+7 * 9
+3 * 9
+5 -28 9
+3 * 9
+5 -35 9
+4 * 9
+3 * 9
-51 +62 3
+3 +1 3
+3 * 3
+5 * 3
+3 * 3
+3 * 3
+2 * 3
+2 * 3
+7 * 3
+3 * 3
+5 -28 3
+3 * 3
+5 -35 3
+4 * 3
+3 * 3
-7 * 22
+4 * 22
+3 * 22
+2 +1 37
+2 * 37
+3 * 37
jcnd=2/37 0x8140 +75 
* * 
+6 * 35
jcnd=23/35 0x7c00 * 
* * 
+6 * 12
+6 * 12
jcnd=3/12 0x81f0 1209 
* * 
+6 * 9
+6 * 9
jcnd=6/9 -44 -1 
* * 
+2 1213 3
+5 1100 3
+4 1213 3
+5 * 3
+8 1100 3
+3 * 3
+2 * 3
+7 1218 3
+8 * 3
+7 * 3
+7 * 3
+7 * 3
+3 * 3
+6 * 3
+7 +10 3
+2 * 3
+4 * 3
+5 +1 3
+3 -1 3
+4 +1 3
+3 -1 3
+4 * 3
+3 * 3
jcnd=3/3 -17 +1 
* * 
-17 +1 9
+3 -1 9
+4 +1 9
+3 -1 9
+4 * 9
+3 * 9
jcnd=6/9 -17 +1 
* * 
+2 1066 3
+4 * 3
+6 1235 3
+5 * 3
+6 +10 3
+5 * 3
+6 * 3
+7 * 3
+6 +7 3
+7 * 3
+8 * 3
+8 * 3
fi=(59) ./elf/./dl-map-segments.h
+3 28 3
fe=(36)
+8 1252 3
+5 * 3
+3 * 3
fi=(59)
+7 28 3
+3 * 3
+6 +1 3
+8 * 3
+7 * 3
+3 * 3
+3 * 3
+8 * 3
+5 * 3
+7 * 3
cfi=(57)
cfn=(178)
calls=3 0x25d00 +18 
* * 84
+5 +73 3
+7 * 3
+4 -1 3
+7 -72 3
+3 +73 3
+6 +3 3
+7 * 3
+3 +1 3
+3 +2 3
+7 -3 3
+7 +1 3
+4 +2 3
jcnd=3/3 +64 +17 
* * 
+64 +17 3
+8 -44 3
fi=(60) ./elf/./dl-load.h
+7 +10 3
+8 * 3
jcnd=2/3 0x89d5 +1 
* * 
-8 * 9
+8 * 9
fi=(59)
+6 +58 12
+5 * 12
+5 * 12
+3 * 12
jcnd=9/12 +99 +45 
* * 
+2 +6 3
+4 +2 3
+7 -2 3
+3 +1 3
+3 +2 3
+3 * 3
+3 -1 3
+5 * 3
+3 +3 3
+3 * 3
+4 +5 3
+3 * 3
+2 +3 3
+5 * 3
+4 * 3
+6 +8 3
+3 * 3
+2 * 3
+3 * 3
+7 * 3
+3 * 3
cfi=(43) ./string/../sysdeps/x86_64/multiarch/../multiarch/memset-vec-unaligned-erms.S
cfn=(126) memset
calls=3 0x26b10 -44 
* * 357
+5 * 3
+7 +6 3
+3 * 3
jcnd=1/3 0x8c29 +4 
* * 
+6 +12 12
+4 -59 12
+7 * 12
+8 * 12
+3 * 12
+4 * 12
+3 * 12
jfi=(36)
jcnd=3/12 0x834d 1268 
* * 
+6 +2 9
+5 * 9
+4 * 9
+3 * 9
+6 +2 9
+4 * 9
+5 * 9
+3 * 9
+5 * 9
+5 * 9
+7 * 9
+3 * 9
cfi=(57)
cfn=(178)
calls=9 0x25d00 -92 
* * 189
+5 * 9
+4 * 9
jfi=(60)
jcnd=9/9 0x7ea1 -48 
* * 
fe=(36)
+35 1264 3
fi=(56) ./elf/../sysdeps/posix/dl-fileid.h
+2 37 3
+7 * 3
cfi=(55) ./io/../sysdeps/unix/sysv/linux/fstat64.c
cfn=(174) fstat
calls=3 0x258f0 -7 
* * 18
+5 * 3
+2 * 3
fe=(36)
+6 989 3
+4 * 3
fi=(56)
+7 40 3
+8 * 3
+7 * 3
fe=(36)
+7 989 3
fi=(56)
+4 40 3
fe=(36)
+7 989 3
+4 * 3
+4 * 3
+3 * 3
jcnd=3/3 +24 +1 
* * 
+11 * 9
+4 * 9
+3 * 9
jcnd=3/9 0x82b0 +19 
* * 
+6 +1 9
+8 * 9
fi=(56)
+2 49 9
+7 * 9
jfi=(36)
jcnd=6/9 -30 989 
* * 
+2 * 3
+7 * 3
jfi=(36)
jcnd=3/3 -39 989 
* * 
fe=(36)
+42 1519 3
+4 * 3
+3 * 3
+1 * 3
+2 * 3
+2 * 3
+2 * 3
+2 * 3
+1 * 3
+6 1074 1
+4 * 1
+3 * 1
+3 * 1
+6 * 1
+3 * 1
+4 * 1
+3 * 1
jcnd=1/1 +23 * 
* * 
+23 * 1
+6 * 1
+3 * 1
+3 * 1
jcnd=1/1 0x8b61 * 
* * 
+6 * 1
+5 +1 1
+6 * 1
+3 -1 1
+4 +1 1
+3 -1 1
+7 +1 1
cfi=(70) ./io/../sysdeps/unix/sysv/linux/pread64_nocancel.c
cfn=(226) __pread64_nocancel
calls=1 0x25bb0 25 
* * 7
+5 * 1
+3 * 1
jcnd=1/1 0x7b14 +15 
* * 
+25 +46 1
+4 * 1
+7 +1 1
jump=1 0x7ce8 -22 
* * 
+5 -15 3
+5 * 3
+6 +7 3
+4 +2 3
+8 -2 3
+4 +1 3
+4 +1 3
+3 -1 3
+4 * 3
+8 +1 3
+3 * 3
+2 * 3
+3 * 3
+3 * 3
+3 * 3
+2 * 3
+7 * 3
jump=3 0x7ce8 -16 
* * 
+11 +60 2
+4 * 2
+3 * 2
+6 +5 2
+4 -1 2
+5 * 2
+5 +5 2
+4 -5 2
+4 * 2
+8 -66 2
+4 +71 2
+3 * 2
+3 * 2
+4 * 2
+7 +1 2
+4 +3 2
+7 -3 2
+7 +8 2
+8 * 2
+3 * 2
+4 * 2
jcnd=2/2 0x7ce8 -94 
* * 
+79 +15 3
+3 * 3
+6 +1 3
jump=3 0x7ce8 1100 
* * 
0x82b0 1008 3
+5 * 3
jcnd=3/3 0x7a7f +28 
* * 
0x834d 1268 3
+4 * 3
+7 * 3
+3 * 3
+6 +1 3
+4 * 3
+4 * 3
fi=(61) ./elf/./elf/get-dynamic-info.h
+4 39 3
+3 * 3
+6 +6 3
+3 -2 3
+4 +11 3
+5 +1 3
+6 -10 3
+3 * 3
jcnd=3/3 +36 +4 
* * 
+13 +8 3
+6 +15 3
+4 -23 3
+4 * 3
+4 * 3
+3 * 3
-15 +23 71
+4 -23 71
+4 * 71
+4 * 71
+3 * 71
jcnd=3/71 0x8428 +27 
* * 
+2 +4 74
+4 * 74
jcnd=54/74 -21 +19 
* * 
+2 +3 20
+7 -1 20
+4 * 20
jcnd=3/20 -40 +2 
* * 
+2 +3 17
+3 * 17
+3 * 17
+4 * 17
jcnd=3/17 +52 +2 
* * 
+2 +1 14
+3 * 14
+3 * 14
+3 * 14
jump=14 -57 +13 
* * 
+41 +1 3
+4 * 3
+3 * 3
+3 * 3
+4 * 3
jcnd=3/3 0x8ac6 +3 
* * 
+26 +16 3
+3 * 3
+6 * 3
+8 * 3
+6 +12 3
+4 * 3
+3 * 3
jcnd=2/3 +6 +1 
* * 
+2 * 1
+4 +1 1
+4 * 1
+3 * 1
-7 * 2
+4 * 2
+3 * 2
+2 * 3
+4 +1 3
+4 * 3
+3 * 3
+2 * 3
+4 +1 3
+4 * 3
+3 * 3
+2 * 3
+4 +1 3
+7 * 3
+3 * 3
jcnd=2/3 +6 +1 
* * 
+2 * 1
+4 +1 1
+7 * 1
+3 * 1
-10 * 2
+7 * 2
+3 * 2
jcnd=1/2 +6 +1 
* * 
+2 * 2
+4 +1 2
+7 * 2
+3 * 2
-10 * 1
+7 * 1
+3 * 1
jcnd=1/1 +6 +1 
* * 
+2 * 2
+4 +1 2
+7 * 2
+3 * 2
-10 * 1
+7 * 1
+3 * 1
+2 * 3
+4 +12 3
+4 +7 3
+7 -7 3
+3 * 3
+6 * 3
+4 * 3
+3 * 3
+2 * 3
+3 * 3
+4 +7 3
+3 * 3
jcnd=2/3 +18 +5 
* * 
+2 * 1
jump=1 +34 +13 
* * 
+16 +5 2
+5 * 2
+6 +7 2
+5 * 2
+2 +1 3
+7 * 3
+5 * 3
+6 +6 3
+7 * 3
+3 * 3
jcnd=2/3 +20 +18 
* * 
+2 +1 1
+7 * 1
+5 * 1
+6 +17 3
+7 * 3
+3 * 3
jcnd=2/3 +46 +15 
* * 
+2 +5 1
+4 * 1
+7 +2 1
+3 * 1
jcnd=1/1 +9 +2 
* * 
+9 +2 1
+3 * 1
jcnd=1/1 +9 +2 
* * 
+9 +2 1
+3 * 1
jcnd=1/1 0x8b19 +1 
* * 
+6 +4 3
+7 * 3
+3 * 3
jfi=(36)
jcnd=1/3 0x8d5c 1275 
* * 
+6 +2 2
+4 * 2
+7 * 2
+2 +1 2
+3 * 2
+6 +9 2
+7 * 2
+6 +6 2
+2 * 2
jcnd=1/2 0x8af9 +1 
* * 
+6 +4 3
+8 * 3
jfi=(36)
jcnd=3/3 +13 1275 
* * 
fe=(36)
+13 1275 3
+2 * 3
+6 +1 3
+2 * 3
jcnd=3/3 +13 +2 
* * 
+13 +2 3
+2 * 3
jcnd=3/3 +16 +10 
* * 
+16 +10 3
+7 * 3
+3 * 3
+6 +19 3
+4 * 3
+7 * 3
+3 +2 3
+6 * 3
+6 * 3
+2 * 3
+2 * 3
+2 * 3
+6 +52 3
+7 * 3
+3 * 3
jcnd=1/3 +13 +7 
* * 
+2 +1 2
+4 * 2
+7 +6 2
+8 * 2
+8 * 2
+3 * 2
+4 * 2
+3 * 2
-26 * 1
+8 * 1
+8 * 1
+3 * 1
+4 * 1
+3 * 1
+6 * 3
+7 * 3
+3 * 3
jump=3 +47 +1 
* * 
+10 +1 31
+5 * 31
jcnd=28/31 +23 -1 
* * 
+2 +6 3
+3 * 3
+3 * 3
+3 * 3
cfn=(188) _dl_process_pt_gnu_property
calls=3 0x7840 868 
* * 218
+5 -7 3
+7 * 3
+3 * 3
-3 * 34
+3 * 34
jcnd=3/34 0x8824 +12 
* * 
+6 +1 37
+3 +6 37
+4 -6 37
+3 * 37
jcnd=31/37 -47 * 
* * 
fi=(30) ./elf/../sysdeps/x86/dl-prop.h
+2 149 6
+8 * 6
jfi=(36)
jcnd=6/6 -29 1368 
* * 
fe=(36)
0x8824 1380 3
+6 * 3
cfi=(62) ./io/../sysdeps/unix/sysv/linux/close_nocancel.c
cfn=(194) __GI___close_nocancel
calls=3 0x25a20 25 
* * 18
+5 * 3
+2 * 3
+6 +13 3
+7 * 3
+6 +2 3
+7 * 3
+4 * 3
+3 * 3
+7 +2 3
+7 * 3
+6 +16 3
+3 * 3
cfi=(8) ./elf/./elf/dl-setup_hash.c
cfn=(14) _dl_setup_hash
calls=3 0x131b0 25 
* * 81
+5 +4 3
+4 * 3
+2 +1 3
+8 * 3
+6 +17 3
+8 * 3
jcnd=2/3 +9 +4 
* * 
+2 +1 1
+7 +3 1
+8 +5 1
+8 -5 1
+8 +5 1
-24 -5 2
+8 +5 2
+8 -5 2
+8 +5 2
+6 +5 3
+8 * 3
+6 +12 3
+4 * 3
+7 * 3
+8 * 3
+4 * 3
+3 * 3
+4 * 3
+6 * 3
jcnd=3/3 0x8d01 +1 
* * 
+6 +10 3
+8 * 3
jcnd=1/3 +29 +13 
* * 
+2 +1 2
+8 * 2
+3 * 2
+2 * 2
+6 +5 2
+3 * 2
cfi=(46)
cfn=(224) _dl_assign_tls_modid
calls=2 0x13de0 125 
* * 24
+5 +7 3
+4 * 3
+3 * 3
cfi=(26)
cfn=(84)
calls=3 0xc610 31 
* * 165
+5 +3 3
+7 * 3
+6 +4 3
+4 * 3
cfi=(45)
cfn=(196)
calls=3 0x2830 38 
* * 21
+5 * 3
+3 +1 3
+3 * 3
+2 * 3
jcnd=3/3 0x8b25 +18 
* * 
+32 +22 3
+4 * 3
+7 * 3
+4 * 3
+4 * 3
+4 * 3
+7 * 3
+6 +1 3
+4 * 3
+3 * 3
cfi=(48)
cfn=(198) _dl_audit_objopen
calls=3 0x1abb0 77 
* * 15
+5 * 3
jump=3 0x8049 +4 
* * 
fi=(60)
+77 92 2
+5 * 2
+4 * 2
+3 * 2
+6 +2 2
+5 -1 2
+5 +1 2
+8 -1 2
+3 +1 2
+3 -1 2
+3 +1 2
+4 -1 2
+3 * 2
+6 +3 2
+3 * 2
+3 * 2
+7 * 2
jfi=(59)
jump=2 0x7eaf +53 
* * 
fi=(61)
0x8ac6 -37 3
+6 * 3
+3 * 3
+4 * 3
+2 +3 3
+6 * 3
+3 * 3
+4 * 3
+6 +2 3
+6 * 3
+3 * 3
+3 * 3
jump=3 0x839e +4 
* * 
+5 181 1
+7 * 1
+7 * 1
jump=1 0x85a1 +3 
* * 
+18 -22 1
+7 * 1
jump=1 0x8566 +3 
* * 
fe=(36)
+5 1510 3
+3 * 3
jcnd=3/3 0x8958 +4 
* * 
+57 1074 1
+6 * 1
jump=1 0x80a3 * 
* * 
fi=(59)
0x8c29 186 1
+3 * 1
+5 * 1
+3 * 1
+3 * 1
+3 * 1
+6 * 1
+5 * 1
cfi=(57)
cfn=(178)
calls=1 0x25d00 47 
* * 21
+5 +3 1
+4 * 1
jcnd=1/1 0x7f1f +5 
* * 
fe=(36)
0x8d01 1462 3
+7 * 3
+3 * 3
jcnd=1/3 0x88e9 +9 
* * 
+6 +2 2
+4 -1 2
+4 * 2
+4 * 2
+2 * 2
+8 * 2
jcnd=2/2 +6 +1 
* * 
+6 +1 2
+3 -1 2
+7 +1 2
+3 -1 2
cfi=(31)
cfn=(90)
calls=2 0x274e0 98 
* * 50
+5 * 2
+2 * 2
jcnd=1/2 0x88e9 +8 
* * 
+6 +2 1
+4 * 1
+3 * 1
+4 * 1
+5 * 1
jump=1 0x88e9 +6 
* * 
+5 1275 1
+7 * 1
jfi=(61)
jump=1 0x85a1 184 
* * 

fn=(102) _dl_init_paths
0x73f0 706 1
+4 * 1
+1 * 1
+3 * 1
+2 * 1
+2 * 1
+2 * 1
+2 * 1
+1 * 1
+4 * 1
+4 * 1
+3 +14 1
+7 -14 1
+4 * 1
+3 +14 1
+7 * 1
cfi=(37) ./elf/./elf/dl-hwcaps.c
cfn=(104) _dl_important_hwcaps
calls=1 0x1ca20 172 
* * 1244
fi=(28)
+5 56 1
fe=(36)
+5 720 1
fi=(28)
+7 56 1
cfi=(27)
cfn=(78)
calls=1 0xc070 -20 
* * 30
fe=(36)
+6 725 1
+7 +2 1
+3 * 1
+6 * 1
+3 +8 1
+7 * 1
+8 -1 1
+10 * 1
+3 * 1
+4 +5 1
+4 * 1
+3 * 1
fi=(28)
+4 56 1
cfi=(27)
cfn=(78)
calls=1 0xc070 -20 
* * 30
fe=(36)
+6 739 1
+4 +2 1
+7 * 1
+3 * 1
+3 * 1
+6 +7 1
+7 +8 1
+5 +2 1
+7 +12 1
+8 * 1
+7 -23 1
+10 +9 1
+4 +11 1
+7 -4 1
+7 -5 1
+4 +3 1
+7 * 1
+4 +7 1
+8 * 1
+4 +2 1
+3 * 1
+3 -11 1
+8 +11 1
+4 * 1
+3 * 1
+3 -8 1
+8 +4 1
+3 +1 1
+4 * 1
+3 * 1
+2 +1 4
+4 * 4
+4 * 4
+2 * 4
cfi=(43)
cfn=(126)
calls=4 0x26b10 132 
* * 56
+5 +2 4
+7 * 4
+3 * 4
jcnd=1/4 +95 * 
* * 
+2 * 3
+4 -14 3
+4 +10 3
+4 +4 3
+3 * 3
+4 * 3
+4 -12 3
+7 -2 3
+4 +2 3
+4 +4 3
+4 -3 3
+8 +3 3
+4 +1 3
+5 -2 3
+4 +5 3
+4 * 3
+6 * 3
+3 +1 3
+3 * 3
jcnd=3/3 0x7518 +1 
* * 
+14 +3 1
+7 +15 1
+7 -8 1
+7 +5 1
+7 -6 1
+11 +9 1
+3 * 1
+4 +2 1
+7 * 1
+3 * 1
+2 * 1
+6 +2 1
+7 * 1
+3 * 1
jcnd=1/1 0x768c +19 
* * 
+75 +36 1
+4 * 1
+3 * 1
+2 * 1
+3 * 1
jcnd=1/1 +33 +2 
* * 
+33 +2 1
+3 * 1
cfi=(22)
cfn=(62)
calls=1 0x28b00 57 
* * 17
+5 * 1
+3 * 1
+4 * 1
+4 * 1
+3 * 1
+6 * 1
+4 * 1
+3 * 1
+3 * 1
jcnd=1/1 0x76e9 * 
* * 
+20 -19 1
+7 -2 1
+11 +2 1
+3 * 1
jcnd=1/1 0x77a5 +14 
* * 
+72 +19 1
+6 * 1
+3 * 1
+3 * 1
jcnd=1/1 0x77c8 * 
* * 
+6 * 1
+3 * 1
+5 * 1
+4 * 1
+4 * 1
cfi=(29)
cfn=(82)
calls=1 0x26920 210 
* * 11
+5 * 1
+3 +5 1
+3 * 1
+2 * 1
+6 * 1
+3 -1 1
+5 * 1
+10 +2 1
+3 +1 1
+2 * 1
+4 -2 1
+4 * 1
+4 * 1
+2 * 1
jcnd=1/1 -19 +1 
* * 
-19 +1 13
+3 +1 13
+2 * 13
+4 -2 13
+4 * 13
+4 * 13
+2 * 13
jcnd=12/13 -19 +1 
* * 
+2 +5 1
fi=(28)
+8 56 1
cfi=(27)
cfn=(78)
calls=1 0xc070 -20 
* * 30
fe=(36)
+6 836 1
fi=(28)
+7 56 1
fe=(36)
+3 838 1
+3 * 1
+6 +6 1
+4 * 1
+3 * 1
+3 * 1
+3 * 1
+7 * 1
cfn=(128) fillin_rpath.isra.0
calls=1 0x6f30 468 
* * 581
+5 +3 1
+7 * 1
+4 * 1
+2 +6 1
+10 +4 1
+4 * 1
+1 * 1
+2 * 1
+2 * 1
+2 * 1
+2 * 1
+1 * 1
+1 -35 1
+11 * 1
jump=1 0x7625 +3 
* * 
+24 +5 1
+6 * 1
jump=1 0x76fb * 
* * 

fn=(132) expand_dynamic_string_token
0x6d90 385 2
+1 * 2
+3 * 2
+2 * 2
+2 * 2
+2 * 2
+2 * 2
+3 * 2
+1 * 2
+3 241 2
+5 * 2
+3 385 2
+4 241 2
cfi=(41)
cfn=(114)
calls=2 0x272b0 32 
* * 72
+5 +3 2
+3 * 2
+2 410 2
+4 -11 2
+3 +11 2
+1 * 2
+2 * 2
+2 * 2
+2 * 2
+2 * 2
+1 -11 2
cfi=(44) ./string/./string/strdup.c
cfn=(134) strdup
calls=2 0x28aa0 40 
* * 180

fn=(162) _dl_map_object
0x92f0 1967 7
+4 * 7
+1 * 7
+3 * 7
+2 * 7
+2 * 7
+2 * 7
+2 * 7
+1 * 7
+7 * 7
+6 * 7
+6 * 7
+7 +8 7
+3 * 7
+6 +1 7
+7 * 7
+3 * 7
+7 * 7
+6 +3 7
+8 * 7
+3 * 7
+3 * 7
+7 * 7
+3 * 7
+4 * 7
+4 * 7
+3 * 7
+6 * 7
+7 * 7
jump=7 +18 +5 
* * 
+5 * 16
+4 * 16
+3 * 16
jcnd=3/16 0x9418 2270 
* * 
+6 +5 20
+8 * 20
+8 * 20
+3 * 20
+3 * 20
+2 * 20
+2 * 20
+2 +2 20
+3 * 20
+3 * 20
cfi=(52) ./elf/./elf/dl-misc.c
cfn=(164) _dl_name_match_p
calls=20 0xc380 68 
* * 2228
+5 * 20
+2 * 20
jcnd=4/20 +93 2270 
* * 
+2 +4 16
+8 * 16
+2 +1 16
+7 * 16
+3 * 16
jcnd=10/16 -76 -12 
* * 
+2 +4 6
+4 -1 6
+4 * 6
+4 * 6
+2 * 6
+8 * 6
jcnd=6/6 +5 +1 
* * 
+5 +1 6
+3 +1 6
+3 -1 6
+4 +1 6
+3 * 6
cfi=(31)
cfn=(90)
calls=6 0x274e0 98 
* * 150
+5 * 6
+2 * 6
jcnd=6/6 0x9370 -17 
* * 
+22 2270 7
+4 * 7
+3 * 7
+1 * 7
+2 * 7
+2 * 7
+2 * 7
+2 * 7
+1 * 7
+4 * 3
+7 2011 3
+6 * 3
+5 * 3
+6 -1 3
+7 * 3
jcnd=3/3 +11 +9 
* * 
+11 +9 3
+7 -50 3
+11 +50 3
+3 * 3
+6 +17 3
+5 * 3
+3 -2 3
+7 +2 3
cfi=(41)
cfn=(114)
calls=3 0x272b0 32 
* * 72
+5 * 3
+3 * 3
jcnd=2/3 0x9570 +4 
* * 
+6 2202 1
+3 * 1
+6 -1 1
+3 * 1
+3 * 1
cfn=(132)
calls=1 0x6d90 385 
* * 175
+5 +6 1
+3 -7 1
+7 +1 1
+3 +2 1
+3 * 1
+6 +4 1
+7 * 1
+2 * 1
+6 * 1
+7 * 1
+7 * 1
+3 * 1
cfn=(166) open_verify.constprop.0
calls=1 0x5c80 1572 
* * 106
+5 +3 1
+7 * 1
+3 -3 1
+2 +3 1
+6 +12 1
+7 * 1
+2 * 1
+3 * 1
+4 +45 1
+7 +1 1
+3 * 1
+3 * 1
+3 * 1
+7 * 1
+3 -1 1
+7 +1 1
+7 * 1
+2 * 1
+1 * 1
+6 * 1
+1 * 1
+6 * 1
+1 * 1
cfn=(172)
calls=1 0x7a20 944 
* * 1940
-57 -1 2
+7 +1 2
+3 * 2
+3 * 2
+3 * 2
+7 * 2
+3 -1 2
+7 +1 2
+7 * 2
+2 * 2
+1 * 2
+6 * 2
+1 * 2
+6 * 2
+1 * 2
cfn=(172)
calls=2 0x7a20 944 
* * 4408
+5 * 3
+4 * 3
+3 * 3
jump=3 0x9403 +2 
* * 
+64 2040 2
+3 * 2
cfi=(22)
cfn=(62)
calls=2 0x28b00 57 
* * 34
+5 * 2
+4 * 2
+7 +2 2
+7 * 2
+6 +7 2
+3 * 2
+6 * 2
+9 * 2
jcnd=2/2 0x99ee +4 
* * 
+20 +51 2
+4 * 2
+6 * 2
+7 * 2
+7 * 2
+1 * 2
+7 * 2
+3 * 2
+7 * 2
+2 * 2
+3 * 2
+7 * 2
+2 * 2
cfn=(208) open_path
calls=2 0x60a0 1812 
* * 824
+5 +6 2
+4 -6 2
+2 +6 2
+3 * 2
jcnd=2/2 0x972f 682 
* * 
+19 2222 2
+7 * 2
+2 * 2
+3 * 2
+4 +46 2
+7 * 2
jump=2 0x94eb -1 
* * 
0x972f 682 2
+8 2107 2
+8 682 2
+4 * 2
jcnd=2/2 0x9d4c 2115 
* * 
0x97c3 2135 2
+3 * 2
cfi=(67) ./elf/./elf/dl-cache.c
cfn=(214) _dl_load_cache_lookup
calls=2 0x16710 403 
* * 3155
+5 * 2
+3 +2 2
+3 * 2
+6 +4 2
+3 * 2
+6 +31 2
+3 -23 2
+9 * 2
+6 +23 2
+7 * 2
+3 * 2
+7 * 2
+5 * 2
+3 * 2
+7 * 2
cfn=(166)
calls=2 0x5c80 1572 
* * 243
+5 +4 2
+7 * 2
+3 -4 2
+2 +4 2
+6 +1 2
+7 +17 2
+7 * 2
jcnd=2/2 0x960f +28 
* * 
0x98ee 2074 2
+8 * 2
+3 * 2
+2 * 2
+6 * 2
+7 682 2
+7 2075 2
+7 682 2
+7 * 2
+4 * 2
jcnd=2/2 0x9f09 2084 
* * 
0x99a6 2099 2
+8 * 2
+6 +1 2
+3 * 2
jcnd=2/2 0x95b6 * 
* * 
+55 -47 2
+7 +1 2
+7 696 2
+3 * 2
+7 * 2
+7 * 2
+7 * 2
jump=2 0x9a89 -14 
* * 
0x9a7d 2058 2
+7 * 2
+3 * 2
jcnd=2/2 0x9af8 +15 
* * 
+2 682 2
+7 2059 2
+7 682 2
+4 * 2
jcnd=2/2 -30 2058 
* * 
+93 2073 2
+7 * 2
+7 * 2
+7 * 2
+7 * 2
+6 +1 2
+3 * 2
jcnd=2/2 0x98ee * 
* * 
0x9d4c +41 2
+11 +14 2
+10 * 2
+6 +2 2
+6 * 2
+2 * 2
jcnd=2/2 0x97c3 +4 
* * 
0x9f09 -47 2
+3 * 2
jcnd=2/2 0x99a6 +15 
* * 

fn=(204) _dl_dst_count
0x6b50 238 6
+4 * 6
+1 +3 6
+5 -3 6
+3 * 6
+2 * 6
+2 * 6
+2 * 6
+2 +7 6
+3 -7 6
+1 * 6
+4 +3 6
cfi=(41)
cfn=(114)
calls=6 0x272b0 32 
* * 216
+5 +3 6
+3 * 6
+2 +20 6
+4 * 6
+3 * 6
+1 * 6
+2 * 6
+2 * 6
+2 * 6
+2 * 6
+1 * 6

fn=(188)
0x7840 868 3
+4 +8 3
+5 -8 3
+3 * 3
+3 +8 3
+6 -6 3
+4 +12 3
+4 * 3
+6 -13 3
+3 +13 3
+5 -13 3
+4 +13 3
+3 * 3
jump=3 +42 +3 
* * 
+42 +3 3
+2 * 3
+3 * 3
+2 +1 3
+4 * 3
+2 +1 3
+7 * 3
+2 +3 3
+3 * 3
+3 * 3
+6 +1 3
+2 * 3
+3 * 3
+6 +4 3
+4 +1 3
+3 * 3
jump=3 +77 +4 
* * 
+50 +22 3
+4 +2 3
+3 -2 3
+4 * 3
+3 +2 3
+3 * 3
+4 * 3
jfi=(30)
jcnd=2/3 0x79fc 258 
* * 
+6 -20 4
+2 * 4
+2 +1 4
+4 +3 4
+2 * 4
+2 +3 4
+4 +1 4
+3 * 4
+4 * 4
+3 * 4
fi=(30)
+2 95 4
+3 * 4
+7 * 4
+7 * 4
+2 +7 4
+4 * 4
+2 +16 4
+3 -3 4
+5 * 4
jcnd=1/4 0x79cc 252 
* * 
+2 254 3
+2 * 3
+6 +1 3
+6 +2 3
+7 * 3
+3 * 3
+3 * 3
+6 +3 3
jfi=(36)
jump=3 0x7902 918 
* * 
+79 -8 1
+2 * 1
+2 +5 1
+7 -4 1
+6 +4 1
+3 * 1
+3 * 1
+6 +3 1
+19 -2 2
fe=(36)

fn=(128)
0x6f30 468 1
+1 * 1
+3 * 1
+2 * 1
+2 * 1
+4 * 1
+2 * 1
+2 * 1
+3 * 1
+1 +4 1
+2 -4 1
+4 * 1
+4 * 1
+4 * 1
+4 * 1
+4 * 1
+4 * 1
+4 * 1
+6 +6 1
+4 * 1
+4 * 1
cfi=(7)
cfn=(130)
calls=1 0x1d680 239 
* * 240
-8 * 1
+4 * 1
+4 * 1
cfi=(7)
cfn=(130)
calls=1 0x1d680 239 
* * 8
+5 * 2
+3 * 2
+3 * 2
jcnd=1/2 0x71d2 +97 
* * 
+6 +7 1
+4 * 1
+6 +2 1
+4 * 1
+3 * 1
cfn=(132)
calls=1 0x6d90 -98 
* * 125
+5 * 1
+3 +4 1
+3 * 1
+2 +5 1
+3 * 1
cfi=(22)
cfn=(62)
calls=1 0x28b00 57 
* * 17
+5 * 1
+3 +1 1
+3 * 1
jcnd=1/1 +38 +7 
* * 
+19 +7 1
+6 * 1
+4 * 1
jcnd=1/1 0x71c0 +5 
* * 
+9 * 1
+4 * 1
jcnd=1/1 -23 * 
* * 
+16 +9 1
+7 * 1
+3 * 1
jcnd=1/1 +24 +1 
* * 
+15 * 4
+4 * 4
+3 * 4
jcnd=1/4 0x7080 +19 
* * 
+2 +1 4
+4 * 4
jcnd=4/4 -13 -1 
* * 
fi=(28)
+63 50 1
+4 * 1
cfi=(27)
cfn=(138) __minimal_free
calls=1 0xc200 +47 
* * 5
+6 +1 1
jfi=(36)
jump=1 0x6f68 474 
* * 
fe=(36)
+42 528 1
+4 * 1
+8 * 1
+3 * 1
jcnd=1/1 +18 +4 
* * 
+18 +4 1
+7 * 1
+5 * 1
+4 * 1
fi=(28)
+3 56 1
cfi=(27)
cfn=(78)
calls=1 0xc070 -20 
* * 30
+6 * 1
fe=(36)
+3 534 1
+3 * 1
+6 +5 1
+7 +1 1
+3 * 1
+3 -1 1
+5 -1 1
+4 +2 1
cfi=(29)
cfn=(122)
calls=1 0x26910 197 
* * 13
+5 +3 1
+7 -3 1
+3 +1 1
+4 +2 1
jcnd=1/1 +9 +6 
* * 
+9 +6 1
+2 +1 1
+7 -1 1
+4 * 1
+4 * 1
+2 +1 1
+3 * 1
+2 * 1
+4 * 1
+4 * 1
jcnd=1/1 0x71e9 * 
* * 
+58 +1 1
+5 -1 1
+4 +1 1
+3 -1 1
+3 * 1
+2 * 1
+4 +1 1
+3 -1 1
+3 * 1
+2 +1 1
+3 +2 1
+4 * 1
+4 +1 1
+2 * 1
+5 * 1
jcnd=1/1 +23 +1 
* * 
+23 +1 1
+4 +6 1
+7 * 1
+4 +1 1
+7 +3 1
+4 * 1
+4 * 1
jfi=(28)
jump=1 0x704c 50 
* * 
+10 -60 1
+5 * 1
+4 -22 1
+4 * 1
jump=1 0x6fe7 +26 
* * 
+5 +88 1
+8 +3 1
+4 * 1
+1 * 1
+2 * 1
+2 * 1
+2 * 1
+2 * 1
+1 * 1
+1 -24 1
+2 * 1
jump=1 0x7152 +1 
* * 

fn=(208)
0x60a0 1812 2
+1 * 2
+3 * 2
+2 * 2
+2 * 2
+2 * 2
+2 * 2
+1 * 2
+7 +1 2
+3 -1 2
+7 * 2
+7 * 2
+7 +1 2
+7 +6 2
+3 * 2
+6 +5 2
+7 * 2
+3 * 2
+3 * 2
+7 * 2
+5 * 2
+3 * 2
+3 * 2
+6 * 2
+3 * 2
+4 * 2
+3 * 2
jcnd=2/2 +23 * 
* * 
+23 * 2
+6 * 2
+3 * 2
+3 * 2
jcnd=2/2 0x6558 * 
* * 
+6 * 2
+5 +67 2
+4 * 2
+6 -74 2
+10 +7 2
+4 * 2
+6 * 2
+7 +57 2
+7 -65 2
+11 +65 2
+7 +10 2
+7 * 2
+7 -64 2
+7 * 2
+3 +8 2
+7 * 2
+2 * 2
+3 * 2
+6 * 2
+4 * 2
+6 +7 2
+4 * 2
+4 -11 2
+3 +12 2
+3 -1 2
+7 * 2
+7 * 2
+3 * 2
cfi=(29)
cfn=(122)
calls=2 0x26910 197 
* * 26
+5 +1 2
+6 * 2
+7 * 2
+2 * 2
+6 * 2
+7 * 2
+3 * 2
+3 * 2
+3 * 2
+7 * 2
jump=2 +33 * 
* * 
+5 +50 1
+3 * 1
+6 -2 1
+3 * 1
+3 * 1
+3 * 1
+6 -48 1
+4 * 1
+7 * 1
jcnd=1/1 0x64f0 +50 
* * 
-11 * 5
+4 * 5
+7 * 5
jcnd=1/5 0x64f0 +50 
* * 
-7 * 2
+7 * 2
+6 +3 6
+6 * 6
jcnd=2/6 -23 -3 
* * 
+2 +5 4
+3 * 4
+7 * 4
+4 * 4
+7 * 4
+4 * 4
+3 * 4
cfi=(29)
cfn=(122)
calls=4 0x26910 197 
* * 52
+5 * 4
+7 * 4
+7 * 4
+3 * 4
cfi=(29)
cfn=(122)
calls=4 0x26910 197 
* * 52
+5 +3 4
+3 * 4
+3 +6 4
+7 * 4
+3 * 4
+6 +3 4
+4 * 4
+3 * 4
+3 * 4
+3 * 4
+7 * 4
+3 * 4
cfn=(166)
calls=4 0x5c80 1572 
* * 224
+5 * 4
+2 +2 4
+5 * 4
+2 * 4
jcnd=1/4 0x6200 +28 
* * 
+6 +2 3
+3 * 3
jcnd=3/3 0x6440 +5 
* * 
+89 +93 2
+4 * 2
+3 * 2
+1 * 2
+2 * 2
+2 * 2
+2 * 2
+2 * 2
+1 * 2
0x6440 -88 3
+3 * 3
+2 +1 3
+4 * 3
+7 * 3
+4 * 3
+4 * 3
+4 * 3
+7 * 3
jcnd=3/3 +45 +6 
* * 
+45 +6 3
+7 +2 3
+7 * 3
+3 -2 3
+3 * 3
+5 +2 3
cfi=(65) ./io/../sysdeps/unix/sysv/linux/stat64.c
cfn=(210) stat
calls=3 0x25a00 28 
* * 46
+5 * 3
+2 +3 3
+5 -3 3
+2 * 3
jcnd=2/3 +45 +10 
* * 
+2 +1 1
+6 * 1
+5 +9 1
+5 * 1
+5 * 1
+7 * 1
+6 * 1
+3 * 1
+3 * 1
+3 * 1
+5 +2 1
jump=1 0x6218 -50 
* * 
-5 -2 2
+5 +2 2
jump=2 0x6218 -50 
* * 
+7 * 2
+7 +44 2
+3 * 2
+2 * 2
+6 * 2
+3 * 2
+2 * 2
+5 * 2
+4 * 2
+2 +6 2
+8 * 2
+7 -2 2
+7 +2 2
+4 * 2
+6 +3 2
+7 * 2
+7 * 2
+6 1822 2
+6 * 2
jump=2 0x6305 1960 
* * 
+12 +2 2
+6 * 2
jump=2 0x6134 * 
* * 

fn=(166)
0x5c80 1572 7
+1 * 7
+3 * 7
+2 * 7
+3 * 7
+2 * 7
+2 * 7
+2 * 7
+1 * 7
+3 * 7
+4 +32 7
+6 -32 7
+4 * 7
+4 +32 7
+2 * 7
+6 +19 7
+5 * 7
+3 * 7
+2 * 7
cfi=(53) ./io/../sysdeps/unix/sysv/linux/open64_nocancel.c
cfn=(168) __open_nocancel
calls=7 0x25b40 28 
* * 152
+5 * 7
+3 +2 7
+3 * 7
jcnd=4/7 0x5fc2 -16 
* * 
+6 +8 3
+10 +1 3
+2 * 3
+4 +5 3
+6 -5 3
+7 +5 3
+3 * 3
+5 * 3
+3 * 3
+3 * 3
cfi=(54) ./io/../sysdeps/unix/sysv/linux/read_nocancel.c
cfn=(170) __read_nocancel
calls=3 0x25be0 25 
* * 18
+5 +2 3
+3 * 3
+6 +2 3
+3 * 3
+3 +2 3
+4 * 3
+2 +6 3
+4 * 3
+6 +17 3
+10 * 3
+4 * 3
jcnd=1/3 0x5f70 * 
* * 
+6 * 3
+5 * 3
+2 * 3
+6 * 3
+4 * 3
+2 * 3
+2 * 3
+4 * 3
+2 * 3
jcnd=3/3 0x5db0 * 
* * 
0x5db0 * 3
+3 +81 3
+5 * 3
+2 +5 3
+6 * 3
+6 +6 3
+5 * 3
+3 * 3
+4 * 3
+6 +6 3
+6 * 3
+6 +6 3
+5 +1 3
+4 -1 3
+8 * 3
+3 * 3
+4 +1 3
+5 * 3
+3 * 3
jcnd=1/3 +44 +4 
* * 
+2 +26 7
+4 * 7
+3 * 7
+1 * 7
+2 * 7
+2 * 7
+2 * 7
+2 * 7
+1 * 7
+25 -22 1
+4 * 1
+3 * 1
+3 * 1
+6 * 1
+3 * 1
+4 * 1
+3 * 1
jcnd=1/1 +23 * 
* * 
+23 * 1
+6 * 1
+3 * 1
+3 * 1
jcnd=1/1 0x6000 * 
* * 
+6 * 1
+5 +1 1
+3 * 1
+3 -1 1
+4 +1 1
cfi=(70)
cfn=(226)
calls=1 0x25bb0 25 
* * 7
+5 * 1
+3 * 1
jcnd=1/1 0x5e06 +21 
* * 
0x5f70 1668 1
+10 * 1
+4 * 1
jcnd=1/1 0x5d2b * 
* * 
+68 -59 4
+6 * 4
jump=4 0x5e06 1799 
* * 
+56 1777 1
+6 * 1
jump=1 0x5e73 * 
* * 

fl=(39) ./elf/./elf/dl-hwcaps_split.c
fn=(116) _dl_hwcaps_split
0x1cf40 25 1
+4 * 1
+1 * 1
+3 * 1
+2 * 1
+1 +1 1
+3 * 1
+3 * 1
jcnd=1/1 +95 +21 
* * 
+95 +21 1
+1 -20 1
+2 +20 1
+2 * 1
+1 * 1

fn=(110) _dl_hwcaps_split_masked
0x1cfe0 51 11
+4 * 11
+1 * 11
+3 * 11
+2 * 11
+2 * 11
+2 * 11
+3 * 11
+2 * 11
+1 * 11
+4 -25 11
+3 * 11
+5 * 11
+3 * 11
jcnd=9/11 +81 +4 
* * 
+2 +36 5
+4 -7 5
+2 +7 5
+1 * 5
+2 * 5
+2 * 5
+2 * 5
+2 * 5
+1 * 5
+11 -26 12
+2 * 12
jcnd=3/12 -29 +26 
* * 
+2 +5 9
+5 * 9
+3 * 9
cfi=(41)
cfn=(114)
calls=9 0x272b0 -9 
* * 216
+5 * 9
+3 +1 9
+3 * 9
jcnd=3/9 0x1d10d +1 
* * 
+6 +3 6
+3 +11 6
+4 * 6
+4 +1 6
+2 * 6
+2 * 6
+4 +1 6
+2 * 6
jcnd=3/6 +54 * 
* * 
-18 -2 3
+4 * 3
+4 +1 3
+2 * 3
+2 * 3
+4 +1 3
+2 * 3
jcnd=3/3 +54 * 
* * 
+2 -28 12
+4 * 12
+4 +4 12
+5 * 12
+3 * 12
jcnd=6/12 -68 +2 
* * 
+2 * 6
+5 * 6
+5 +1 6
+4 * 6
+3 -1 6
+3 * 6
+4 * 6
+3 * 6
+2 * 6
jump=6 -99 +2 
* * 
+5 +24 6
+4 +9 6
+3 * 6
jcnd=6/6 +92 -5 
* * 
+92 -5 6
+4 -2 6
+5 +2 6
+1 * 6
+2 * 6
+2 * 6
+2 * 6
+2 * 6
+1 * 6
+15 -19 3
+3 * 3
cfi=(22)
cfn=(62)
calls=3 0x28b00 +14 
* * 51
+5 * 3
+3 * 3
jump=3 0x1d040 +13 
* * 

fl=(42) ./string/../sysdeps/x86_64/multiarch/../multiarch/memcmp-sse2.S
fn=(118) bcmp
0x26640 59 1
+4 +12 1
+4 +1 1
+6 +22 1
+3 +1 1
jcnd=1/1 +47 +45 
* * 
+47 +45 1
+3 +1 1
+3 +2 1
+3 +1 1
+2 +2 1
+5 +1 1
+5 +2 1
+3 +1 1
jcnd=1/1 +24 +47 
* * 
+24 +47 1
+3 +1 1
+3 +1 1
+3 +1 1
+2 +1 1
+3 +1 1

fl=(44)
fn=(134)
0x28aa0 40 4
+4 * 4
+1 * 4
+3 * 4
+2 * 4
+1 * 4
+3 +1 4
cfi=(22)
cfn=(62)
calls=4 +82 +16 
* * 122
+5 * 4
fi=(559) ./string/../include/rtld-malloc.h
+4 +15 4
+3 * 4
cfi=(27)
cfn=(78)
calls=4 0xc070 -20 
* * 120
fe=(44)
+6 -12 4
+3 * 4
+2 +3 4
+3 * 4
+3 * 4
+3 +1 4
+1 * 4
+2 * 4
+1 -1 4
cfi=(29)
cfn=(82)
calls=4 0x26920 210 
* * 60

fl=(46)
fn=(250) _dl_determine_tlsoffset
0x14000 216 1
+4 * 1
+1 * 1
+3 * 1
+2 * 1
+2 * 1
+2 * 1
+2 * 1
+1 * 1
+4 +6 1
+7 * 1
+4 * 1
+3 * 1
+6 +3 1
+5 * 1
+6 +36 1
+4 * 1
+3 * 1
+6 +2 1
+3 -2 1
+3 -2 1
+3 -40 1
+3 -1 1
+3 -1 1
+6 +46 1
+4 * 1
jump=1 +82 * 
* * 
+6 +23 3
+4 * 3
+2 * 3
+3 +3 3
+3 -3 3
+3 * 3
+3 * 3
+3 * 3
+3 * 3
+3 +2 3
+3 * 3
jcnd=3/3 +11 +6 
* * 
+11 +6 3
+3 -33 3
+4 * 3
+4 +20 3
+7 -20 3
+3 * 3
+4 * 3
+5 * 3
+3 * 3
jcnd=1/3 0x14121 +41 
* * 
+2 +2 3
+4 * 3
+6 +3 3
+7 -1 3
+7 +5 3
+3 * 3
+7 -5 3
+3 +1 3
+4 -1 3
+3 +3 3
+3 * 3
+4 +2 3
+3 * 3
+3 * 3
jcnd=3/3 0x14060 +16 
* * 
+60 +32 1
+7 * 1
+2 -1 1
+7 +53 1
+7 -52 1
+5 * 1
+3 * 1
+3 * 1
+3 * 1
+3 +2 1
+7 * 1
+7 +51 1
+4 * 1
+1 * 1
+2 * 1
+2 * 1
+2 * 1
+2 * 1
+1 * 1

fn=(142) _dl_count_modids
0x13f00 192 1
+4 +2 1
+7 * 1
+2 +1 1
+7 +15 1
+3 * 1

fn=(440) _dl_allocate_tls_init
0x142d0 523 1
+4 * 1
+1 * 1
+3 * 1
+2 * 1
+2 * 1
+2 * 1
+2 * 1
+1 * 1
+4 * 1
+4 * 1
+4 +1 1
+3 * 1
+6 +4 1
+4 +6 1
+7 -6 1
+4 +6 1
cfi=(24)
cfn=(86)
calls=1 0x14e60 42 
* * 3
+6 +3 1
+7 * 1
+4 * 1
+6 +12 1
+7 -18 1
+3 +42 1
+3 * 1
+3 * 1
+4 -19 1
+2 * 1
+4 * 1
+3 * 1
+3 * 1
+3 * 1
+6 * 1
+5 * 1
+4 * 1
+3 * 1
+3 * 1
+3 * 1
jump=1 0x1443e +6 
* * 
+9 +9 3
+3 * 3
+4 * 3
+5 +1 3
+3 * 3
+6 +6 3
+5 * 3
+7 * 3
+6 +3 3
+7 -2 3
+3 +2 3
+8 -2 3
+4 +2 3
+4 * 3
+3 * 3
+4 * 3
+3 +4 3
+7 -4 3
+3 +4 3
+4 -1 3
+4 * 3
+2 +4 3
+3 * 3
+6 +1 3
+7 * 3
+7 * 3
+3 * 3
+6 +2 3
+3 * 3
+6 +1 3
+4 * 3
+3 +17 3
+5 -8 3
+3 +8 3
jcnd=3/3 +8 +2 
* * 
+8 +2 3
+7 * 3
+3 * 3
+4 * 3
cfi=(29)
cfn=(122)
calls=3 0x26910 197 
* * 47
+5 * 3
+4 * 3
+3 * 3
+2 * 3
+3 * 3
+3 * 3
cfi=(43)
cfn=(126)
calls=3 0x26b10 132 
* * 64
+5 -49 3
+4 +55 3
+7 -55 3
+4 * 3
+4 * 3
+3 * 3
+2 +6 4
+3 * 4
jcnd=3/4 0x14360 +3 
* * 
+6 * 1
+3 +55 1
+7 * 1
cfi=(24)
cfn=(86)
calls=1 0x14e60 42 
* * 3
+6 +3 1
+4 * 1
+3 +3 1
+4 * 1
+4 * 1
+1 * 1
+2 * 1
+2 * 1
+2 * 1
+2 * 1
+1 * 1

fn=(438) _dl_add_to_slotinfo
0x14bd0 1017 3
+4 * 3
+1 * 3
+3 * 3
+2 * 3
+3 * 3
+2 * 3
+3 * 3
+2 +9 3
+7 -9 3
+1 +6 3
+7 +4 3
jump=3 +21 +4 
* * 
+21 +4 3
+4 * 3
+3 * 3
+2 +34 3
+3 * 3
jcnd=3/3 +12 +3 
* * 
+12 +3 3
+4 * 3
+5 +1 3
+7 * 3
+4 * 3
+5 +3 3
+1 * 3
+2 * 3
+2 * 3
+2 * 3
+1 * 3

fn=(224)
0x13de0 125 2
+4 +16 2
+7 -13 2
+7 -3 2
+1 * 2
+4 * 2
+3 +3 2
+2 +55 2
+7 -2 2
+3 +5 2
+7 +1 2
+1 * 2

fn=(248) _dl_tls_static_surplus_init
0x13d40 97 1
+4 * 1
+1 +3 1
+2 -3 1
+3 * 1
+2 * 1
+2 +3 1
+4 -3 1
+3 +3 1
+5 -3 1
+1 +3 1
+3 -3 1
+4 +3 1
cfi=(11)
cfn=(28)
calls=1 0x15c10 387 
* * 23
+5 * 1
+4 +1 1
+2 * 1
+3 * 1
+5 * 1
cfi=(11)
cfn=(28)
calls=1 0x15c10 387 
* * 23
+5 +1 1
+5 +2 1
+5 -3 1
+4 +1 1
+3 * 1
+4 +2 1
+3 * 1
+3 * 1
+2 +3 1
+3 +2 1
+7 -26 1
+4 * 1
+3 * 1
+3 +28 1
+7 * 1
+2 * 1
+7 +1 1
+4 * 1
+1 * 1
+2 * 1
+2 * 1
+1 * 1

fn=(252) _dl_allocate_tls_storage
0x141f0 417 1
+4 * 1
+1 * 1
+3 * 1
+2 * 1
+2 * 1
+1 * 1
+4 +2 1
+7 +11 1
+7 +1 1
fi=(28)
+5 56 1
cfi=(27)
cfn=(78)
calls=1 0xc070 -20 
* * 85
fe=(46)
+6 432 1
+3 * 1
+6 +8 1
+5 * 1
+3 * 1
fi=(28)
+2 44 1
fe=(46)
+5 440 1
+3 * 1
+3 +5 1
+2 -5 1
+3 +1 1
+8 +4 1
+4 * 1
+3 * 1
+7 * 1
+11 * 1
+4 * 1
+3 * 1
+6 * 1
+3 * 1
jcnd=1/1 * * 
* * 
* * 295
jcnd=294/295 * * 
* * 
+3 +19 1
+7 -99 1
+7 +4 1
+4 +1 1
fi=(28)
+4 44 1
cfi=(27)
cfn=(74)
calls=1 0xc1c0 +36 
* * 41
fe=(46)
+6 371 1
+3 * 1
+2 +3 1
+3 +6 1
+4 * 1
+4 +90 1
+4 * 1
+3 * 1
+1 * 1
+2 * 1
+2 * 1
+1 * 1

fn=(2054)
0x14570 626 1
+4 * 1
+1 * 1
+3 * 1
+2 * 1
+2 * 1
+2 * 1
+2 * 1
+1 * 1
+4 * 1
+4 +1 1
+3 * 1
+6 365 1
fi=(28)
+7 44 1
fe=(46)
+5 369 1
+4 +1 1
fi=(28)
+4 44 1
cob=(2)
cfi=(194)
cfn=(774)
calls=1 0xae7c0 3699 
* * 260
fe=(46)
+6 371 1
+3 * 1
+6 +9 1
+4 -6 1
+3 +6 1
+4 * 1
+4 534 1
+7 * 1
cob=(2)
cfi=(384)
cfn=(2006)
calls=1 0x9fff0 77 
* * 44
+6 +3 1
+7 * 1
+4 * 1
+6 +12 1
+7 +24 1
+8 -42 1
+2 -1 1
+2 * 1
+3 +24 1
+3 * 1
+3 * 1
+3 * 1
+4 * 1
+3 * 1
+6 * 1
+4 * 1
jump=1 0x146fc +6 
* * 
+14 +9 3
+3 * 3
+4 * 3
+5 +1 3
+3 * 3
+6 +6 3
+5 * 3
+7 * 3
+6 +3 3
+7 -2 3
+3 +6 3
+7 -6 3
+4 +2 3
+3 +4 3
+4 -4 3
+4 * 3
+3 * 3
+3 +3 3
+4 * 3
+2 +4 3
+3 * 3
+6 +1 3
+7 * 3
+7 * 3
+3 * 3
+6 +2 3
+3 * 3
+6 +1 3
+4 +19 3
+7 * 3
+3 * 3
+4 * 3
+4 -19 3
+3 +19 3
+4 -10 3
+3 +10 3
+3 * 3
cfi=(29)
cfn=(122)
calls=3 0x26910 197 
* * 47
+5 * 3
+4 * 3
+4 * 3
+2 * 3
+3 * 3
+3 * 3
cfi=(43)
cfn=(126)
calls=3 0x26b10 132 
* * 64
+5 -49 3
+3 +55 3
+7 * 3
+4 * 3
+8 -55 3
+4 * 3
+4 * 3
+3 * 3
+2 +6 4
+3 * 4
jcnd=3/4 0x14620 +3 
* * 
+6 +55 1
+7 * 1
cob=(2)
cfi=(386)
cfn=(2012)
calls=1 0xa1a70 367 
* * 37
+6 +3 1
+4 +2 1
+4 +10 1
+4 * 1
+1 * 1
+2 * 1
+2 * 1
+2 * 1
+2 * 1
+1 * 1

fl=(37)
fn=(104)
0x1ca20 172 1
+4 * 1
+1 * 1
+3 * 1
+2 * 1
+3 * 1
+2 +3 1
+3 -3 1
+2 * 1
+4 * 1
+2 +3 1
+3 -3 1
+1 * 1
+7 * 1
+4 * 1
+4 * 1
+7 +2 1
cfi=(38)
cfn=(106)
calls=1 0x1ce80 29 
* * 49
+5 +1 1
fi=(40) ./elf/./dl-hwcaps.h
+2 43 1
fe=(37)
+4 174 1
fi=(40)
+3 45 1
+3 * 1
+8 +32 1
+7 +1 1
+8 +1 1
jfi=(37)
jump=1 +22 -27 
* * 
fe=(37)
+22 -27 1
+3 * 1
cfi=(39)
cfn=(110)
calls=1 0x1cfe0 -1 
* * 23
+5 * 1
+2 * 1
fi=(40)
+2 -9 1
+7 +2 1
+8 -2 1
+4 +34 1
+3 * 1
+3 +1 1
+4 * 1
+4 +1 1
jfi=(37)
jump=1 +27 -27 
* * 
fe=(37)
+9 -24 2
+4 -1 2
+4 +1 2
+3 +1 2
+3 +1 2
+4 -5 2
+3 * 2
cfi=(39)
cfn=(110)
calls=2 0x1cfe0 -1 
* * 130
-3 * 1
+3 * 1
cfi=(39)
cfn=(110)
calls=1 0x1cfe0 -1 
* * 125
+5 * 3
+2 * 3
jcnd=2/3 -28 +3 
* * 
+2 +48 1
+3 * 1
+4 * 1
+4 * 1
fi=(28)
+4 -44 1
+3 * 1
cfi=(27)
cfn=(78)
calls=1 0xc070 -20 
* * 30
fe=(37)
+6 +46 1
+4 * 1
+3 -2 1
+7 +2 1
+6 +3 1
+7 +3 1
fi=(40)
+2 -65 1
+4 +2 1
fe=(37)
+8 +67 1
fi=(40)
+4 -66 1
jfi=(37)
jump=1 +43 +66 
* * 
fe=(37)
+43 +66 1
+3 * 1
cfi=(39)
cfn=(116)
calls=1 0x1cf40 -87 
* * 13
+5 * 1
+2 * 1
fi=(40)
+2 -69 1
+7 +2 1
+8 -2 1
+4 +34 1
+3 * 1
+3 +1 1
+4 * 1
+4 +1 1
jfi=(37)
jump=1 +43 +46 
* * 
fe=(37)
+5 +48 2
+4 * 2
+3 * 2
+4 * 2
+7 * 2
+3 +1 2
+4 * 2
+3 +1 2
+3 +1 2
+4 -1 2
+3 -4 2
+3 * 2
cfi=(39)
cfn=(110)
calls=2 0x1cfe0 -74 
* * 130
-3 * 1
+3 * 1
cfi=(39)
cfn=(110)
calls=1 0x1cfe0 -74 
* * 125
+5 * 3
+2 * 3
jcnd=2/3 -48 +2 
* * 
+2 +8 1
+4 * 1
+3 * 1
+6 +9 1
+6 * 1
+3 * 1
+6 * 1
+4 * 1
+5 +3 1
+7 * 1
+7 * 1
+7 * 1
+7 * 1
+7 * 1
+7 * 1
+3 * 1
+4 -2 1
+3 * 1
+4 * 1
+4 * 1
+4 * 1
+3 * 1
jump=1 +60 +8 
* * 
+6 +14 1
jcnd=1/1 +7 +4 
* * 
+7 +4 1
+7 +1 1
+6 +1 1
+4 -20 1
+4 * 1
+5 * 1
+4 +19 1
+5 +1 1
+7 -20 1
+3 * 1
jcnd=1/1 +43 +13 
* * 
+2 +8 1
+5 * 1
+5 +4 1
+5 * 1
+4 -4 1
+3 * 1
+3 * 1
+4 +4 1
+3 * 1
cfi=(42)
cfn=(118)
calls=1 0x26640 -96 
* * 19
+5 +1 1
+2 * 1
jcnd=1/1 -93 +1 
* * 
+2 * 1
+4 -14 1
+4 * 1
+4 * 1
+6 * 1
+7 * 1
+7 * 1
+7 * 1
+7 * 1
+7 +47 1
+4 -4 1
+4 * 1
+4 +4 1
+5 * 1
+3 -3 1
+8 +7 1
+4 -7 1
+3 * 1
+4 +7 1
fi=(28)
+5 56 1
cfi=(27)
cfn=(78)
calls=1 0xc070 -20 
* * 30
+6 * 1
fe=(37)
+3 194 1
+3 * 1
+6 +8 1
fi=(40)
+4 43 1
fe=(37)
+4 201 1
+3 80 1
fi=(40)
+10 -35 1
fe=(37)
+8 +35 1
+10 202 1
fi=(40)
+3 77 1
+7 +1 1
fe=(37)
+8 202 1
+4 * 1
+4 * 1
fi=(40)
+4 79 1
jfi=(37)
jump=1 +61 -2 
* * 
fe=(37)
+61 -2 1
+3 * 1
cfi=(39)
cfn=(110)
calls=1 0x1cfe0 -26 
* * 23
+5 * 1
+2 * 1
fi=(40)
+2 -34 1
+7 +2 1
fe=(37)
+8 +35 1
+10 * 1
fi=(40)
+10 -37 1
+4 +34 1
+3 * 1
+3 +1 1
+4 * 1
+4 +1 1
jfi=(37)
jump=1 +55 -2 
* * 
+3 * 2
fe=(37)
+4 +1 2
+4 * 2
+4 +7 2
+4 -7 2
+4 * 2
+3 * 2
+4 * 2
cfi=(29)
cfn=(122)
calls=2 0x26910 197 
* * 26
+5 +4 2
+3 +2 2
+4 +2 2
+4 -2 2
+4 * 2
+5 -9 2
+3 * 2
cfi=(39)
cfn=(110)
calls=2 0x1cfe0 -26 
* * 130
-3 * 1
+3 * 1
cfi=(39)
cfn=(110)
calls=1 0x1cfe0 -26 
* * 125
+5 * 3
+2 * 3
jfi=(40)
jcnd=2/3 -62 +2 
* * 
+2 213 1
+7 * 1
+4 -5 1
+4 +1 1
+9 -1 1
+4 +5 1
+3 +3 1
+7 * 1
+1 * 1
+3 * 1
+2 * 1
+2 * 1
+2 * 1
+2 * 1
+1 * 1

fl=(14)
fn=(30)
0x249c0 36 1
fi=(560) ./elf/../sysdeps/unix/sysv/linux/brk_call.h
+4 -12 1
+5 * 1
fe=(14)
+2 +13 1
+7 +1 1
+3 * 1
+2 +6 1
+2 +1 1

fl=(29)
fn=(82)
0x26920 210 21
+4 +1 21
+3 +6 21
+4 +1 21
jcnd=7/21 +37 +90 
* * 
+2 +2 14
+3 +1 14
+4 +1 14
jcnd=8/14 0x269b0 392 
* * 
+2 +2 6
+5 +1 6
+3 +1 6
+5 +2 6
+13 +80 7
+3 +1 7
jcnd=6/7 +45 +55 
* * 
+2 +2 1
+3 +4 1
+2 +1 1
+3 +1 1
+2 +1 1
+2 +1 1
jcnd=1/1 +12 +4 
* * 
+12 +4 1
+2 +2 1
+17 +39 6
+5 +1 6
+3 +1 6
+3 +1 6
+5 +1 6
+1 +7 8
+5 +1 8
+5 +1 8
+3 +1 8
+4 +1 8
+5 +1 8
+5 +1 8
+4 +11 8
+7 +1 8
+2 +2 8
+4 +1 8
+4 +1 8
jcnd=8/8 -48 -22 
* * 

fn=(122)
0x26910 197 22
+4 +1 22
+3 +1 22
+3 +1 22
jump=22 +13 +17 
* * 
+13 +17 22
+4 +1 22
jcnd=13/22 +37 +90 
* * 
+2 +2 9
+3 +1 9
+4 +1 9
jcnd=4/9 0x269b0 392 
* * 
+2 +2 5
+5 +1 5
+3 +1 5
+5 +2 5
+13 +80 13
+3 +1 13
jcnd=9/13 +45 +55 
* * 
+2 +2 4
+3 +4 4
+2 +1 4
+3 +1 4
jcnd=4/4 +18 +8 
* * 
+18 +8 4
+17 +39 9
+5 +1 9
+3 +1 9
+3 +1 9
+5 +1 9
+1 +7 4
+5 +1 4
+5 +1 4
+3 +1 4
+4 +1 4
+5 +1 4
+5 +1 4
+4 +11 4
+7 +1 4
+2 +2 4
+4 +1 4
+4 +1 4
jcnd=4/4 -48 -22 
* * 

fl=(1) ???
fn=(0) 0x000000000001f540
0x1f540 0 1
+3 0 1
cfi=(2)
cfn=(2) _dl_start
calls=1 0x201d0 517 
* 0 288751
+5 0 1
+3 0 1
+3 0 1
+6 0 1
+6 0 1
jcnd=1/1 +19 0 
* 0 
+19 0 1
+2 0 1
+4 0 1
cfi=(76) ./elf/../sysdeps/x86_64/dl-cet.c
cfn=(492) _dl_cet_setup_features
calls=1 0x17b40 331 
* 0 4
+5 0 1
+3 0 1
+3 0 1
+4 0 1
+3 0 1
+4 0 1
+7 0 1
+5 0 1
+4 0 1
+2 0 1
cfi=(155) ./elf/./elf/dl-init.c
cfn=(496) _dl_init
calls=1 0x5780 81 
* 0 865
+5 0 1
+7 0 1
+3 0 1
cob=(6)
cfi=(162)
cfn=(534)
calls=1 0x1f0cf0 0 
* 0 623719

fl=(64) ./elf/./elf/dl-deps.c
fn=(206) openaux
0x29f0 61 6
+4 * 6
+1 * 6
+3 * 6
+1 * 6
+3 * 6
+4 +7 6
+3 -4 6
+3 * 6
+4 * 6
+4 +1 6
+7 -1 6
+4 * 6
+2 * 6
+3 * 6
+2 * 6
+5 * 6
+3 * 6
cfi=(36)
cfn=(162)
calls=6 0x92f0 1967 
* * 11739
+5 * 6
+4 +5 6
+4 * 6
+1 * 6

fn=(202) _dl_map_object_deps
0x2a40 143 1
+4 * 1
+1 * 1
+3 * 1
+3 +1 1
+4 * 1
+4 -1 1
+3 +1 1
+8 -1 1
+2 * 1
+2 +1 1
+4 -1 1
+2 +1 1
+4 -1 1
+2 * 1
+1 * 1
+7 * 1
+6 +1 1
+3 * 1
+7 * 1
+3 -1 1
+7 +1 1
+3 * 1
+3 * 1
jcnd=1/1 +23 * 
* * 
+23 * 1
+5 * 1
+3 * 1
+3 * 1
jcnd=1/1 0x3850 * 
* * 
+6 -8 1
+8 +8 1
+5 * 1
+4 -8 1
+3 -6 1
+4 -2 1
+6 +16 1
+3 -8 1
+3 -7 1
+4 +1 1
+4 +6 1
+7 +24 1
+3 * 1
+6 * 1
+4 * 1
+3 -28 1
+5 * 1
+6 * 1
+4 -2 1
+3 +31 1
+3 -33 1
+3 * 1
+6 +2 1
+3 * 1
+4 +30 1
+4 * 1
+4 -30 1
+4 -1 1
+5 * 1
+5 * 1
+4 * 1
+4 +7 1
+7 * 1
+3 * 1
+3 * 1
+6 +24 1
+3 * 1
+2 * 1
+4 +28 1
+4 * 1
+4 * 1
+7 -6 1
+7 +46 1
fi=(72) ./elf/../include/scratch_buffer.h
+3 77 1
fe=(64)
+7 +87 1
fi=(72)
+8 -87 1
+7 +1 1
fe=(64)
+11 184 1
+10 +44 1
+7 * 1
+7 * 1
+7 * 1
+7 -31 1
+7 -4 1
+6 +4 1
+3 * 1
jcnd=1/1 0x3588 +1 
* * 
-16 * 4
+7 -4 4
+6 +4 4
+3 * 4
jcnd=4/4 0x3588 +1 
* * 
+8 +11 5
+5 * 5
jcnd=3/5 0x2ce0 +2 
* * 
+6 * 2
+8 * 2
+6 -18 2
+3 +18 2
+8 * 2
+6 417 5
+3 * 5
jcnd=2/5 0x2c94 +22 
* * 
+6 +2 3
+3 +3 3
+5 -3 3
+4 * 3
+7 * 3
+8 +3 3
+4 -3 3
fi=(28)
+7 56 3
cfi=(27)
cfn=(78)
calls=3 0xc070 -20 
* * 90
fe=(64)
+6 423 3
+7 * 3
+7 * 3
fi=(28)
+3 56 3
fe=(64)
+3 423 3
+6 +6 3
+3 +1 3
+4 * 3
+4 * 3
+3 * 3
+7 * 3
cfi=(29)
cfn=(82)
calls=3 0x26920 210 
* * 33
+5 +1 3
+4 * 3
+3 * 3
+3 * 3
+4 * 3
cfi=(29)
cfn=(82)
calls=3 0x26920 210 
* * 33
+5 +3 3
+7 +1 3
+8 * 3
+7 +4 3
+2 * 3
+2 * 3
jcnd=3/3 +22 +2 
* * 
-4 * 2
+2 * 2
+2 * 2
jcnd=2/2 +22 +2 
* * 
+2 188 4
+4 * 4
jump=4 0x2bc0 +9 
* * 
+10 442 4
+2 * 4
+2 * 4
jcnd=4/4 -18 188 
* * 
+2 -1 5
+4 +1 5
+3 * 5
jcnd=4/5 -13 * 
* * 
+2 183 1
+7 * 1
+7 * 1
+3 * 1
+7 * 1
+7 * 1
jfi=(72)
jump=1 0x3109 -98 
* * 
+10 +27 3
+4 * 3
+4 * 3
+8 * 3
jcnd=3/3 +6 +7 
* * 
+6 +7 3
+6 +4 3
+4 -6 3
+7 +1 3
+7 +1 3
+6 +1 3
+6 * 3
+6 +3 3
+3 * 3
+3 * 3
+6 -2 3
+7 -29 3
+3 * 3
+7 * 3
+7 * 3
+7 * 3
+5 +32 3
+4 * 3
-4 * 82
+4 * 82
jcnd=79/82 0x2f90 +44 
* * 
+6 +6 6
+7 * 6
+4 * 6
+3 * 6
cfi=(36)
cfn=(204)
calls=6 0x6b50 +10 
* * 354
+5 * 6
+3 * 6
+3 * 6
jcnd=6/6 0x2f30 * 
* * 
0x2e46 +4 6
+7 * 6
+7 -2 6
+7 +2 6
+7 * 6
cfi=(50)
cfn=(156) _dl_catch_exception
calls=6 0x1480 -28 
* * 12267
+5 +1 6
+8 * 6
+6 +9 6
+7 +2 6
+7 * 6
jcnd=3/6 0x2ef3 +19 
* * 
+2 +5 3
+3 * 3
+3 * 3
jcnd=3/3 +23 * 
* * 
+23 * 3
+4 * 3
+6 +6 3
+7 +2 3
+7 -8 3
+5 * 3
+4 +3 3
+4 +1 3
+6 +1 3
+8 +1 3
+4 +4 3
+7 -3 3
+7 +3 3
+3 * 3
+3 * 3
+6 +4 3
+7 * 3
+3 * 3
jcnd=3/3 +13 -42 
* * 
-10 * 3
+7 * 3
+3 * 3
+2 +1 3
+3 * 3
+4 * 3
+4 -43 3
+4 * 3
+4 * 3
+3 * 3
jcnd=3/3 0x2d50 +1 
* * 
-11 * 82
+4 * 82
+4 * 82
+3 * 82
jcnd=79/82 0x2d50 +1 
* * 
+6 * 3
+7 * 3
+7 * 3
jump=3 0x2c02 417 
* * 
+7 +7 6
+3 * 6
jump=6 0x2e46 +4 
* * 
+93 +38 79
+4 * 79
+6 * 79
jcnd=79/79 0x2f0a -45 
* * 
fi=(72)
0x3109 85 1
+7 * 1
+3 * 1
jfi=(64)
jcnd=1/1 +36 448 
* * 
fe=(64)
+36 448 1
+6 * 1
+2 * 1
+2 * 1
+3 * 1
+2 +1 1
+7 +3 1
+7 * 1
+7 * 1
+3 * 1
jcnd=1/1 +32 +11 
* * 
+32 +11 1
+6 * 1
+7 * 1
+7 * 1
+4 * 1
fi=(28)
+4 56 1
cfi=(27)
cfn=(78)
calls=1 0xc070 -20 
* * 30
fe=(64)
+6 465 1
+7 * 1
+7 * 1
fi=(28)
+3 56 1
fe=(64)
+3 465 1
+6 +5 1
+6 * 1
+3 +1 1
+7 -1 1
+5 * 1
+6 * 1
+7 +4 1
+2 * 1
+6 * 1
+2 -2 1
+6 * 1
jump=1 +27 +6 
* * 
+4 +13 4
+4 +5 4
+7 -16 4
+4 * 4
+3 * 4
jcnd=1/4 +44 +21 
* * 
+2 +11 4
+3 -7 4
+4 +7 4
+4 -2 4
+3 * 4
jcnd=4/4 -34 +2 
* * 
-11 -5 1
+4 +7 1
+4 -2 1
+3 * 1
+2 +2 1
+2 -11 1
+3 +11 1
+4 +5 1
+8 -16 1
+4 * 1
+3 * 1
jcnd=1/1 -40 +11 
* * 
+2 +21 1
+7 * 1
+3 * 1
jcnd=1/1 0x3770 -1 
* * 
0x33f3 +37 1
+3 * 1
+6 +15 1
+3 * 1
+8 -14 1
+3 * 1
jcnd=1/1 0x3740 +14 
* * 
0x34c8 +20 1
+4 -1 1
+7 * 1
+3 * 1
+3 * 1
+7 +1 1
+4 * 1
+7 * 1
+4 * 1
+4 -1 1
+5 * 1
+3 * 1
+2 * 1
+3 * 1
cfi=(13)
cfn=(232) _dl_sort_maps
calls=1 0x133a0 298 
* * 349
+5 +5 1
+9 +2 1
+7 +1 1
+8 +1 1
+3 * 1
+7 -2 1
+7 +2 1
jcnd=1/1 +28 +7 
* * 
+28 +7 1
+7 * 1
+3 * 1
jcnd=1/1 +21 +3 
* * 
+21 +3 1
+3 * 1
+6 +3 1
+4 * 1
+1 * 1
+2 * 1
+2 * 1
+2 * 1
+2 * 1
+1 * 1
+8 198 5
+8 * 5
+6 * 5
+7 * 5
jcnd=1/5 0x2bd8 +10 
* * 
+6 * 4
+8 * 4
+3 * 4
jcnd=1/4 0x2bd8 +10 
* * 
+6 +3 3
fi=(72)
+3 -70 3
+7 * 3
+5 * 3
+7 * 3
cfi=(71) ./malloc/./malloc/scratch_buffer_set_array_size.c
cfn=(228) __libc_scratch_buffer_set_array_size
calls=3 0x25c40 30 
* * 75
fe=(64)
+5 +70 3
+7 * 3
+2 * 3
+6 +4 3
+7 * 3
jump=3 0x2bd8 +3 
* * 
0x3740 547 1
+3 * 1
+7 * 1
+7 * 1
cfi=(29)
cfn=(82)
calls=1 0x26920 210 
* * 19
+5 * 1
+7 * 1
+7 * 1
jump=1 0x34c8 +6 
* * 
+12 -53 1
+3 * 1
jump=1 0x33f3 +38 
* * 
0x3850 144 1
+6 * 1
jump=1 0x2abe -8 
* * 

fl=(2)
fn=(160) map_doit
0x1f680 641 1
+4 * 1
+1 +2 1
+2 -2 1
+3 * 1
+1 * 1
+3 * 1
+4 +2 1
+4 +1 1
+3 * 1
+4 -1 1
+7 * 1
+3 +1 1
+3 * 1
+2 * 1
cfi=(36)
cfn=(162)
calls=1 0x92f0 1967 
* * 2643
+5 * 1
+4 +2 1
+4 * 1
+1 * 1

fn=(66)
0x20af0 1346 1
+4 * 1
+1 197 1
+4 1346 1
+3 * 1
+2 * 1
+3 * 1
+2 * 1
+2 * 1
+2 * 1
+1 * 1
+7 * 1
+6 * 1
+7 * 1
+7 199 1
+11 302 1
+7 +1 1
+4 197 1
+7 +99 1
+4 * 1
+4 * 1
+4 1357 1
cfi=(24)
cfn=(68) __tls_pre_init_tp
calls=1 0x14e70 53 
* * 17
+5 2749 1
+7 2538 1
+7 2749 1
+3 * 1
+6 2598 1
+7 +2 1
+3 * 1
+7 +15 1
+7 -13 1
+3 * 1
cfi=(25) ./elf/./elf/dl-environ.c
cfn=(70) _dl_next_ld_env_entry
calls=1 0x1c940 28 
* * 41
-3 * 2
+3 * 2
cfi=(25)
cfn=(70)
calls=2 0x1c940 28 
* * 359
+5 * 3
+3 * 3
+3 * 3
jcnd=1/3 +79 2727 
* * 
+2 +4 2
+3 * 2
+2 * 2
+2 -2 2
+2 +2 2
+3 * 2
+2 * 2
+2 +1 2
+4 -1 2
+4 * 2
+2 * 2
-10 +1 17
+4 -1 17
+4 * 17
+2 * 17
+2 * 19
+3 * 19
jcnd=17/19 -15 +1 
* * 
+2 +9 2
+4 * 2
+4 * 2
+2 * 2
+4 * 2
+3 * 2
jump=1 0x20e81 +25 
* * 
jump=1 0x20d45 +72 
* * 
+27 2727 1
+6 * 1
+2 * 1
jcnd=1/1 +11 1373 
* * 
+11 1373 1
+7 +1 1
+7 * 1
+7 -1 1
+3 * 1
+7 +1 1
+3 * 1
jcnd=1/1 0x21006 1637 
* * 
0x20d45 2687 1
+10 * 1
+3 * 1
jcnd=1/1 0x2343e * 
* * 
0x20e81 -47 1
+6 * 1
+6 +10 1
+6 * 1
jcnd=1/1 0x23700 * 
* * 
0x21006 1637 1
+7 * 1
+3 * 1
+2 * 1
+2 * 1
+6 * 1
+3 * 1
+3 * 1
+7 * 1
cfi=(26)
cfn=(72)
calls=1 0xc6c0 59 
* * 210
+5 * 1
+7 +2 1
+3 * 1
+6 +1 1
+7 * 1
+3 * 1
+3 +6 1
+2 -5 1
+7 * 1
+7 +1 1
+7 * 1
+3 * 1
+7 +4 1
cfi=(26)
cfn=(84)
calls=1 0xc610 31 
* * 42
+5 +1 1
+7 * 1
+6 1116 1
+7 -1 1
+7 1351 1
+3 1143 1
+8 -21 1
+7 * 1
+8 +21 1
+3 * 1
+4 -19 1
+7 +1 1
+7 -3 1
+7 +21 1
+3 * 1
+6 +57 1
+7 -82 1
+7 +25 1
+3 -3 1
+2 +4 1
+7 +19 1
+7 +37 1
+3 * 1
+4 * 1
+3 * 1
+4 -56 1
+2 * 1
+3 * 1
-5 * 11
+2 * 11
+3 * 11
jcnd=3/11 0x21460 * 
* * 
+6 * 9
+2 * 9
+2 * 9
+3 * 9
+2 * 9
+4 * 9
+3 * 9
jump=1 0x21179 -1 
* * 
jump=1 0x21418 +9 
* * 
jump=1 0x21348 +77 
* * 
jump=4 +3 +56 
* * 
jump=1 0x213e4 +29 
* * 
jump=1 0x213c8 +4 
* * 
+3 +56 4
+4 -1 4
+3 +1 4
+3 * 4
+3 -1 4
+3 +2 4
+7 * 4
jcnd=3/4 +9 +3 
* * 
+2 +1 1
+7 +2 1
+8 * 1
+4 * 1
-12 * 3
+8 * 3
+4 * 3
+2 +1 4
+3 * 4
jcnd=1/4 +18 +4 
* * 
+2 * 3
+3 * 3
jcnd=3/3 +13 +4 
* * 
+13 +4 4
+4 * 4
+3 +1 4
+7 * 4
+2 +1 4
+7 +4 4
+3 * 4
+3 * 4
+3 -72 4
+4 * 4
+3 * 4
jcnd=4/4 0x210f8 +1 
* * 
-7 * 3
+4 * 3
+3 * 3
jcnd=2/3 0x210f8 +1 
* * 
+6 1253 1
+7 * 1
jump=1 +35 +1 
* * 
+3 +1 11
+5 * 11
jcnd=11/11 +18 -1 
* * 
+18 -1 12
+3 * 12
jcnd=1/12 0x214ac +13 
* * 
+6 +1 12
+3 +6 12
+4 -6 12
+3 * 12
jcnd=11/12 -42 * 
* * 
fi=(30)
+2 235 1
+4 * 1
+3 +1 1
+4 -87 1
+8 * 1
+2 * 1
+5 * 1
jfi=(2)
jcnd=1/1 -47 1253 
* * 
fe=(2)
0x21348 1221 1
+4 * 1
+3 * 1
+6 +7 1
+4 -1 1
+5 * 1
+5 +6 1
+4 -6 1
+4 * 1
+7 -79 1
+4 +85 1
+3 * 1
+3 * 1
+4 -90 1
+4 * 1
+7 +91 1
+4 +1 1
+7 -1 1
+7 +4 1
+11 * 1
+11 -95 1
+3 * 1
jcnd=1/1 0x210f8 +1 
* * 
+18 +5 1
+3 -5 1
+4 +5 1
+4 * 1
+3 -5 1
+3 * 1
jcnd=1/1 0x210f8 +1 
* * 
+11 +30 1
+7 -9 1
+3 * 1
+4 +2 1
+7 -3 1
+3 +10 1
+3 * 1
+6 +18 1
+7 * 1
jump=1 0x21179 -48 
* * 
+12 -38 1
+3 * 1
+4 -10 1
+4 +10 1
+4 +1 1
+3 * 1
+8 * 1
+2 * 1
+3 * 1
+4 * 1
+3 * 1
+3 * 1
+3 * 1
+6 -11 1
+3 * 1
jcnd=1/1 0x210f8 +1 
* * 
+19 +1 3
+6 * 3
jcnd=1/3 0x21610 +99 
* * 
+6 * 2
+6 * 2
jcnd=1/2 0x21179 -1 
* * 
+6 1247 1
+5 1143 1
+4 1247 1
+5 * 1
+7 1143 1
+3 * 1
jcnd=1/1 0x210f8 +1 
* * 
+28 1266 1
+7 * 1
+7 * 1
+3 * 1
+2 +2 1
+7 * 1
+3 * 1
+7 +1 1
+7 * 1
+8 * 1
jcnd=1/1 +13 +2 
* * 
+13 +2 1
+7 * 1
+3 * 1
+6 1672 1
+7 * 1
+3 * 1
+2 +2 1
+2 * 1
+7 -1 1
+4 +1 1
+8 +1 1
+4 * 1
+7 * 1
+4 -2 1
+3 * 1
cfi=(31)
cfn=(90)
calls=1 0x274e0 98 
* * 25
+5 * 1
+2 * 1
+2 +7 1
+11 +3 1
+6 -5 1
+7 +3 1
+10 +2 1
+6 +1 1
+7 * 1
+5 +4 1
+7 * 1
+6 +2 1
+3 * 1
fi=(3) ./elf/./get-dynamic-info.h
+6 39 1
+7 * 1
+4 * 1
+3 * 1
+6 +4 1
+4 +2 1
+3 +9 1
+5 +1 1
+6 -10 1
+3 * 1
jcnd=1/1 +28 +4 
* * 
+11 +23 28
+4 -23 28
+4 * 28
+4 * 28
+3 * 28
jcnd=1/28 0x2162b +27 
* * 
+2 +4 28
+4 * 28
jcnd=22/28 -21 +19 
* * 
+2 +3 6
+7 -1 6
+4 * 6
+2 +3 6
+3 * 6
+3 * 6
+4 * 6
jcnd=1/6 0x22a18 +2 
* * 
+6 +1 5
+3 * 5
+3 * 5
+3 * 5
jump=5 -61 +13 
* * 
fe=(2)
+29 1243 1
+3 1143 1
+4 1243 1
+6 1143 1
+3 * 1
jcnd=1/1 0x210f8 +1 
* * 
fi=(3)
+11 72 1
+7 * 1
+3 * 1
+3 * 1
jcnd=1/1 0x22f4c * 
* * 
+25 +43 1
+5 * 1
+6 +7 1
+7 * 1
+5 * 1
+6 +1 1
+7 * 1
+7 * 1
+5 * 1
+6 +6 1
+7 * 1
+3 * 1
jcnd=1/1 +27 +18 
* * 
+27 +18 1
+7 * 1
+7 * 1
+3 * 1
+2 +5 1
+4 * 1
+6 +2 1
+3 * 1
jcnd=1/1 +9 +2 
* * 
+9 +2 1
+3 * 1
jcnd=1/1 +16 +2 
* * 
+16 +2 1
+3 * 1
+2 +1 1
+7 * 1
+7 +3 1
+7 * 1
+7 * 1
+3 * 1
+2 +2 1
+4 * 1
+6 * 1
+2 +1 1
+2 * 1
jcnd=1/1 +9 +9 
* * 
+9 +9 1
+7 * 1
+6 +6 1
+3 * 1
+2 +1 1
+7 * 1
+7 * 1
+7 +3 1
+7 * 1
+8 * 1
jfi=(2)
jcnd=1/1 +13 1698 
* * 
fe=(2)
+13 1698 1
+7 * 1
+7 * 1
+3 * 1
jcnd=1/1 +55 +7 
* * 
+55 +7 1
+7 * 1
cfi=(8)
cfn=(14)
calls=1 0x131b0 25 
* * 27
+5 +3 1
+4 * 1
fi=(32) ./elf/./setup-vdso.h
+6 24 1
+8 * 1
jfi=(33) ./elf/../sysdeps/unix/sysv/linux/dl-vdso.h
jcnd=1/1 0x22a4c +16 
* * 
fi=(35) ./elf/./dl-main.h
0x2215b +85 1
+4 * 1
fi=(34) ./elf/../sysdeps/unix/sysv/linux/dl-vdso-setup.h
+4 -64 1
fi=(35)
+7 +64 1
+4 * 1
+4 * 1
cfi=(36)
cfn=(102)
calls=1 0x73f0 706 
* * 2322
fe=(2)
+5 1733 1
+7 * 1
+2 * 1
cfi=(45)
cfn=(140)
calls=1 0x2880 56 
* * 34
+5 +7 1
+8 -5 1
+7 -2 1
+3 +7 1
jcnd=1/1 0x232d1 +3 
* * 
+6 +4 1
+7 +1 1
+7 +2 1
+7 -3 1
+3 * 1
+3 * 1
+6 +1 1
+7 * 1
+4 +3 1
+8 +11 1
+8 -13 1
+7 +13 1
+6 +1 1
+8 * 1
+6 +5 1
+7 -3 1
+7 * 1
+7 +2 1
+7 +1 1
+8 * 1
+7 +5 1
+3 * 1
+5 * 1
jump=1 +32 * 
* * 
+9 +1 1
+3 * 1
+4 * 1
+4 * 1
+6 * 1
jcnd=1/1 0x2292a +2 
* * 
+6 -1 1
+3 * 1
jcnd=1/1 -26 +1 
* * 
+16 224 1
+7 +1 1
+4 -1 1
+7 +1 1
+4 * 1
+7 * 1
jcnd=1/1 0x2290a +1 
* * 
+93 +1 1
+3 * 1
jcnd=1/1 +60 1788 
* * 
+60 1788 1
+4 * 1
+6 +5 1
+8 -1 1
+6 1352 1
+11 1793 1
+6 +24 1
cfi=(46)
cfn=(142)
calls=1 0x13f00 192 
* * 6
+5 * 1
fi=(47) ./elf/../sysdeps/generic/dl-debug.h
+7 29 1
+7 * 1
+7 * 1
+3 * 1
+2 +1 1
fe=(2)
+4 1823 1
+8 +1 1
cfi=(45)
cfn=(146)
calls=1 0x2820 116 
* * 2
+5 +1 1
+1 +4 1
+7 * 1
+5 * 1
cfi=(48)
cfn=(148) _dl_audit_activity_map
calls=1 0x1a930 29 
* * 17
+5 +5 1
+7 * 1
+4 * 1
+6 +2 1
+2 +2 1
+5 * 1
jcnd=1/1 0x2397d 85 
* * 
+6 +9 1
+5 * 1
+6 +16 1
+7 * 1
+5 * 1
+3 * 1
cfi=(63) ./io/../sysdeps/unix/sysv/linux/access.c
cfn=(200) access
calls=1 0x258c0 25 
* * 9
+5 * 1
+2 * 1
+6 +76 1
+7 * 1
+3 * 1
+3 * 1
jcnd=1/1 0x23800 +4 
* * 
+6 +16 1
+7 * 1
+3 * 1
jcnd=1/1 +9 85 
* * 
+9 85 1
+2 1965 1
+2 85 1
+3 * 1
+4 1965 1
+3 85 1
+3 1965 1
+2 * 1
+7 * 1
+4 * 1
+3 * 1
+3 85 1
+7 1965 1
+3 * 1
cfi=(64)
cfn=(202)
calls=1 0x2a40 143 
* * 14730
+5 92 1
+2 +9 1
+7 1971 1
+6 92 1
+4 * 1
+3 +9 1
+3 * 1
+7 1971 1
+2 * 1
+6 +1 1
+7 * 1
+3 * 1
+4 * 1
+6 * 1
+3 * 1
+7 -1 1
+3 * 1
+4 * 1
+3 * 1
jcnd=1/1 -20 +1 
* * 
-20 +1 4
+3 * 4
+7 -1 4
+3 * 4
+4 * 4
+3 * 4
jcnd=3/4 -20 +1 
* * 
+2 +4 1
+7 * 1
+7 * 1
+4 +1 1
+3 * 1
+2 +1 1
+4 +2 1
+3 * 1
+6 * 1
+7 * 1
+4 * 1
+5 * 1
jump=1 +21 +1 
* * 
+6 * 3
+3 * 3
+4 * 3
+2 * 3
+6 +1 4
+3 * 4
jcnd=3/4 -18 -1 
* * 
+2 +46 1
+3 -42 1
+2 * 1
+6 +8 1
+3 * 1
+4 * 1
+7 +1 1
+2 * 1
+6 +2 1
+3 +2 1
+3 * 1
+2 * 1
jcnd=1/1 +6 +2 
* * 
+6 +2 1
+7 -4 1
+7 +5 1
+4 -1 1
+3 * 1
jcnd=1/1 +16 +14 
* * 
+16 +14 1
+3 * 1
+6 +1 1
+7 * 1
+4 +1 1
+7 * 1
+3 * 1
jcnd=1/1 +23 -25 
* * 
+23 -25 1
+7 +36 1
+2 * 1
+2 +2 1
+7 -2 1
+3 +2 1
+3 * 1
+7 -2 1
+6 +1 1
+2 * 1
+3 +1 1
+7 -1 1
+3 * 1
+6 +1 1
cfi=(50)
cfn=(236) _dl_receive_error
calls=1 0x13e0 186 
* * 13071
+5 +10 1
+7 +1 1
+8 -1 1
+6 +1 1
jcnd=1/1 0x234d4 +1 
* * 
+6 +3 1
+3 * 1
+2 837 1
fi=(561) ./elf/../sysdeps/unix/sysv/linux/dl-osinfo.h
+7 39 1
+3 * 1
fe=(2)
+2 839 1
fi=(561)
+9 52 1
fe=(2)
+4 848 1
+9 +7 1
+11 -5 1
+7 2047 1
+3 * 1
+2 * 1
+6 2246 1
+7 * 1
+7 +4 1
+8 -4 1
+7 +10 1
+7 -6 1
+7 +6 1
+7 -6 1
+7 +9 1
+7 * 1
+6 +8 1
+7 * 1
fi=(30)
+3 36 1
+7 * 1
+6 +1 1
+3 * 1
+2 * 1
+2 +3 1
+7 * 1
+7 * 1
+7 +13 1
+6 * 1
+4 * 1
jump=1 +13 -13 
* * 
+10 * 4
+3 -13 4
+3 +9 4
+7 * 4
-10 -9 1
+3 +9 1
+7 * 1
+2 * 5
+3 * 5
jcnd=1/5 +27 -12 
* * 
+2 * 4
+4 * 4
+2 +4 4
+3 * 4
+3 * 4
+7 * 4
+6 -16 5
+4 * 5
+3 * 5
jcnd=4/5 -52 +16 
* * 
+2 +34 1
fe=(2)
+7 2279 1
fi=(30)
+3 71 1
cfi=(76)
cfn=(260) _dl_cet_check
calls=1 0x17bc0 361 
* * 33
fe=(2)
+5 2282 1
+6 -3 1
+8 * 1
+4 +5 1
+7 -2 1
+3 * 1
+6 +2 1
+3 * 1
+2 +1 1
+2 * 1
+7 * 1
+2 * 1
+3 * 1
+3 * 1
cfi=(77)
cfn=(262)
calls=1 0xf240 207 
* * 71375
+5 85 1
+2 * 1
+3 2292 1
+7 85 1
+4 * 1
+3 2292 1
+6 +1 1
+4 * 1
+4 * 1
+2 * 1
+6 * 1
+7 * 1
+7 * 1
+7 * 1
jump=1 +18 +2 
* * 
+8 * 2
+4 * 2
+4 * 2
+2 +2 5
+7 * 5
+4 +5 5
+4 * 5
+4 +2 5
+3 * 5
jcnd=1/5 0x228a6 +2 
* * 
+6 +6 5
+7 +2 5
+3 * 5
jcnd=1/5 +33 +5 
* * 
+2 +1 4
+6 * 4
+2 * 4
+3 * 4
+3 * 4
+7 * 4
+2 * 4
+3 * 4
cfi=(77)
cfn=(262)
calls=4 0xf240 207 
* * 127294
+5 +4 5
+8 * 5
jcnd=2/5 -89 -22 
* * 
+2 * 3
+7 * 3
+2 +1 3
+5 * 3
+3 -23 3
+4 +23 3
cfi=(46)
cfn=(438)
calls=3 0x14bd0 1017 
* * 84
+5 -23 3
+4 * 3
jcnd=2/3 0x22742 +2 
* * 
+2 * 1
+7 92 1
+2 * 1
+4 * 1
+3 +1 1
+3 2325 1
+8 93 1
+7 2325 1
+6 +4 1
+7 * 1
+6 * 1
+8 * 1
+6 +2 1
+8 +7 1
+7 * 1
+2 * 1
+3 * 1
cfi=(46)
cfn=(440)
calls=1 0x142d0 523 
* * 326
+5 +3 1
+7 * 1
jcnd=1/1 +37 +4 
* * 
+37 +4 1
+7 * 1
+7 * 1
+6 +2 1
+7 * 1
jcnd=1/1 0x23359 +10 
* * 
+6 +33 1
+7 * 1
+5 * 1
cfi=(147) ./elf/./elf/dl-call-libc-early-init.c
cfn=(464) _dl_call_libc_early_init
calls=1 0x1000 27 
* * 603
+5 +7 1
cfi=(9)
cfn=(480)
calls=1 0x1ef80 147 
* * 2
+5 +3 1
+2 * 1
+2 * 1
cfi=(48)
cfn=(482) _dl_audit_activity_nsid
calls=1 0x1a9e0 41 
* * 11
+5 +4 1
+2 * 1
cfi=(45)
cfn=(196)
calls=1 0x2830 38 
* * 7
+5 +1 1
+7 -1 1
+3 +2 1
cfi=(45)
cfn=(146)
calls=1 0x2820 116 
* * 2
+5 +1 1
+1 +4 1
cfi=(67)
cfn=(484) _dl_unload_cache
calls=1 0x17390 525 
* * 19
+5 +5 1
+4 * 1
+1 * 1
+2 * 1
+2 * 1
+2 * 1
+2 * 1
+1 * 1
+1 2304 1
+7 +1 1
+4 -3 1
+3 * 1
jcnd=1/1 0x2275e +6 
* * 
+86 226 1
+3 * 1
+6 -2 1
+7 +1 1
jump=1 0x222d4 +1 
* * 
+16 1773 1
+5 +6 1
+8 -6 1
+5 * 1
+7 +6 1
jcnd=1/1 0x2225a 224 
* * 
fi=(3)
0x22a18 56 1
+3 * 1
+3 * 1
+3 * 1
+3 * 1
+6 +3 1
+5 * 1
+3 * 1
+4 * 1
jcnd=1/1 0x23786 +3 
* * 
fi=(33)
+22 -19 1
+7 * 1
+7 +1 1
+7 * 1
+4 * 1
+7 * 1
+3 * 1
fi=(34)
+6 -11 1
+11 +3 1
+11 +3 1
+11 +3 1
fi=(33)
+11 +16 1
+2 * 1
jfi=(35)
jump=1 0x2215b +54 
* * 
fi=(3)
0x22f4c +17 1
+7 * 1
+7 * 1
+6 +12 1
+4 * 1
+3 * 1
jcnd=1/1 +6 +1 
* * 
+6 +1 1
+7 * 1
+4 * 1
+3 * 1
+2 * 1
+4 +1 1
+7 * 1
+4 * 1
+3 * 1
+2 * 1
+4 +1 1
+7 * 1
+4 * 1
+3 * 1
+2 * 1
+4 +1 1
+7 * 1
+7 * 1
+3 * 1
jcnd=1/1 +6 +1 
* * 
+6 +1 1
+7 * 1
+7 * 1
+3 * 1
+2 * 1
+4 +1 1
+7 * 1
+7 * 1
+3 * 1
+2 * 1
+4 +1 1
+7 * 1
+7 * 1
+3 * 1
+2 * 1
+4 +12 1
+7 * 1
+4 +7 1
+7 -7 1
+3 * 1
+6 * 1
+4 * 1
+3 * 1
+2 * 1
+3 * 1
+4 +7 1
+3 * 1
jcnd=1/1 0x21651 +5 
* * 
fe=(2)
0x232d1 1743 1
+7 * 1
+3 * 1
+7 * 1
jump=1 0x2219d +1 
* * 
0x23359 2357 1
cfi=(141) ./elf/./elf/dl-find_object.c
cfn=(442) _dl_find_object_init
calls=1 0x4b60 561 
* * 723
+5 +5 1
+7 * 1
+3 * 1
cfi=(7)
cfn=(450)
calls=1 0x1d4d0 76 
* * 2651
+5 +3 1
cfi=(145) ./elf/../sysdeps/nptl/dl-mutex.c
cfn=(458) __rtld_mutex_init
calls=1 0x1d700 30 
* * 503
+5 85 1
+2 2371 1
+7 +1 1
+2 * 1
+7 * 1
+7 85 1
+3 * 1
+4 * 1
+3 2372 1
+2 * 1
cfi=(77)
cfn=(262)
calls=1 0xf240 207 
* * 1699
+5 92 1
+2 * 1
+4 * 1
+3 +9 1
+3 * 1
+7 * 1
jump=1 0x2285c 2380 
* * 
0x2343e 2687 1
+7 * 1
+6 +2 1
+4 +1 1
+7 -1 1
+4 +1 1
+4 +1 1
jump=1 0x20b80 -89 
* * 
0x234d4 2040 1
+2 * 1
cfn=(246) init_tls
calls=1 0x20040 734 
* * 912
+5 * 1
+7 * 1
jump=1 0x2259f +2 
* * 
0x23700 2650 1
+7 * 1
+6 +2 1
+4 * 1
+4 +1 1
jump=1 0x20b80 -51 
* * 
fi=(3)
0x23786 62 1
+5 * 1
+3 * 1
+4 * 1
+6 +2 1
+5 * 1
+3 * 1
+3 * 1
jump=1 0x215b6 +4 
* * 
fe=(2)
+93 1943 1
+2 * 1
+3 * 1
+8 * 1
+4 * 1
+4 * 1
+3 * 1
+7 * 1
+3 * 1
+3 * 1
jcnd=1/1 0x23c17 * 
* * 
0x2397d 85 1
+2 1842 1
+7 * 1
+4 85 1
+4 * 1
+3 * 1
+3 1842 1
+7 * 1
cfn=(150) handle_preload_list
calls=1 0x20920 869 
* * 3098
+5 * 1
+2 92 1
+2 * 1
+4 * 1
+3 +9 1
+3 * 1
+7 * 1
jump=1 0x2239c 1847 
* * 
0x23c17 1943 1
+5 * 1
+3 * 1
+3 * 1
+2 * 1
+6 * 1
+5 +1 1
+2 -1 1
+4 +4 1
+2 * 1
+3 * 1
+4 +1 1
+4 +1 1
+3 * 1
+2 +1 1
+2 * 1
+6 -7 1
+3 * 1
jump=1 0x223d6 +12 
* * 

fn=(238) version_check_doit
0x1fc70 674 1
+4 * 1
+1 +2 1
+5 -2 1
+3 * 1
+1 * 1
+3 * 1
+4 +2 1
+3 * 1
+7 * 1
cfi=(73) ./elf/./elf/dl-version.c
cfn=(240) _dl_check_all_versions
calls=1 0x165a0 392 
* * 13034
+5 * 1
+2 * 1
jcnd=1/1 +8 +4 
* * 
+8 +4 1
+4 * 1
+1 * 1

fn=(150)
0x20920 869 1
+4 * 1
+1 * 1
+3 * 1
+2 * 1
+2 * 1
+2 * 1
+2 * 1
+1 * 1
+7 * 1
+5 * 1
+4 +5 1
+3 -5 1
+7 * 1
+7 +5 1
+6 * 1
+3 -4 1
+3 * 1
+7 * 1
jump=1 +21 +7 
* * 
+21 +7 1
+3 * 1
+3 * 1
cfi=(49) ./string/../string/strcspn.c
cfn=(152) strcspn
calls=1 0x28930 32 
* * 254
+5 * 1
+3 +1 1
+4 * 1
+6 * 1
jcnd=1/1 0x20a60 +2 
* * 
+13 +9 1
+3 183 1
+6 889 1
+4 * 1
+4 183 1
+2 * 1
+6 891 1
+7 * 1
+2 -80 1
+7 +5 1
+7 -6 1
+7 -4 1
+11 +10 1
+7 * 1
+7 -6 1
+7 +4 1
+7 +2 1
+7 * 1
+7 -5 1
+7 +1 1
+10 +4 1
cfi=(50)
cfn=(154)
calls=1 0x1640 254 
* * 2754
+5 +1 1
+7 * 1
+3 * 1
+6 +8 1
+2 * 1
+7 * 1
+3 +67 1
+3 -18 1
+4 * 1
+6 +21 1
+7 * 1
+3 * 1
+1 * 1
+2 * 1
+2 * 1
+2 * 1
+2 * 1
+1 * 1
+2 -15 1
+7 * 1
+3 * 1
+3 * 1
cfi=(29)
cfn=(82)
calls=1 0x26920 210 
* * 19
+5 +1 1
+9 * 1
jump=1 0x2099f +6 
* * 

fn=(2)
0x201d0 517 1
+4 * 1
+1 * 1
+7 * 1
+7 * 1
+5 * 1
+5 * 1
+4 * 1
+3 * 1
+2 * 1
+2 * 1
+2 * 1
+2 * 1
+1 * 1
+7 * 1
+7 * 1
+4 85 1
+2 547 1
+7 * 1
+7 * 1
+6 * 1
+6 85 1
+4 543 1
fi=(6)
+7 55 1
fe=(2)
+3 +30 1
+3 546 1
+7 85 1
fi=(3)
+7 -40 1
fe=(2)
+7 546 1
fi=(3)
+7 45 1
+3 * 1
jcnd=1/1 +28 +4 
* * 
+11 +23 18
+4 -23 18
+4 * 18
+4 * 18
+3 * 18
jfi=(4)
jcnd=1/18 +83 +34 
* * 
+2 +4 18
+4 * 18
jcnd=13/18 -21 +19 
* * 
+2 +3 5
+7 -1 5
+4 * 5
+2 +3 5
+3 * 5
+3 * 5
+4 * 5
jcnd=1/5 +20 +2 
* * 
+2 +1 4
+3 * 4
+3 * 4
+3 * 4
jump=4 -57 +13 
* * 
+9 +1 1
+3 * 1
+3 * 1
+3 * 1
+3 * 1
jcnd=1/1 0x203a0 +3 
* * 
fi=(4)
+20 +23 1
fi=(3)
+7 +31 1
+7 -38 1
+3 * 1
+4 * 1
+6 +12 1
+7 * 1
+3 * 1
+2 * 1
+4 +1 1
+7 * 1
+3 * 1
jcnd=1/1 +6 +1 
* * 
+6 +1 1
+7 * 1
+3 * 1
+2 * 1
+4 +1 1
+7 * 1
+3 * 1
+2 * 1
+4 +1 1
+7 * 1
+3 * 1
+3 * 1
+2 * 1
+4 +1 1
+7 * 1
+3 * 1
jcnd=1/1 +6 +1 
* * 
+6 +1 1
+7 * 1
+3 * 1
+2 * 1
+4 +1 1
+7 * 1
+3 * 1
+2 * 1
+4 +12 1
+7 * 1
+3 * 1
+3 * 1
+6 * 1
+4 * 1
+3 * 1
jcnd=1/1 0x207f7 * 
* * 
+6 +7 1
+3 * 1
jcnd=1/1 0x203ef +13 
* * 
+23 -51 1
+5 * 1
+3 * 1
+4 * 1
jcnd=1/1 0x206d0 +3 
* * 
+67 +64 1
+7 * 1
+5 * 1
+6 +6 1
+7 * 1
+3 * 1
+2 +1 1
+7 * 1
+5 * 1
+6 +3 1
+8 * 1
+6 +1 1
+7 * 1
+3 * 1
+6 +5 1
+7 * 1
+3 * 1
+2 * 1
+5 * 1
+6 +3 1
+7 * 1
+3 * 1
+2 * 1
+8 * 1
fe=(2)
+6 563 1
+3 * 1
+6 * 1
+4 * 1
+3 * 1
+3 * 1
+4 * 1
+7 * 1
+4 * 1
+3 * 1
+3 * 1
jcnd=1/1 +29 * 
* * 
+10 * 2
+3 * 2
+4 * 2
+3 * 2
+4 * 2
+3 * 2
+2 * 3
+3 * 3
+2 * 3
jcnd=2/3 -24 * 
* * 
+2 * 1
+3 * 1
+3 * 1
+2 * 1
+6 * 1
+2 * 1
jcnd=1/1 +5 * 
* * 
-2 * 20
+2 * 20
jcnd=11/20 +5 * 
* * 
+2 * 9
+3 * 9
+4 * 9
+3 * 9
jcnd=8/9 -14 * 
* * 
-7 * 12
+4 * 12
+3 * 12
jcnd=12/12 -14 * 
* * 
+2 * 1
+4 * 1
+7 * 1
+3 * 1
fi=(4)
+2 79 1
fe=(2)
+7 563 1
fi=(4)
+7 79 1
+3 * 1
fe=(2)
+4 563 1
+4 * 1
+4 * 1
+4 * 1
+4 * 1
+4 * 1
+3 * 1
+6 * 1
+4 * 1
+2 * 1
+3 * 1
+2 * 1
+4 * 1
+3 * 1
+4 * 1
+7 * 1
+4 * 1
+5 * 1
+7 * 1
+5 * 1
+4 * 1
+4 * 1
+3 * 1
jcnd=1/1 +10 * 
* * 
+10 * 1
+3 * 1
jcnd=1/1 +97 * 
* * 
+97 * 1
+4 * 1
fi=(6)
+4 287 1
+3 * 1
+7 * 1
fi=(5)
+3 49 1
fe=(2)
+4 563 1
fi=(5)
+3 50 1
+4 -1 1
+4 * 1
+4 +4 1
+7 -3 1
+3 +3 1
+3 * 1
+4 * 1
+4 * 1
+4 +3 1
+3 * 1
jcnd=1/1 0x206af +5 
* * 
-47 -7 1
fe=(2)
+4 563 1
fi=(5)
+3 50 1
+4 -1 1
+4 * 1
+4 +4 1
+7 -3 1
+3 +3 1
+3 * 1
+4 * 1
+4 * 1
+4 +3 1
+3 * 1
jcnd=1/1 0x206af +5 
* * 
+55 +7 3
+4 +2 3
+3 -2 3
+3 * 3
fi=(6)
+4 278 3
fi=(5)
+3 64 3
+4 * 3
fi=(6)
+4 278 3
+3 * 3
+2 +9 3
+2 * 3
+3 * 3
+2 * 3
+5 * 3
+3 * 3
+5 * 3
+8 * 3
+4 +3 3
+4 * 3
+3 +1 3
+3 * 3
jcnd=3/3 +12 +26 
* * 
+12 +26 3
+4 * 3
jcnd=2/3 +15 +6 
* * 
+2 * 1
+4 * 1
jfi=(5)
jcnd=1/1 +13 61 
* * 
+9 +6 2
fi=(5)
+4 61 2
+4 * 2
+3 * 2
jcnd=2/2 0x20640 +2 
* * 
-7 * 1
+4 * 1
+3 * 1
-3 * 2
+3 * 2
jcnd=1/2 0x20640 +2 
* * 
fe=(2)
+2 563 2
+4 * 2
+3 * 2
jcnd=1/2 +61 +2 
* * 
fi=(5)
+2 51 1
fi=(4)
+7 +28 1
+7 * 1
jfi=(5)
jump=1 0x205da -30 
* * 
fi=(3)
+5 -17 1
+5 * 1
+3 * 1
+4 * 1
+6 +2 1
+5 * 1
+3 * 1
+3 * 1
jump=1 0x20266 +4 
* * 
fe=(2)
+11 565 1
+7 +13 1
cfi=(7)
cfn=(12)
calls=1 0x1d1f0 42 
* * 10
+5 458 1
+7 * 1
+7 85 1
+2 476 1
+7 * 1
+3 85 1
+4 * 1
+3 * 1
+7 476 1
cfi=(8)
cfn=(14)
calls=1 0x131b0 25 
* * 27
+5 +2 1
+5 +16 1
+7 * 1
+7 -17 1
+7 +11 1
+7 -10 1
+7 +16 1
cfi=(9)
cfn=(16)
calls=1 0x1eec0 102 
* * 288078
+5 * 1
+3 +2 1
+7 * 1
+6 +89 1
+7 * 1
+3 * 1
+1 * 1
+2 * 1
+2 * 1
+2 * 1
+2 * 1
+1 * 1
fi=(3)
0x207f7 103 1
+3 * 1
+4 * 1
jump=1 0x20386 +7 
* * 
fe=(2)

fn=(246)
0x20040 734 1
+1 +6 1
+8 -6 1
+3 * 1
+2 * 1
+1 +2 1
+7 * 1
+7 +4 1
+6 * 1
+3 +11 1
fi=(28)
+4 44 1
fe=(2)
+5 746 1
+4 +4 1
fi=(28)
+4 44 1
cfi=(27)
cfn=(74)
calls=1 0xc1c0 +36 
* * 41
fe=(2)
+6 761 1
+8 -12 1
+7 +6 1
+4 -9 1
+3 +11 1
+8 +4 1
+6 +2 1
+7 * 1
+3 * 1
+6 -1 1
+2 * 1
+5 +3 1
+8 * 1
-8 * 4
+8 * 4
jcnd=2/4 0x20148 -1 
* * 
+6 +4 3
+3 +2 3
+3 -2 3
+4 * 3
+5 -5 3
+4 -1 3
+3 * 3
jcnd=3/3 -36 +2 
* * 
+2 +10 1
+3 * 1
+7 * 1
+6 +3 1
+3 * 1
cfi=(46)
cfn=(248)
calls=1 0x13d40 97 
* * 86
+5 +3 1
cfi=(46)
cfn=(250)
calls=1 0x14000 216 
* * 147
+5 +7 1
cfi=(46)
cfn=(252)
calls=1 0x141f0 417 
* * 469
+5 * 1
+3 +1 1
+3 * 1
+6 +6 1
fi=(74) ./elf/../sysdeps/generic/dl-call_tls_init_tp.h
+4 31 1
+5 * 1
fe=(2)
+3 793 1
fi=(74)
+7 31 1
+5 * 1
+3 * 1
+4 * 1
+2 * 1
+2 * 1
+2 +2 1
cfi=(24)
cfn=(256) __tls_init_tp
calls=1 0x14ed0 +35 
* * 79
fe=(2)
+5 800 1
+3 -3 1
+7 +3 1
+1 * 1
+2 * 1
+1 * 1
+4 -36 2
+4 -1 2
+3 * 2
jcnd=1/2 0x200b8 +2 
* * 
+6 * 1
jump=1 0x200de +10 
* * 

fl=(20)
fn=(56)
0x185a0 571 1
+1 * 1
+3 * 1
+3 * 1
+2 * 1
+2 * 1
+3 * 1
+2 * 1
+3 * 1
+2 * 1
+3 * 1
+1 +17 1
+6 +1 1
+3 +9 1
+6 -12 1
+6 +2 1
+3 +2 1
+4 +8 1
+3 -11 1
+6 +3 1
+4 +11 1
+3 * 1
+6 -5 1
+7 * 1
+2 * 1
+6 +17 1
+2 +5 1
+6 * 1
+6 * 1
+2 +4 1
+3 * 1
jcnd=1/1 0x18680 +5 
* * 
+21 770 1
+4 * 1
+3 * 1
+2 * 1
+2 * 1
+2 +1 1
+3 * 1
+2 * 1
+2 * 1
+3 * 1
+4 +4 1
+4 * 1
jcnd=1/1 +29 +8 
* * 
+29 +8 1
+4 -1 1
+3 +1 1
+4 +1 1
+4 +1 1
+1 * 1
+2 * 1
+2 * 1
+2 * 1
+2 * 1
+1 * 1
+9 627 1
+5 * 1
+2 * 1
jcnd=1/1 +12 * 
* * 
+12 * 1
+2 * 1
+4 +3 1
+3 * 1
+6 * 1
+4 * 1
+6 * 1
+3 * 1
jcnd=1/1 0x18860 * 
* * 
0x1873f -32 1
+3 * 1
+4 * 1
+4 * 1
+4 * 1
+3 +75 1
+3 * 1
+6 * 1
+3 * 1
+6 +8 1
+3 * 1
+3 * 1
+3 * 1
+2 * 1
+3 +2 1
+2 * 1
+6 -2 1
+3 +6 1
+5 * 1
+2 * 1
+2 +3 1
+6 +1 1
+6 * 1
+6 * 1
+2 * 1
+6 * 1
+4 -4 1
+5 * 1
+6 * 1
+6 * 1
jump=1 +53 +6 
* * 
+12 +21 1
+6 * 1
jcnd=1/1 0x18910 +3 
* * 
+6 -21 1
+4 * 1
+3 * 1
+2 * 1
+2 +2 1
+3 +2 1
+6 * 1
+2 * 1
+2 * 1
+2 -4 1
+3 +6 1
+6 * 1
jcnd=1/1 -47 +15 
* * 
-6 * 1
+6 * 1
+2 +3 1
+4 * 1
+6 +5 1
+4 +2 1
+6 * 1
+3 +1 1
+3 +1 1
+3 -2 1
+3 * 1
+3 +1 1
+3 -19 1
+2 * 1
jcnd=1/1 -77 +2 
* * 
-2 * 1
+2 * 1
+2 +46 1
+3 * 1
+6 +1 1
+4 +1 1
+2 * 1
+6 +1 1
+3 +25 1
+2 * 1
+5 * 1
jump=1 0x18622 +11 
* * 
+38 630 1
+4 * 1
+3 * 1
jump=1 +54 * 
* * 
+9 +10 3
+3 * 3
jcnd=2/3 +39 -10 
* * 
+2 +14 1
+4 * 1
+2 +4 1
+3 +3 1
+2 +1 1
+3 -4 1
+5 * 1
+2 +3 1
+2 * 1
+3 * 1
+3 +6 1
+2 * 1
jcnd=1/1 0x189c8 +29 
* * 
-2 * 1
+2 * 1
+6 -37 3
+3 * 3
+4 * 3
+3 * 3
+2 +7 3
+2 * 3
-11 -7 1
+4 * 1
+3 * 1
+2 +7 1
+2 * 1
+6 +3 4
+2 * 4
+3 * 4
+3 * 4
+3 * 4
jcnd=3/4 -73 * 
* * 
+2 +5 1
+4 * 1
+2 +4 1
+3 +1 1
+3 -1 1
+5 * 1
+3 +1 1
jump=1 -61 +17 
* * 
+65 +61 1
+4 * 1
+6 +7 1
+3 +2 1
+5 * 1
+3 -16 1
+3 +22 1
+3 -6 1
+2 * 1
+2 +1 1
+2 +5 1
jump=1 0x18817 -41 
* * 
0x189c8 -30 1
+3 * 1
+3 * 1
+5 * 1
+4 * 1
jump=1 0x1873f -98 
* * 

fn=(50)
0x18e00 255 12
+7 * 12
+6 -5 12
+1 +17 12
+5 -17 12
+3 * 12
+2 * 12
+3 * 12
+2 * 12
+2 * 12
+2 * 12
+1 * 12
+4 +11 12
+4 +1 12
+4 +5 12
+2 * 12
+3 * 12
+3 +4 12
+2 * 12
jcnd=12/12 +40 +5 
* * 
+20 +34 12
+4 * 12
+1 * 12
+2 * 12
+2 * 12
+2 * 12
+2 * 12
+1 * 12
+6 -29 12
+2 +3 12
+4 * 12
+4 -3 12
+2 +3 12
+3 * 12
+3 * 12
cfn=(52) intel_check_word.constprop.0
calls=12 0x18b30 123 
* * 4092
+5 +2 12
+3 * 12
+2 +3 12
+3 * 12
+3 * 12
+2 * 12
+3 * 12
cfn=(52)
calls=12 0x18b30 123 
* * 1272
+5 +2 12
+3 * 12
jcnd=12/12 -67 +19 
* * 

fn=(52)
0x18b30 123 24
+2 * 24
+6 -4 24
+1 * 24
+3 * 24
+2 +10 24
+7 -10 24
+3 * 24
+2 * 24
+2 * 24
+3 +10 24
+5 * 24
+4 -10 24
+1 +10 24
+4 -10 24
+4 +10 24
+4 +2 24
+2 * 24
+6 +71 24
+7 * 24
fi=(21) ./elf/../bits/stdlib-bsearch.h
+3 32 24
fe=(20)
+7 202 24
+4 * 24
+7 * 24
+3 * 24
+3 * 24
jump=24 +31 -69 
* * 
+22 -71 48
+3 * 48
jcnd=12/48 0x18c44 -6 
* * 
+6 +2 60
+4 +2 60
+4 * 60
+2 +8 60
+5 * 60
jcnd=12/60 0x18c61 +12 
* * 
+6 +51 48
+3 * 48
jcnd=48/48 +23 +22 
* * 
+23 +22 48
fi=(21)
+3 28 48
+5 -1 48
+2 * 48
+9 +2 48
+3 * 48
-3 * 60
+3 * 60
jfi=(20)
jcnd=24/60 -78 131 
* * 
+2 +2 84
+4 * 84
+3 +1 84
fe=(20)
+4 +78 84
+3 * 84
+2 +3 324
jfi=(21)
jcnd=60/324 +83 -76 
* * 
fi=(21)
+2 -78 264
+3 -6 264
+3 * 264
jfi=(20)
jcnd=24/264 0x18ba5 131 
* * 
+2 +2 240
+4 * 240
+3 +1 240
fe=(20)
+4 +78 240
+3 * 240
jcnd=240/240 -24 +3 
* * 
+39 +15 12
+2 246 12
+4 * 12
+1 * 12
+2 * 12
+2 * 12
+1 * 12
-10 * 12
+4 * 12
+1 * 12
+2 * 12
+2 * 12
+1 * 12
fi=(21)
+8 37 60
+4 * 60
jump=60 0x18bf0 -8 
* * 
fe=(20)
+5 155 12
+5 * 12
+2 * 12
+2 +3 12
+2 * 12
+3 * 12
+6 -6 12
+2 +3 12
+5 * 12
+4 * 12
jcnd=9/12 +41 +7 
* * 
+2 * 3
jump=3 0x18d4f +9 
* * 
+14 +9 9
+3 * 9
+2 +23 21
+3 -32 21
+2 * 21
+2 * 21
+2 +3 21
+2 * 21
+3 * 21
jcnd=1/21 0x18da3 +32 
* * 
+6 +4 29
+3 * 29
+3 +2 29
+3 * 29
+4 * 29
+3 * 29
jcnd=9/29 -41 * 
* * 
+2 +3 20
+3 * 20
+4 * 20
+3 * 20
jcnd=18/20 +7 +1 
* * 
+2 * 2
+3 * 2
jcnd=2/2 +35 +5 
* * 
+2 +1 18
+4 * 18
jcnd=12/18 +7 +1 
* * 
+2 * 6
+3 * 6
jcnd=3/6 +24 +4 
* * 
+2 +1 15
+4 * 15
jcnd=6/15 +7 +1 
* * 
+2 * 9
+3 * 9
jcnd=3/9 +13 +3 
* * 
+2 +1 12
+4 * 12
jcnd=9/12 -81 +17 
* * 
+2 * 3
+3 * 3
jcnd=3/3 -86 +17 
* * 
+2 +2 11
+7 +2 11
+3 * 11
jcnd=4/11 0x18d69 +2 
* * 
+2 +6 7
+4 * 7
jcnd=3/7 0x18daf +1 
* * 
+6 +3 4
+4 * 4
+6 +1 4
+6 * 4
+4 * 4
jump=4 0x18c46 +62 
* * 
+56 -20 3
+5 * 3
+3 * 3
+2 * 3
+3 * 3
jcnd=3/3 0x18ced +8 
* * 
+13 +12 4
+2 +2 4
+2 +1 4
+3 -2 4
+3 -1 4
+3 +2 4
+6 * 4
+3 -2 4
+3 +3 4
+3 -2 4
+2 * 4
+6 * 4
+3 +2 4
+3 * 4
+3 * 4
jump=4 0x18c46 +67 
* * 
+13 +11 1
+7 * 1
jump=1 0x18c46 +56 
* * 
+5 -9 3
+2 * 3
+3 * 3
+3 * 3
jump=3 0x18c46 +65 
* * 

fl=(8)
fn=(14)
0x131b0 25 5
+4 +3 5
+7 -3 5
+3 +3 5
+3 * 5
+2 +3 5
+4 * 5
+7 * 5
+2 +1 5
+2 * 5
+6 +2 5
+3 -1 5
+3 +3 5
+4 * 5
+3 * 5
+2 +1 5
+7 +1 5
+4 * 5
+3 +7 5
+3 -5 5
+7 -2 5
+6 +3 5
+3 * 5
+4 +2 5
+7 +2 5
+4 * 5
+7 +5 5

fl=(70)
fn=(226)
0x25bb0 25 2
+4 * 2
+3 +1 2
+5 * 2
+2 * 2
+6 * 2
+2 +1 2

fl=(53)
fn=(168)
0x25b40 28 8
+4 * 8
+1 +3 8
+3 -3 8
+3 * 8
+4 +3 8
+4 * 8
+2 * 8
+2 * 8
+2 * 8
+5 * 8
+2 +8 8
+2 * 8
+5 * 8
+3 * 8
+5 * 8
+2 * 8
+6 * 8
jcnd=4/8 +41 * 
* * 
+2 +2 4
+1 * 4
+38 -2 4
+2 * 4
+6 * 4
+5 +2 4
+1 * 4

fl=(25)
fn=(70)
0x1c940 28 3
+4 +1 3
+3 +3 3
+3 * 3
+3 * 3
jcnd=2/3 +16 +2 
* * 
+2 * 1
+1 * 59
+4 +13 59
+4 -13 59
+3 * 59
+2 +2 61
+3 * 61
jcnd=54/61 -16 -2 
* * 
+2 +1 7
+4 * 7
jcnd=5/7 -22 -3 
* * 
+2 * 2
+4 * 2
+2 +5 2
+4 -3 2
+4 +3 2
+3 +2 2

fl=(52)
fn=(164)
0xc380 68 46
+4 * 46
+1 * 46
+3 * 46
+2 * 46
+3 * 46
+1 * 46
+3 +1 46
+4 * 46
cfi=(31)
cfn=(90)
calls=46 0x274e0 +29 
* * 1539
+5 * 46
+2 * 46
+2 +3 46
+4 +2 46
+3 * 46
jcnd=46/46 +20 +1 
* * 
+11 +6 46
+4 -6 46
+3 * 46
jcnd=36/46 +33 +9 
* * 
+2 +1 56
+3 * 56
+3 * 56
cfi=(31)
cfn=(90)
calls=56 0x274e0 +23 
* * 2048
+5 * 56
+2 * 56
jcnd=46/56 -22 +5 
* * 
+2 +8 10
+1 -13 10
+5 +13 10
+2 * 10
+1 * 10
+7 * 36
+1 -1 36
+2 +1 36
+2 * 36
+1 * 36

fn=(216) _dl_sysdep_read_whole_file
0xc2d0 36 1
+4 * 1
+1 +3 1
+2 -3 1
+3 * 1
+2 * 1
+7 * 1
+2 * 1
+3 * 1
+2 * 1
+3 +3 1
+5 -3 1
+1 * 1
+7 +3 1
cfi=(53)
cfn=(168)
calls=1 0x25b40 -11 
* * 20
+5 +1 1
+2 * 1
jcnd=1/1 +31 +2 
* * 
+2 +23 1
+7 * 1
+3 * 1
+1 * 1
+2 * 1
+2 * 1
+2 * 1
+1 * 1
+11 -21 1
+7 * 1
+2 * 1
+2 * 1
cfi=(55)
cfn=(174)
calls=1 0x258f0 -12 
* * 6
+5 * 1
+2 * 1
+2 +2 1
+4 * 1
+4 +3 1
+3 * 1
jcnd=1/1 +25 +2 
* * 
+9 +13 1
+2 * 1
cfi=(62)
cfn=(194)
calls=1 0x25a20 -35 
* * 6
+5 * 1
jump=1 -76 +3 
* * 
+9 -11 1
+3 * 1
+3 * 1
+5 * 1
+3 * 1
+2 * 1
cfi=(57)
cfn=(178)
calls=1 0x25d00 -2 
* * 26
+5 * 1
+3 * 1
jump=1 -40 +11 
* * 

fl=(140)
fn=(436)
0x25db0 117 5
+4 * 5
+5 * 5
+2 * 5
+6 * 5
+2 +5 5

fn=(486) munmap
0x25de0 117 1
+4 * 1
+5 * 1
+2 * 1
+6 * 1
+2 +5 1

fl=(62)
fn=(194)
0x25a20 25 4
+4 +1 4
+5 * 4
+2 * 4
+6 * 4
+2 +1 4

fl=(50)
fn=(236)
0x13e0 186 1
+4 * 1
+1 58 1
+7 186 1
+3 * 1
+3 * 1
+3 * 1
+2 +2 1
+7 -2 1
+1 58 1
+2 +1 1
+7 +11 1
+11 192 1
+7 +2 1
cfi=(2)
cfn=(238)
calls=1 0x1fc70 674 
* * 13049
+2 69 1
+7 * 1
+2 +1 1
+7 198 1
+1 -1 1
+7 +1 1
+2 * 1
+1 * 1

fn=(154)
0x1640 254 2
+4 * 2
+1 * 2
+3 * 2
+2 * 2
+3 * 2
+2 +2 2
+4 -2 2
+3 * 2
+3 * 2
+1 * 2
+3 * 2
+3 * 2
+4 +2 2
cfn=(156)
calls=2 0x1480 -52 
* * 3593
+5 +1 2
+4 * 2
+4 +1 2
+4 +1 2
+4 -1 2
+4 +1 2
+3 +2 2
+4 * 2
+1 * 2
+2 * 2
+2 * 2
+1 * 2

fn=(156)
0x1480 204 8
+4 * 8
+1 * 8
+3 * 8
+1 * 8
+7 * 8
+7 58 8
+7 204 8
+7 * 8
+7 +3 8
+3 * 8
+6 +22 8
+7 -1 8
+7 +1 8
+7 58 8
+2 * 8
jcnd=7/8 0x1558 +1 
* * 
+6 +4 1
+9 * 1
+7 +11 1
+7 * 1
+9 235 1
+7 * 1
+2 * 1
cfi=(51)
cfn=(158)
calls=1 0x26000 31 
* * 24
-9 * 7
+7 * 7
+2 * 7
cfi=(51)
cfn=(158)
calls=7 0x26000 31 
* * 168
+5 * 8
+4 * 8
+2 * 8
+6 +2 8
+7 * 8
+7 * 8
cob=(2)
cfi=(388)
cfn=(2032)
calls=1 0x98290 37 
* * 799
cfi=(64)
cfn=(206)
calls=6 0x29f0 61 
* * 11871
cfi=(2)
cfn=(160)
calls=1 0x1f680 641 
* * 2662
+2 69 8
+7 +1 8
+7 -1 8
jcnd=1/8 +86 +4 
* * 
+2 +1 7
+7 239 7
+7 * 7
+4 * 7
+8 * 7
+3 -25 7
+2 +34 7
+4 * 7
+1 * 7
-29 -9 1
+7 * 1
+4 * 1
+8 * 1
+3 -25 1
+2 +34 1
+4 * 1
+1 * 1
+8 59 7
+7 * 7
+7 +11 7
+7 * 7
+7 * 7
jump=7 0x14f2 235 
* * 
+12 +3 1
+9 * 1
jump=1 -86 239 
* * 

fl=(155)
fn=(498) call_init.part.0
0x5670 26 5
+1 * 5
+3 * 5
+2 * 5
+2 * 5
+3 * 5
+2 * 5
+3 * 5
+2 * 5
+3 * 5
+1 * 5
+3 * 5
+4 +17 5
+7 +3 5
+4 -3 5
+3 * 5
+6 +3 5
+3 * 5
jcnd=1/5 0x5740 +1 
* * 
+6 +5 4
+7 * 4
+6 +8 4
+7 * 4
+3 * 4
jcnd=2/4 +20 +4 
* * 
+2 +1 2
+4 * 2
+3 * 2
+3 * 2
+3 * 2
+3 * 2
cob=(3)
cfi=(153)
cfn=(520)
calls=1 0x4865000 -60 
* * 7
cob=(3)
cfi=(153)
cfn=(500)
calls=1 0x483d000 -60 
* * 7
+2 +3 4
+7 +1 4
+3 * 4
jcnd=1/4 +72 +12 
* * 
+2 +6 3
+7 * 3
+4 +2 3
+3 * 3
+4 -2 3
+4 +3 3
+2 * 3
+2 * 3
+3 * 3
+4 * 3
+4 * 3
jump=3 +14 +1 
* * 
+10 * 2
+4 +1 2
+3 * 2
+3 * 2
+3 * 2
cob=(5) /usr/lib/x86_64-linux-gnu/libgcc_s.so.1
cfi=(161) ???
cfn=(526) 0x0000000000005b10
calls=1 0x5b10 -74 
* * 12
cob=(2)
cfi=(160)
cfn=(518)
calls=1 0x2a0d0 545 
* * 12
-9 * 3
+3 * 3
+3 * 3
+3 * 3
cob=(5)
cfi=(161)
cfn=(524) __cpu_indicator_init
calls=1 0x4970 -74 
* * 364
cob=(2)
cfi=(157)
cfn=(510)
calls=1 0x2a060 -28 
* * 79
cob=(4)
cfi=(156)
cfn=(504)
calls=1 0x1110 -74 
* * 12
+2 -1 5
+3 * 5
+3 * 5
jcnd=2/5 -21 * 
* * 
+2 +3 5
+4 * 5
+1 * 5
+2 * 5
+2 * 5
+2 * 5
+2 * 5
+1 * 5
+11 -29 1
+2 * 1
jcnd=1/1 -27 +29 
* * 

fn=(496)
0x5780 81 1
+4 * 1
+1 * 1
+3 * 1
+2 * 1
+3 * 1
+2 * 1
+3 * 1
+2 * 1
+3 * 1
+2 * 1
+3 * 1
+1 * 1
+4 +1 1
+7 +1 1
+7 +3 1
+7 * 1
+3 * 1
jcnd=1/1 0x5888 -57 
* * 
+6 +8 1
+3 * 1
jcnd=1/1 +7 +25 
* * 
+7 +25 1
+7 +1 1
+3 * 1
+2 * 1
+2 * 1
+4 * 1
jump=1 +15 +1 
* * 
+5 * 1
+4 * 1
+4 * 1
+2 +1 5
+7 * 5
+4 -92 5
+4 * 5
+2 +6 5
+7 * 5
+2 * 5
jcnd=5/5 +10 +2 
* * 
+10 +2 5
+2 * 5
jcnd=1/5 -48 +83 
* * 
+2 * 4
+3 * 4
+3 * 4
+3 +83 4
+4 * 4
cfn=(498)
calls=4 0x5670 -94 
* * 662
+5 * 4
+4 * 4
jcnd=3/4 -62 +1 
* * 
+2 +7 1
+4 * 1
+1 * 1
+2 * 1
+2 * 1
+2 * 1
+2 * 1
+1 * 1
+80 -98 1
+4 * 1
jcnd=1/1 +18 +6 
* * 
+2 +60 1
+11 * 1
jump=1 0x57bf +5 
* * 
+5 -54 1
+7 * 1
+3 * 1
jcnd=1/1 +7 +2 
* * 
+7 +2 1
+3 * 1
+2 * 1
+3 * 1
+3 * 1
+3 * 1
+4 * 1
cfn=(498)
calls=1 0x5670 -11 
* * 77
+5 * 1
+4 * 1
jump=1 -60 +52 
* * 

fl=(73)
fn=(242) _dl_check_map_versions
0x15c90 155 5
+4 * 5
+1 * 5
+2 * 5
+3 * 5
+2 * 5
+2 * 5
+2 * 5
+2 * 5
+1 * 5
+7 +15 5
+4 * 5
+3 * 5
+6 +2 5
+4 * 5
+3 * 5
+3 * 5
+7 * 5
+6 +2 5
+7 +1 5
+7 +2 5
+3 * 5
jcnd=2/5 0x163cf -13 
* * 
+6 +3 3
+4 * 3
+3 -16 3
+7 * 3
+7 +20 3
+4 -4 3
+3 -24 3
+10 +28 3
+6 * 3
+7 * 3
+7 * 3
+7 * 3
+7 * 3
+6 * 3
+5 +16 3
+7 * 3
+5 36 3
+7 200 3
+3 36 3
+4 * 3
+4 * 3
+4 * 3
+4 * 3
+3 * 3
+3 * 3
jcnd=3/3 +25 +2 
* * 
-44 200 3
+7 * 3
+5 36 3
+7 200 3
+3 36 3
+4 * 3
+4 * 3
+4 * 3
+4 * 3
+3 * 3
+3 * 3
jcnd=3/3 +25 +2 
* * 
+12 +1 20
+4 -1 20
+3 * 20
+6 +2 26
+3 * 26
+3 * 26
cfi=(52)
cfn=(164)
calls=26 0xc380 +30 
* * 2651
+5 * 26
+2 * 26
jcnd=20/26 -26 -1 
* * 
+2 * 6
+3 208 6
+6 * 6
+2 * 6
+6 +5 6
fi=(562) ./elf/../sysdeps/generic/_itoa.h
+5 76 6
+4 * 6
+7 * 6
fe=(73)
+7 213 6
+3 * 6
+9 +4 6
+3 * 6
+7 +1 6
+4 * 6
+3 -1 6
+3 * 6
+4 +4 6
+4 -3 6
+4 +3 6
+7 -3 6
+7 * 6
+4 * 6
jcnd=3/6 +26 56 
* * 
-50 -1 25
+3 * 25
+7 +1 25
+4 * 25
+3 -1 25
+3 * 25
+4 +4 25
+4 -3 25
+4 +3 25
+7 -3 25
+7 * 25
+4 * 25
jcnd=7/25 +26 56 
* * 
+2 * 21
+7 * 21
+3 * 21
+7 * 21
+3 * 21
+4 56 21
+5 * 21
+4 * 21
+9 * 21
jcnd=21/21 +6 +8 
* * 
-18 * 10
+5 * 10
+4 * 10
+9 * 10
jcnd=10/10 +6 +8 
* * 
+6 +8 31
+7 * 31
+3 * 31
+6 +6 31
+8 * 31
+3 * 31
+6 +16 31
+4 +1 31
+3 * 31
+6 +2 31
+4 +5 31
+4 * 31
+2 * 31
+7 * 31
+7 * 31
+3 * 31
+4 * 31
+3 +14 31
+5 * 31
-5 * 487
+5 * 487
jcnd=31/487 0x15f70 +2 
* * 
+6 +12 487
+5 * 487
+2 * 487
+6 +4 487
+3 -30 487
+6 * 487
jcnd=487/487 -33 +14 
* * 
0x15f51 231 31
+4 * 31
+5 * 31
+3 * 31
+4 +3 31
+3 * 31
+2 * 31
jcnd=6/31 +98 -6 
* * 
+2 +5 25
+3 -24 25
jump=25 0x15dc0 +2 
* * 
+5 110 31
+5 +3 31
+4 * 31
+7 * 31
+4 * 31
+3 * 31
cfi=(31)
cfn=(90)
calls=31 0x274e0 -15 
* * 1109
+5 * 31
+7 * 31
+2 * 31
+6 224 31
+6 * 31
+4 * 31
jcnd=31/31 -84 +7 
* * 
+35 +4 6
+4 * 6
+7 +15 6
+5 * 6
+2 * 6
jcnd=3/6 0x161a7 +14 
* * 
+6 +5 3
+3 -50 3
jump=3 0x15d38 +2 
* * 
0x161a7 +59 3
+7 * 3
+7 * 3
+7 * 3
+3 * 3
jcnd=1/3 0x16402 +17 
* * 
+6 +3 3
+4 * 3
+3 +3 3
+4 * 3
+3 * 3
+5 * 3
+2 * 3
+3 * 3
+3 * 3
+2 +3 3
+3 * 3
+2 * 3
+2 * 3
+7 +4 3
+3 -7 3
+4 * 3
+5 * 3
+2 * 3
+3 +3 3
+3 * 3
+2 * 3
jcnd=3/3 -22 +4 
* * 
-22 +4 58
+3 -7 58
+4 * 58
+5 * 58
+2 * 58
+3 +3 58
+3 * 58
+2 * 58
jcnd=55/58 -22 +4 
* * 
+2 * 3
+3 +8 3
+3 * 3
+2 * 3
+6 +6 4
+4 * 4
fi=(28)
+4 44 4
fe=(73)
+5 280 4
+4 * 4
fi=(28)
+3 44 4
cfi=(27)
cfn=(74)
calls=4 0xc1c0 +36 
* * 164
fe=(73)
+6 281 4
+4 * 4
+3 -2 4
fi=(28)
+7 44 4
fe=(73)
+3 281 4
+6 +13 4
+7 -3 4
+7 +3 4
+4 * 4
+8 * 4
+6 * 4
+7 +2 4
+3 * 4
jcnd=1/4 0x16412 +38 
* * 
+6 +3 3
+3 * 3
+4 * 3
+3 * 3
+7 +4 3
+3 * 3
+3 * 3
jump=3 +65 +3 
* * 
-6 * 3
+3 * 3
+3 * 3
jump=3 +65 +3 
* * 
+2 +7 31
+4 +1 31
+7 -1 31
+3 * 31
+4 * 31
+4 +1 31
+4 +1 31
+4 -2 31
+4 +2 31
+3 * 31
+3 +1 31
+4 * 31
+3 * 31
+4 +3 31
+4 * 31
+3 * 31
jcnd=6/31 +46 +8 
* * 
+2 +5 25
+3 -15 25
+5 +2 25
+3 -2 25
+3 +2 25
+7 -2 25
+6 +2 25
+3 * 25
jcnd=25/25 -90 +2 
* * 
-27 -2 6
+5 +2 6
+3 -2 6
+3 +2 6
+7 -2 6
+6 +2 6
+3 * 6
jcnd=6/6 -90 +2 
* * 
+14 +16 6
+3 * 6
+2 * 6
jcnd=3/6 +7 +10 
* * 
+2 +5 3
+3 -28 3
jump=3 0x16288 +2 
* * 
+2 +33 3
+3 * 3
jcnd=1/3 +81 +32 
* * 
+2 +3 3
+4 * 3
jump=3 +57 +6 
* * 
+2 +4 61
+3 +6 61
+4 +1 61
+4 +1 61
+3 -1 61
+5 * 61
+4 * 61
+4 +1 61
+3 -1 61
+4 +1 61
+3 +1 61
+8 +3 61
+3 * 61
+2 * 61
jcnd=3/61 +18 +12 
* * 
+2 +4 61
+3 -14 61
+4 * 61
jcnd=61/61 -59 -2 
* * 
-4 * 3
+4 * 3
+2 +10 3
+3 * 3
+2 * 3
jcnd=3/3 -14 +4 
* * 
+2 +12 3
+3 * 3
jcnd=1/3 +33 +22 
* * 
+2 +1 3
+5 * 3
+2 +1 3
+8 * 3
jcnd=2/3 +16 +20 
* * 
+2 +1 1
+8 * 1
jcnd=1/1 0x16507 +2 
* * 
+6 +19 5
+6 * 5
+7 * 5
+1 * 5
+2 * 5
+2 * 5
+2 * 5
+2 * 5
+1 * 5
+65 164 2
+7 -8 2
+10 257 2
+3 * 2
jcnd=1/2 0x161c5 +3 
* * 
+6 * 1
jump=1 0x16377 387 
* * 
+25 +17 1
+3 * 1
+2 * 1
jcnd=1/1 0x16216 +6 
* * 
+11 +60 1
+3 * 1
+6 -40 1
+3 * 1
jump=1 0x16309 +43 
* * 
0x16507 +76 1
+4 * 1
+4 * 1
+8 * 1
jcnd=1/1 +5 +2 
* * 
+5 +2 1
+4 * 1
+3 * 1
+3 * 1
+6 +4 1
+7 * 1
jump=1 +22 -3 
* * 
+5 -4 30
+4 * 30
+4 * 30
+3 * 30
jcnd=1/30 0x16377 +15 
* * 
+6 +1 30
+4 * 30
jcnd=29/30 -21 -1 
* * 
+2 +2 1
+4 +1 1
+5 * 1
+3 -1 1
+3 +1 1
cfi=(31)
cfn=(244) strncmp
calls=1 0x28ca0 98 
* * 32
+5 * 1
+2 * 1
jcnd=1/1 -45 -4 
* * 

fn=(240)
0x165a0 392 1
+4 * 1
+1 * 1
+3 * 1
+2 * 1
+2 * 1
+2 * 1
+1 +4 1
+3 * 1
+2 * 1
+3 * 1
+3 * 1
+3 -2 1
+3 +4 1
+7 * 1
jcnd=1/1 +25 * 
* * 
-7 * 4
+7 * 4
jcnd=4/4 +25 * 
* * 
+25 * 5
+3 * 5
+3 * 5
+3 * 5
cfn=(242)
calls=5 0x15c90 155 
* * 12949
+5 -2 5
+4 +2 5
+2 * 5
+3 * 5
+3 -1 5
+3 -1 5
+3 * 5
jcnd=4/5 -64 +2 
* * 
+2 +5 1
+1 * 1
+3 * 1
+2 * 1
+2 * 1
+2 * 1
+1 * 1

fl=(31)
fn=(244)
0x28ca0 98 1
+4 +27 1
+3 +1 1
+6 +1 1
+4 +1 1
+6 +1 1
+3 +2 1
+2 +1 1
+2 +2 1
+4 +1 1
+4 +21 1
+3 +1 1
+2 +1 1
+3 +1 1
+2 +1 1
+4 +1 1
+4 +1 1
+5 +1 1
+5 +17 1
+4 +1 1
+4 +1 1
+4 +1 1
+4 +1 1
+4 +1 1
+6 +1 1
jcnd=1/1 0x2a4d0 2104 
* * 
0x2a4d0 2104 1
+4 +3 1
+3 +1 1
+2 +2 1
+4 +1 1
+4 +8 1
+2 +1 1

fn=(90)
0x274e0 98 507
+4 +33 507
+2 +1 507
+2 +2 507
+4 +1 507
+4 +21 507
+3 +1 507
jcnd=93/507 +77 +44 
* * 
+2 +1 414
+3 +1 414
jcnd=44/414 +72 +42 
* * 
+2 +1 370
+4 +1 370
+4 +1 370
+5 +1 370
+5 +17 370
+4 +1 370
+4 +1 370
+4 +1 370
+4 +1 370
+4 +1 370
+6 +1 370
jcnd=336/370 0x28900 2104 
* * 
+6 +5 34
+4 +1 34
+4 * 34
+11 * 34
+1 +9 34
+4 +1 34
+4 +1 34
+5 +1 34
+3 +1 34
+3 +1 34
+3 +1 34
+2 +1 34
jcnd=2/34 +40 +21 
* * 
-24 -7 137
+4 +1 137
+4 +1 137
+5 +1 137
+3 +1 137
+3 +1 137
+3 +1 137
+2 +1 137
jcnd=16/137 +40 +21 
* * 
+2 +1 153
jcnd=66/153 +9 +5 
* * 
+2 +1 87
+3 +1 87
+1 +1 87
+3 +2 87
+4 +1 87
+3 +1 87
+7 +1 87
+4 +1 87
+4 +1 87
jump=1 0x27620 +81 
* * 
jump=1 0x28160 1375 
* * 
jump=2 0x278a0 542 
* * 
jump=4 0x283e0 1613 
* * 
jump=6 0x282a0 1494 
* * 
jump=5 0x27ee0 1137 
* * 
jump=3 0x27da0 1018 
* * 
jump=1 0x279e0 661 
* * 
jump=5 0x27c60 899 
* * 
jump=3 0x27b20 780 
* * 
jump=15 0x28520 1732 
* * 
jump=12 0x287a0 1970 
* * 
jump=3 0x27760 424 
* * 
jump=9 0x28020 1256 
* * 
jump=17 0x28660 1851 
* * 
-22 -5 66
+4 +1 66
+3 +1 66
+7 +1 66
+4 +1 66
+4 +1 66
jump=6 0x27620 +81 
* * 
jump=1 0x27c60 899 
* * 
jump=2 0x287a0 1970 
* * 
jump=1 0x278a0 542 
* * 
jump=3 0x279e0 661 
* * 
jump=5 0x283e0 1613 
* * 
jump=4 0x27da0 1018 
* * 
jump=7 0x28520 1732 
* * 
jump=3 0x27760 424 
* * 
jump=4 0x28660 1851 
* * 
jump=9 0x28020 1256 
* * 
jump=12 0x282a0 1494 
* * 
jump=7 0x28160 1375 
* * 
jump=2 0x27ee0 1137 
* * 
+7 +10 18
+4 +1 18
+4 +1 18
+4 +2 18
+4 +6 18
+4 +1 18
+5 +1 18
+2 +1 18
+3 +1 18
+3 +5 18
jcnd=4/18 0x288e5 2095 
* * 
+6 +2 14
+7 +1 14
+7 +1 14
+4 * 14
+7 +8 14
+5 +1 14
+5 +3 14
+4 +1 14
+4 +1 14
+4 +1 14
+4 +1 14
+6 +1 14
jcnd=13/14 0x288e0 2093 
* * 
+6 +6 1
+4 +1 1
+5 +1 1
+5 +3 1
+4 +1 1
+4 +1 1
+4 +1 1
+4 +1 1
+6 +1 1
jcnd=1/1 0x288e0 2093 
* * 
+22 +15 7
+4 +1 7
+4 +1 7
+4 +1 7
+4 +1 7
+5 +2 7
+4 +1 7
+4 +1 7
+5 +1 7
+2 +1 7
+3 +1 7
+3 +1 7
+6 +1 7
+4 +3 7
+4 +1 7
+7 +1 7
+6 +6 7
+4 +1 7
+7 +1 7
+7 * 7
+9 +4 7
+4 +1 7
+6 +3 7
+5 +1 7
+5 +1 7
+4 +2 7
+5 +1 7
+5 +1 7
+4 +4 7
+4 +1 7
+4 +1 7
+4 +1 7
+4 +1 7
+6 +1 7
jcnd=7/7 0x288e0 2093 
* * 
0x27760 +75 6
+4 +1 6
+4 +1 6
+4 +1 6
+4 +1 6
+5 +2 6
+4 +1 6
+4 +1 6
+5 +1 6
+2 +1 6
+3 +1 6
+3 +1 6
+6 +1 6
+4 +3 6
+4 +1 6
+7 +1 6
+6 +6 6
+4 +1 6
+7 +1 6
+7 * 6
+9 +4 6
+4 +1 6
+6 +3 6
+5 +1 6
+5 +1 6
+4 +2 6
+5 +1 6
+5 +1 6
+4 +4 6
+4 +1 6
+4 +1 6
+4 +1 6
+4 +1 6
+6 +1 6
jcnd=4/6 0x288e0 2093 
* * 
+6 +7 2
+4 +1 2
+4 +2 2
+4 +1 2
+2 +2 2
+5 +1 2
+5 +1 2
+4 +2 2
+5 +1 2
+5 +1 2
+4 +4 2
+4 +1 2
+4 +1 2
+4 +1 2
+4 +1 2
+6 +1 2
jcnd=2/2 0x288e0 2093 
* * 
+94 +41 3
+4 +1 3
+4 +1 3
+4 +1 3
+4 +1 3
+5 +2 3
+4 +1 3
+4 +1 3
+5 +1 3
+2 +1 3
+3 +1 3
+3 +1 3
+6 +1 3
+4 +4 3
+4 +1 3
+7 +1 3
+6 +6 3
+4 +1 3
+7 +1 3
+7 * 3
+9 +4 3
+4 +1 3
+6 +3 3
+5 +1 3
+5 +1 3
+4 +2 3
+5 +1 3
+5 +1 3
+4 +4 3
+4 +1 3
+4 +1 3
+4 +1 3
+4 +1 3
+6 +1 3
jcnd=3/3 0x288e0 2093 
* * 
0x279e0 +69 4
+4 +1 4
+4 +1 4
+4 +1 4
+4 +1 4
+5 +2 4
+4 +1 4
+4 +1 4
+5 +1 4
+2 +1 4
+3 +1 4
+3 +1 4
jcnd=1/4 0x288e5 2095 
* * 
+6 +1 3
+4 +4 3
+4 +1 3
+7 +1 3
+6 +6 3
+4 +1 3
+7 +1 3
+7 * 3
+9 +4 3
+4 +1 3
-4 -1 1
+4 +1 1
+6 +3 4
+5 +1 4
+5 +1 4
+4 +2 4
+5 +1 4
+5 +1 4
+4 +4 4
+4 +1 4
+4 +1 4
+4 +1 4
+4 +1 4
+6 +1 4
jcnd=3/4 0x288e0 2093 
* * 
+6 +7 1
+4 +1 1
+4 +2 1
+4 +1 1
+2 +2 1
+5 +1 1
+5 +1 1
+4 +2 1
+5 +1 1
+5 +1 1
+4 +4 1
+4 +1 1
+4 +1 1
+4 +1 1
+4 +1 1
+6 +1 1
+6 +7 1
+4 +1 1
+4 +1 1
jump=1 0x27a40 -56 
* * 
+80 +32 3
+4 +1 3
+4 +1 3
+4 +1 3
+4 +1 3
+5 +2 3
+4 +1 3
+4 +1 3
+5 +1 3
+2 +1 3
+3 +1 3
+3 +1 3
jcnd=1/3 0x288e5 2095 
* * 
+6 +1 2
+4 +4 2
+4 +1 2
+7 +1 2
+6 +6 2
+4 +1 2
+7 +1 2
+7 * 2
+9 +4 2
+4 +1 2
+6 +3 2
+5 +1 2
+5 +1 2
+4 +2 2
+5 +1 2
+5 +1 2
+4 +4 2
+4 +1 2
+4 +1 2
+4 +1 2
+4 +1 2
+6 +1 2
jcnd=2/2 0x288e0 2093 
* * 
0x27c60 +69 6
+4 +1 6
+4 +1 6
+4 +1 6
+4 +1 6
+5 +2 6
+4 +1 6
+4 +1 6
+5 +1 6
+2 +1 6
+3 +1 6
+3 +1 6
jcnd=1/6 0x288e5 2095 
* * 
+6 +1 5
+4 +4 5
+4 +1 5
+7 +1 5
+6 +6 5
+4 +1 5
+7 +1 5
+7 * 5
+9 +4 5
+4 +1 5
+6 +3 5
+5 +1 5
+5 +1 5
+4 +2 5
+5 +1 5
+5 +1 5
+4 +4 5
+4 +1 5
+4 +1 5
+4 +1 5
+4 +1 5
+6 +1 5
jcnd=3/5 0x288e0 2093 
* * 
+6 +7 2
+4 +1 2
+4 +2 2
+4 +1 2
+2 +2 2
+5 +1 2
+5 +1 2
+4 +2 2
+5 +1 2
+5 +1 2
+4 +4 2
+4 +1 2
+4 +1 2
+4 +1 2
+4 +1 2
+6 +1 2
jcnd=2/2 0x288e0 2093 
* * 
+94 +41 7
+4 +1 7
+4 +1 7
+4 +1 7
+4 +1 7
+5 +2 7
+4 +1 7
+4 +1 7
+5 +1 7
+2 +1 7
+3 +1 7
+3 +1 7
jcnd=2/7 0x288e5 2095 
* * 
+6 +1 5
+4 +4 5
+4 +1 5
+7 +1 5
+6 +6 5
+4 +1 5
+7 +1 5
+7 * 5
+9 +4 5
+4 +1 5
+6 +3 5
+5 +1 5
+5 +1 5
+4 +2 5
+5 +1 5
+5 +1 5
+4 +4 5
+4 +1 5
+4 +1 5
+4 +1 5
+4 +1 5
+6 +1 5
jcnd=5/5 0x288e0 2093 
* * 
0x27ee0 +69 7
+4 +1 7
+4 +1 7
+4 +1 7
+4 +1 7
+5 +2 7
+4 +1 7
+4 +1 7
+5 +1 7
+2 +1 7
+3 +1 7
+3 +1 7
jcnd=4/7 0x288e5 2095 
* * 
+6 +1 3
+4 +4 3
+4 +1 3
+7 +1 3
+6 +6 3
+4 +1 3
+7 +1 3
+7 * 3
+9 +4 3
+4 +1 3
+6 +3 3
+5 +1 3
+5 +1 3
+4 +2 3
+5 +1 3
+5 +1 3
+4 +4 3
+4 +1 3
+4 +1 3
+4 +1 3
+4 +1 3
+6 +1 3
jcnd=3/3 0x288e0 2093 
* * 
0x28020 +69 18
+4 +1 18
+4 +1 18
+4 +1 18
+4 +1 18
+5 +2 18
+4 +1 18
+4 +1 18
+5 +1 18
+2 +1 18
+3 +1 18
+3 +1 18
jcnd=10/18 0x288e5 2095 
* * 
+6 +1 8
+4 +4 8
+4 +1 8
+7 +1 8
+6 +6 8
+4 +1 8
+7 +1 8
+7 * 8
+9 +4 8
+4 +1 8
+6 +3 8
+5 +1 8
+5 +1 8
+4 +2 8
+5 +1 8
+5 +1 8
+4 +4 8
+4 +1 8
+4 +1 8
+4 +1 8
+4 +1 8
+6 +1 8
jcnd=8/8 0x288e0 2093 
* * 
0x28160 +69 8
+4 +1 8
+4 +1 8
+4 +1 8
+4 +1 8
+5 +2 8
+4 +1 8
+4 +1 8
+5 +1 8
+2 +1 8
+3 +1 8
+3 +1 8
jcnd=5/8 0x288e5 2095 
* * 
+6 +1 3
+4 +4 3
+4 +1 3
+7 +1 3
+6 +6 3
+4 +1 3
+7 +1 3
+7 * 3
+9 +4 3
+4 +1 3
+6 +3 3
+5 +1 3
+5 +1 3
+4 +2 3
+5 +1 3
+5 +1 3
+4 +4 3
+4 +1 3
+4 +1 3
+4 +1 3
+4 +1 3
+6 +1 3
jcnd=3/3 0x288e0 2093 
* * 
0x282a0 +69 18
+4 +1 18
+4 +1 18
+4 +1 18
+4 +1 18
+5 +2 18
+4 +1 18
+4 +1 18
+5 +1 18
+2 +1 18
+3 +1 18
+3 +1 18
jcnd=10/18 0x288e5 2095 
* * 
+6 +1 8
+4 +4 8
+4 +1 8
+7 +1 8
+6 +6 8
+4 +1 8
+7 +1 8
+7 * 8
+9 +4 8
+4 +1 8
+6 +3 8
+5 +1 8
+5 +1 8
+4 +2 8
+5 +1 8
+5 +1 8
+4 +4 8
+4 +1 8
+4 +1 8
+4 +1 8
+4 +1 8
+6 +1 8
jcnd=8/8 0x288e0 2093 
* * 
0x283e0 +69 9
+4 +1 9
+4 +1 9
+4 +1 9
+4 +1 9
+5 +2 9
+4 +1 9
+4 +1 9
+5 +1 9
+2 +1 9
+3 +1 9
+3 +1 9
jcnd=4/9 0x288e5 2095 
* * 
+6 +1 5
+4 +4 5
+4 +1 5
+7 +1 5
+6 +6 5
+4 +1 5
+7 +1 5
+7 * 5
+9 +4 5
+4 +1 5
+6 +3 5
+5 +1 5
+5 +1 5
+4 +2 5
+5 +1 5
+5 +1 5
+4 +4 5
+4 +1 5
+4 +1 5
+4 +1 5
+4 +1 5
+6 +1 5
jcnd=2/5 0x288e0 2093 
* * 
+6 +7 3
+4 +1 3
+4 +2 3
+4 +1 3
+2 +2 3
+5 +1 3
+5 +1 3
+4 +2 3
+5 +1 3
+5 +1 3
+4 +4 3
+4 +1 3
+4 +1 3
+4 +1 3
+4 +1 3
+6 +1 3
jcnd=3/3 0x288e0 2093 
* * 
+94 +41 22
+4 +1 22
+4 +1 22
+4 +1 22
+4 +1 22
+5 +2 22
+4 +1 22
+4 +1 22
+5 +1 22
+2 +1 22
+3 +1 22
+3 +1 22
jcnd=12/22 0x288e5 2095 
* * 
+6 +1 10
+4 +4 10
+4 +1 10
+7 +1 10
+6 +6 10
+4 +1 10
+7 +1 10
+7 * 10
+9 +4 10
+4 +1 10
+6 +3 10
+5 +1 10
+5 +1 10
+4 +2 10
+5 +1 10
+5 +1 10
+4 +4 10
+4 +1 10
+4 +1 10
+4 +1 10
+4 +1 10
+6 +1 10
jcnd=9/10 0x288e0 2093 
* * 
+6 +7 1
+4 +1 1
+4 +2 1
+4 +1 1
+2 +2 1
+5 +1 1
+5 +1 1
+4 +2 1
+5 +1 1
+5 +1 1
+4 +4 1
+4 +1 1
+4 +1 1
+4 +1 1
+4 +1 1
+6 +1 1
jcnd=1/1 0x288e0 2093 
* * 
+94 +41 21
+4 +1 21
+4 +1 21
+4 +1 21
+4 +1 21
+5 +2 21
+4 +1 21
+4 +1 21
+5 +1 21
+2 +1 21
+3 +1 21
+3 +1 21
jcnd=7/21 0x288e5 2095 
* * 
+6 +1 14
+4 +4 14
+4 +1 14
+7 +1 14
+6 +6 14
+4 +1 14
+7 +1 14
+7 * 14
+9 +4 14
+4 +1 14
+6 +3 14
+5 +1 14
+5 +1 14
+4 +2 14
+5 +1 14
+5 +1 14
+4 +4 14
+4 +1 14
+4 +1 14
+4 +1 14
+4 +1 14
+6 +1 14
jcnd=14/14 0x288e0 2093 
* * 
0x287a0 +69 14
+4 +1 14
+4 +1 14
+4 +1 14
+4 +1 14
+5 +2 14
+4 +1 14
+4 +1 14
+5 +1 14
+2 +1 14
+3 +1 14
+3 +1 14
jcnd=7/14 0x288e5 2095 
* * 
+6 +2 7
+4 +4 7
+4 +1 7
+7 +1 7
+6 +6 7
+4 +1 7
+7 +2 7
+7 * 7
+9 +4 7
+4 +1 7
+6 +3 7
+5 +1 7
+5 +1 7
+4 +2 7
+5 +1 7
+5 +1 7
+4 +4 7
+4 +1 7
+4 +1 7
+4 +1 7
+4 +1 7
+6 +1 7
jcnd=7/7 0x288e0 +71 
* * 
0x288e0 +71 103
+5 +2 103
+4 +1 103
+4 +1 103
+3 +1 103
jcnd=53/103 +16 +6 
* * 
-11 -3 68
+4 +1 68
+4 +1 68
+3 +1 68
jcnd=31/68 +16 +6 
* * 
+2 +1 87
+3 * 87
+11 +5 87
+4 +6 87
+4 +1 87
+4 +8 87
+2 +1 87
-14 -16 420
+4 +6 420
+4 +1 420
+4 +8 420
+2 +1 420

fl=(518)
fn=(3230)
0x5380 26 1
+4 * 1
+1 * 1
+3 * 1
+2 * 1
+2 +17 1
+3 -17 1
+2 * 1
+7 * 1
+2 * 1
+1 * 1
+4 * 1
+7 +20 1
+7 * 1
+3 * 1
+4 * 1
+6 * 1
+4 * 1
+7 * 1
+4 * 1
+8 * 1
jump=1 +37 +3 
* * 
+16 * 1
+4 * 1
+7 * 1
+4 * 1
jcnd=1/1 0x55b0 +86 
* * 
+6 +3 1
+3 * 1
cob=(2)
cfi=(384)
cfn=(2006)
calls=1 0x9fff0 +28 
* * 44
+6 +2 1
+3 +3 1
+2 * 1
+2 +2 1
+3 * 1
+7 * 1
+3 * 1
+3 * 1
+2 +7 1
+5 * 1
+3 * 1
+3 -2 1
+4 +2 1
cfi=(48)
cfn=(482)
calls=1 0x1a9e0 -22 
* * 11
+5 +5 1
+3 * 1
+3 * 1
+3 * 1
+8 * 1
+4 * 1
+4 * 1
+3 * 1
+7 * 1
+3 * 1
+3 * 1
jcnd=1/1 +23 * 
* * 
+23 * 1
+5 * 1
+3 * 1
+3 * 1
jcnd=1/1 0x55e9 * 
* * 
+6 +5 1
+3 -5 1
+3 +5 1
+3 * 1
+3 * 1
jcnd=1/1 +16 +2 
* * 
+16 +2 5
+4 * 5
+2 +2 5
+3 * 5
+6 +2 5
+3 * 5
+4 +1 5
+7 +1 5
+4 +4 5
+7 -12 5
+4 * 5
+3 * 5
jcnd=4/5 -47 +2 
* * 
+2 +14 1
+3 * 1
+3 * 1
+3 * 1
+2 * 1
+2 * 1
+6 +1 1
+3 * 1
+3 * 1
+2 * 1
jcnd=1/1 +18 +6 
* * 
+18 +6 1
+3 * 1
+3 * 1
+5 * 1
+3 * 1
+4 * 1
cfi=(13)
cfn=(232)
calls=1 0x133a0 298 
* * 398
+5 +9 1
+3 * 1
cob=(2)
cfi=(386)
cfn=(2012)
calls=1 0xa1a70 367 
* * 37
+6 +5 1
+3 * 1
+2 * 1
+4 * 1
+3 * 1
+4 * 1
+9 +2 1
+3 +2 1
+8 * 1
jcnd=1/1 +45 +2 
* * 
-11 -2 4
+3 +2 4
+8 * 4
jcnd=4/4 +45 +2 
* * 
+45 +2 5
+3 * 5
+4 * 5
+4 * 5
cfi=(519) ./elf/./elf/dl-call_fini.c
cfn=(3232) _dl_call_fini
calls=5 0x1090 -90 
* * 515
+5 +3 5
+3 * 5
cfi=(48)
cfn=(3258) _dl_audit_objclose
calls=5 0x1acd0 -20 
* * 25
+5 -9 5
+4 * 5
+4 +14 5
+8 -14 5
+4 * 5
+3 * 5
jcnd=4/5 0x5530 +2 
* * 
+2 +18 1
+2 * 1
+3 * 1
cfi=(48)
cfn=(482)
calls=1 0x1a9e0 -85 
* * 11
+5 * 1
+4 * 1
jump=1 0x53e1 -80 
* * 
+9 +6 1
+4 * 1
+2 * 1
+6 * 1
+7 +2 1
+6 -2 1
+2 * 1
+6 +6 1
+7 * 1
+2 +7 1
+4 * 1
+1 * 1
+2 * 1
+2 * 1
+2 * 1
+2 * 1
+1 * 1
+1 -77 1
+6 * 1
jump=1 0x547d +5 
* * 

fl=(55)
fn=(174)
0x258f0 30 4
+4 +9 4
+5 * 4
+2 * 4
+6 * 4
+2 +33 4

fl=(146) ./elf/./elf/dl-lookup-direct.c
fn=(460) _dl_lookup_direct
0xbca0 74 3
+4 * 3
+1 * 3
+3 * 3
+2 * 3
+2 * 3
+2 * 3
+3 * 3
+2 * 3
+1 * 3
+4 +2 3
+8 -2 3
+4 * 3
+4 +4 3
+6 -4 3
+4 +2 3
+6 +2 3
+2 * 3
+2 * 3
+2 +37 3
+3 -37 3
+2 * 3
+7 * 3
+3 +1 3
+2 * 3
+6 +2 3
+7 * 3
+4 * 3
+4 * 3
+4 +3 3
+3 * 3
+3 * 3
+2 * 3
+2 * 3
jcnd=1/3 0xbdf8 +9 
* * 
-10 * 2
+3 * 2
+3 * 2
+2 * 2
+2 * 2
jcnd=1/2 0xbdf8 +9 
* * 
+6 +2 3
+4 * 3
+3 -54 3
+2 +54 3
+3 -54 3
+4 +54 3
+4 -54 3
+4 * 3
+8 * 3
jcnd=3/3 +9 +1 
* * 
+9 +1 3
+2 * 3
+4 * 3
+4 +2 3
+6 * 3
+3 +1 3
+6 * 3
+6 +12 3
+5 * 3
+3 * 3
+6 +3 3
+4 +2 3
+4 * 3
+4 -2 3
+4 +2 3
+4 * 3
+3 * 3
cfi=(31)
cfn=(90)
calls=3 0x274e0 +45 
* * 209
+5 * 3
+2 * 3
+2 +4 3
+4 * 3
+7 +1 3
+3 -1 3
+4 +1 3
+5 * 3
+4 * 3
+7 * 3
+4 * 3
+3 * 3
+2 +1 3
+3 * 3
+4 * 3
cfi=(31)
cfn=(90)
calls=3 0x274e0 +39 
* * 198
+5 * 3
+2 * 3
+2 +57 3
+4 * 3
+3 * 3
+1 * 3
+2 * 3
+2 * 3
+2 * 3
+2 * 3
+1 * 3
+30 -23 2
+4 * 2
+4 * 2
jcnd=2/2 0xbd08 -9 
* * 

fl=(43)
fn=(126)
0x26b10 132 13
+4 +1 13
+4 * 13
+3 * 13
+4 * 13
+4 * 13
+5 +5 13
+4 +1 13
jcnd=7/13 0x26bb0 350 
* * 
+6 +3 6
+4 +1 6
jcnd=6/6 +20 244 
* * 
+20 244 6
+3 +1 6
+4 +12 6
+3 +3 6
+4 +1 6
+2 +12 6
+4 +1 6
+4 +13 6
+4 +1 6
+7 +2 6
jcnd=4/6 +43 +18 
* * 
+2 +3 2
+4 +3 2
+4 * 2
+9 +3 2
+3 +1 2
+4 +1 2
+4 +1 2
+4 +1 2
+4 +1 2
+3 +1 2
jcnd=2/2 -22 -6 
* * 
-22 -6 39
+3 +1 39
+4 +1 39
+4 +1 39
+4 +1 39
+4 +1 39
+3 +1 39
jcnd=37/39 -22 -6 
* * 
+2 +3 6
+3 +1 6
+4 +1 6
+4 +1 6
+4 +5 6
+9 +34 7
+5 +2 7
+3 +1 7
jcnd=7/7 +24 +39 
* * 
+24 +39 7
+3 +1 7
+5 +2 7

fl=(48)
fn=(198)
0x1abb0 77 3
+4 +1 3
+6 * 3
+2 * 3
+2 * 3

fn=(148)
0x1a930 29 1
+4 * 1
+1 +2 1
+6 -2 1
+3 * 1
+2 * 1
+2 * 1
+2 * 1
+1 +1 1
+7 +1 1
+2 * 1
jcnd=1/1 +73 +6 
* * 
+73 +6 1
+1 * 1
+2 * 1
+2 * 1
+2 * 1
+1 * 1

fn=(556)
0x1ada0 118 1
+4 +1 1
+6 * 1
+2 * 1
+2 * 1

fn=(482)
0x1a9e0 41 3
+4 +4 3
+4 * 3
+7 * 3
+4 * 3
+4 +1 3
+6 +1 3
+3 * 3
+2 * 3
+2 * 3
+2 * 3

fn=(3258)
0x1acd0 97 5
+4 +1 5
+6 * 5
+2 * 5
+2 * 5

fl=(22)
fn=(62)
0x28b00 57 20
+4 +44 20
+4 +1 20
+4 +1 20
+4 +1 20
+4 +1 20
+3 +1 20
+3 +1 20
+7 +2 20
+7 +2 20
+2 +31 20
+4 +1 20
+4 +1 20
+4 +1 20
+2 +1 20
jcnd=9/20 +6 +7 
* * 
+2 +1 11
+3 +2 11
+1 +4 9
+4 +1 9
+5 +1 9
+5 +1 9
+5 +1 9
+4 +1 9
+5 +1 9
+4 +1 9
+4 +1 9
+4 +1 9
+3 +1 9
+4 +1 9
+3 +5 9
+3 * 9
+3 * 9
+4 * 9
+3 * 9
+3 * 9
+2 * 9
+4 * 9

fl=(141)
fn=(448) _dlfo_sort_mappings
0x4ab0 536 1
+4 +1 1
+4 * 1
+6 +3 1
+4 * 1
+3 * 1
+3 * 1
+8 +4 1
+3 +1 1
+4 -1 1
+3 +1 1
+3 * 1
-13 -1 2
+3 +1 2
+4 -1 2
+3 +1 2
+3 * 2
+2 * 3
+3 * 3
+6 +1 3
+3 * 3
+4 * 3
+4 * 3
+3 * 3
jcnd=2/3 +8 -1 
* * 
-14 * 3
+3 * 3
+4 * 3
+4 * 3
+3 * 3
jcnd=1/3 +8 -1 
* * 
+2 +3 3
+3 -1 3
+3 -3 3
+4 * 3
+3 * 3
-7 * 3
+4 * 3
+3 * 3
jcnd=3/3 -29 +1 
* * 
+2 +8 3
+4 * 3
+3 * 3
+3 +1 3
+5 * 3
+5 -1 3
+6 -13 3
+4 * 3
+5 +14 3
+4 * 3
+6 * 3
+5 +1 3
+5 * 3
+5 -15 3
+3 * 3
jcnd=2/3 0x4ad0 +4 
* * 
+2 +17 1

fn=(442)
0x4b60 561 1
+4 * 1
+1 +3 1
+7 -3 1
+3 * 1
+2 * 1
+1 +5 1
+7 * 1
jcnd=1/1 0x4c60 +1 
* * 
+17 +13 1
cfn=(446) _dlfo_process_initial
calls=1 0x43a0 474 
* * 97
+5 +1 1
+7 -1 1
+3 +1 1
fi=(28)
+4 56 1
cfi=(27)
cfn=(78)
calls=1 0xc070 -20 
* * 30
fe=(141)
+6 580 1
fi=(28)
+7 56 1
fe=(141)
+3 582 1
+3 * 1
+2 +3 1
+3 * 1
+6 +5 1
+11 +1 1
cfn=(446)
calls=1 0x43a0 474 
* * 365
+5 +3 1
+7 * 1
+3 * 1
jcnd=1/1 0x4c98 +2 
* * 
+6 +10 1
+1 * 1
+2 * 1
+1 * 1
0x4c60 -37 1
+7 * 1
cfi=(142) ./elf/./dl-find_object.h
cfn=(444) _dl_find_object_from_map
calls=1 0x4330 95 
* * 63
+5 * 1
jump=1 0x4b8a +12 
* * 
+44 +29 1
+3 * 1
cfn=(448)
calls=1 0x4ab0 -60 
* * 128
+5 +3 1
+7 * 1
+4 * 1
+4 * 1
+7 * 1
+4 * 1
+7 +2 1
jump=1 0x4bdb +3 
* * 

fn=(446)
0x43a0 474 2
+1 +3 2
+3 -3 2
+3 * 2
+1 * 2
+4 +1 2
+7 +3 2
+8 * 2
+6 +26 2
+7 * 2
+3 * 2
+6 * 2
+7 * 2
+3 * 2
+2 * 2
+3 +1 2
+3 * 2
+3 * 2
jcnd=2/2 +19 +3 
* * 
+10 +1 10
+4 -1 10
+3 * 10
jcnd=2/10 +89 -1 
* * 
+2 +3 10
+3 * 10
jcnd=2/10 -12 -2 
* * 
+2 * 8
+4 * 8
+2 +3 8
+7 * 8
+3 * 8
+2 * 8
jcnd=8/8 0x4480 +2 
* * 
+64 -7 2
+7 * 2
+4 * 2
+7 * 2
+3 * 2
+6 +27 2
+3 -2 2
+7 +2 2
+4 * 2
+1 * 2
+6 -18 8
+7 * 8
+3 * 8
jcnd=4/8 +17 +4 
* * 
+2 +3 4
+3 * 4
+4 -1 4
+3 * 4
cfi=(142)
cfn=(444)
calls=4 0x4330 95 
* * 252
+5 +2 8
+4 * 8
jump=8 0x43f0 -11 
* * 

fl=(66) ./io/../sysdeps/unix/sysv/linux/fstatat64.c
fn=(212) fstatat
0x25920 146 3
+4 * 3
+3 -55 3
+5 * 3
+2 +70 3
+5 * 3
jcnd=2/3 +13 -1 
* * 
+2 * 1
+2 +1 1
+9 -2 2
+2 * 2
+6 +1 2
+5 * 2

fl=(142)
fn=(444)
0x4330 95 5
+7 * 5
+3 +1 5
+7 * 5
+4 +1 5
+4 +6 5
+7 * 5
+7 * 5
+8 * 5
+3 * 5
+4 +1 5
+3 * 5
jcnd=5/5 +16 +1 
* * 
+7 * 45
+4 * 45
+3 * 45
+2 +1 50
+6 * 50
jcnd=45/50 -15 -1 
* * 
+2 +2 5
+3 * 5
+4 * 5
+4 +5 5

fl=(23)
fn=(64)
0x25300 37 1
+4 * 1
+1 * 1
+3 * 1
+2 +3 1
+7 -3 1
+1 * 1
+3 +21 1
+3 * 1
+2 +4 1
+3 * 1
jcnd=1/1 +29 +16 
* * 
+29 +16 1
+3 * 1
+1 * 1
+2 * 1
+1 * 1

fl=(13)
fn=(232)
0x133a0 298 2
+4 * 2
+1 * 2
+3 * 2
+2 * 2
+3 * 2
+2 * 2
+3 * 2
+2 * 2
+2 * 2
+3 * 2
+1 * 2
+4 +8 2
+7 -8 2
+3 +8 2
+3 * 2
jcnd=2/2 0x1365d -95 
* * 
0x134f6 +4 2
+4 * 2
+1 * 2
+2 * 2
+2 * 2
+2 * 2
+2 * 2
+1 * 2
0x1365d -99 2
+3 -28 2
+3 -2 2
+4 +1 2
+3 * 2
+2 +29 2
+4 -28 2
+4 * 2
+6 * 2
+3 * 2
+3 +1 2
+4 -1 2
+4 +1 2
+7 -1 2
+2 * 2
jcnd=2/2 -17 +1 
* * 
-17 +1 8
+4 -1 8
+4 +1 8
+7 -1 8
+2 * 8
jcnd=6/8 -17 +1 
* * 
+2 +28 2
+4 * 2
+3 * 2
+4 * 2
+4 * 2
+3 * 2
+7 * 2
+3 * 2
+3 * 2
jcnd=2/2 +23 * 
* * 
+23 * 2
+5 * 2
+3 * 2
+3 * 2
+2 * 2
+6 * 2
+3 +8 2
+3 * 2
+4 * 2
+5 -3 2
+4 +2 2
+4 +1 2
+4 * 2
+3 -3 2
+4 +5 2
+3 * 2
+4 * 2
+3 * 2
jump=2 +21 +2 
* * 
+8 * 8
+4 * 8
+3 * 8
+6 +2 10
+4 -83 10
+7 * 10
+2 * 10
+3 * 10
+3 * 10
cfn=(234) dfs_traversal.part.0
calls=10 0x13290 -5 
* * 395
+5 +86 10
+4 * 10
+3 * 10
jcnd=8/10 -44 -5 
* * 
+2 +18 2
+4 * 2
+3 * 2
+3 * 2
jcnd=2/2 0x1386d +19 
* * 
+86 +32 2
+3 * 2
+2 * 2
+4 * 2
jcnd=2/2 +55 +7 
* * 
+55 +7 2
+4 +27 2
jump=2 0x134f6 * 
* * 
0x1386d -47 2
+3 * 2
+3 * 2
cfi=(29)
cfn=(82)
calls=2 0x26920 -53 
* * 38
+5 * 2
jump=2 0x1379e +13 
* * 

fn=(26)
0x13370 289 1
+4 * 1
+1 +1 1
+2 * 1
+5 -1 1
+3 * 1
+4 +1 1
+4 * 1
cfi=(11)
cfn=(28)
calls=1 0x15c10 +97 
* * 24
+5 +2 1
+2 * 1
+4 * 1
+3 -1 1
+6 +2 1
+1 * 1

fn=(234)
0x13290 135 10
+1 * 10
+3 * 10
+2 * 10
+3 * 10
+2 * 10
+3 * 10
+2 * 10
+3 * 10
+1 +10 10
+7 -2 10
+7 +2 10
+3 * 10
jcnd=3/10 +37 +11 
* * 
+2 +2 7
+3 * 7
+3 * 7
+2 * 7
+5 -7 7
+7 * 7
-7 * 10
+7 * 10
+2 +7 17
+4 * 17
+4 * 17
+3 * 17
jcnd=10/17 -20 -7 
* * 
+2 +9 10
+3 * 10
jcnd=5/10 +75 * 
* * 
+2 +15 10
+3 * 10
+4 * 10
+3 +1 10
+4 +1 10
+1 * 10
+2 * 10
+2 * 10
+2 * 10
+1 * 10
+51 -17 5
+8 * 5
+3 * 5
jcnd=5/5 -84 +15 
* * 

fl=(71)
fn=(228)
0x25c40 30 3
+4 * 3
+1 * 3
+3 * 3
+3 * 3
+3 * 3
+2 * 3
+2 * 3
+1 * 3
+3 * 3
+4 * 3
+3 * 3
+3 * 3
+3 +4 3
+3 +1 3
+4 * 3
jcnd=3/3 +7 +10 
* * 
+7 +10 3
+4 * 3
jcnd=3/3 +41 +18 
* * 
+41 +18 3
+4 -17 3
+5 +17 3
+1 * 3
+2 * 3
+2 * 3
+1 * 3

fl=(67)
fn=(484)
0x17390 525 1
+4 +1 1
+7 * 1
+4 * 1
+4 * 1
jcnd=1/1 +13 -1 
* * 
+13 -1 1
+1 +3 1
+7 -3 1
+3 +3 1
cfi=(140)
cfn=(486)
calls=1 0x25de0 117 
* * 6
+5 +7 1
+1 -6 1
+11 +4 1
+10 +2 1

fn=(222) _dl_cache_libcmp
0x16630 357 23
+4 +1 23
+3 +32 23
+3 -33 23
+3 +1 23
+2 * 23
-2 * 3
+2 * 3
jcnd=3/3 +51 +32 
* * 
+2 +2 127
+3 +2 127
+3 -2 127
+4 * 127
jcnd=3/127 +53 +2 
* * 
+2 +20 124
+2 * 124
+6 +2 124
+2 * 124
jcnd=20/124 0x166fd +1 
* * 
+6 -12 104
+4 +2 104
+5 +14 104
+4 +1 104
+4 -29 104
+2 * 104
jcnd=104/104 -47 +2 
* * 
+2 +32 3
+3 * 3
+2 * 3
+9 -28 3
+2 * 3
+2 +6 3
+3 +2 3
+4 -2 3
+4 +1 3
+4 -1 3
+3 +1 3
+4 -1 3
+3 +2 3
+3 * 3
+3 * 3
jcnd=3/3 +27 +2 
* * 
+27 +2 3
+5 -3 3
+3 +3 3
+3 * 3
+4 * 3
jcnd=3/3 +29 +2 
* * 
+29 +2 3
+3 * 3
jcnd=3/3 0x1663d -16 
* * 
+16 +9 20
+3 * 20
+2 * 20

fn=(214)
0x16710 403 2
+4 * 2
+1 * 2
+3 * 2
+2 * 2
+2 * 2
+2 * 2
+2 * 2
+1 * 2
+7 * 2
+4 +2 2
+7 * 2
+6 +3 2
+7 * 2
+3 * 2
jcnd=1/2 0x16c10 +3 
* * 
+6 +69 1
+7 * 1
+4 * 1
+6 +5 2
+7 205 2
+7 482 2
+4 * 2
+6 +3 2
+3 * 2
+4 * 2
fi=(69) ./elf/../sysdeps/x86/dl-procinfo.h
+4 39 2
+3 * 2
+6 +3 2
+7 * 2
+3 * 2
cfi=(31)
cfn=(90)
calls=2 0x274e0 +56 
* * 50
+5 * 2
+10 * 2
+7 * 2
+2 * 2
jfi=(67)
jcnd=2/2 +47 208 
* * 
fe=(67)
+47 208 2
+4 * 2
+2 * 2
+5 * 2
+3 * 2
+7 * 2
cfi=(11)
cfn=(28)
calls=2 0x15c10 387 
* * 46
+5 * 2
+4 +12 2
+3 -10 2
+7 -2 2
+4 +12 2
+4 * 2
+2 -7 2
+4 * 2
+3 * 2
+3 * 2
+3 * 2
+10 +9 2
+4 * 2
+3 * 2
+4 * 2
+3 * 2
+3 +1 2
+3 -32 2
+4 * 2
+8 +36 2
+3 -4 2
+5 +4 2
+2 * 2
-42 -5 18
+4 * 18
+3 * 18
+4 * 18
+3 * 18
+3 +1 18
+3 -32 18
+4 * 18
+8 +36 18
+3 -4 18
+5 +4 18
+2 * 18
+2 +4 20
+4 * 20
+3 * 20
cfn=(222)
calls=20 0x16630 357 
* * 1536
+5 +1 20
+2 * 20
jcnd=2/20 +54 -12 
* * 
+2 346 18
jcnd=8/18 +36 +1 
* * 
+2 +3 10
+5 220 10
+3 * 10
jcnd=10/10 -70 +2 
* * 
+26 347 8
+5 220 8
+3 * 8
jcnd=8/8 0x16820 +2 
* * 
+8 * 2
+3 * 2
+4 +2 2
+3 * 2
+4 * 2
+5 * 2
+7 * 2
+4 * 2
+7 * 2
+4 * 2
+3 * 2
+3 * 2
jump=2 +42 +18 
* * 
+9 +20 3
+2 * 3
+4 +3 3
+3 * 3
+2 +2 3
+3 * 3
+3 * 3
+4 * 3
cfn=(222)
calls=3 0x16630 357 
* * 362
+5 * 3
+2 * 3
jcnd=2/3 +10 -37 
* * 
+2 +2 1
+3 -9 1
+3 * 1
jcnd=1/1 -36 +2 
* * 
-3 * 2
+3 * 2
jcnd=2/2 -36 +2 
* * 
+2 -30 2
+7 * 2
+4 * 2
+3 +1 2
fi=(563) ./elf/../sysdeps/x86/dl-isa-level.h
+10 28 2
+4 * 2
fe=(67)
+7 210 2
+10 * 2
fi=(563)
+3 28 2
fe=(67)
+3 210 2
+11 +1 2
+3 -1 2
+3 * 2
+7 * 2
+3 +76 2
+10 * 2
+4 * 2
fi=(563)
+5 28 2
+3 * 2
+4 * 2
jfi=(67)
jump=2 +28 259 
* * 
fe=(67)
+28 259 2
+4 * 2
jcnd=2/2 +41 +10 
* * 
+41 +10 2
+4 * 2
+6 * 2
+2 +1 2
+3 * 2
+3 * 2
+2 * 2
+2 +16 2
fi=(68) ./elf/../sysdeps/generic/dl-cache.h
+10 125 2
fe=(67)
+4 286 2
+3 * 2
+3 * 2
+6 +9 2
+8 * 2
+6 +3 2
+7 * 2
+6 +3 2
+10 +1 2
+3 * 2
jcnd=2/2 +15 * 
* * 
+15 * 2
+4 +28 2
+3 * 2
+7 500 2
+7 * 2
+6 +12 2
+7 * 2
cfi=(22)
cfn=(62)
calls=2 0x28b00 57 
* * 70
+5 +1 2
+3 -1 2
+4 +1 2
+4 * 2
+3 * 2
+6 * 2
+3 * 2
+4 * 2
+3 * 2
jcnd=2/2 +23 * 
* * 
+23 * 2
+6 * 2
+3 * 2
+3 * 2
+2 * 2
+6 +1 2
+3 -1 2
+5 +1 2
+7 -1 2
+4 +1 2
cfi=(29)
cfn=(82)
calls=2 0x26920 210 
* * 30
+5 * 2
+3 +1 2
cfi=(44)
cfn=(134)
calls=2 0x28aa0 40 
* * 198
+5 +1 2
+4 * 2
+1 * 2
+2 * 2
+2 * 2
+2 * 2
+2 * 2
+1 * 2
0x16c10 411 1
+5 * 1
+7 * 1
+7 * 1
cfi=(52)
cfn=(216)
calls=1 0xc2d0 36 
* * 103
+5 * 1
+3 +8 1
+4 * 1
+2 * 1
+7 * 1
+4 * 1
+6 +1 1
+10 * 1
+3 * 1
+10 * 1
+4 * 1
+3 * 1
jcnd=1/1 0x16f12 * 
* * 
0x16f12 * 1
+8 * 1
+6 +3 1
+10 * 1
+4 * 1
+3 +1 1
+4 -1 1
+4 * 1
+3 * 1
fi=(68)
+6 194 1
+5 +1 1
+2 * 1
+6 * 1
+3 * 1
+2 * 1
jfi=(67)
jcnd=1/1 0x1700b 431 
* * 
fe=(67)
0x1700b 431 1
+7 +1 1
+7 * 1
jump=1 0x1675a +50 
* * 

fl=(76)
fn=(492)
0x17b40 331 1
+4 +3 1
+2 * 1
jcnd=1/1 +42 +16 
* * 
+42 +16 1

fn=(260)
0x17bc0 361 1
+4 * 1
+1 * 1
+3 * 1
+2 * 1
+2 * 1
+3 * 1
+1 * 1
+4 -76 1
+6 -10 1
+3 * 1
+2 +2 1
+6 * 1
+3 -1 1
+6 +6 1
+7 +3 1
+3 +8 1
+10 -11 1
+3 +1 1
+3 -1 1
+4 +1 1
+3 -1 1
+4 +1 1
+3 +10 1
+4 * 1
+6 * 1
+2 * 1
jcnd=1/1 0x17ca9 +70 
* * 
0x17ca9 +70 1
+4 * 1
+1 * 1
+2 * 1
+2 * 1
+1 * 1

fl=(27)
fn=(74)
0xc1c0 80 10
+4 +4 10
+3 -4 10
+3 * 10
+3 * 10
+3 * 10
+3 +7 10
+3 +1 10
+4 * 10
+3 * 10
jfi=(28)
jcnd=10/10 +7 -32 
* * 
fi=(28)
+7 -32 10
cfi=(27)
cfn=(78)
calls=10 0xc070 -20 
* * 407
fe=(27)

fn=(78)
0xc070 36 29
+4 * 29
+1 * 29
+3 * 29
+2 * 29
+2 * 29
+1 * 29
+3 * 29
+4 +1 29
+7 * 29
+3 * 29
jcnd=1/29 0xc160 +6 
* * 
+6 +11 28
+7 * 28
+4 * 28
+4 +3 28
+4 -3 28
+7 +3 28
+3 * 28
jcnd=2/28 +47 +5 
* * 
-22 -3 1
+4 * 1
+4 +3 1
+4 -3 1
+7 +3 1
+3 * 1
+2 * 27
+3 * 27
+3 * 27
+3 * 27
+2 +19 29
+7 +1 29
+7 +2 29
+4 * 29
+1 * 29
+2 * 29
+2 * 29
+1 * 29
+10 -17 2
+7 * 2
+3 * 2
+5 * 2
+3 +1 2
+3 * 2
jcnd=2/2 +11 +2 
* * 
+11 +2 2
+4 +1 2
+3 * 2
+6 * 2
+2 * 2
+5 * 2
+5 * 2
+3 * 2
cfi=(57)
cfn=(178)
calls=2 0x25d00 -13 
* * 52
+5 * 2
+3 +2 2
+4 * 2
+2 +2 2
+3 * 2
+7 * 2
+3 * 2
cfi=(58) ./misc/../sysdeps/unix/sysv/linux/setvmaname.c
cfn=(180) __set_vma_name
calls=2 0x25e10 -31 
* * 56
+5 +1 2
+7 * 2
+3 * 2
+2 +2 2
+3 +4 2
+4 -4 2
+7 * 2
jump=2 0xc0be +3 
* * 
+10 -24 1
+7 -1 1
+7 +1 1
+5 +1 1
+3 * 1
+3 -2 1
+7 * 1
jump=1 0xc09b +6 
* * 

fn=(138)
0xc200 97 1
+4 +2 1
+7 * 1
+3 * 1
+2 * 1

fl=(15)
fn=(462)
0x1a8d0 71 1
+4 -32 1
+6 * 1
+2 * 1
+2 +32 1
+2 * 1

fn=(34)
0x1a900 37 1
+4 +2 1
+6 * 1
+2 * 1
jcnd=1/1 +4 +2 
* * 
+4 +2 1
cfi=(16)
cfn=(36)
calls=1 0x195e0 682 
* * 7344

fl=(49)
fn=(152)
0x28930 32 1
+4 * 1
+1 * 1
+3 * 1
+1 * 1
+3 * 1
+7 +1 1
+3 * 1
+2 * 1
+6 +1 1
+4 * 1
+6 +5 1
+4 * 1
+7 * 1
+7 * 1
+7 * 1
+7 * 1
+7 +1 1
+7 * 1
+7 * 1
+7 * 1
+7 +1 1
+7 * 1
+4 * 1
+4 * 1
+4 +1 1
+4 * 1
+4 * 1
+4 * 1
+4 +2 1
+2 +3 1
+3 * 1
+4 * 1
+4 +1 1
+2 * 1
jcnd=1/1 -13 -1 
* * 
-13 -1 2
+3 * 2
+4 * 2
+4 +1 2
+2 * 2
jcnd=1/2 -13 -1 
* * 
+2 +3 1
+3 * 1
+2 * 1
+8 * 1
+6 +1 1
+4 * 1
+5 * 1
+8 * 1
+2 +1 1
+4 * 1
+5 * 1
+8 * 1
+2 +1 1
+4 * 1
+5 * 1
+8 * 1
+2 +2 1
+3 * 1
+4 * 1
+6 +6 1
+4 -1 1
+4 +1 1
+4 +2 1
+4 * 1
+4 -1 1
+4 * 1
+5 +2 1
+4 +2 1
+5 * 1
+3 * 1
+3 * 1
+3 * 1
+3 * 1
jcnd=1/1 -50 -5 
* * 
-50 -5 12
+4 -1 12
+4 +1 12
+4 +2 12
+4 * 12
+4 -1 12
+4 * 12
+5 +2 12
+4 +2 12
+5 * 12
+3 * 12
+3 * 12
+3 * 12
+3 * 12
jcnd=11/12 -50 -5 
* * 
+2 +2 1
+3 +1 1
+3 * 1
+2 * 1
+4 * 1
+3 +1 1
+4 * 1
+1 * 1

fl=(58)
fn=(180)
0x25e10 33 2
+4 +2 2
+6 * 2
+2 * 2
jcnd=1/2 +4 -2 
* * 
+2 * 1
+2 -2 1
+1 * 1
+3 * 1
+2 * 1
+3 +7 1
+2 -7 1
+2 * 1
+3 +7 1
+4 -7 1
+1 * 1
+3 +7 1
+5 -7 1
+4 +7 1
cfi=(11)
cfn=(28)
calls=1 0x15c10 387 
* * 24
+5 * 1
+3 * 1
+2 * 1
jcnd=1/1 +45 +7 
* * 
+45 +7 1
+10 +2 1
+4 * 1
+1 * 1
+2 * 1
+2 * 1
+1 * 1

fl=(145)
fn=(458)
0x1d700 30 1
+4 * 1
+1 +10 1
+6 * 1
+5 * 1
+7 -10 1
+3 * 1
+2 * 1
+2 +10 1
+7 -10 1
+1 +10 1
+3 -10 1
+4 +7 1
+7 +3 1
+3 * 1
cfi=(146)
cfn=(460)
calls=1 0xbca0 +34 
* * 233
+5 +4 1
+3 * 1
+2 +1 1
+3 * 1
+4 * 1
+5 * 1
+2 * 1
+3 * 1
+2 * 1
+3 * 1
+4 +2 1
+6 * 1
+3 * 1
+3 -2 1
+7 +2 1
+7 * 1
+5 * 1
cfi=(146)
cfn=(460)
calls=1 0xbca0 +27 
* * 223
+5 +4 1
+3 * 1
+2 +1 1
+5 * 1
+2 * 1
+3 * 1
+2 * 1
+3 * 1
+4 * 1
+7 +1 1
+4 * 1
+1 * 1
+2 * 1
+2 * 1
+1 * 1

fl=(24)
fn=(256)
0x14ed0 68 1
+4 * 1
fi=(564) ./elf/../include/list.h
+1 -24 1
fe=(24)
+7 +24 1
+3 * 1
+1 * 1
fi=(564)
+4 -25 1
fe=(24)
+7 +26 1
+9 +3 1
fi=(564)
+7 -29 1
+7 +1 1
+7 +1 1
+4 +2 1
fe=(24)
+7 +28 1
+7 * 1
+5 * 1
+2 * 1
+6 +1 1
+7 * 1
+9 +1 1
+9 +5 1
+7 * 1
+8 +5 1
+7 +6 1
+5 -3 1
+11 +3 1
+5 -6 1
+5 * 1
+4 * 1
+7 +6 1
+2 +12 1
+2 * 1
+4 * 1
+5 * 1
cfi=(11)
cfn=(28)
calls=1 0x15c10 387 
* * 24
fi=(75) ./elf/../sysdeps/unix/sysv/linux/rseq-internal.h
+5 -73 1
+3 * 1
+2 * 1
jcnd=1/1 +69 +2 
* * 
+9 +8 1
fe=(24)
+12 +81 1
+9 * 1
+7 * 1
+3 +7 1
+7 * 1
+9 +1 1
+4 * 1
+1 * 1
fi=(75)
+8 -95 1
+7 * 1
+6 * 1
+2 * 1
+5 * 1
+3 * 1
+5 * 1
+2 +3 1
+5 * 1
jcnd=1/1 -95 +3 
* * 
fe=(24)

fn=(68)
0x14e70 53 1
+4 * 1
+7 * 1
+5 +3 1
+4 * 1
+4 * 1
+7 * 1
+5 * 1
+4 * 1
+4 * 1
+7 * 1
+5 +5 1
+7 -5 1
+4 +5 1
+7 +1 1
+7 -6 1
+7 +8 1

fn=(86)
0x14e60 42 10
+4 +2 10
+2 * 10

fl=(54)
fn=(170)
0x25be0 25 3
+4 +1 3
+2 * 3
+2 * 3
+6 * 3
+2 +1 3

fl=(63)
fn=(200)
0x258c0 25 1
+4 +2 1
+5 * 1
+2 * 1
+6 * 1
jcnd=1/1 +7 * 
* * 
+7 * 1
+2 * 1
+6 * 1
+5 +4 1

fl=(11)
fn=(58)
0x15770 153 5
+4 * 5
+2 * 5
+3 -81 5
+7 * 5
+3 * 5
+4 * 5
+3 * 5
+4 * 5
+4 * 5
+3 * 5
+6 +81 5
+1 * 5
+3 * 5
+1 -81 5
+2 * 5
+6 +10 5
fi=(565) ./elf/./dl-tunable-types.h
+3 +2 5
fe=(11)
+6 +9 5
+3 * 5
+4 * 5
+3 * 5
+4 * 5
+4 * 5
+3 * 5
+2 * 5
+3 +1 5
+4 * 5
+3 * 5
+3 * 5
+2 * 5
fi=(12) ./elf/./elf/dl-tunables.h
+3 +47 5
+3 * 5
jcnd=5/5 0x15844 +1 
* * 
fe=(11)
+37 -26 5
+3 * 5
+4 * 5
+3 * 5
+4 * 5
+4 +1 5
+4 +1 5
+4 +1 5
+4 +39 5
+4 * 5
+1 * 5
fi=(12)
+31 -15 5
+3 * 5
fe=(11)
+3 -45 5
+3 * 5
jcnd=5/5 +8 +3 
* * 
+8 +3 5
fi=(12)
+3 +51 5
fe=(11)
+3 -51 5
+4 +4 5
+3 * 5
jcnd=5/5 +46 -4 
* * 
+2 +7 5
+3 * 5
+2 +1 5
+3 * 5
jcnd=5/5 0x15802 +3 
* * 
+36 -12 5
+3 * 5
+3 * 5
+3 * 5
+3 * 5
jump=5 -56 +11 
* * 

fn=(22)
0x158b0 261 1
+4 * 1
+1 * 1
+3 * 1
+2 * 1
+2 * 1
+3 * 1
+2 * 1
+2 +22 1
+7 -22 1
+1 128 1
+7 283 1
+3 -22 1
+4 +6 1
+6 * 1
+2 * 1
+6 * 1
+9 42 1
+3 * 1
-3 * 61
+3 * 61
+6 * 62
+3 * 62
+3 * 62
jcnd=1/62 0x15a51 304 
* * 
+6 +6 61
+4 -3 61
+4 +3 61
+2 * 61
+6 * 61
+2 * 61
+2 * 61
+5 * 61
+2 * 61
+5 * 61
+3 * 61
+4 * 61
+2 * 61
-14 * 776
+5 * 776
+3 * 776
+4 * 776
+2 * 776
+2 * 837
+3 * 837
jcnd=776/837 -19 * 
* * 
+2 +4 61
+2 * 61
+2 +4 61
+5 * 61
fi=(12)
+3 160 61
fe=(11)
+5 56 61
+7 * 61
jfi=(12)
jump=61 +27 160 
* * 
fi=(12)
+3 161 19
+2 * 19
+2 -1 19
+4 * 19
+4 * 19
+4 * 19
+2 * 19
+6 * 80
+3 +1 80
+2 * 80
jcnd=19/80 -29 * 
* * 
+2 * 61
+7 -1 61
+2 * 61
jfi=(11)
jump=61 +27 287 
* * 
fe=(11)
+8 281 2501
+3 * 2501
+7 * 2501
+3 * 2501
jcnd=61/2501 0x158f0 42 
* * 
+6 +6 2501
+5 * 2501
+3 * 2501
+2 * 2501
+5 * 2501
+3 * 2501
+2 * 2501
jcnd=1891/2501 -39 -6 
* * 
+2 * 610
fi=(12)
+7 160 610
+3 +1 610
+3 * 610
jfi=(11)
jcnd=572/610 -54 281 
* * 
-6 -1 57
+3 +1 57
+3 * 57
jfi=(11)
jcnd=38/57 -54 281 
* * 
+2 * 57
+3 * 57
+2 -1 57
+4 * 57
+4 * 57
+4 * 57
+2 * 57
jcnd=57/57 -27 * 
* * 
fe=(11)
0x15a51 304 1
+4 * 1
+1 * 1
+2 * 1
+2 * 1
+2 * 1
+2 * 1
+1 * 1

fn=(28)
0x15c10 387 38
+4 +3 38
+2 * 38
+7 -3 38
+3 +3 38
+3 * 38
+4 * 38
+3 * 38
+4 * 38
+4 * 38
+4 * 38
+4 * 38
jcnd=3/38 +70 +19 
* * 
+2 +9 35
+4 -9 35
+3 * 35
jcnd=15/35 +53 +9 
* * 
+2 +19 23
+3 +7 23
+3 * 23
+4 * 23
+3 * 23
+6 * 23
+8 * 23
jcnd=23/23 +16 +2 
* * 
-24 * 15
+3 * 15
+4 * 15
+3 * 15
+6 * 15
+8 * 15
jcnd=15/15 +16 +2 
* * 
+16 +2 38
+8 -19 15
+2 +1 15
jump=15 -50 +16 
* * 
+6 +9 3
+5 * 3
jump=3 -64 * 
* * 

fl=(519)
fn=(3232)
0x1090 24 5
+4 * 5
+1 * 5
+3 * 5
+2 * 5
+2 * 5
+3 * 5
+1 * 5
+4 +4 5
+7 * 5
+6 +6 5
+8 -2 5
+9 +3 5
+3 * 5
jcnd=2/5 +57 +12 
* * 
+2 +3 3
+4 +1 3
+8 -1 3
+4 +1 3
+4 * 3
+4 +3 3
+4 * 3
+2 * 3
+5 * 3
+6 +1 3
cob=(5)
cfi=(161)
cfn=(3278) 0x0000000000004940
calls=1 0x4940 -43 
* * 42
cob=(4)
cfi=(156)
cfn=(3260)
calls=1 -32 -43 
* * 98
cob=(6)
cfi=(162)
cfn=(3234)
calls=1 0x1f0d90 -43 
* * 97
* * 1
cob=(5)
cfi=(161)
cfn=(3290) 0x0000000000005ad0
calls=1 0x5ad0 -43 
* * 98
+2 -1 4
+3 * 4
+4 * 4
+3 * 4
jcnd=1/4 -12 +1 
* * 
+2 +5 5
+8 +1 5
+3 * 5
jcnd=2/5 +23 +2 
* * 
+2 +1 3
+4 * 3
+4 +1 3
+4 * 3
+1 * 3
+2 * 3
+2 * 3
+1 -1 3
cob=(3)
cfi=(153)
cfn=(3306)
calls=1 0x4888748 -49 
* * 4
cob=(3)
cfi=(153)
cfn=(3276)
calls=1 0x483d294 -49 
* * 4
cob=(3)
cfi=(153)
cfn=(3256)
calls=1 0x3a2954 -49 
* * 4
+3 +1 2
+4 * 2
+1 * 2
+2 * 2
+2 * 2
+1 * 2

fl=(147)
fn=(464)
0x1000 27 1
+4 +2 1
+3 * 1
+2 -2 1
+1 +6 1
+6 * 1
+5 * 1
+7 -6 1
+3 * 1
+2 * 1
+3 +6 1
+7 -6 1
+1 * 1
+3 +6 1
cfi=(146)
cfn=(460)
calls=1 0xbca0 +41 
* * 225
+5 +4 1
+3 * 1
+2 +2 1
+5 * 1
+2 * 1
+3 +2 1
+1 -1 1
+4 -1 1
+4 +2 1
+2 * 1
+1 -1 1
cob=(2)
cfi=(148)
cfn=(466)
calls=1 0x1854d0 -7 
* * 353

fl=(65)
fn=(210)
0x25a00 28 3
+4 * 3
+3 +1 3
+2 * 3
+3 * 3
+5 * 3
cfi=(66)
cfn=(212)
calls=3 0x25920 146 
* * 28

ob=(5)
fl=(161)
fn=(526)
0x5a90 0 1
+7 0 1
+7 0 1
+3 0 1
+3 0 1
+4 0 1
+4 0 1
+3 0 1
+3 0 1
jcnd=1/1 +22 0 
* 0 
+22 0 1
+72 0 1
+4 0 1
jump=1 0x5a90 0 
* 0 

fn=(3280) 0x00000000000048f0
0x48f0 0 2
+1 0 2
+2 0 2
+3 0 2
+2 0 2
+3 0 2
+1 0 2
+3 0 2
+3 0 2
+2 0 2
+5 0 2
+3 0 2
jcnd=2/2 +26 0 
* 0 
+26 0 2
+1 0 2
+2 0 2
+1 0 2

fn=(524)
0x4970 0 1
+4 0 1
+7 0 1
+2 0 1
+2 0 1
+6 0 1
+1 0 1
+2 0 1
+3 0 1
+2 0 1
+2 0 1
+2 0 1
+2 0 1
+1 0 1
+2 0 1
+2 0 1
+6 0 1
+2 0 1
+2 0 1
+3 0 1
+3 0 1
+2 0 1
+6 0 1
+2 0 1
+2 0 1
+2 0 1
+6 0 1
+5 0 1
+2 0 1
+3 0 1
+3 0 1
+2 0 1
+3 0 1
+3 0 1
+3 0 1
+3 0 1
+3 0 1
+3 0 1
+3 0 1
+3 0 1
+3 0 1
+3 0 1
+5 0 1
+3 0 1
+6 0 1
jcnd=1/1 0x5061 0 
* 0 
+20 0 1
+7 0 1
+2 0 1
+4 0 1
+7 0 1
+2 0 1
+4 0 1
+7 0 1
+2 0 1
+4 0 1
+7 0 1
+2 0 1
+4 0 1
+7 0 1
+7 0 1
jcnd=1/1 0x513b 0 
* 0 
+6 0 1
+7 0 1
jcnd=1/1 0x5151 0 
* 0 
+6 0 1
+7 0 1
+2 0 1
+4 0 1
+3 0 1
+5 0 1
+2 0 1
+7 0 1
+4 0 1
+2 0 1
+7 0 1
+4 0 1
+2 0 1
+4 0 1
+7 0 1
+2 0 1
+4 0 1
+7 0 1
+2 0 1
+7 0 1
+7 0 1
+2 0 1
+7 0 1
+2 0 1
jcnd=1/1 0x5146 0 
* 0 
+6 0 1
+7 0 1
jcnd=1/1 0x517c 0 
* 0 
+6 0 1
+7 0 1
jcnd=1/1 0x5171 0 
* 0 
+6 0 1
+2 0 1
+2 0 1
+7 0 1
+7 0 1
jcnd=1/1 0x5168 0 
* 0 
+6 0 1
+7 0 1
jcnd=1/1 0x515c 0 
* 0 
+6 0 1
+3 0 1
+2 0 1
+7 0 1
+2 0 1
+7 0 1
+7 0 1
+2 0 1
+7 0 1
+7 0 1
jcnd=1/1 0x577e 0 
* 0 
+6 0 1
+4 0 1
+6 0 1
+5 0 1
+2 0 1
+2 0 1
+3 0 1
+3 0 1
+2 0 1
+7 0 1
+3 0 1
+6 0 1
+3 0 1
+6 0 1
+3 0 1
+6 0 1
+3 0 1
+2 0 1
+3 0 1
+2 0 1
+7 0 1
+7 0 1
+6 0 1
+7 0 1
+6 0 1
+3 0 1
+2 0 1
+7 0 1
+3 0 1
+6 0 1
+6 0 1
jcnd=1/1 0x575e 0 
* 0 
+6 0 1
+6 0 1
+6 0 1
+6 0 1
+6 0 1
+6 0 1
+6 0 1
+6 0 1
+6 0 1
+4 0 1
+6 0 1
+4 0 1
+6 0 1
+7 0 1
+6 0 1
+7 0 1
+6 0 1
+7 0 1
+6 0 1
+7 0 1
+6 0 1
+7 0 1
+6 0 1
+7 0 1
+6 0 1
+4 0 1
+6 0 1
+4 0 1
+6 0 1
+3 0 1
+6 0 1
+6 0 1
+6 0 1
+6 0 1
+6 0 1
+6 0 1
+6 0 1
+3 0 1
+6 0 1
+4 0 1
jcnd=1/1 +38 0 
* 0 
+38 0 1
+3 0 1
jcnd=1/1 0x4db5 0 
* 0 
0x4db5 0 1
+2 0 1
jcnd=1/1 0x5187 0 
* 0 
0x4e8e 0 1
+4 0 1
+6 0 1
+5 0 1
+5 0 1
+2 0 1
+2 0 1
+6 0 1
+2 0 1
+6 0 1
+2 0 1
+6 0 1
+4 0 1
jcnd=1/1 0x4f25 0 
* 0 
0x4f25 0 1
+5 0 1
+2 0 1
+3 0 1
+5 0 1
+6 0 1
+5 0 1
+2 0 1
+3 0 1
jcnd=1/1 +9 0 
* 0 
+9 0 1
+3 0 1
jcnd=1/1 0x56fc 0 
* 0 
+6 0 1
+2 0 1
+3 0 1
jcnd=1/1 0x5712 0 
* 0 
+6 0 1
+3 0 1
+6 0 1
+6 0 1
+6 0 1
+2 0 1
jcnd=1/1 0x5747 0 
* 0 
+6 0 1
+3 0 1
+6 0 1
+6 0 1
+6 0 1
+6 0 1
jcnd=1/1 0x56f1 0 
* 0 
+6 0 1
+6 0 1
+6 0 1
+2 0 1
+6 0 1
+3 0 1
+2 0 1
+6 0 1
jcnd=1/1 +9 0 
* 0 
+9 0 1
+3 0 1
+6 0 1
+7 0 1
+2 0 1
+5 0 1
+2 0 1
+3 0 1
+6 0 1
+3 0 1
+6 0 1
+2 0 1
+7 0 1
jcnd=1/1 0x50ae 0 
* 0 
+52 0 1
+2 0 1
+2 0 1
+5 0 1
+2 0 1
+3 0 1
+3 0 1
jcnd=1/1 0x51dc 0 
* 0 
+6 0 1
+2 0 1
jump=1 +11 0 
* 0 
+11 0 1
+1 0 1
+2 0 1
+2 0 1
+2 0 1
+2 0 1
+1 0 1
+4 0 1
+2 0 1
+3 0 1
+2 0 1
+2 0 1
+3 0 1
jcnd=1/1 0x56aa 0 
* 0 
+12 0 1
+2 0 1
+2 0 1
+2 0 1
+6 0 1
+4 0 1
+3 0 1
+3 0 1
+3 0 1
+3 0 1
jump=1 0x4a0b 0 
* 0 
+25 0 1
+4 0 1
+2 0 1
+3 0 1
+3 0 1
+2 0 1
+6 0 1
+2 0 1
+3 0 1
jcnd=1/1 0x53c4 0 
* 0 
0x5131 0 1
+5 0 1
jump=1 0x502f 0 
* 0 
+5 0 1
+6 0 1
jump=1 0x4a53 0 
* 0 
+5 0 1
+6 0 1
jump=1 0x4aca 0 
* 0 
+5 0 1
+6 0 1
jump=1 0x4a60 0 
* 0 
+5 0 1
+7 0 1
jump=1 0x4b09 0 
* 0 
+5 0 1
+4 0 1
jump=1 0x4afc 0 
* 0 
+5 0 1
+6 0 1
jump=1 0x4ae4 0 
* 0 
+5 0 1
+6 0 1
jump=1 0x4ad7 0 
* 0 
+5 0 1
+3 0 1
jump=1 0x4e8e 0 
* 0 
+82 0 1
+7 0 1
+3 0 1
+6 0 1
+3 0 1
+6 0 1
+5 0 1
+6 0 1
+3 0 1
+6 0 1
+3 0 1
+2 0 1
+3 0 1
+3 0 1
+2 0 1
+2 0 1
+6 0 1
+6 0 1
+6 0 1
+6 0 1
+5 0 1
+6 0 1
+3 0 1
+6 0 1
+2 0 1
+5 0 1
+6 0 1
+2 0 1
+3 0 1
+3 0 1
+2 0 1
+5 0 1
jcnd=1/1 0x5046 0 
* 0 
0x53c4 0 1
+3 0 1
jcnd=1/1 0x58f0 0 
* 0 
0x56aa 0 1
+2 0 1
+3 0 1
+6 0 1
+2 0 1
+3 0 1
+4 0 1
jump=1 0x5079 0 
* 0 
+51 0 1
+6 0 1
jump=1 0x4f9f 0 
* 0 
+5 0 1
+6 0 1
jump=1 0x4f56 0 
* 0 
+16 0 1
+6 0 1
jump=1 0x4f61 0 
* 0 
+47 0 1
+6 0 1
jump=1 0x4f7e 0 
* 0 
+17 0 1
+4 0 1
jump=1 0x4bc4 0 
* 0 
+28 0 1
+6 0 1
jump=1 0x4b3b 0 
* 0 
0x58f0 0 1
+3 0 1
+3 0 1
+6 0 1
+5 0 1
+3 0 1
+5 0 1
jcnd=1/1 0x59f8 0 
* 0 
0x59f8 0 1
+7 0 1
+4 0 1
jump=1 0x5131 0 
* 0 

fn=(3300) 0x0000000000005a60
0x5a60 0 1
+7 0 1
+7 0 1
+3 0 1
jcnd=1/1 +23 0 
* 0 
+23 0 1

fn=(3278)
0x4940 0 1
+4 0 1
+1 0 1
+7 0 1
+3 0 1
cfn=(3280)
calls=1 -95 0 
* 0 16
+5 0 1
+7 0 1
cfn=(3280)
calls=1 0x48f0 0 
* 0 16
+5 0 1
+7 0 1
+1 0 1

fn=(3290)
0x5ad0 0 1
+4 0 1
+7 0 1
+2 0 1
+1 0 1
+8 0 1
+3 0 1
+2 0 1
+7 0 1
cob=(3)
cfi=(153)
cfn=(3296)
calls=1 0x48653c0 0 
* 0 80
+5 0 1
cfn=(3300)
calls=1 0x5a60 0 
* 0 5
+5 0 1
+7 0 1
+1 0 1

totals: 17095593087
